{"sha": "7c69e84aa823ef10bf5a786e5cdeeb7b572185b7", "node_id": "MDY6Q29tbWl0NTQ0NDEwOTU6N2M2OWU4NGFhODIzZWYxMGJmNWE3ODZlNWNkZWViN2I1NzIxODViNw==", "commit": {"author": {"name": "Zero King", "email": "l2dy@icloud.com", "date": "2016-07-17T11:35:14Z"}, "committer": {"name": "Zero King", "email": "l2dy@icloud.com", "date": "2016-07-17T12:19:46Z"}, "message": "Reformat code with Android Studio", "tree": {"sha": "400e4960e18c32f66cb90a08be00bc2f5894c51d", "url": "https://api.github.com/repos/trikita/talalarmo/git/trees/400e4960e18c32f66cb90a08be00bc2f5894c51d"}, "url": "https://api.github.com/repos/trikita/talalarmo/git/commits/7c69e84aa823ef10bf5a786e5cdeeb7b572185b7", "comment_count": 0, "verification": {"verified": false, "reason": "unsigned", "signature": null, "payload": null}}, "url": "https://api.github.com/repos/trikita/talalarmo/commits/7c69e84aa823ef10bf5a786e5cdeeb7b572185b7", "html_url": "https://github.com/trikita/talalarmo/commit/7c69e84aa823ef10bf5a786e5cdeeb7b572185b7", "comments_url": "https://api.github.com/repos/trikita/talalarmo/commits/7c69e84aa823ef10bf5a786e5cdeeb7b572185b7/comments", "author": {"login": "l2dy", "id": 14329097, "node_id": "MDQ6VXNlcjE0MzI5MDk3", "avatar_url": "https://avatars3.githubusercontent.com/u/14329097?v=4", "gravatar_id": "", "url": "https://api.github.com/users/l2dy", "html_url": "https://github.com/l2dy", "followers_url": "https://api.github.com/users/l2dy/followers", "following_url": "https://api.github.com/users/l2dy/following{/other_user}", "gists_url": "https://api.github.com/users/l2dy/gists{/gist_id}", "starred_url": "https://api.github.com/users/l2dy/starred{/owner}{/repo}", "subscriptions_url": "https://api.github.com/users/l2dy/subscriptions", "organizations_url": "https://api.github.com/users/l2dy/orgs", "repos_url": "https://api.github.com/users/l2dy/repos", "events_url": "https://api.github.com/users/l2dy/events{/privacy}", "received_events_url": "https://api.github.com/users/l2dy/received_events", "type": "User", "site_admin": false}, "committer": {"login": "l2dy", "id": 14329097, "node_id": "MDQ6VXNlcjE0MzI5MDk3", "avatar_url": "https://avatars3.githubusercontent.com/u/14329097?v=4", "gravatar_id": "", "url": "https://api.github.com/users/l2dy", "html_url": "https://github.com/l2dy", "followers_url": "https://api.github.com/users/l2dy/followers", "following_url": "https://api.github.com/users/l2dy/following{/other_user}", "gists_url": "https://api.github.com/users/l2dy/gists{/gist_id}", "starred_url": "https://api.github.com/users/l2dy/starred{/owner}{/repo}", "subscriptions_url": "https://api.github.com/users/l2dy/subscriptions", "organizations_url": "https://api.github.com/users/l2dy/orgs", "repos_url": "https://api.github.com/users/l2dy/repos", "events_url": "https://api.github.com/users/l2dy/events{/privacy}", "received_events_url": "https://api.github.com/users/l2dy/received_events", "type": "User", "site_admin": false}, "parents": [{"sha": "19aef787bebc18ebbc8616781bb579a6ed15405e", "url": "https://api.github.com/repos/trikita/talalarmo/commits/19aef787bebc18ebbc8616781bb579a6ed15405e", "html_url": "https://github.com/trikita/talalarmo/commit/19aef787bebc18ebbc8616781bb579a6ed15405e"}], "stats": {"total": 219, "additions": 114, "deletions": 105}, "files": [{"sha": "9efe7e4da3af651f04010f485ef86d5da7ffe0ad", "filename": ".travis.yml", "status": "modified", "additions": 1, "deletions": 1, "changes": 2, "blob_url": "https://github.com/trikita/talalarmo/blob/7c69e84aa823ef10bf5a786e5cdeeb7b572185b7/.travis.yml", "raw_url": "https://github.com/trikita/talalarmo/raw/7c69e84aa823ef10bf5a786e5cdeeb7b572185b7/.travis.yml", "contents_url": "https://api.github.com/repos/trikita/talalarmo/contents/.travis.yml?ref=7c69e84aa823ef10bf5a786e5cdeeb7b572185b7", "patch": "@@ -9,7 +9,7 @@ env:\n android:\n   components:\n     - tools\n-    - build-tools-23.0.3\n+    - build-tools-24.0.0\n     - android-23\n \n before_cache:"}, {"sha": "1e5bb4c9accdee5e031a7690dc24d4288037c53f", "filename": "build.gradle", "status": "modified", "additions": 3, "deletions": 3, "changes": 6, "blob_url": "https://github.com/trikita/talalarmo/blob/7c69e84aa823ef10bf5a786e5cdeeb7b572185b7/build.gradle", "raw_url": "https://github.com/trikita/talalarmo/raw/7c69e84aa823ef10bf5a786e5cdeeb7b572185b7/build.gradle", "contents_url": "https://api.github.com/repos/trikita/talalarmo/contents/build.gradle?ref=7c69e84aa823ef10bf5a786e5cdeeb7b572185b7", "patch": "@@ -3,7 +3,7 @@ buildscript {\n         jcenter()\n     }\n     dependencies {\n-        classpath 'com.android.tools.build:gradle:2.1.0'\n+        classpath 'com.android.tools.build:gradle:2.1.2'\n         classpath 'me.tatarka:gradle-retrolambda:3.2.5'\n         classpath 'com.neenbedankt.gradle.plugins:android-apt:1.6'\n     }\n@@ -14,7 +14,7 @@ apply plugin: 'android-apt'\n \n android {\n     compileSdkVersion 'android-23'\n-    buildToolsVersion '23.0.3'\n+    buildToolsVersion '24.0.0'\n \n     defaultConfig {\n         minSdkVersion 15\n@@ -47,7 +47,7 @@ android {\n \n repositories {\n     jcenter()\n-    maven { url 'https://jitpack.io/'}\n+    maven { url 'https://jitpack.io/' }\n }\n \n dependencies {"}, {"sha": "e3605c5bfe4fb5f131b1bbde26ef10005cceca8c", "filename": "src/main/java/trikita/talalarmo/Actions.java", "status": "modified", "additions": 3, "deletions": 2, "changes": 5, "blob_url": "https://github.com/trikita/talalarmo/blob/7c69e84aa823ef10bf5a786e5cdeeb7b572185b7/src/main/java/trikita/talalarmo/Actions.java", "raw_url": "https://github.com/trikita/talalarmo/raw/7c69e84aa823ef10bf5a786e5cdeeb7b572185b7/src/main/java/trikita/talalarmo/Actions.java", "contents_url": "https://api.github.com/repos/trikita/talalarmo/contents/src/main/java/trikita/talalarmo/Actions.java?ref=7c69e84aa823ef10bf5a786e5cdeeb7b572185b7", "patch": "@@ -1,6 +1,7 @@\n package trikita.talalarmo;\n \n public final class Actions {\n-    public enum Alarm { ON, OFF, SET_MINUTE, SET_HOUR, SET_AM_PM, WAKEUP, DISMISS, RESTART_ALARM }\n-    public enum Settings { SET_VIBRATE, SET_RAMPING, SET_RINGTONE, SET_SNAP, SET_THEME }\n+    public enum Alarm {ON, OFF, SET_MINUTE, SET_HOUR, SET_AM_PM, WAKEUP, DISMISS, RESTART_ALARM}\n+\n+    public enum Settings {SET_VIBRATE, SET_RAMPING, SET_RINGTONE, SET_SNAP, SET_THEME}\n }"}, {"sha": "7aae3c2c648e2b87826cfc74e4fd249dc5e50f0f", "filename": "src/main/java/trikita/talalarmo/MainActivity.java", "status": "modified", "additions": 0, "deletions": 2, "changes": 2, "blob_url": "https://github.com/trikita/talalarmo/blob/7c69e84aa823ef10bf5a786e5cdeeb7b572185b7/src/main/java/trikita/talalarmo/MainActivity.java", "raw_url": "https://github.com/trikita/talalarmo/raw/7c69e84aa823ef10bf5a786e5cdeeb7b572185b7/src/main/java/trikita/talalarmo/MainActivity.java", "contents_url": "https://api.github.com/repos/trikita/talalarmo/contents/src/main/java/trikita/talalarmo/MainActivity.java?ref=7c69e84aa823ef10bf5a786e5cdeeb7b572185b7", "patch": "@@ -2,8 +2,6 @@\n \n import android.app.Activity;\n import android.content.Intent;\n-import android.content.pm.ActivityInfo;\n-import android.content.res.Configuration;\n import android.os.Build;\n import android.os.Bundle;\n import android.view.Window;"}, {"sha": "d55c27f98ea07cb2b3dc14d376b1d2fec7bc91e6", "filename": "src/main/java/trikita/talalarmo/SettingsActivity.java", "status": "modified", "additions": 4, "deletions": 4, "changes": 8, "blob_url": "https://github.com/trikita/talalarmo/blob/7c69e84aa823ef10bf5a786e5cdeeb7b572185b7/src/main/java/trikita/talalarmo/SettingsActivity.java", "raw_url": "https://github.com/trikita/talalarmo/raw/7c69e84aa823ef10bf5a786e5cdeeb7b572185b7/src/main/java/trikita/talalarmo/SettingsActivity.java", "contents_url": "https://api.github.com/repos/trikita/talalarmo/contents/src/main/java/trikita/talalarmo/SettingsActivity.java?ref=7c69e84aa823ef10bf5a786e5cdeeb7b572185b7", "patch": "@@ -3,15 +3,15 @@\n import android.app.Activity;\n import android.content.SharedPreferences;\n import android.media.RingtoneManager;\n-import android.os.Bundle;\n import android.os.Build;\n+import android.os.Bundle;\n import android.preference.PreferenceFragment;\n import android.preference.PreferenceManager;\n \n import trikita.jedux.Action;\n \n public class SettingsActivity extends Activity\n-    implements SharedPreferences.OnSharedPreferenceChangeListener {\n+        implements SharedPreferences.OnSharedPreferenceChangeListener {\n \n     @Override\n     protected void onCreate(Bundle savedInstanceState) {\n@@ -34,8 +34,8 @@ protected void onCreate(Bundle savedInstanceState) {\n         prefs.registerOnSharedPreferenceChangeListener(this);\n \n         getFragmentManager().beginTransaction()\n-            .replace(android.R.id.content, new SettingsFragment())\n-            .commit();\n+                .replace(android.R.id.content, new SettingsFragment())\n+                .commit();\n     }\n \n     @Override"}, {"sha": "6c1140d8890ae09cdf8501e4797a65e8eb65f1d6", "filename": "src/main/java/trikita/talalarmo/State.java", "status": "modified", "additions": 10, "deletions": 0, "changes": 10, "blob_url": "https://github.com/trikita/talalarmo/blob/7c69e84aa823ef10bf5a786e5cdeeb7b572185b7/src/main/java/trikita/talalarmo/State.java", "raw_url": "https://github.com/trikita/talalarmo/raw/7c69e84aa823ef10bf5a786e5cdeeb7b572185b7/src/main/java/trikita/talalarmo/State.java", "contents_url": "https://api.github.com/repos/trikita/talalarmo/contents/src/main/java/trikita/talalarmo/State.java?ref=7c69e84aa823ef10bf5a786e5cdeeb7b572185b7", "patch": "@@ -17,18 +17,26 @@\n     @Value.Immutable\n     interface Settings {\n         boolean vibrate();\n+\n         boolean snap();\n+\n         boolean ramping();\n+\n         String ringtone();\n+\n         int theme();\n     }\n \n     @Value.Immutable\n     abstract class Alarm {\n         public abstract boolean on();\n+\n         public abstract int minutes();\n+\n         public abstract int hours();\n+\n         public abstract boolean am();\n+\n         public Calendar nextAlarm() {\n             Calendar c = Calendar.getInstance();\n             c.set(Calendar.AM_PM, (am() ? Calendar.AM : Calendar.PM));\n@@ -44,6 +52,7 @@ public Calendar nextAlarm() {\n     }\n \n     Settings settings();\n+\n     Alarm alarm();\n \n     class Default {\n@@ -73,6 +82,7 @@ public State reduce(Action action, State currentState) {\n                     .settings(reduceSettings(action, currentState.settings()))\n                     .build();\n         }\n+\n         State.Settings reduceSettings(Action action, State.Settings settings) {\n             if (action.type instanceof Actions.Settings) {\n                 Actions.Settings type = (Actions.Settings) action.type;"}, {"sha": "820775aff57b47b6ebd0c0b87600970d605c5f88", "filename": "src/main/java/trikita/talalarmo/alarm/AlarmActivity.java", "status": "modified", "additions": 1, "deletions": 0, "changes": 1, "blob_url": "https://github.com/trikita/talalarmo/blob/7c69e84aa823ef10bf5a786e5cdeeb7b572185b7/src/main/java/trikita/talalarmo/alarm/AlarmActivity.java", "raw_url": "https://github.com/trikita/talalarmo/raw/7c69e84aa823ef10bf5a786e5cdeeb7b572185b7/src/main/java/trikita/talalarmo/alarm/AlarmActivity.java", "contents_url": "https://api.github.com/repos/trikita/talalarmo/contents/src/main/java/trikita/talalarmo/alarm/AlarmActivity.java?ref=7c69e84aa823ef10bf5a786e5cdeeb7b572185b7", "patch": "@@ -16,6 +16,7 @@\n import trikita.talalarmo.App;\n import trikita.talalarmo.ui.Theme;\n \n+\n public class AlarmActivity extends Activity {\n     private PowerManager.WakeLock mWakeLock;\n "}, {"sha": "2af60fa29278337f63e1f967f7bf86a58b2bc70a", "filename": "src/main/java/trikita/talalarmo/alarm/AlarmController.java", "status": "modified", "additions": 1, "deletions": 2, "changes": 3, "blob_url": "https://github.com/trikita/talalarmo/blob/7c69e84aa823ef10bf5a786e5cdeeb7b572185b7/src/main/java/trikita/talalarmo/alarm/AlarmController.java", "raw_url": "https://github.com/trikita/talalarmo/raw/7c69e84aa823ef10bf5a786e5cdeeb7b572185b7/src/main/java/trikita/talalarmo/alarm/AlarmController.java", "contents_url": "https://api.github.com/repos/trikita/talalarmo/contents/src/main/java/trikita/talalarmo/alarm/AlarmController.java?ref=7c69e84aa823ef10bf5a786e5cdeeb7b572185b7", "patch": "@@ -2,7 +2,6 @@\n \n import android.app.AlarmManager;\n import android.app.PendingIntent;\n-import android.content.ComponentName;\n import android.content.Context;\n import android.content.Intent;\n import android.os.Build;\n@@ -66,7 +65,7 @@ private void restartAlarm(State state) {\n \n         AlarmManager am = (AlarmManager) mContext.getSystemService(Context.ALARM_SERVICE);\n         if (Build.VERSION.SDK_INT < Build.VERSION_CODES.LOLLIPOP) {\n-            if (Build.VERSION.SDK_INT < Build.VERSION_CODES.KITKAT) {\t\t// KITKAT and later\n+            if (Build.VERSION.SDK_INT < Build.VERSION_CODES.KITKAT) {        // KITKAT and later\n                 am.set(AlarmManager.RTC_WAKEUP, c.getTimeInMillis(), sender);\n             } else {\n                 am.setExact(AlarmManager.RTC_WAKEUP, c.getTimeInMillis(), sender);"}, {"sha": "241670ee92b79a71853a19c6925011e3fe85733e", "filename": "src/main/java/trikita/talalarmo/ui/AlarmLayout.java", "status": "modified", "additions": 5, "deletions": 5, "changes": 10, "blob_url": "https://github.com/trikita/talalarmo/blob/7c69e84aa823ef10bf5a786e5cdeeb7b572185b7/src/main/java/trikita/talalarmo/ui/AlarmLayout.java", "raw_url": "https://github.com/trikita/talalarmo/raw/7c69e84aa823ef10bf5a786e5cdeeb7b572185b7/src/main/java/trikita/talalarmo/ui/AlarmLayout.java", "contents_url": "https://api.github.com/repos/trikita/talalarmo/contents/src/main/java/trikita/talalarmo/ui/AlarmLayout.java?ref=7c69e84aa823ef10bf5a786e5cdeeb7b572185b7", "patch": "@@ -79,10 +79,10 @@ private static void alarmOnLayout() {\n             // On tablets leave some margin around the clock view to avoid gigantic circles\n             if ((Anvil.currentView().getResources().getConfiguration().screenLayout &\n                     Configuration.SCREENLAYOUT_SIZE_MASK) >= Configuration.SCREENLAYOUT_SIZE_LARGE) {\n-                 margin(dip(48));\n+                margin(dip(48));\n             } else {\n-                 margin(dip(8));\n-             }\n+                margin(dip(8));\n+            }\n             int w = Anvil.currentView().getWidth();\n             int h = Anvil.currentView().getHeight();\n             if (h == 0 || w == 0) {\n@@ -178,7 +178,7 @@ private static void alarmOnLayout() {\n             });\n \n             v(AmPmSwitch.class, () -> {\n-                size(amPmWidth, (int) (amPmWidth/1.5f));\n+                size(amPmWidth, (int) (amPmWidth / 1.5f));\n                 if (isPortrait()) {\n                     x(w / 2 - hourCircleSize * 0.21f - amPmWidth * 3 / 4);\n                     y(h / 2 + hourCircleSize * 0.05f - hourCircleSize / 2 - amPmWidth / 1.5f / 2);\n@@ -246,7 +246,7 @@ private static String formatAlarmTime(Context c) {\n                 (h == 1) ? c.getString(R.string.hour) :\n                         c.getString(R.string.hours, Long.toString(h));\n \n-        int index = ((h > 0) ? 1 : 0) | ((m > 0)? 2 : 0);\n+        int index = ((h > 0) ? 1 : 0) | ((m > 0) ? 2 : 0);\n \n         String[] formats = c.getResources().getStringArray(R.array.alarm_set);\n         return String.format(formats[index], hourSeq, minSeq);"}, {"sha": "9e8e6a93a7ceb83f35a8886df0a1b013b7c1ea27", "filename": "src/main/java/trikita/talalarmo/ui/AmPmSwitch.java", "status": "modified", "additions": 7, "deletions": 7, "changes": 14, "blob_url": "https://github.com/trikita/talalarmo/blob/7c69e84aa823ef10bf5a786e5cdeeb7b572185b7/src/main/java/trikita/talalarmo/ui/AmPmSwitch.java", "raw_url": "https://github.com/trikita/talalarmo/raw/7c69e84aa823ef10bf5a786e5cdeeb7b572185b7/src/main/java/trikita/talalarmo/ui/AmPmSwitch.java", "contents_url": "https://api.github.com/repos/trikita/talalarmo/contents/src/main/java/trikita/talalarmo/ui/AmPmSwitch.java?ref=7c69e84aa823ef10bf5a786e5cdeeb7b572185b7", "patch": "@@ -1,17 +1,17 @@\n package trikita.talalarmo.ui;\n \n-import android.graphics.Typeface;\n import android.content.Context;\n import android.graphics.Canvas;\n import android.graphics.Paint;\n import android.graphics.Rect;\n+import android.graphics.Typeface;\n import android.widget.ToggleButton;\n \n import trikita.talalarmo.App;\n \n public class AmPmSwitch extends ToggleButton {\n \n-    private final static float TEXT_SIZE_COEF = 0.3f;\t// from view height\n+    private final static float TEXT_SIZE_COEF = 0.3f;    // from view height\n     private final static float DRAWABLE_PADDING_COEF = 0.1f;\n     private final static float DRAWABLE_WIDTH_COEF = 0.8f;\n     private final static float CIRCLE_RADIUS_COEF = 0.2f;\n@@ -34,7 +34,7 @@ public AmPmSwitch(Context c) {\n     @Override\n     public void onDraw(Canvas c) {\n         int colorOff = Theme.get(App.getState().settings().theme()).primaryColor;\n-        int colorOn  = Theme.get(App.getState().settings().theme()).accentColor;\n+        int colorOn = Theme.get(App.getState().settings().theme()).accentColor;\n \n         mPaint.setTextSize((int) (getHeight() * TEXT_SIZE_COEF));\n         Rect amRect = new Rect();\n@@ -57,14 +57,14 @@ public void onDraw(Canvas c) {\n \n         mPaint.setColor(colorOn);\n         if (isChecked()) {\n-            c.drawCircle(startPosX + amW + padding + r, getHeight()/2.0f, r, mPaint);\n+            c.drawCircle(startPosX + amW + padding + r, getHeight() / 2.0f, r, mPaint);\n         } else {\n-            c.drawCircle(getWidth() - pmW - padding - r, getHeight()/2.0f, r, mPaint);\n+            c.drawCircle(getWidth() - pmW - padding - r, getHeight() / 2.0f, r, mPaint);\n         }\n         c.drawLine(startPosX + amW + padding,\n-                getHeight()/2.0f,\n+                getHeight() / 2.0f,\n                 startPosX + amW + padding + lineWidth,\n-                getHeight()/2.0f,\n+                getHeight() / 2.0f,\n                 mPaint);\n     }\n }"}, {"sha": "3fde3a2f57cad5fbbd577ecfe6f7a8a011886573", "filename": "src/main/java/trikita/talalarmo/ui/ClockView.java", "status": "modified", "additions": 79, "deletions": 79, "changes": 158, "blob_url": "https://github.com/trikita/talalarmo/blob/7c69e84aa823ef10bf5a786e5cdeeb7b572185b7/src/main/java/trikita/talalarmo/ui/ClockView.java", "raw_url": "https://github.com/trikita/talalarmo/raw/7c69e84aa823ef10bf5a786e5cdeeb7b572185b7/src/main/java/trikita/talalarmo/ui/ClockView.java", "contents_url": "https://api.github.com/repos/trikita/talalarmo/contents/src/main/java/trikita/talalarmo/ui/ClockView.java?ref=7c69e84aa823ef10bf5a786e5cdeeb7b572185b7", "patch": "@@ -14,83 +14,83 @@\n \n public class ClockView extends SeekBar {\n \n-\tprivate final static float RING_WIDTH_COEF = 0.09f;\n-\tprivate final static float PADDING_COEF = RING_WIDTH_COEF * 2;\n-\n-\tprivate Paint mPaint = new Paint();\n-\tprivate OnSeekBarChangeListener mListener;\n-\n-\tpublic ClockView(Context c) {\n-\t\tsuper(c);\n-\t\tmPaint.setAntiAlias(true);\n-\t}\n-\n-\t@Override\n-\tpublic void setOnSeekBarChangeListener(OnSeekBarChangeListener l) {\n-\t\tmListener = l;\n-\t}\n-\n-\t@Override\n-\tpublic void onDraw(Canvas c) {\n-\t\tint primaryColor = Theme.get(App.getState().settings().theme()).primaryColor;\n-\t\tint accentColor = Theme.get(App.getState().settings().theme()).accentColor;\n-\n-\t\tint w = getWidth();\n-\n-\t\tDisplayMetrics dm = getResources().getDisplayMetrics();\n-\n-\t\tfloat padding = w * PADDING_COEF;\n-\t\tfloat center = w / 2.0f;\n-\t\tfloat radius = (w - padding) / 2.0f;\n-\n-\t\t// draw ring\n-\t\tmPaint.setStyle(Paint.Style.STROKE);\n-\t\tmPaint.setStrokeWidth(TypedValue.applyDimension(TypedValue.COMPLEX_UNIT_DIP, 4, dm));\n-\t\tmPaint.setColor(primaryColor);\n-\n-\t\tRectF rectf = new RectF(center - radius, center - radius, center + radius, center + radius);\n-\t\tfloat a = (float) (getProgress() * 360 / getMax());\n-\t\tif (a == 0) {\n-\t\t\ta = 360;\n-\t\t}\n-\t\tc.drawArc(rectf, a - 90, 360 - a, false, mPaint);\n-\t\tmPaint.setColor(accentColor);\n-\t\tc.drawArc(rectf, -90, a, false, mPaint);\n-\t}\n-\n-\t@Override\n-\tpublic boolean onTouchEvent(MotionEvent event) {\n-\t\tPointF p = new PointF(event.getX(), event.getY());\n-\t\tdouble max = getMax() / Math.PI / 2;\n-\t\tint value = ((int) Math.round(pointToAngle(p) * max)) % getMax();\n-\t\tif (event.getAction() == MotionEvent.ACTION_DOWN ||\n-\t\t\t\tevent.getAction() == MotionEvent.ACTION_MOVE) {\n-\t\t\tif (isTouched(p)) {\n-\t\t\t\tmListener.onProgressChanged(this, value, true);\n-\t\t\t\treturn true;\n-\t\t\t}\n-\t\t} else if (event.getAction() == MotionEvent.ACTION_UP) {\n-\t\t\tmListener.onProgressChanged(this, value, true);\n-\t\t\treturn true;\n-\t\t}\n-\t\treturn false;\n-\t}\n-\n-\tpublic double pointToAngle(PointF p) {\n-\t\tdouble dx = getWidth()/2.0f - p.x;\n-\t\tdouble dy = getHeight()/2.0f - p.y;\n-\t\treturn (Math.atan2(dy, dx) + 3 * Math.PI/2) % (Math.PI * 2);\n-\t}\n-\n-\tpublic double getDistanceToCenter(PointF p) {\n-\t\tint center = (int) (getWidth() / 2.0f);\n-\t\treturn Math.sqrt((p.x-center)*(p.x-center)+\n-\t\t\t\t(p.y-center)*(p.y-center));\n-\t}\n-\n-\tpublic boolean isTouched(PointF p) {\n-\t\tdouble dist = getDistanceToCenter(p);\n-\t\tfloat r = getWidth()/2 * (1-PADDING_COEF);\n-\t\treturn (dist > (r * 0.6) && dist < (r * 1.3));\n-\t}\n+    private final static float RING_WIDTH_COEF = 0.09f;\n+    private final static float PADDING_COEF = RING_WIDTH_COEF * 2;\n+\n+    private Paint mPaint = new Paint();\n+    private OnSeekBarChangeListener mListener;\n+\n+    public ClockView(Context c) {\n+        super(c);\n+        mPaint.setAntiAlias(true);\n+    }\n+\n+    @Override\n+    public void setOnSeekBarChangeListener(OnSeekBarChangeListener l) {\n+        mListener = l;\n+    }\n+\n+    @Override\n+    public void onDraw(Canvas c) {\n+        int primaryColor = Theme.get(App.getState().settings().theme()).primaryColor;\n+        int accentColor = Theme.get(App.getState().settings().theme()).accentColor;\n+\n+        int w = getWidth();\n+\n+        DisplayMetrics dm = getResources().getDisplayMetrics();\n+\n+        float padding = w * PADDING_COEF;\n+        float center = w / 2.0f;\n+        float radius = (w - padding) / 2.0f;\n+\n+        // draw ring\n+        mPaint.setStyle(Paint.Style.STROKE);\n+        mPaint.setStrokeWidth(TypedValue.applyDimension(TypedValue.COMPLEX_UNIT_DIP, 4, dm));\n+        mPaint.setColor(primaryColor);\n+\n+        RectF rectf = new RectF(center - radius, center - radius, center + radius, center + radius);\n+        float a = (float) (getProgress() * 360 / getMax());\n+        if (a == 0) {\n+            a = 360;\n+        }\n+        c.drawArc(rectf, a - 90, 360 - a, false, mPaint);\n+        mPaint.setColor(accentColor);\n+        c.drawArc(rectf, -90, a, false, mPaint);\n+    }\n+\n+    @Override\n+    public boolean onTouchEvent(MotionEvent event) {\n+        PointF p = new PointF(event.getX(), event.getY());\n+        double max = getMax() / Math.PI / 2;\n+        int value = ((int) Math.round(pointToAngle(p) * max)) % getMax();\n+        if (event.getAction() == MotionEvent.ACTION_DOWN ||\n+                event.getAction() == MotionEvent.ACTION_MOVE) {\n+            if (isTouched(p)) {\n+                mListener.onProgressChanged(this, value, true);\n+                return true;\n+            }\n+        } else if (event.getAction() == MotionEvent.ACTION_UP) {\n+            mListener.onProgressChanged(this, value, true);\n+            return true;\n+        }\n+        return false;\n+    }\n+\n+    public double pointToAngle(PointF p) {\n+        double dx = getWidth() / 2.0f - p.x;\n+        double dy = getHeight() / 2.0f - p.y;\n+        return (Math.atan2(dy, dx) + 3 * Math.PI / 2) % (Math.PI * 2);\n+    }\n+\n+    public double getDistanceToCenter(PointF p) {\n+        int center = (int) (getWidth() / 2.0f);\n+        return Math.sqrt((p.x - center) * (p.x - center) +\n+                (p.y - center) * (p.y - center));\n+    }\n+\n+    public boolean isTouched(PointF p) {\n+        double dist = getDistanceToCenter(p);\n+        float r = getWidth() / 2 * (1 - PADDING_COEF);\n+        return (dist > (r * 0.6) && dist < (r * 1.3));\n+    }\n }"}]}