{"sha": "86d5d39eab61173ed649b98a9a7f5e3bb415381c", "node_id": "MDY6Q29tbWl0NzI2NjMwNjo4NmQ1ZDM5ZWFiNjExNzNlZDY0OWI5OGE5YTdmNWUzYmI0MTUzODFj", "commit": {"author": {"name": "Ziyang Liu", "email": "ziyang.liu@asu.edu", "date": "2015-02-23T23:14:14Z"}, "committer": {"name": "Ziyang Liu", "email": "ziyang.liu@asu.edu", "date": "2015-02-23T23:14:14Z"}, "message": "Update CamusJob.java", "tree": {"sha": "08eaf3b1df5e6ad59fc979bb890bc84a59bbc863", "url": "https://api.github.com/repos/linkedin/camus/git/trees/08eaf3b1df5e6ad59fc979bb890bc84a59bbc863"}, "url": "https://api.github.com/repos/linkedin/camus/git/commits/86d5d39eab61173ed649b98a9a7f5e3bb415381c", "comment_count": 0, "verification": {"verified": false, "reason": "unsigned", "signature": null, "payload": null}}, "url": "https://api.github.com/repos/linkedin/camus/commits/86d5d39eab61173ed649b98a9a7f5e3bb415381c", "html_url": "https://github.com/linkedin/camus/commit/86d5d39eab61173ed649b98a9a7f5e3bb415381c", "comments_url": "https://api.github.com/repos/linkedin/camus/commits/86d5d39eab61173ed649b98a9a7f5e3bb415381c/comments", "author": {"login": "zliu41", "id": 6342538, "node_id": "MDQ6VXNlcjYzNDI1Mzg=", "avatar_url": "https://avatars2.githubusercontent.com/u/6342538?v=4", "gravatar_id": "", "url": "https://api.github.com/users/zliu41", "html_url": "https://github.com/zliu41", "followers_url": "https://api.github.com/users/zliu41/followers", "following_url": "https://api.github.com/users/zliu41/following{/other_user}", "gists_url": "https://api.github.com/users/zliu41/gists{/gist_id}", "starred_url": "https://api.github.com/users/zliu41/starred{/owner}{/repo}", "subscriptions_url": "https://api.github.com/users/zliu41/subscriptions", "organizations_url": "https://api.github.com/users/zliu41/orgs", "repos_url": "https://api.github.com/users/zliu41/repos", "events_url": "https://api.github.com/users/zliu41/events{/privacy}", "received_events_url": "https://api.github.com/users/zliu41/received_events", "type": "User", "site_admin": false}, "committer": {"login": "zliu41", "id": 6342538, "node_id": "MDQ6VXNlcjYzNDI1Mzg=", "avatar_url": "https://avatars2.githubusercontent.com/u/6342538?v=4", "gravatar_id": "", "url": "https://api.github.com/users/zliu41", "html_url": "https://github.com/zliu41", "followers_url": "https://api.github.com/users/zliu41/followers", "following_url": "https://api.github.com/users/zliu41/following{/other_user}", "gists_url": "https://api.github.com/users/zliu41/gists{/gist_id}", "starred_url": "https://api.github.com/users/zliu41/starred{/owner}{/repo}", "subscriptions_url": "https://api.github.com/users/zliu41/subscriptions", "organizations_url": "https://api.github.com/users/zliu41/orgs", "repos_url": "https://api.github.com/users/zliu41/repos", "events_url": "https://api.github.com/users/zliu41/events{/privacy}", "received_events_url": "https://api.github.com/users/zliu41/received_events", "type": "User", "site_admin": false}, "parents": [{"sha": "34bfa7c4d023a5c1083a8691668f8801413e833c", "url": "https://api.github.com/repos/linkedin/camus/commits/34bfa7c4d023a5c1083a8691668f8801413e833c", "html_url": "https://github.com/linkedin/camus/commit/34bfa7c4d023a5c1083a8691668f8801413e833c"}], "stats": {"total": 18, "additions": 1, "deletions": 17}, "files": [{"sha": "44fab4cfde99d5024ed358d0c4e844e483595748", "filename": "camus-etl-kafka/src/main/java/com/linkedin/camus/etl/kafka/CamusJob.java", "status": "modified", "additions": 1, "deletions": 17, "changes": 18, "blob_url": "https://github.com/linkedin/camus/blob/86d5d39eab61173ed649b98a9a7f5e3bb415381c/camus-etl-kafka/src/main/java/com/linkedin/camus/etl/kafka/CamusJob.java", "raw_url": "https://github.com/linkedin/camus/raw/86d5d39eab61173ed649b98a9a7f5e3bb415381c/camus-etl-kafka/src/main/java/com/linkedin/camus/etl/kafka/CamusJob.java", "contents_url": "https://api.github.com/repos/linkedin/camus/contents/camus-etl-kafka/src/main/java/com/linkedin/camus/etl/kafka/CamusJob.java?ref=86d5d39eab61173ed649b98a9a7f5e3bb415381c", "patch": "@@ -91,8 +91,6 @@\n   public static final String ETL_MAX_SKIPPED_MSG_SCHEMANOTFOUND_DEFAULT = String.valueOf(Integer.MAX_VALUE);\n   public static final String ETL_MAX_SKIPPED_MSG_OTHER = \"etl.max.skipped.msg.other\";\n   public static final String ETL_MAX_SKIPPED_MSG_OTHER_DEFAULT = String.valueOf(Integer.MAX_VALUE);\n-  public static final String ETL_PUBLISH_COUNT_MAX_RETRIES = \"etl.publish.count.max.retries\";\n-  public static final String ETL_PUBLISH_COUNT_MAX_RETRIES_DEFAULT = String.valueOf(Integer.MAX_VALUE);\n   public static final String ZK_AUDIT_HOSTS = \"zookeeper.audit.hosts\";\n   public static final String KAFKA_MONITOR_TIER = \"kafka.monitor.tier\";\n   public static final String CAMUS_MESSAGE_ENCODER_CLASS = \"camus.message.encoder.class\";\n@@ -511,23 +509,9 @@ public void sendTrackingCounts(JobContext job, FileSystem fs, Path newExecutionO\n         }\n       }\n \n-      int publishCountMaxRetries =\n-          Integer.parseInt(props.getProperty(ETL_PUBLISH_COUNT_MAX_RETRIES, ETL_PUBLISH_COUNT_MAX_RETRIES_DEFAULT));\n       String brokerList = getKafkaBrokers(job);\n       for (EtlCounts finalCounts : allCounts.values()) {\n-        for (int i = 0; i <= publishCountMaxRetries; i++) {\n-          try {\n-            finalCounts.postTrackingCountToKafka(job.getConfiguration(), props.getProperty(KAFKA_MONITOR_TIER),\n-                brokerList);\n-            break;\n-          } catch (RuntimeException e) {\n-            log.error(\"Publishing count for topic \" + finalCounts.getTopic() + \" has failed \" + (i + 1) + \" times. \"\n-                + (publishCountMaxRetries - i) + \" more attempts will be made.\");\n-            if (i == publishCountMaxRetries) {\n-              throw new RuntimeException(e);\n-            }\n-          }\n-        }\n+        finalCounts.postTrackingCountToKafka(job.getConfiguration(), props.getProperty(KAFKA_MONITOR_TIER), brokerList);\n       }\n     }\n   }"}]}