{"sha": "c01cf5902b6981963a05c3c9c1da9f810639a26c", "node_id": "MDY6Q29tbWl0NjM5MzE5OTpjMDFjZjU5MDJiNjk4MTk2M2EwNWMzYzljMWRhOWY4MTA2MzlhMjZj", "commit": {"author": {"name": "Andrey Teplyashin", "email": "platinumthinker@gmail.com", "date": "2014-11-09T08:04:05Z"}, "committer": {"name": "Andrey Teplyashin", "email": "platinumthinker@gmail.com", "date": "2014-11-19T17:44:55Z"}, "message": "Add colored logs", "tree": {"sha": "a65437f01f7cb9e5397940cf2e7d0a213f11adcc", "url": "https://api.github.com/repos/rebar/rebar/git/trees/a65437f01f7cb9e5397940cf2e7d0a213f11adcc"}, "url": "https://api.github.com/repos/rebar/rebar/git/commits/c01cf5902b6981963a05c3c9c1da9f810639a26c", "comment_count": 0, "verification": {"verified": false, "reason": "unsigned", "signature": null, "payload": null}}, "url": "https://api.github.com/repos/rebar/rebar/commits/c01cf5902b6981963a05c3c9c1da9f810639a26c", "html_url": "https://github.com/rebar/rebar/commit/c01cf5902b6981963a05c3c9c1da9f810639a26c", "comments_url": "https://api.github.com/repos/rebar/rebar/commits/c01cf5902b6981963a05c3c9c1da9f810639a26c/comments", "author": {"login": "platinumthinker", "id": 1651382, "node_id": "MDQ6VXNlcjE2NTEzODI=", "avatar_url": "https://avatars1.githubusercontent.com/u/1651382?v=4", "gravatar_id": "", "url": "https://api.github.com/users/platinumthinker", "html_url": "https://github.com/platinumthinker", "followers_url": "https://api.github.com/users/platinumthinker/followers", "following_url": "https://api.github.com/users/platinumthinker/following{/other_user}", "gists_url": "https://api.github.com/users/platinumthinker/gists{/gist_id}", "starred_url": "https://api.github.com/users/platinumthinker/starred{/owner}{/repo}", "subscriptions_url": "https://api.github.com/users/platinumthinker/subscriptions", "organizations_url": "https://api.github.com/users/platinumthinker/orgs", "repos_url": "https://api.github.com/users/platinumthinker/repos", "events_url": "https://api.github.com/users/platinumthinker/events{/privacy}", "received_events_url": "https://api.github.com/users/platinumthinker/received_events", "type": "User", "site_admin": false}, "committer": {"login": "platinumthinker", "id": 1651382, "node_id": "MDQ6VXNlcjE2NTEzODI=", "avatar_url": "https://avatars1.githubusercontent.com/u/1651382?v=4", "gravatar_id": "", "url": "https://api.github.com/users/platinumthinker", "html_url": "https://github.com/platinumthinker", "followers_url": "https://api.github.com/users/platinumthinker/followers", "following_url": "https://api.github.com/users/platinumthinker/following{/other_user}", "gists_url": "https://api.github.com/users/platinumthinker/gists{/gist_id}", "starred_url": "https://api.github.com/users/platinumthinker/starred{/owner}{/repo}", "subscriptions_url": "https://api.github.com/users/platinumthinker/subscriptions", "organizations_url": "https://api.github.com/users/platinumthinker/orgs", "repos_url": "https://api.github.com/users/platinumthinker/repos", "events_url": "https://api.github.com/users/platinumthinker/events{/privacy}", "received_events_url": "https://api.github.com/users/platinumthinker/received_events", "type": "User", "site_admin": false}, "parents": [{"sha": "b693c23663bbd9f9522b7f5fc0337ef7cee5557a", "url": "https://api.github.com/repos/rebar/rebar/commits/b693c23663bbd9f9522b7f5fc0337ef7cee5557a", "html_url": "https://github.com/rebar/rebar/commit/b693c23663bbd9f9522b7f5fc0337ef7cee5557a"}], "stats": {"total": 64, "additions": 56, "deletions": 8}, "files": [{"sha": "1fcc531379e107baf9a31e0c1859ff495334c997", "filename": "THANKS", "status": "modified", "additions": 1, "deletions": 0, "changes": 1, "blob_url": "https://github.com/rebar/rebar/blob/c01cf5902b6981963a05c3c9c1da9f810639a26c/THANKS", "raw_url": "https://github.com/rebar/rebar/raw/c01cf5902b6981963a05c3c9c1da9f810639a26c/THANKS", "contents_url": "https://api.github.com/repos/rebar/rebar/contents/THANKS?ref=c01cf5902b6981963a05c3c9c1da9f810639a26c", "patch": "@@ -127,3 +127,4 @@ alisdair sullivan\n Alexander Verbitsky\n Andras Horvath\n Drew Varner\n+Andrey Teplyashin"}, {"sha": "12208e283fe2f34a9248420c137052ffd437c07f", "filename": "ebin/rebar.app", "status": "modified", "additions": 3, "deletions": 0, "changes": 3, "blob_url": "https://github.com/rebar/rebar/blob/c01cf5902b6981963a05c3c9c1da9f810639a26c/ebin/rebar.app", "raw_url": "https://github.com/rebar/rebar/raw/c01cf5902b6981963a05c3c9c1da9f810639a26c/ebin/rebar.app", "contents_url": "https://api.github.com/repos/rebar/rebar/contents/ebin/rebar.app?ref=c01cf5902b6981963a05c3c9c1da9f810639a26c", "patch": "@@ -54,6 +54,9 @@\n          %% Default log level\n          {log_level, warn},\n \n+         %% Log colored\n+         {log_colored, true},\n+\n          %% any_dir processing modules\n          {any_dir_modules, [\n                             rebar_require_vsn,"}, {"sha": "d086892ca2be20b8e13e4322c046cafa93bf3b40", "filename": "inttest/logging/logging_rt.erl", "status": "modified", "additions": 24, "deletions": 7, "changes": 31, "blob_url": "https://github.com/rebar/rebar/blob/c01cf5902b6981963a05c3c9c1da9f810639a26c/inttest/logging/logging_rt.erl", "raw_url": "https://github.com/rebar/rebar/raw/c01cf5902b6981963a05c3c9c1da9f810639a26c/inttest/logging/logging_rt.erl", "contents_url": "https://api.github.com/repos/rebar/rebar/contents/inttest/logging/logging_rt.erl?ref=c01cf5902b6981963a05c3c9c1da9f810639a26c", "patch": "@@ -14,23 +14,40 @@ run(_Dir) ->\n     SharedExpected = \"==> logging_rt \\\\(compile\\\\)\",\n     %% provoke ERROR due to an invalid app file\n     retest:log(info, \"Check 'compile' failure output~n\"),\n+    {ERROR, WARN, INFO, DEBUG} =\n+        case application:get_env(rebar, log_colored) of\n+            {ok, true} ->\n+                {\n+                 \"\\\\e\\\\[1m\\\\e\\\\[31mERROR: \\\\e\\\\[0m\",\n+                 \"\\\\e\\\\[33mWARN: \\\\e\\\\[0m\",\n+                 \"\\\\e\\\\[32mINFO: \\\\e\\\\[0m\",\n+                 \"\\\\e\\\\[34mDEBUG: \\\\e\\\\[0m\"\n+                };\n+            _ ->\n+                {\n+                 \"ERROR: \",\n+                 \"WARN: \",\n+                 \"INFO: \",\n+                 \"DEBUG: \"\n+                }\n+        end,\n     ok = check_output(\"./rebar compile -q\", should_fail,\n-                      [SharedExpected, \"ERROR: \"],\n-                      [\"WARN: \", \"INFO: \", \"DEBUG: \"]),\n+                      [SharedExpected, ERROR],\n+                      [WARN, INFO, DEBUG]),\n     %% fix bad app file\n     ok = file:write_file(?APP_FILE, app(logging, [])),\n     retest:log(info, \"Check 'compile' success output~n\"),\n     ok = check_output(\"./rebar compile\", should_succeed,\n                       [SharedExpected],\n-                      [\"ERROR: \", \"WARN: \", \"INFO: \", \"DEBUG: \"]),\n+                      [ERROR, WARN, INFO, DEBUG]),\n     retest:log(info, \"Check 'compile -v' success output~n\"),\n     ok = check_output(\"./rebar compile -v\", should_succeed,\n                       [SharedExpected],\n-                      [\"ERROR: \", \"INFO: \", \"DEBUG: \"]),\n+                      [ERROR, INFO, DEBUG]),\n     retest:log(info, \"Check 'compile -vv' success output~n\"),\n     ok = check_output(\"./rebar compile -vv\", should_succeed,\n-                      [SharedExpected, \"DEBUG: \"],\n-                      [\"ERROR: \", \"INFO: \"]),\n+                      [SharedExpected, DEBUG],\n+                      [ERROR, INFO]),\n     ok.\n \n check_output(Cmd, FailureMode, Expected, Unexpected) ->\n@@ -47,7 +64,7 @@ check_output(Cmd, FailureMode, Expected, Unexpected) ->\n     end.\n \n check_output1(Cmd, Captured, Expected, Unexpected) ->\n-    ReOpts = [{capture, all, list}],\n+    ReOpts = [{capture, all, list}, unicode],\n     ExMatches =\n         lists:zf(\n           fun(Pattern) ->"}, {"sha": "689e628a15dfdb33846ae8da2c437699af85f00a", "filename": "src/rebar_log.erl", "status": "modified", "additions": 28, "deletions": 1, "changes": 29, "blob_url": "https://github.com/rebar/rebar/blob/c01cf5902b6981963a05c3c9c1da9f810639a26c/src/rebar_log.erl", "raw_url": "https://github.com/rebar/rebar/raw/c01cf5902b6981963a05c3c9c1da9f810639a26c/src/rebar_log.erl", "contents_url": "https://api.github.com/repos/rebar/rebar/contents/src/rebar_log.erl?ref=c01cf5902b6981963a05c3c9c1da9f810639a26c", "patch": "@@ -60,9 +60,10 @@ log(Level, Str, Args) ->\n \n log(Device, Level, Str, Args) ->\n     {ok, LogLevel} = application:get_env(rebar, log_level),\n+    {ok, LogColored} = application:get_env(rebar, log_colored),\n     case should_log(LogLevel, Level) of\n         true ->\n-            io:format(Device, log_prefix(Level) ++ Str, Args);\n+            io:format(Device, log_prefix(Level, LogColored) ++ Str, Args);\n         false ->\n             ok\n     end.\n@@ -90,7 +91,33 @@ should_log(error, error) -> true;\n should_log(error, _)     -> false;\n should_log(_, _)         -> false.\n \n+log_prefix(Level, _Colored = false) ->\n+    log_prefix(Level);\n+log_prefix(Level, _Colored = true) ->\n+    color_from_level(Level) ++ log_prefix(Level) ++ reset_color().\n+\n log_prefix(debug) -> \"DEBUG: \";\n log_prefix(info)  -> \"INFO:  \";\n log_prefix(warn)  -> \"WARN:  \";\n log_prefix(error) -> \"ERROR: \".\n+\n+color_from_level(debug) ->\n+    color_foreground(blue);\n+color_from_level(info) ->\n+    color_foreground(green);\n+color_from_level(warn) ->\n+    color_foreground(yellow);\n+color_from_level(error) ->\n+    color_bold() ++ color_foreground(red).\n+\n+color_foreground(black)   -> \"\\e[30m\";\n+color_foreground(red)     -> \"\\e[31m\";\n+color_foreground(green)   -> \"\\e[32m\";\n+color_foreground(yellow)  -> \"\\e[33m\";\n+color_foreground(blue)    -> \"\\e[34m\";\n+color_foreground(magenta) -> \"\\e[35m\";\n+color_foreground(cyan)    -> \"\\e[36m\";\n+color_foreground(white)   -> \"\\e[37m\".\n+\n+color_bold()  -> \"\\e[1m\".\n+reset_color() -> \"\\e[0m\"."}]}