{"sha": "8d4a64d7afd33bfe56135c06501adffd241348bd", "node_id": "MDY6Q29tbWl0MjA1ODc1OTk6OGQ0YTY0ZDdhZmQzM2JmZTU2MTM1YzA2NTAxYWRmZmQyNDEzNDhiZA==", "commit": {"author": {"name": "Zhenzhong Xu", "email": "zxu@netflix.com", "date": "2016-08-04T19:49:40Z"}, "committer": {"name": "Stephan Ewen", "email": "sewen@apache.org", "date": "2016-08-05T14:03:57Z"}, "message": "[FLINK-4308] [web frontend] Add optional config parameter 'jobmanager.web.uploaddir' to specifiy job jar location\n\nThis allows users for example to prepackage jars in docker images\n\nThis closes #2335", "tree": {"sha": "a86d0dfef3aced09f6b15c05de71b399601b9091", "url": "https://api.github.com/repos/apache/flink/git/trees/a86d0dfef3aced09f6b15c05de71b399601b9091"}, "url": "https://api.github.com/repos/apache/flink/git/commits/8d4a64d7afd33bfe56135c06501adffd241348bd", "comment_count": 0, "verification": {"verified": false, "reason": "unsigned", "signature": null, "payload": null}}, "url": "https://api.github.com/repos/apache/flink/commits/8d4a64d7afd33bfe56135c06501adffd241348bd", "html_url": "https://github.com/apache/flink/commit/8d4a64d7afd33bfe56135c06501adffd241348bd", "comments_url": "https://api.github.com/repos/apache/flink/commits/8d4a64d7afd33bfe56135c06501adffd241348bd/comments", "author": {"login": "zhenzhongxu", "id": 2775108, "node_id": "MDQ6VXNlcjI3NzUxMDg=", "avatar_url": "https://avatars3.githubusercontent.com/u/2775108?v=4", "gravatar_id": "", "url": "https://api.github.com/users/zhenzhongxu", "html_url": "https://github.com/zhenzhongxu", "followers_url": "https://api.github.com/users/zhenzhongxu/followers", "following_url": "https://api.github.com/users/zhenzhongxu/following{/other_user}", "gists_url": "https://api.github.com/users/zhenzhongxu/gists{/gist_id}", "starred_url": "https://api.github.com/users/zhenzhongxu/starred{/owner}{/repo}", "subscriptions_url": "https://api.github.com/users/zhenzhongxu/subscriptions", "organizations_url": "https://api.github.com/users/zhenzhongxu/orgs", "repos_url": "https://api.github.com/users/zhenzhongxu/repos", "events_url": "https://api.github.com/users/zhenzhongxu/events{/privacy}", "received_events_url": "https://api.github.com/users/zhenzhongxu/received_events", "type": "User", "site_admin": false}, "committer": {"login": "StephanEwen", "id": 1727146, "node_id": "MDQ6VXNlcjE3MjcxNDY=", "avatar_url": "https://avatars3.githubusercontent.com/u/1727146?v=4", "gravatar_id": "", "url": "https://api.github.com/users/StephanEwen", "html_url": "https://github.com/StephanEwen", "followers_url": "https://api.github.com/users/StephanEwen/followers", "following_url": "https://api.github.com/users/StephanEwen/following{/other_user}", "gists_url": "https://api.github.com/users/StephanEwen/gists{/gist_id}", "starred_url": "https://api.github.com/users/StephanEwen/starred{/owner}{/repo}", "subscriptions_url": "https://api.github.com/users/StephanEwen/subscriptions", "organizations_url": "https://api.github.com/users/StephanEwen/orgs", "repos_url": "https://api.github.com/users/StephanEwen/repos", "events_url": "https://api.github.com/users/StephanEwen/events{/privacy}", "received_events_url": "https://api.github.com/users/StephanEwen/received_events", "type": "User", "site_admin": false}, "parents": [{"sha": "087000751bbb08cd90cd9bb10577ddc4739f9628", "url": "https://api.github.com/repos/apache/flink/commits/087000751bbb08cd90cd9bb10577ddc4739f9628", "html_url": "https://github.com/apache/flink/commit/087000751bbb08cd90cd9bb10577ddc4739f9628"}], "stats": {"total": 38, "additions": 30, "deletions": 8}, "files": [{"sha": "f4faac573bea2e57353f4317f07e040026e1232c", "filename": "docs/setup/config.md", "status": "modified", "additions": 4, "deletions": 1, "changes": 5, "blob_url": "https://github.com/apache/flink/blob/8d4a64d7afd33bfe56135c06501adffd241348bd/docs/setup/config.md", "raw_url": "https://github.com/apache/flink/raw/8d4a64d7afd33bfe56135c06501adffd241348bd/docs/setup/config.md", "contents_url": "https://api.github.com/repos/apache/flink/contents/docs/setup/config.md?ref=8d4a64d7afd33bfe56135c06501adffd241348bd", "patch": "@@ -117,7 +117,10 @@ If you are on YARN, then it is sufficient to authenticate the client with Kerber\n - `jobmanager.web.port`: Port of the JobManager's web interface (DEFAULT: 8081).\n \n - `jobmanager.web.tmpdir`: This configuration parameter allows defining the Flink web directory to be used by the web interface. The web interface\n-will copy its static files into the directory. Also uploaded job jars are stored in the directory. By default, the temporary directory is used.\n+will copy its static files into the directory. Also uploaded job jars are stored in the directory if not overridden. By default, the temporary directory is used.\n+\n+- `jobmanager.web.upload.dir`: The config parameter defining the directory for uploading the job jars. If not specified a dynamic directory\n+will be used under the directory specified by jobmanager.web.tmpdir.\n \n - `fs.overwrite-files`: Specifies whether file output writers should overwrite existing files by default. Set to *true* to overwrite by default, *false* otherwise. (DEFAULT: false)\n "}, {"sha": "928497fd3f30663af74249b697fe5ab6bff6dcf2", "filename": "flink-core/src/main/java/org/apache/flink/configuration/ConfigConstants.java", "status": "modified", "additions": 7, "deletions": 1, "changes": 8, "blob_url": "https://github.com/apache/flink/blob/8d4a64d7afd33bfe56135c06501adffd241348bd/flink-core/src/main/java/org/apache/flink/configuration/ConfigConstants.java", "raw_url": "https://github.com/apache/flink/raw/8d4a64d7afd33bfe56135c06501adffd241348bd/flink-core/src/main/java/org/apache/flink/configuration/ConfigConstants.java", "contents_url": "https://api.github.com/repos/apache/flink/contents/flink-core/src/main/java/org/apache/flink/configuration/ConfigConstants.java?ref=8d4a64d7afd33bfe56135c06501adffd241348bd", "patch": "@@ -493,7 +493,13 @@\n \t * The config parameter defining the flink web directory to be used by the webmonitor.\n \t */\n \tpublic static final String JOB_MANAGER_WEB_TMPDIR_KEY = \"jobmanager.web.tmpdir\";\n-\t\n+\n+\t/**\n+\t * The config parameter defining the directory for uploading the job jars. If not specified a dynamic directory\n+\t * will be used under the directory specified by JOB_MANAGER_WEB_TMPDIR_KEY.\n+\t */\n+\tpublic static final String JOB_MANAGER_WEB_UPLOAD_DIR_KEY = \"jobmanager.web.upload.dir\";\n+\n \t/**\n \t * The config parameter defining the number of archived jobs for the jobmanager\n \t */"}, {"sha": "2bfbb851b66bd3fd4df2c17d390959f237317b25", "filename": "flink-runtime-web/src/main/java/org/apache/flink/runtime/webmonitor/WebRuntimeMonitor.java", "status": "modified", "additions": 19, "deletions": 6, "changes": 25, "blob_url": "https://github.com/apache/flink/blob/8d4a64d7afd33bfe56135c06501adffd241348bd/flink-runtime-web/src/main/java/org/apache/flink/runtime/webmonitor/WebRuntimeMonitor.java", "raw_url": "https://github.com/apache/flink/raw/8d4a64d7afd33bfe56135c06501adffd241348bd/flink-runtime-web/src/main/java/org/apache/flink/runtime/webmonitor/WebRuntimeMonitor.java", "contents_url": "https://api.github.com/repos/apache/flink/contents/flink-runtime-web/src/main/java/org/apache/flink/runtime/webmonitor/WebRuntimeMonitor.java?ref=8d4a64d7afd33bfe56135c06501adffd241348bd", "patch": "@@ -159,10 +159,12 @@ public WebRuntimeMonitor(\n \t\tfinal boolean webSubmitAllow = cfg.isProgramSubmitEnabled();\n \t\tif (webSubmitAllow) {\n \t\t\t// create storage for uploads\n-\t\t\tString uploadDirName = \"flink-web-upload-\" + UUID.randomUUID();\n-\t\t\tthis.uploadDir = new File(getBaseDir(config), uploadDirName);\n-\t\t\tif (!uploadDir.mkdir() || !uploadDir.canWrite()) {\n-\t\t\t\tthrow new IOException(\"Unable to create temporary directory to support jar uploads.\");\n+\t\t\tthis.uploadDir = getUploadDir(config);\n+\t\t\t// the upload directory should either 1. exist and writable or 2. can be created and writable\n+\t\t\tif (!(uploadDir.exists() && uploadDir.canWrite()) && !(uploadDir.mkdir() && uploadDir.canWrite())) {\n+\t\t\t\tthrow new IOException(\n+\t\t\t\t\tString.format(\"Jar upload directory %s cannot be created or is not writable.\",\n+\t\t\t\t\t\tuploadDir.getAbsolutePath()));\n \t\t\t}\n \t\t\tLOG.info(\"Using directory {} for web frontend JAR file uploads\", uploadDir);\n \t\t}\n@@ -437,12 +439,23 @@ private void cleanup() {\n \t// ------------------------------------------------------------------------\n \t//  Utilities\n \t// ------------------------------------------------------------------------\n-\n \tprivate RuntimeMonitorHandler handler(RequestHandler handler) {\n \t\treturn new RuntimeMonitorHandler(handler, retriever, jobManagerAddressPromise.future(), timeout);\n \t}\n \n \tFile getBaseDir(Configuration configuration) {\n-\t\treturn new File(configuration.getString(ConfigConstants.JOB_MANAGER_WEB_TMPDIR_KEY, System.getProperty(\"java.io.tmpdir\")));\n+\t\treturn new File(getBaseDirStr(configuration));\n+\t}\n+\n+\tprivate String getBaseDirStr(Configuration configuration) {\n+\t\treturn configuration.getString(ConfigConstants.JOB_MANAGER_WEB_TMPDIR_KEY, System.getProperty(\"java.io.tmpdir\"));\n+\t}\n+\n+\tprivate File getUploadDir(Configuration configuration) {\n+\t\tFile baseDir = new File(configuration.getString(ConfigConstants.JOB_MANAGER_WEB_UPLOAD_DIR_KEY,\n+\t\t\tgetBaseDirStr(configuration)));\n+\n+\t\tboolean uploadDirSpecified = configuration.containsKey(ConfigConstants.JOB_MANAGER_WEB_UPLOAD_DIR_KEY);\n+\t\treturn uploadDirSpecified ? baseDir : new File(baseDir, \"flink-web-\" + UUID.randomUUID());\n \t}\n }"}]}