{"sha": "3959522d92cd03b181b999e2c128109193d59338", "node_id": "MDY6Q29tbWl0MTIyMTc2ODQ6Mzk1OTUyMmQ5MmNkMDNiMTgxYjk5OWUyYzEyODEwOTE5M2Q1OTMzOA==", "commit": {"author": {"name": "Alexander Bij", "email": "Alexander.Bij@gmail.com", "date": "2014-12-18T10:05:26Z"}, "committer": {"name": "Alexander Bij", "email": "Alexander.Bij@gmail.com", "date": "2014-12-18T10:05:26Z"}, "message": "Fix bug where status_code OK was never read.", "tree": {"sha": "6104565108be0a73bb5ba32f0dae9e467be3ea0a", "url": "https://api.github.com/repos/hehahovip/pep381client-proxy/git/trees/6104565108be0a73bb5ba32f0dae9e467be3ea0a"}, "url": "https://api.github.com/repos/hehahovip/pep381client-proxy/git/commits/3959522d92cd03b181b999e2c128109193d59338", "comment_count": 0, "verification": {"verified": false, "reason": "unsigned", "signature": null, "payload": null}}, "url": "https://api.github.com/repos/hehahovip/pep381client-proxy/commits/3959522d92cd03b181b999e2c128109193d59338", "html_url": "https://github.com/hehahovip/pep381client-proxy/commit/3959522d92cd03b181b999e2c128109193d59338", "comments_url": "https://api.github.com/repos/hehahovip/pep381client-proxy/commits/3959522d92cd03b181b999e2c128109193d59338/comments", "author": {"login": "abij", "id": 1022013, "node_id": "MDQ6VXNlcjEwMjIwMTM=", "avatar_url": "https://avatars1.githubusercontent.com/u/1022013?v=4", "gravatar_id": "", "url": "https://api.github.com/users/abij", "html_url": "https://github.com/abij", "followers_url": "https://api.github.com/users/abij/followers", "following_url": "https://api.github.com/users/abij/following{/other_user}", "gists_url": "https://api.github.com/users/abij/gists{/gist_id}", "starred_url": "https://api.github.com/users/abij/starred{/owner}{/repo}", "subscriptions_url": "https://api.github.com/users/abij/subscriptions", "organizations_url": "https://api.github.com/users/abij/orgs", "repos_url": "https://api.github.com/users/abij/repos", "events_url": "https://api.github.com/users/abij/events{/privacy}", "received_events_url": "https://api.github.com/users/abij/received_events", "type": "User", "site_admin": false}, "committer": {"login": "abij", "id": 1022013, "node_id": "MDQ6VXNlcjEwMjIwMTM=", "avatar_url": "https://avatars1.githubusercontent.com/u/1022013?v=4", "gravatar_id": "", "url": "https://api.github.com/users/abij", "html_url": "https://github.com/abij", "followers_url": "https://api.github.com/users/abij/followers", "following_url": "https://api.github.com/users/abij/following{/other_user}", "gists_url": "https://api.github.com/users/abij/gists{/gist_id}", "starred_url": "https://api.github.com/users/abij/starred{/owner}{/repo}", "subscriptions_url": "https://api.github.com/users/abij/subscriptions", "organizations_url": "https://api.github.com/users/abij/orgs", "repos_url": "https://api.github.com/users/abij/repos", "events_url": "https://api.github.com/users/abij/events{/privacy}", "received_events_url": "https://api.github.com/users/abij/received_events", "type": "User", "site_admin": false}, "parents": [{"sha": "a115895ff67e22b27fef3b7d16a014bfd7ba6589", "url": "https://api.github.com/repos/hehahovip/pep381client-proxy/commits/a115895ff67e22b27fef3b7d16a014bfd7ba6589", "html_url": "https://github.com/hehahovip/pep381client-proxy/commit/a115895ff67e22b27fef3b7d16a014bfd7ba6589"}], "stats": {"total": 1, "additions": 1, "deletions": 0}, "files": [{"sha": "34d1be7bcf2a47c9cb54dc5b6247f627a16e2b4b", "filename": "pep381client/__init__.py", "status": "modified", "additions": 1, "deletions": 0, "changes": 1, "blob_url": "https://github.com/hehahovip/pep381client-proxy/blob/3959522d92cd03b181b999e2c128109193d59338/pep381client/__init__.py", "raw_url": "https://github.com/hehahovip/pep381client-proxy/raw/3959522d92cd03b181b999e2c128109193d59338/pep381client/__init__.py", "contents_url": "https://api.github.com/repos/hehahovip/pep381client-proxy/contents/pep381client/__init__.py?ref=3959522d92cd03b181b999e2c128109193d59338", "patch": "@@ -311,6 +311,7 @@ def maybe_copy_file(self, project, path):\n         response = None\n         try:\n             response = urllib2.urlopen(request)\n+            status_code = response.getcode()\n         except urllib2.HTTPError, e:\n             status_code = e.code\n             print  \"Error Code: \" + str(e.code) + ', when maybe_copy_file ' + e"}]}