{"sha": "731e5c4e7524fbdef3459477edbee9a04dccaeaf", "node_id": "MDY6Q29tbWl0MTA1ODMwNTM5OjczMWU1YzRlNzUyNGZiZGVmMzQ1OTQ3N2VkYmVlOWEwNGRjY2FlYWY=", "commit": {"author": {"name": "Piyush Ghai", "email": "ghai.8@osu.edu", "date": "2018-07-20T00:55:59Z"}, "committer": {"name": "vdantu", "email": "36211508+vdantu@users.noreply.github.com", "date": "2018-10-18T23:25:00Z"}, "message": "Added unit tests for validate_messages.py (#454)\n\n* Added unit tests for validate_messages.py\r\n\r\n* Addressed feedback on the PR\r\n\r\n* Added examples of expected inputs in validate_messages.py file\r\n\r\n* Fixed pylint error\r\n\r\n* Replaced string and instead using a dictionary object for proper validation of the methods", "tree": {"sha": "3abc1e42e20742804df42bfa8f33705d078f0ebb", "url": "https://api.github.com/repos/awslabs/mxnet-model-server/git/trees/3abc1e42e20742804df42bfa8f33705d078f0ebb"}, "url": "https://api.github.com/repos/awslabs/mxnet-model-server/git/commits/731e5c4e7524fbdef3459477edbee9a04dccaeaf", "comment_count": 0, "verification": {"verified": false, "reason": "unsigned", "signature": null, "payload": null}}, "url": "https://api.github.com/repos/awslabs/mxnet-model-server/commits/731e5c4e7524fbdef3459477edbee9a04dccaeaf", "html_url": "https://github.com/awslabs/mxnet-model-server/commit/731e5c4e7524fbdef3459477edbee9a04dccaeaf", "comments_url": "https://api.github.com/repos/awslabs/mxnet-model-server/commits/731e5c4e7524fbdef3459477edbee9a04dccaeaf/comments", "author": {"login": "piyushghai", "id": 7931019, "node_id": "MDQ6VXNlcjc5MzEwMTk=", "avatar_url": "https://avatars1.githubusercontent.com/u/7931019?v=4", "gravatar_id": "", "url": "https://api.github.com/users/piyushghai", "html_url": "https://github.com/piyushghai", "followers_url": "https://api.github.com/users/piyushghai/followers", "following_url": "https://api.github.com/users/piyushghai/following{/other_user}", "gists_url": "https://api.github.com/users/piyushghai/gists{/gist_id}", "starred_url": "https://api.github.com/users/piyushghai/starred{/owner}{/repo}", "subscriptions_url": "https://api.github.com/users/piyushghai/subscriptions", "organizations_url": "https://api.github.com/users/piyushghai/orgs", "repos_url": "https://api.github.com/users/piyushghai/repos", "events_url": "https://api.github.com/users/piyushghai/events{/privacy}", "received_events_url": "https://api.github.com/users/piyushghai/received_events", "type": "User", "site_admin": false}, "committer": {"login": "vdantu", "id": 36211508, "node_id": "MDQ6VXNlcjM2MjExNTA4", "avatar_url": "https://avatars1.githubusercontent.com/u/36211508?v=4", "gravatar_id": "", "url": "https://api.github.com/users/vdantu", "html_url": "https://github.com/vdantu", "followers_url": "https://api.github.com/users/vdantu/followers", "following_url": "https://api.github.com/users/vdantu/following{/other_user}", "gists_url": "https://api.github.com/users/vdantu/gists{/gist_id}", "starred_url": "https://api.github.com/users/vdantu/starred{/owner}{/repo}", "subscriptions_url": "https://api.github.com/users/vdantu/subscriptions", "organizations_url": "https://api.github.com/users/vdantu/orgs", "repos_url": "https://api.github.com/users/vdantu/repos", "events_url": "https://api.github.com/users/vdantu/events{/privacy}", "received_events_url": "https://api.github.com/users/vdantu/received_events", "type": "User", "site_admin": false}, "parents": [{"sha": "e7eddab9ab229497da81876a13a6fcfcd572cc1f", "url": "https://api.github.com/repos/awslabs/mxnet-model-server/commits/e7eddab9ab229497da81876a13a6fcfcd572cc1f", "html_url": "https://github.com/awslabs/mxnet-model-server/commit/e7eddab9ab229497da81876a13a6fcfcd572cc1f"}], "stats": {"total": 190, "additions": 178, "deletions": 12}, "files": [{"sha": "902e1c7afb016e5e0425dbb3cfbcf93f82247b96", "filename": "mms/tests/unit_tests/test_validate_messages.py", "status": "added", "additions": 133, "deletions": 0, "changes": 133, "blob_url": "https://github.com/awslabs/mxnet-model-server/blob/731e5c4e7524fbdef3459477edbee9a04dccaeaf/mms/tests/unit_tests/test_validate_messages.py", "raw_url": "https://github.com/awslabs/mxnet-model-server/raw/731e5c4e7524fbdef3459477edbee9a04dccaeaf/mms/tests/unit_tests/test_validate_messages.py", "contents_url": "https://api.github.com/repos/awslabs/mxnet-model-server/contents/mms/tests/unit_tests/test_validate_messages.py?ref=731e5c4e7524fbdef3459477edbee9a04dccaeaf", "patch": "@@ -0,0 +1,133 @@\n+# Copyright 2018 Amazon.com, Inc. or its affiliates. All Rights Reserved.\n+# Licensed under the Apache License, Version 2.0 (the \"License\").\n+# You may not use this file except in compliance with the License.\n+# A copy of the License is located at\n+#     http://www.apache.org/licenses/LICENSE-2.0\n+# or in the \"license\" file accompanying this file. This file is distributed\n+# on an \"AS IS\" BASIS, WITHOUT WARRANTIES OR CONDITIONS OF ANY KIND, either\n+# express or implied. See the License for the specific language governing\n+# permissions and limitations under the License.\n+\n+import pytest\n+from mms.mxnet_model_service_error import MMSError\n+from mms.utils.validators.validate_messages import ModelWorkerMessageValidators\n+from mms.utils.model_server_error_codes import ModelServerErrorCodes\n+\n+\n+def test_validate_load_message_missing_model_path():\n+    invalid_object = {'command': 'some-command', 'modelName': 'some-model-name'}\n+    with pytest.raises(MMSError) as error:\n+        ModelWorkerMessageValidators.validate_load_message(invalid_object)\n+\n+    assert error.value.get_code() == ModelServerErrorCodes.INVALID_LOAD_MESSAGE, 'error codes don\\'t match'\n+    assert error.value.get_message() == 'Load command missing \\\"model-path\\\" key'\n+\n+\n+def test_validate_load_message_missing_model_name():\n+    invalid_object = {'command': 'load', 'modelPath': 'some-model-path'}\n+    with pytest.raises(MMSError) as error:\n+        ModelWorkerMessageValidators.validate_load_message(invalid_object)\n+\n+    assert error.value.get_code() == ModelServerErrorCodes.INVALID_LOAD_MESSAGE, 'error codes don\\'t match'\n+    assert error.value.get_message() == 'Load command missing \\\"model-name\\\" key'\n+\n+\n+def test_valudate_load_message_with_valid_msg():\n+    valid_object = {'command': 'load', 'modelPath': 'some-model-path', 'modelName': 'some-model-name'}\n+    ModelWorkerMessageValidators.validate_load_message(valid_object)\n+\n+\n+def test_validate_predict_data_with_missing_request_id():\n+    invalid_object = {'encoding': 'None|base64|utf-8', 'modelInputs': []}\n+\n+    with pytest.raises(MMSError) as error:\n+        ModelWorkerMessageValidators.validate_predict_data(invalid_object)\n+\n+    assert error.value.get_code() == ModelServerErrorCodes.INVALID_PREDICT_INPUT\n+    assert error.value.get_message() == 'Predict command input missing \\\"request-id\\\" field'\n+\n+    valid_msg = '{ \\\"requestId\\\" : \\\"111-222-3333\\\"}'\n+    ModelWorkerMessageValidators.validate_predict_data(valid_msg)\n+\n+\n+def test_validate_predict_data_with_valid_msg():\n+    valid_object = {'requestId': '111-222-3333', 'encoding': 'None|base64|utf-8', 'modelInputs': '[{}]'}\n+    ModelWorkerMessageValidators.validate_predict_data(valid_object)\n+\n+\n+def test_validate_predict_inputs_missing_value():\n+    invalid_object = {'encoding': 'base64', 'name': 'model_input_name'}\n+\n+    with pytest.raises(MMSError) as error:\n+        ModelWorkerMessageValidators.validate_predict_inputs(invalid_object)\n+\n+    assert error.value.get_code() == ModelServerErrorCodes.INVALID_PREDICT_INPUT\n+    assert error.value.get_message() == 'Predict command input data missing \\\"value\\\" field'\n+\n+\n+def test_validate_predict_inputs_missing_name():\n+    invalid_object = {'encoding': 'base64', 'value': 'val1'}\n+\n+    with pytest.raises(MMSError) as error:\n+        ModelWorkerMessageValidators.validate_predict_inputs(invalid_object)\n+\n+    assert error.value.get_code() == ModelServerErrorCodes.INVALID_PREDICT_INPUT\n+    assert error.value.get_message() == 'Predict command input data missing \\\"name\\\" field'\n+\n+\n+def test_validate_predict_inputs_with_valid_input():\n+    valid_object = {'encoding': 'base64', 'value': 'val1', 'name': 'model_input_name'}\n+    ModelWorkerMessageValidators.validate_predict_inputs(valid_object)\n+\n+\n+def test_validate_predict_msg_missing_model_name():\n+    invalid_object = {'command': 'some-prediction-command', 'requestBatch': []}\n+\n+    with pytest.raises(MMSError) as error:\n+        ModelWorkerMessageValidators.validate_predict_msg(invalid_object)\n+\n+    assert error.value.get_code() == ModelServerErrorCodes.INVALID_PREDICT_MESSAGE\n+    assert error.value.get_message() == 'Predict command input missing \\\"modelName\\\" field.'\n+\n+\n+def test_validate_predict_msg_missing_request_batch():\n+    invalid_object = {'command': 'some-prediction-command', 'modelName': 'name'}\n+\n+    with pytest.raises(MMSError) as error:\n+        ModelWorkerMessageValidators.validate_predict_msg(invalid_object)\n+\n+    assert error.value.get_code() == ModelServerErrorCodes.INVALID_PREDICT_MESSAGE\n+    assert error.value.get_message() == 'Predict command input missing \\\"requestBatch\\\" field.'\n+\n+\n+def test_validate_predict_msg_missing_model_inputs():\n+    invalid_object = {'command': 'some-pred-command', 'modelName': 'name', 'requestBatch':\n+                      [{'requestId': '111', 'encoding': 'None|base64|utf-8'}]}\n+\n+    with pytest.raises(MMSError) as error:\n+        ModelWorkerMessageValidators.validate_predict_msg(invalid_object)\n+\n+    assert error.value.get_code() == ModelServerErrorCodes.INVALID_PREDICT_MESSAGE\n+    assert error.value.get_message() == 'Predict command input\\'s requestBatch missing \\\"modelInputs\\\" field.'\n+\n+\n+def test_validate_predict_msg_valid_input():\n+    valid_object = {'command': 'some-pred-command', 'modelName': 'name', 'requestBatch':\n+                    [{'requestId': '111', 'encoding': 'None|base64|utf-8', 'modelInputs': [{}]}]}\n+\n+    ModelWorkerMessageValidators.validate_predict_msg(valid_object)\n+\n+\n+def test_validate_unload_msg_with_invalid_msg():\n+    invalid_object = {'command': 'unload'}\n+\n+    with pytest.raises(MMSError) as error:\n+        ModelWorkerMessageValidators.validate_unload_msg(invalid_object)\n+\n+    assert error.value.get_code() == ModelServerErrorCodes.INVALID_UNLOAD_MESSAGE\n+    assert error.value.get_message() == 'Unload command input missing \\\"model-name\\\" field'\n+\n+\n+def test_validate_unload_msg_with_valid_msg():\n+    valid_object = {'command': 'unload', 'model-name': 'name'}\n+    ModelWorkerMessageValidators.validate_unload_msg(valid_object)"}, {"sha": "7ac7b5de251996a34701118bfafa35d747de6d79", "filename": "mms/utils/validators/validate_messages.py", "status": "modified", "additions": 45, "deletions": 12, "changes": 57, "blob_url": "https://github.com/awslabs/mxnet-model-server/blob/731e5c4e7524fbdef3459477edbee9a04dccaeaf/mms/utils/validators/validate_messages.py", "raw_url": "https://github.com/awslabs/mxnet-model-server/raw/731e5c4e7524fbdef3459477edbee9a04dccaeaf/mms/utils/validators/validate_messages.py", "contents_url": "https://api.github.com/repos/awslabs/mxnet-model-server/contents/mms/utils/validators/validate_messages.py?ref=731e5c4e7524fbdef3459477edbee9a04dccaeaf", "patch": "@@ -23,6 +23,14 @@ class ModelWorkerMessageValidators(object):\n     def validate_load_message(msg):\n         \"\"\"\n         Validate the load messages\n+        {\n+            \"command\" : \"load\", string\n+            \"modelPath\" : \"/path/to/model/file\", string\n+            \"modelName\" : \"name\", string\n+            \"gpu\" : None if CPU else gpu_id, int\n+            \"handler\" : service handler entry point if provided, string\n+            \"batchSize\" : batch size, int\n+        }\n         :param msg:\n         :return:\n         \"\"\"\n@@ -35,10 +43,16 @@ def validate_load_message(msg):\n     @staticmethod\n     def validate_predict_data(msg):\n         \"\"\"\n-        {\n-                \"request-id\" : \"111-222-3333\",\n-                \"input1\" : {}\n-                \"input2\" : {}\n+       REQUESTS = [ {\n+            \"requestId\" : \"111-222-3333\",\n+            \"encoding\" : \"None | base64 | utf-8\",\n+            \"modelInputs\" : [ MODEL_INPUTS ]\n+        } ]\n+\n+        MODEL_INPUTS = {\n+                \"encoding\": \"base64/utf-8\", (This is how the value is encoded)\n+                \"value\": \"val1\"\n+                \"name\" : model_input_name (This is defined in the symbol file and the signature file)\n         }\n \n         :param msg:\n@@ -50,10 +64,11 @@ def validate_predict_data(msg):\n     @staticmethod\n     def validate_predict_inputs(msg):\n         \"\"\"\n-        \"input1\" : {\n-            \"encoding\": \"base64\",\n-            \"value\": \"val1\"\n-        }...\n+        MODEL_INPUTS = [{\n+                \"encoding\": \"base64\", (This is how the value is encoded)\n+                \"value\": \"val1\"\n+                \"name\" : model_input_name (This is defined in the symbol file and the signature file)\n+        }]\n \n         :param msg:\n         :return:\n@@ -68,18 +83,36 @@ def validate_predict_inputs(msg):\n     @staticmethod\n     def validate_predict_msg(msg):\n         \"\"\"\n-        {\n-           \"command\" : \"predict\",\n-           \"model-name\" : \"name\",\n-           \"data\": [ {}, {} ]\n+       PREDICT COMMAND = {\n+            \"command\": \"predict\",\n+            \"modelName\": \"model-to-run-inference-against\",\n+            \"contentType\": \"http-content-types\",\n+            \"requestBatch\": [ REQUESTS ]\n+        }\n+        REQUESTS = {\n+            \"requestId\" : \"111-222-3333\",\n+            \"encoding\" : \"None|base64|utf-8\",\n+            \"modelInputs\" : [ MODEL_INPUTS ]\n+        }\n+        MODEL_INPUTS = {\n+                \"encoding\": \"base64/utf-8\", (# This is how the value is encoded)\n+                \"value\": \"val1\"\n+                \"name\" : model_input_name (# This is defined in the symbol file and the signature file)\n         }\n         \"\"\"\n+\n         if u'modelName' not in msg:\n             raise MMSError(err.INVALID_PREDICT_MESSAGE, \"Predict command input missing \\\"modelName\\\" field.\")\n \n         if u'requestBatch' not in msg:\n             raise MMSError(err.INVALID_PREDICT_MESSAGE, \"Predict command input missing \\\"requestBatch\\\" field.\")\n \n+        req_batch = msg[u'requestBatch']\n+        for req in req_batch:\n+            if u'modelInputs' not in req:\n+                raise MMSError(err.INVALID_PREDICT_MESSAGE, \"Predict command input's requestBatch missing \"\n+                                                            \"\\\"modelInputs\\\" field.\")\n+\n     @staticmethod\n     def validate_unload_msg(msg):\n         \"\"\""}]}