{"sha": "35818e4a0126b00702308360c39e00238f5b2eea", "node_id": "MDY6Q29tbWl0NzMwMDQ1NDozNTgxOGU0YTAxMjZiMDA3MDIzMDgzNjBjMzllMDAyMzhmNWIyZWVh", "commit": {"author": {"name": "Taher A Alkhateeb", "email": "slidingfilaments@gmail.com", "date": "2019-03-26T12:58:32Z"}, "committer": {"name": "Dmitri Sotnikov", "email": "dmitri.sotnikov@gmail.com", "date": "2019-03-26T12:58:32Z"}, "message": "fix a bug in which having no env.clj file would crash the system (#428)\n\nrefs: https://github.com/luminus-framework/luminus-template/issues/427", "tree": {"sha": "acaf204faeb27dbd13e9e5983c632ad97f940d50", "url": "https://api.github.com/repos/luminus-framework/luminus-template/git/trees/acaf204faeb27dbd13e9e5983c632ad97f940d50"}, "url": "https://api.github.com/repos/luminus-framework/luminus-template/git/commits/35818e4a0126b00702308360c39e00238f5b2eea", "comment_count": 0, "verification": {"verified": false, "reason": "unsigned", "signature": null, "payload": null}}, "url": "https://api.github.com/repos/luminus-framework/luminus-template/commits/35818e4a0126b00702308360c39e00238f5b2eea", "html_url": "https://github.com/luminus-framework/luminus-template/commit/35818e4a0126b00702308360c39e00238f5b2eea", "comments_url": "https://api.github.com/repos/luminus-framework/luminus-template/commits/35818e4a0126b00702308360c39e00238f5b2eea/comments", "author": {"login": "pythys", "id": 13056493, "node_id": "MDQ6VXNlcjEzMDU2NDkz", "avatar_url": "https://avatars1.githubusercontent.com/u/13056493?v=4", "gravatar_id": "", "url": "https://api.github.com/users/pythys", "html_url": "https://github.com/pythys", "followers_url": "https://api.github.com/users/pythys/followers", "following_url": "https://api.github.com/users/pythys/following{/other_user}", "gists_url": "https://api.github.com/users/pythys/gists{/gist_id}", "starred_url": "https://api.github.com/users/pythys/starred{/owner}{/repo}", "subscriptions_url": "https://api.github.com/users/pythys/subscriptions", "organizations_url": "https://api.github.com/users/pythys/orgs", "repos_url": "https://api.github.com/users/pythys/repos", "events_url": "https://api.github.com/users/pythys/events{/privacy}", "received_events_url": "https://api.github.com/users/pythys/received_events", "type": "User", "site_admin": false}, "committer": {"login": "yogthos", "id": 121208, "node_id": "MDQ6VXNlcjEyMTIwOA==", "avatar_url": "https://avatars1.githubusercontent.com/u/121208?v=4", "gravatar_id": "", "url": "https://api.github.com/users/yogthos", "html_url": "https://github.com/yogthos", "followers_url": "https://api.github.com/users/yogthos/followers", "following_url": "https://api.github.com/users/yogthos/following{/other_user}", "gists_url": "https://api.github.com/users/yogthos/gists{/gist_id}", "starred_url": "https://api.github.com/users/yogthos/starred{/owner}{/repo}", "subscriptions_url": "https://api.github.com/users/yogthos/subscriptions", "organizations_url": "https://api.github.com/users/yogthos/orgs", "repos_url": "https://api.github.com/users/yogthos/repos", "events_url": "https://api.github.com/users/yogthos/events{/privacy}", "received_events_url": "https://api.github.com/users/yogthos/received_events", "type": "User", "site_admin": false}, "parents": [{"sha": "7c19022f9d7816d080c87c65b67b365cac34c3c3", "url": "https://api.github.com/repos/luminus-framework/luminus-template/commits/7c19022f9d7816d080c87c65b67b365cac34c3c3", "html_url": "https://github.com/luminus-framework/luminus-template/commit/7c19022f9d7816d080c87c65b67b365cac34c3c3"}], "stats": {"total": 4, "additions": 2, "deletions": 2}, "files": [{"sha": "1bb67b3dbba9e6410650987060749817eced1dd9", "filename": "resources/leiningen/new/luminus/core/src/handler.clj", "status": "modified", "additions": 2, "deletions": 2, "changes": 4, "blob_url": "https://github.com/luminus-framework/luminus-template/blob/35818e4a0126b00702308360c39e00238f5b2eea/resources/leiningen/new/luminus/core/src/handler.clj", "raw_url": "https://github.com/luminus-framework/luminus-template/raw/35818e4a0126b00702308360c39e00238f5b2eea/resources/leiningen/new/luminus/core/src/handler.clj", "contents_url": "https://api.github.com/repos/luminus-framework/luminus-template/contents/resources/leiningen/new/luminus/core/src/handler.clj?ref=35818e4a0126b00702308360c39e00238f5b2eea", "patch": "@@ -15,8 +15,8 @@\n     [<<project-ns>>.config :refer [env]]<% endif %>))\n \n (mount/defstate init-app\n-  :start ((or (:init defaults) identity))\n-  :stop  ((or (:stop defaults) identity)))\n+  :start ((or (:init defaults) (fn [])))\n+  :stop  ((or (:stop defaults) (fn []))))\n <% if war %>\n (defn init\n   \"init will be called once when"}]}