{"sha": "3f6556c21ade425feca7480fd27425233a418a81", "node_id": "MDY6Q29tbWl0MjkxNDg2MzY6M2Y2NTU2YzIxYWRlNDI1ZmVjYTc0ODBmZDI3NDI1MjMzYTQxOGE4MQ==", "commit": {"author": {"name": "Dheeraj Dwivedi", "email": "dhruv.x@gmail.com", "date": "2017-04-03T14:01:13Z"}, "committer": {"name": "Massimiliano Pippi", "email": "mpippi@gmail.com", "date": "2017-04-03T14:01:13Z"}, "message": "Fixing the sample code. (#32)\n\n- Added missing import\r\n- Changed method name from recordHistogram to recordHistogramValue", "tree": {"sha": "9bca3935f97b36fda9c46d73b2d399bcad07f255", "url": "https://api.github.com/repos/DataDog/java-dogstatsd-client/git/trees/9bca3935f97b36fda9c46d73b2d399bcad07f255"}, "url": "https://api.github.com/repos/DataDog/java-dogstatsd-client/git/commits/3f6556c21ade425feca7480fd27425233a418a81", "comment_count": 0, "verification": {"verified": false, "reason": "unsigned", "signature": null, "payload": null}}, "url": "https://api.github.com/repos/DataDog/java-dogstatsd-client/commits/3f6556c21ade425feca7480fd27425233a418a81", "html_url": "https://github.com/DataDog/java-dogstatsd-client/commit/3f6556c21ade425feca7480fd27425233a418a81", "comments_url": "https://api.github.com/repos/DataDog/java-dogstatsd-client/commits/3f6556c21ade425feca7480fd27425233a418a81/comments", "author": {"login": "dheerajdwivedi", "id": 951915, "node_id": "MDQ6VXNlcjk1MTkxNQ==", "avatar_url": "https://avatars2.githubusercontent.com/u/951915?v=4", "gravatar_id": "", "url": "https://api.github.com/users/dheerajdwivedi", "html_url": "https://github.com/dheerajdwivedi", "followers_url": "https://api.github.com/users/dheerajdwivedi/followers", "following_url": "https://api.github.com/users/dheerajdwivedi/following{/other_user}", "gists_url": "https://api.github.com/users/dheerajdwivedi/gists{/gist_id}", "starred_url": "https://api.github.com/users/dheerajdwivedi/starred{/owner}{/repo}", "subscriptions_url": "https://api.github.com/users/dheerajdwivedi/subscriptions", "organizations_url": "https://api.github.com/users/dheerajdwivedi/orgs", "repos_url": "https://api.github.com/users/dheerajdwivedi/repos", "events_url": "https://api.github.com/users/dheerajdwivedi/events{/privacy}", "received_events_url": "https://api.github.com/users/dheerajdwivedi/received_events", "type": "User", "site_admin": false}, "committer": {"login": "masci", "id": 7241, "node_id": "MDQ6VXNlcjcyNDE=", "avatar_url": "https://avatars3.githubusercontent.com/u/7241?v=4", "gravatar_id": "", "url": "https://api.github.com/users/masci", "html_url": "https://github.com/masci", "followers_url": "https://api.github.com/users/masci/followers", "following_url": "https://api.github.com/users/masci/following{/other_user}", "gists_url": "https://api.github.com/users/masci/gists{/gist_id}", "starred_url": "https://api.github.com/users/masci/starred{/owner}{/repo}", "subscriptions_url": "https://api.github.com/users/masci/subscriptions", "organizations_url": "https://api.github.com/users/masci/orgs", "repos_url": "https://api.github.com/users/masci/repos", "events_url": "https://api.github.com/users/masci/events{/privacy}", "received_events_url": "https://api.github.com/users/masci/received_events", "type": "User", "site_admin": false}, "parents": [{"sha": "9db953903fb5f783aa84f73a1f94e322b8afddfb", "url": "https://api.github.com/repos/DataDog/java-dogstatsd-client/commits/9db953903fb5f783aa84f73a1f94e322b8afddfb", "html_url": "https://github.com/DataDog/java-dogstatsd-client/commit/9db953903fb5f783aa84f73a1f94e322b8afddfb"}], "stats": {"total": 5, "additions": 3, "deletions": 2}, "files": [{"sha": "c850cf7f7a7663ce9444cdd505b5bb21922725f2", "filename": "README.md", "status": "modified", "additions": 3, "deletions": 2, "changes": 5, "blob_url": "https://github.com/DataDog/java-dogstatsd-client/blob/3f6556c21ade425feca7480fd27425233a418a81/README.md", "raw_url": "https://github.com/DataDog/java-dogstatsd-client/raw/3f6556c21ade425feca7480fd27425233a418a81/README.md", "contents_url": "https://api.github.com/repos/DataDog/java-dogstatsd-client/contents/README.md?ref=3f6556c21ade425feca7480fd27425233a418a81", "patch": "@@ -22,6 +22,7 @@ The client jar is distributed via maven central, and can be downloaded [here](ht\n Usage\n -----\n ```java\n+import com.timgroup.statsd.ServiceCheck;\n import com.timgroup.statsd.StatsDClient;\n import com.timgroup.statsd.NonBlockingStatsDClient;\n \n@@ -38,8 +39,8 @@ public class Foo {\n     statsd.incrementCounter(\"foo\");\n     statsd.recordGaugeValue(\"bar\", 100);\n     statsd.recordGaugeValue(\"baz\", 0.01); /* DataDog extension: support for floating-point gauges */\n-    statsd.recordHistogram(\"qux\", 15)     /* DataDog extension: histograms */\n-    statsd.recordHistogram(\"qux\", 15.5)   /* ...also floating-point */\n+    statsd.recordHistogramValue(\"qux\", 15);     /* DataDog extension: histograms */\n+    statsd.recordHistogramValue(\"qux\", 15.5);   /* ...also floating-point */\n \n     ServiceCheck sc = ServiceCheck\n           .builder()"}]}