{"sha": "9537bfa703200c2f24845189986a5e02a67c3335", "node_id": "MDY6Q29tbWl0NDQ3ODExNDA6OTUzN2JmYTcwMzIwMGMyZjI0ODQ1MTg5OTg2YTVlMDJhNjdjMzMzNQ==", "commit": {"author": {"name": "Fenggang", "email": "ginobiliwang@gmail.com", "date": "2017-09-11T10:21:46Z"}, "committer": {"name": "Haisheng Yuan", "email": "hyuan@pivotal.io", "date": "2017-10-31T23:08:27Z"}, "message": "minirepro: dump all the children relid of partition table", "tree": {"sha": "c58745b97f82330ceda07d192268a611fbb03e4e", "url": "https://api.github.com/repos/greenplum-db/gpdb/git/trees/c58745b97f82330ceda07d192268a611fbb03e4e"}, "url": "https://api.github.com/repos/greenplum-db/gpdb/git/commits/9537bfa703200c2f24845189986a5e02a67c3335", "comment_count": 0, "verification": {"verified": false, "reason": "unsigned", "signature": null, "payload": null}}, "url": "https://api.github.com/repos/greenplum-db/gpdb/commits/9537bfa703200c2f24845189986a5e02a67c3335", "html_url": "https://github.com/greenplum-db/gpdb/commit/9537bfa703200c2f24845189986a5e02a67c3335", "comments_url": "https://api.github.com/repos/greenplum-db/gpdb/commits/9537bfa703200c2f24845189986a5e02a67c3335/comments", "author": {"login": "ginobiliwang", "id": 3192108, "node_id": "MDQ6VXNlcjMxOTIxMDg=", "avatar_url": "https://avatars3.githubusercontent.com/u/3192108?v=4", "gravatar_id": "", "url": "https://api.github.com/users/ginobiliwang", "html_url": "https://github.com/ginobiliwang", "followers_url": "https://api.github.com/users/ginobiliwang/followers", "following_url": "https://api.github.com/users/ginobiliwang/following{/other_user}", "gists_url": "https://api.github.com/users/ginobiliwang/gists{/gist_id}", "starred_url": "https://api.github.com/users/ginobiliwang/starred{/owner}{/repo}", "subscriptions_url": "https://api.github.com/users/ginobiliwang/subscriptions", "organizations_url": "https://api.github.com/users/ginobiliwang/orgs", "repos_url": "https://api.github.com/users/ginobiliwang/repos", "events_url": "https://api.github.com/users/ginobiliwang/events{/privacy}", "received_events_url": "https://api.github.com/users/ginobiliwang/received_events", "type": "User", "site_admin": false}, "committer": {"login": "hsyuan", "id": 15352793, "node_id": "MDQ6VXNlcjE1MzUyNzkz", "avatar_url": "https://avatars2.githubusercontent.com/u/15352793?v=4", "gravatar_id": "", "url": "https://api.github.com/users/hsyuan", "html_url": "https://github.com/hsyuan", "followers_url": "https://api.github.com/users/hsyuan/followers", "following_url": "https://api.github.com/users/hsyuan/following{/other_user}", "gists_url": "https://api.github.com/users/hsyuan/gists{/gist_id}", "starred_url": "https://api.github.com/users/hsyuan/starred{/owner}{/repo}", "subscriptions_url": "https://api.github.com/users/hsyuan/subscriptions", "organizations_url": "https://api.github.com/users/hsyuan/orgs", "repos_url": "https://api.github.com/users/hsyuan/repos", "events_url": "https://api.github.com/users/hsyuan/events{/privacy}", "received_events_url": "https://api.github.com/users/hsyuan/received_events", "type": "User", "site_admin": false}, "parents": [{"sha": "6c1f1a7c7c2fa481f8ed8fa437f2ab7f5cdfff66", "url": "https://api.github.com/repos/greenplum-db/gpdb/commits/6c1f1a7c7c2fa481f8ed8fa437f2ab7f5cdfff66", "html_url": "https://github.com/greenplum-db/gpdb/commit/6c1f1a7c7c2fa481f8ed8fa437f2ab7f5cdfff66"}], "stats": {"total": 147, "additions": 147, "deletions": 0}, "files": [{"sha": "48d313733932af665c3cb40f023fce14552f5b05", "filename": "src/backend/utils/adt/gp_dump_oids.c", "status": "modified", "additions": 21, "deletions": 0, "changes": 21, "blob_url": "https://github.com/greenplum-db/gpdb/blob/9537bfa703200c2f24845189986a5e02a67c3335/src/backend/utils/adt/gp_dump_oids.c", "raw_url": "https://github.com/greenplum-db/gpdb/raw/9537bfa703200c2f24845189986a5e02a67c3335/src/backend/utils/adt/gp_dump_oids.c", "contents_url": "https://api.github.com/repos/greenplum-db/gpdb/contents/src/backend/utils/adt/gp_dump_oids.c?ref=9537bfa703200c2f24845189986a5e02a67c3335", "patch": "@@ -14,6 +14,7 @@\n \n #include \"postgres_fe.h\"\n #include \"funcapi.h\"\n+#include \"optimizer/prep.h\"\n #include \"utils/builtins.h\"\n #include \"rewrite/rewriteHandler.h\"\n #include \"tcop/tcopprot.h\"\n@@ -24,6 +25,25 @@ Datum gp_dump_query_oids(PG_FUNCTION_ARGS);\n \n PG_FUNCTION_INFO_V1(gp_dump_query_oids);\n \n+/*\n+ * Find all child table relids including inheritances, interior and leaf\n+ * partitions of given root table oid, append them into string buffer.\n+ */\n+static void\n+appendChildrenRelids(StringInfoData *relbuf, Oid relid)\n+{\n+\tList *relids = find_all_inheritors(relid);\n+\tif (list_length(relids) <= 1)\n+\t\treturn;\n+\n+\trelids = list_delete_first(relids);\n+\tListCell   *lc;\n+\tforeach(lc, relids)\n+\t{\n+\t\tappendStringInfo(relbuf, \",%u\", lfirst_oid(lc));\n+\t}\n+}\n+\n static void\n traverseQueryOids\n \t(\n@@ -53,6 +73,7 @@ traverseQueryOids\n \t\t\t\t\tif (relbuf->len != 0)\n \t\t\t\t\t\tappendStringInfo(relbuf, \"%s\", \",\");\n \t\t\t\t\tappendStringInfo(relbuf, \"%u\", relid);\n+\t\t\t\t\tappendChildrenRelids(relbuf, relid);\n \t\t\t\t}\n \t\t\t}\n \t\t}"}, {"sha": "6f773e42267af97800de05b0f347f31a31d4bb37", "filename": "src/test/regress/expected/gp_dump_query_oids.out", "status": "modified", "additions": 80, "deletions": 0, "changes": 80, "blob_url": "https://github.com/greenplum-db/gpdb/blob/9537bfa703200c2f24845189986a5e02a67c3335/src/test/regress/expected/gp_dump_query_oids.out", "raw_url": "https://github.com/greenplum-db/gpdb/raw/9537bfa703200c2f24845189986a5e02a67c3335/src/test/regress/expected/gp_dump_query_oids.out", "contents_url": "https://api.github.com/repos/greenplum-db/gpdb/contents/src/test/regress/expected/gp_dump_query_oids.out?ref=9537bfa703200c2f24845189986a5e02a67c3335", "patch": "@@ -42,3 +42,83 @@ ERROR:  syntax error at or near \"with syntax\"\n LINE 1: SELECT with syntax error\n                ^\n QUERY:  SELECT with syntax error\n+-- Test partition and inherited tables\n+CREATE TABLE minirepro_partition_test (id int, info json);\n+NOTICE:  Table doesn't have 'DISTRIBUTED BY' clause -- Using column named 'id' as the Greenplum Database data distribution key for this table.\n+HINT:  The 'DISTRIBUTED BY' clause determines the distribution of data. Make sure column(s) chosen are the optimal data distribution key to minimize skew.\n+CREATE TABLE foo (id int, year int, a int, b int, c int, d int, region text)\n+ DISTRIBUTED BY (id)\n+ PARTITION BY RANGE (year)\n+     SUBPARTITION BY RANGE (a)\n+        SUBPARTITION TEMPLATE (\n+         START (1) END (2) EVERY (1),\n+         DEFAULT SUBPARTITION other_a )\n+            SUBPARTITION BY RANGE (b)\n+               SUBPARTITION TEMPLATE (\n+               START (1) END (2) EVERY (1),\n+               DEFAULT SUBPARTITION other_b )\n+( START (2002) END (2003) EVERY (1),\n+   DEFAULT PARTITION outlying_years );\n+NOTICE:  CREATE TABLE will create partition \"foo_1_prt_outlying_years\" for table \"foo\"\n+NOTICE:  CREATE TABLE will create partition \"foo_1_prt_outlying_years_2_prt_other_a\" for table \"foo_1_prt_outlying_years\"\n+NOTICE:  CREATE TABLE will create partition \"foo_1_prt_outlying_years_2_prt_other_a_3_prt_other_b\" for table \"foo_1_prt_outlying_years_2_prt_other_a\"\n+NOTICE:  CREATE TABLE will create partition \"foo_1_prt_outlying_years_2_prt_other_a_3_prt_2\" for table \"foo_1_prt_outlying_years_2_prt_other_a\"\n+NOTICE:  CREATE TABLE will create partition \"foo_1_prt_outlying_years_2_prt_2\" for table \"foo_1_prt_outlying_years\"\n+NOTICE:  CREATE TABLE will create partition \"foo_1_prt_outlying_years_2_prt_2_3_prt_other_b\" for table \"foo_1_prt_outlying_years_2_prt_2\"\n+NOTICE:  CREATE TABLE will create partition \"foo_1_prt_outlying_years_2_prt_2_3_prt_2\" for table \"foo_1_prt_outlying_years_2_prt_2\"\n+NOTICE:  CREATE TABLE will create partition \"foo_1_prt_2\" for table \"foo\"\n+NOTICE:  CREATE TABLE will create partition \"foo_1_prt_2_2_prt_other_a\" for table \"foo_1_prt_2\"\n+NOTICE:  CREATE TABLE will create partition \"foo_1_prt_2_2_prt_other_a_3_prt_other_b\" for table \"foo_1_prt_2_2_prt_other_a\"\n+NOTICE:  CREATE TABLE will create partition \"foo_1_prt_2_2_prt_other_a_3_prt_2\" for table \"foo_1_prt_2_2_prt_other_a\"\n+NOTICE:  CREATE TABLE will create partition \"foo_1_prt_2_2_prt_2\" for table \"foo_1_prt_2\"\n+NOTICE:  CREATE TABLE will create partition \"foo_1_prt_2_2_prt_2_3_prt_other_b\" for table \"foo_1_prt_2_2_prt_2\"\n+NOTICE:  CREATE TABLE will create partition \"foo_1_prt_2_2_prt_2_3_prt_2\" for table \"foo_1_prt_2_2_prt_2\"\n+CREATE TABLE ptable (c1 text, c2 float);\n+NOTICE:  Table doesn't have 'DISTRIBUTED BY' clause -- Using column named 'c1' as the Greenplum Database data distribution key for this table.\n+HINT:  The 'DISTRIBUTED BY' clause determines the distribution of data. Make sure column(s) chosen are the optimal data distribution key to minimize skew.\n+CREATE TABLE ctable (c3 char(2)) INHERITS (ptable);\n+NOTICE:  Table has parent, setting distribution columns to match parent table\n+CREATE TABLE cctable (c4 char(2)) INHERITS (ctable);\n+NOTICE:  Table has parent, setting distribution columns to match parent table\n+INSERT INTO minirepro_partition_test VALUES (1, (select gp_dump_query_oids('SELECT * FROM foo') ) :: json);\n+INSERT INTO minirepro_partition_test VALUES (2, (select gp_dump_query_oids('SELECT * FROM ptable') ) :: json);\n+INSERT INTO minirepro_partition_test VALUES (3, (select gp_dump_query_oids('SELECT * FROM pg_class') ) :: json);\n+SELECT array['foo'::regclass::oid::text,\n+             'foo_1_prt_outlying_years'::regclass::oid::text,\n+             'foo_1_prt_outlying_years_2_prt_other_a'::regclass::oid::text,\n+             'foo_1_prt_outlying_years_2_prt_other_a_3_prt_other_b'::regclass::oid::text,\n+             'foo_1_prt_outlying_years_2_prt_other_a_3_prt_2'::regclass::oid::text,\n+             'foo_1_prt_outlying_years_2_prt_2'::regclass::oid::text,\n+             'foo_1_prt_outlying_years_2_prt_2_3_prt_other_b'::regclass::oid::text,\n+             'foo_1_prt_outlying_years_2_prt_2_3_prt_2'::regclass::oid::text,\n+             'foo_1_prt_2'::regclass::oid::text,\n+             'foo_1_prt_2_2_prt_other_a'::regclass::oid::text,\n+             'foo_1_prt_2_2_prt_other_a_3_prt_other_b'::regclass::oid::text,\n+             'foo_1_prt_2_2_prt_other_a_3_prt_2'::regclass::oid::text,\n+             'foo_1_prt_2_2_prt_2'::regclass::oid::text,\n+             'foo_1_prt_2_2_prt_2_3_prt_other_b'::regclass::oid::text,\n+             'foo_1_prt_2_2_prt_2_3_prt_2'::regclass::oid::text] <@  (string_to_array((SELECT info->>'relids' FROM minirepro_partition_test WHERE id = 1),','));\n+ ?column? \n+----------\n+ t\n+(1 row)\n+\n+SELECT array['ptable'::regclass::oid::text,\n+             'ctable'::regclass::oid::text,\n+             'cctable'::regclass::oid::text] <@  (string_to_array((SELECT info->>'relids' FROM minirepro_partition_test WHERE id = 2),','));\n+ ?column? \n+----------\n+ t\n+(1 row)\n+\n+SELECT array['pg_class'::regclass::oid::text] <@  (string_to_array((SELECT info->>'relids' FROM minirepro_partition_test WHERE id = 3),','));\n+ ?column? \n+----------\n+ t\n+(1 row)\n+\n+DROP TABLE foo;\n+DROP TABLE cctable;\n+DROP TABLE ctable;\n+DROP TABLE ptable;\n+DROP TABLE minirepro_partition_test;"}, {"sha": "be503594f572acc29fb8e07bf0f4b938a1da6449", "filename": "src/test/regress/sql/gp_dump_query_oids.sql", "status": "modified", "additions": 46, "deletions": 0, "changes": 46, "blob_url": "https://github.com/greenplum-db/gpdb/blob/9537bfa703200c2f24845189986a5e02a67c3335/src/test/regress/sql/gp_dump_query_oids.sql", "raw_url": "https://github.com/greenplum-db/gpdb/raw/9537bfa703200c2f24845189986a5e02a67c3335/src/test/regress/sql/gp_dump_query_oids.sql", "contents_url": "https://api.github.com/repos/greenplum-db/gpdb/contents/src/test/regress/sql/gp_dump_query_oids.sql?ref=9537bfa703200c2f24845189986a5e02a67c3335", "patch": "@@ -12,3 +12,49 @@ SELECT gp_dump_query_oids('SELECT length(proname) FROM pg_proc; SELECT abs(relpa\n -- Test error reporting on an invalid query.\n SELECT gp_dump_query_oids('SELECT * FROM nonexistent_table');\n SELECT gp_dump_query_oids('SELECT with syntax error');\n+\n+-- Test partition and inherited tables\n+CREATE TABLE minirepro_partition_test (id int, info json);\n+CREATE TABLE foo (id int, year int, a int, b int, c int, d int, region text)\n+ DISTRIBUTED BY (id)\n+ PARTITION BY RANGE (year)\n+     SUBPARTITION BY RANGE (a)\n+        SUBPARTITION TEMPLATE (\n+         START (1) END (2) EVERY (1),\n+         DEFAULT SUBPARTITION other_a )\n+            SUBPARTITION BY RANGE (b)\n+               SUBPARTITION TEMPLATE (\n+               START (1) END (2) EVERY (1),\n+               DEFAULT SUBPARTITION other_b )\n+( START (2002) END (2003) EVERY (1),\n+   DEFAULT PARTITION outlying_years );\n+CREATE TABLE ptable (c1 text, c2 float);\n+CREATE TABLE ctable (c3 char(2)) INHERITS (ptable);\n+CREATE TABLE cctable (c4 char(2)) INHERITS (ctable);\n+INSERT INTO minirepro_partition_test VALUES (1, (select gp_dump_query_oids('SELECT * FROM foo') ) :: json);\n+INSERT INTO minirepro_partition_test VALUES (2, (select gp_dump_query_oids('SELECT * FROM ptable') ) :: json);\n+INSERT INTO minirepro_partition_test VALUES (3, (select gp_dump_query_oids('SELECT * FROM pg_class') ) :: json);\n+SELECT array['foo'::regclass::oid::text,\n+             'foo_1_prt_outlying_years'::regclass::oid::text,\n+             'foo_1_prt_outlying_years_2_prt_other_a'::regclass::oid::text,\n+             'foo_1_prt_outlying_years_2_prt_other_a_3_prt_other_b'::regclass::oid::text,\n+             'foo_1_prt_outlying_years_2_prt_other_a_3_prt_2'::regclass::oid::text,\n+             'foo_1_prt_outlying_years_2_prt_2'::regclass::oid::text,\n+             'foo_1_prt_outlying_years_2_prt_2_3_prt_other_b'::regclass::oid::text,\n+             'foo_1_prt_outlying_years_2_prt_2_3_prt_2'::regclass::oid::text,\n+             'foo_1_prt_2'::regclass::oid::text,\n+             'foo_1_prt_2_2_prt_other_a'::regclass::oid::text,\n+             'foo_1_prt_2_2_prt_other_a_3_prt_other_b'::regclass::oid::text,\n+             'foo_1_prt_2_2_prt_other_a_3_prt_2'::regclass::oid::text,\n+             'foo_1_prt_2_2_prt_2'::regclass::oid::text,\n+             'foo_1_prt_2_2_prt_2_3_prt_other_b'::regclass::oid::text,\n+             'foo_1_prt_2_2_prt_2_3_prt_2'::regclass::oid::text] <@  (string_to_array((SELECT info->>'relids' FROM minirepro_partition_test WHERE id = 1),','));\n+SELECT array['ptable'::regclass::oid::text,\n+             'ctable'::regclass::oid::text,\n+             'cctable'::regclass::oid::text] <@  (string_to_array((SELECT info->>'relids' FROM minirepro_partition_test WHERE id = 2),','));\n+SELECT array['pg_class'::regclass::oid::text] <@  (string_to_array((SELECT info->>'relids' FROM minirepro_partition_test WHERE id = 3),','));\n+DROP TABLE foo;\n+DROP TABLE cctable;\n+DROP TABLE ctable;\n+DROP TABLE ptable;\n+DROP TABLE minirepro_partition_test;"}]}