{"sha": "1b533efcb67f6a950eeda92c15726abd4341fe34", "node_id": "MDY6Q29tbWl0MTAxODEyNDc2OjFiNTMzZWZjYjY3ZjZhOTUwZWVkYTkyYzE1NzI2YWJkNDM0MWZlMzQ=", "commit": {"author": {"name": "Tri H. Nguyen", "email": "thn.github@gmail.com", "date": "2017-09-26T02:18:44Z"}, "committer": {"name": "Tri H. Nguyen", "email": "thn.github@gmail.com", "date": "2017-09-26T02:18:44Z"}, "message": "AM-2: updated projects and employees tables", "tree": {"sha": "f3f23573f8d2db7e2ea1a919a1baf44aaf9e6821", "url": "https://api.github.com/repos/leebaird/assessment-manager/git/trees/f3f23573f8d2db7e2ea1a919a1baf44aaf9e6821"}, "url": "https://api.github.com/repos/leebaird/assessment-manager/git/commits/1b533efcb67f6a950eeda92c15726abd4341fe34", "comment_count": 0, "verification": {"verified": false, "reason": "unsigned", "signature": null, "payload": null}}, "url": "https://api.github.com/repos/leebaird/assessment-manager/commits/1b533efcb67f6a950eeda92c15726abd4341fe34", "html_url": "https://github.com/leebaird/assessment-manager/commit/1b533efcb67f6a950eeda92c15726abd4341fe34", "comments_url": "https://api.github.com/repos/leebaird/assessment-manager/commits/1b533efcb67f6a950eeda92c15726abd4341fe34/comments", "author": {"login": "thn-w", "id": 26126888, "node_id": "MDQ6VXNlcjI2MTI2ODg4", "avatar_url": "https://avatars0.githubusercontent.com/u/26126888?v=4", "gravatar_id": "", "url": "https://api.github.com/users/thn-w", "html_url": "https://github.com/thn-w", "followers_url": "https://api.github.com/users/thn-w/followers", "following_url": "https://api.github.com/users/thn-w/following{/other_user}", "gists_url": "https://api.github.com/users/thn-w/gists{/gist_id}", "starred_url": "https://api.github.com/users/thn-w/starred{/owner}{/repo}", "subscriptions_url": "https://api.github.com/users/thn-w/subscriptions", "organizations_url": "https://api.github.com/users/thn-w/orgs", "repos_url": "https://api.github.com/users/thn-w/repos", "events_url": "https://api.github.com/users/thn-w/events{/privacy}", "received_events_url": "https://api.github.com/users/thn-w/received_events", "type": "User", "site_admin": false}, "committer": {"login": "thn-w", "id": 26126888, "node_id": "MDQ6VXNlcjI2MTI2ODg4", "avatar_url": "https://avatars0.githubusercontent.com/u/26126888?v=4", "gravatar_id": "", "url": "https://api.github.com/users/thn-w", "html_url": "https://github.com/thn-w", "followers_url": "https://api.github.com/users/thn-w/followers", "following_url": "https://api.github.com/users/thn-w/following{/other_user}", "gists_url": "https://api.github.com/users/thn-w/gists{/gist_id}", "starred_url": "https://api.github.com/users/thn-w/starred{/owner}{/repo}", "subscriptions_url": "https://api.github.com/users/thn-w/subscriptions", "organizations_url": "https://api.github.com/users/thn-w/orgs", "repos_url": "https://api.github.com/users/thn-w/repos", "events_url": "https://api.github.com/users/thn-w/events{/privacy}", "received_events_url": "https://api.github.com/users/thn-w/received_events", "type": "User", "site_admin": false}, "parents": [{"sha": "3e0de24aedc2404d68cf258a91eded3e586fd63f", "url": "https://api.github.com/repos/leebaird/assessment-manager/commits/3e0de24aedc2404d68cf258a91eded3e586fd63f", "html_url": "https://github.com/leebaird/assessment-manager/commit/3e0de24aedc2404d68cf258a91eded3e586fd63f"}], "stats": {"total": 27, "additions": 9, "deletions": 18}, "files": [{"sha": "3be50e8e607836987abfaf9009c0b3c3ff7778a3", "filename": "src/db/mysql/amdb/amdb_create.sql", "status": "modified", "additions": 9, "deletions": 18, "changes": 27, "blob_url": "https://github.com/leebaird/assessment-manager/blob/1b533efcb67f6a950eeda92c15726abd4341fe34/src/db/mysql/amdb/amdb_create.sql", "raw_url": "https://github.com/leebaird/assessment-manager/raw/1b533efcb67f6a950eeda92c15726abd4341fe34/src/db/mysql/amdb/amdb_create.sql", "contents_url": "https://api.github.com/repos/leebaird/assessment-manager/contents/src/db/mysql/amdb/amdb_create.sql?ref=1b533efcb67f6a950eeda92c15726abd4341fe34", "patch": "@@ -95,11 +95,9 @@ CREATE TABLE `employees` (\n   `employee` varchar(50) COLLATE utf8_bin NOT NULL,\n   `title` varchar(25) COLLATE utf8_bin NOT NULL,\n   `type` varchar(10) COLLATE utf8_bin NOT NULL,\n-  `accountmgr` varchar(3) COLLATE utf8_bin NOT NULL,\n   `cell` varchar(12) COLLATE utf8_bin NOT NULL,\n   `email` varchar(50) COLLATE utf8_bin NOT NULL,\n-  `notes` text COLLATE utf8_bin NOT NULL,\n-  `projectID` int(4) NOT NULL\n+  `notes` text COLLATE utf8_bin NOT NULL\n ) ENGINE=InnoDB DEFAULT CHARSET=utf8 COLLATE=utf8_bin;\n \n --\n@@ -193,31 +191,24 @@ CREATE TABLE `projects` (\n   `projectID` int(4) NOT NULL,\n   `modified` datetime NOT NULL,\n   `project` varchar(50) COLLATE utf8_bin NOT NULL,\n-  `assessment` varchar(255) COLLATE utf8_bin NOT NULL,\n-  `client` varchar(50) COLLATE utf8_bin NOT NULL,\n-  `address` varchar(25) COLLATE utf8_bin NOT NULL,\n-  `city` varchar(25) COLLATE utf8_bin NOT NULL,\n-  `state` varchar(2) COLLATE utf8_bin NOT NULL,\n-  `zip` varchar(10) COLLATE utf8_bin NOT NULL,\n-  `phone` varchar(20) COLLATE utf8_bin NOT NULL,\n-  `web` varchar(50) COLLATE utf8_bin NOT NULL,\n-  `employeeID` varchar(4) COLLATE utf8_bin NOT NULL,\n-  `projectmgr` varchar(50) COLLATE utf8_bin NOT NULL,\n-  `consultant1` varchar(50) COLLATE utf8_bin NOT NULL,\n-  `consultant2` varchar(50) COLLATE utf8_bin NOT NULL,\n-  `consultant3` varchar(50) COLLATE utf8_bin NOT NULL,\n-  `consultant4` varchar(50) COLLATE utf8_bin NOT NULL,\n+  `assessmentID` int(4) NOT NULL,\n+  `clientID` int(4) NOT NULL,\n   `kickoff` varchar(12) COLLATE utf8_bin NOT NULL,\n   `start` varchar(12) COLLATE utf8_bin NOT NULL,\n   `tech_qa` varchar(12) COLLATE utf8_bin NOT NULL,\n   `draft_delivery` varchar(12) COLLATE utf8_bin NOT NULL,\n   `final_delivery` varchar(12) COLLATE utf8_bin NOT NULL,\n   `finish` varchar(12) COLLATE utf8_bin NOT NULL,\n-  `status` varchar(10) COLLATE utf8_bin NOT NULL,\n   `notes` text COLLATE utf8_bin NOT NULL,\n   `objective` varchar(100) COLLATE utf8_bin NOT NULL\n ) ENGINE=InnoDB DEFAULT CHARSET=utf8 COLLATE=utf8_bin;\n \n+alter table `projects`\n+  add (constraint fk_client01 foreign key (clientID) references clients(clientID));\n+    \n+alter table `projects`\n+  add (constraint fk_assessment01 foreign key (assessmentID) references assessments(assessmentID));\n+\n --\n -- Dumping data for table `projects`\n --"}]}