{"sha": "574dfaf4fc3a555ec7c8062748ec0dbd52e0f986", "node_id": "MDY6Q29tbWl0Mzc3MDM5Mzo1NzRkZmFmNGZjM2E1NTVlYzdjODA2Mjc0OGVjMGRiZDUyZTBmOTg2", "commit": {"author": {"name": "Robert Bradshaw", "email": "robertwb@gmail.com", "date": "2012-05-27T11:26:19Z"}, "committer": {"name": "Robert Bradshaw", "email": "robertwb@gmail.com", "date": "2012-05-27T11:26:19Z"}, "message": "directory structure explanation", "tree": {"sha": "fd0f45f593eed350011013d18037e358241c3359", "url": "https://api.github.com/repos/sagemath/sage-workflow/git/trees/fd0f45f593eed350011013d18037e358241c3359"}, "url": "https://api.github.com/repos/sagemath/sage-workflow/git/commits/574dfaf4fc3a555ec7c8062748ec0dbd52e0f986", "comment_count": 0, "verification": {"verified": false, "reason": "unsigned", "signature": null, "payload": null}}, "url": "https://api.github.com/repos/sagemath/sage-workflow/commits/574dfaf4fc3a555ec7c8062748ec0dbd52e0f986", "html_url": "https://github.com/sagemath/sage-workflow/commit/574dfaf4fc3a555ec7c8062748ec0dbd52e0f986", "comments_url": "https://api.github.com/repos/sagemath/sage-workflow/commits/574dfaf4fc3a555ec7c8062748ec0dbd52e0f986/comments", "author": {"login": "robertwb", "id": 486017, "node_id": "MDQ6VXNlcjQ4NjAxNw==", "avatar_url": "https://avatars3.githubusercontent.com/u/486017?v=4", "gravatar_id": "", "url": "https://api.github.com/users/robertwb", "html_url": "https://github.com/robertwb", "followers_url": "https://api.github.com/users/robertwb/followers", "following_url": "https://api.github.com/users/robertwb/following{/other_user}", "gists_url": "https://api.github.com/users/robertwb/gists{/gist_id}", "starred_url": "https://api.github.com/users/robertwb/starred{/owner}{/repo}", "subscriptions_url": "https://api.github.com/users/robertwb/subscriptions", "organizations_url": "https://api.github.com/users/robertwb/orgs", "repos_url": "https://api.github.com/users/robertwb/repos", "events_url": "https://api.github.com/users/robertwb/events{/privacy}", "received_events_url": "https://api.github.com/users/robertwb/received_events", "type": "User", "site_admin": false}, "committer": {"login": "robertwb", "id": 486017, "node_id": "MDQ6VXNlcjQ4NjAxNw==", "avatar_url": "https://avatars3.githubusercontent.com/u/486017?v=4", "gravatar_id": "", "url": "https://api.github.com/users/robertwb", "html_url": "https://github.com/robertwb", "followers_url": "https://api.github.com/users/robertwb/followers", "following_url": "https://api.github.com/users/robertwb/following{/other_user}", "gists_url": "https://api.github.com/users/robertwb/gists{/gist_id}", "starred_url": "https://api.github.com/users/robertwb/starred{/owner}{/repo}", "subscriptions_url": "https://api.github.com/users/robertwb/subscriptions", "organizations_url": "https://api.github.com/users/robertwb/orgs", "repos_url": "https://api.github.com/users/robertwb/repos", "events_url": "https://api.github.com/users/robertwb/events{/privacy}", "received_events_url": "https://api.github.com/users/robertwb/received_events", "type": "User", "site_admin": false}, "parents": [{"sha": "d96521f6947647f61220e1bc77b07a3e6ad0b4a9", "url": "https://api.github.com/repos/sagemath/sage-workflow/commits/d96521f6947647f61220e1bc77b07a3e6ad0b4a9", "html_url": "https://github.com/sagemath/sage-workflow/commit/d96521f6947647f61220e1bc77b07a3e6ad0b4a9"}], "stats": {"total": 29, "additions": 23, "deletions": 6}, "files": [{"sha": "577faafa94452d39f36f0e6670579acef3f55cea", "filename": "README.rst", "status": "modified", "additions": 23, "deletions": 6, "changes": 29, "blob_url": "https://github.com/sagemath/sage-workflow/blob/574dfaf4fc3a555ec7c8062748ec0dbd52e0f986/README.rst", "raw_url": "https://github.com/sagemath/sage-workflow/raw/574dfaf4fc3a555ec7c8062748ec0dbd52e0f986/README.rst", "contents_url": "https://api.github.com/repos/sagemath/sage-workflow/contents/README.rst?ref=574dfaf4fc3a555ec7c8062748ec0dbd52e0f986", "patch": "@@ -15,19 +15,17 @@ tarball which you will extract, enter the extracted directory, do\n `make`, wait a long time, and then end up with a working copy of Sage.\n \n The difference will be that now there will be a single, consolidated git\n-repo sitting in ``devel/sage/`` from the moment you extract the tarball\n-(not a symlink, and not even the same thing as what is currently in\n-``devel/sage-main/``!). The repo will contain within it the Sage\n-library, the Sage scripts, the Sage root scripts (i.e. the stuff other\n+repo sitting in the top level directory. The repo will contain within it the\n+Sage library, the Sage scripts, the Sage root scripts (i.e. the stuff other\n than SPKGs which you usually see when you extract a source tarball), the\n Sage external system code (i.e. what is currently in ``data/extcode``).\n \n There will also be no SPKGs in the new tarball. The script will have\n disassembled each SPKG ``foo-x.y.z.spkg``, repacking the src/ directory\n into a new tarball ``dist/foo-x.y.z.tar.bz2`` and merging the internal\n Mercurial repository into the single consolidated git repo in\n-``devel/sage/``, specifically so that its files appear in\n-``devel/sage/spkg/foo/``.\n+``packages/``, specifically so that its files appear in\n+``packages/foo/``.\n \n Thus, in this variant of Sage, when installing a package, instead of\n extracting an SPKG file into a build directory for building, the\n@@ -64,3 +62,22 @@ Functionality includes:\n - ...?\n \n .. _Trac server: http://trac.sagemath.org/sage_trac/\n+\n+\n+directory structure\n+-------------------\n+\n+The directory structure of sage root will be\n+\n+sage_root/\n+    sage          # the binary\n+    Makefile      # top level Makefile\n+    (configure)   # perhaps, eventually\n+    devel/        # all the non-spkg sources will here\n+        sage/     # sage library, i.e. devel/sage-main/sage\n+        extcode/  # sage-extcode\n+        bin/      # sage-scripts\n+        ...\n+    packages/     # install, patch, and metadata from spkgs\n+    upstream/     # (stripped) tarballs of upstream sources (not in git)\n+    local/        # installed binaries and compile artifacts (not in git)"}]}