{"sha": "23875cb539cec19ca698e3c0ca6731d5b9a2927b", "node_id": "MDY6Q29tbWl0MjM0MDQ4Mzk6MjM4NzVjYjUzOWNlYzE5Y2E2OThlM2MwY2E2NzMxZDViOWEyOTI3Yg==", "commit": {"author": {"name": "Victoria", "email": "londoncalling@users.noreply.github.com", "date": "2016-02-04T18:48:38Z"}, "committer": {"name": "Victoria", "email": "londoncalling@users.noreply.github.com", "date": "2016-02-04T18:48:38Z"}, "message": "Revert \"added toolbox overview\"", "tree": {"sha": "4d390ebc4fcfb9357d10e9847f63e72fd51c6d6b", "url": "https://api.github.com/repos/docker/kitematic/git/trees/4d390ebc4fcfb9357d10e9847f63e72fd51c6d6b"}, "url": "https://api.github.com/repos/docker/kitematic/git/commits/23875cb539cec19ca698e3c0ca6731d5b9a2927b", "comment_count": 0, "verification": {"verified": false, "reason": "unsigned", "signature": null, "payload": null}}, "url": "https://api.github.com/repos/docker/kitematic/commits/23875cb539cec19ca698e3c0ca6731d5b9a2927b", "html_url": "https://github.com/docker/kitematic/commit/23875cb539cec19ca698e3c0ca6731d5b9a2927b", "comments_url": "https://api.github.com/repos/docker/kitematic/commits/23875cb539cec19ca698e3c0ca6731d5b9a2927b/comments", "author": {"login": "londoncalling", "id": 11660803, "node_id": "MDQ6VXNlcjExNjYwODAz", "avatar_url": "https://avatars1.githubusercontent.com/u/11660803?v=4", "gravatar_id": "", "url": "https://api.github.com/users/londoncalling", "html_url": "https://github.com/londoncalling", "followers_url": "https://api.github.com/users/londoncalling/followers", "following_url": "https://api.github.com/users/londoncalling/following{/other_user}", "gists_url": "https://api.github.com/users/londoncalling/gists{/gist_id}", "starred_url": "https://api.github.com/users/londoncalling/starred{/owner}{/repo}", "subscriptions_url": "https://api.github.com/users/londoncalling/subscriptions", "organizations_url": "https://api.github.com/users/londoncalling/orgs", "repos_url": "https://api.github.com/users/londoncalling/repos", "events_url": "https://api.github.com/users/londoncalling/events{/privacy}", "received_events_url": "https://api.github.com/users/londoncalling/received_events", "type": "User", "site_admin": false}, "committer": {"login": "londoncalling", "id": 11660803, "node_id": "MDQ6VXNlcjExNjYwODAz", "avatar_url": "https://avatars1.githubusercontent.com/u/11660803?v=4", "gravatar_id": "", "url": "https://api.github.com/users/londoncalling", "html_url": "https://github.com/londoncalling", "followers_url": "https://api.github.com/users/londoncalling/followers", "following_url": "https://api.github.com/users/londoncalling/following{/other_user}", "gists_url": "https://api.github.com/users/londoncalling/gists{/gist_id}", "starred_url": "https://api.github.com/users/londoncalling/starred{/owner}{/repo}", "subscriptions_url": "https://api.github.com/users/londoncalling/subscriptions", "organizations_url": "https://api.github.com/users/londoncalling/orgs", "repos_url": "https://api.github.com/users/londoncalling/repos", "events_url": "https://api.github.com/users/londoncalling/events{/privacy}", "received_events_url": "https://api.github.com/users/londoncalling/received_events", "type": "User", "site_admin": false}, "parents": [{"sha": "be1cea9eefdf3d1567b50b9be438c2b87c46a46b", "url": "https://api.github.com/repos/docker/kitematic/commits/be1cea9eefdf3d1567b50b9be438c2b87c46a46b", "html_url": "https://github.com/docker/kitematic/commit/be1cea9eefdf3d1567b50b9be438c2b87c46a46b"}], "stats": {"total": 44, "additions": 0, "deletions": 44}, "files": [{"sha": "84a5b2ff58f19ff2f5e8f2036cab81beefa08893", "filename": "docs/images/toolbox-installer.png", "status": "removed", "additions": 0, "deletions": 0, "changes": 0, "blob_url": "https://github.com/docker/kitematic/blob/be1cea9eefdf3d1567b50b9be438c2b87c46a46b/docs/images/toolbox-installer.png", "raw_url": "https://github.com/docker/kitematic/raw/be1cea9eefdf3d1567b50b9be438c2b87c46a46b/docs/images/toolbox-installer.png", "contents_url": "https://api.github.com/repos/docker/kitematic/contents/docs/images/toolbox-installer.png?ref=be1cea9eefdf3d1567b50b9be438c2b87c46a46b"}, {"sha": "00dfed57ba248ccb5a1a09824b665dbc64bd1529", "filename": "docs/toolbox.md", "status": "removed", "additions": 0, "deletions": 44, "changes": 44, "blob_url": "https://github.com/docker/kitematic/blob/be1cea9eefdf3d1567b50b9be438c2b87c46a46b/docs/toolbox.md", "raw_url": "https://github.com/docker/kitematic/raw/be1cea9eefdf3d1567b50b9be438c2b87c46a46b/docs/toolbox.md", "contents_url": "https://api.github.com/repos/docker/kitematic/contents/docs/toolbox.md?ref=be1cea9eefdf3d1567b50b9be438c2b87c46a46b", "patch": "@@ -1,44 +0,0 @@\n-<!--[metadata]>\n-+++\n-title = \"Toolbox Overview\"\n-description = \"Documentation that provides an overview of Toolbox\"\n-keywords = [\"docker, documentation, about, technology, kitematic, gui, toolbox\"]\n-[menu.main]\n-parent=\"workw_toolbox\"\n-weight=1\n-+++\n-<![end-metadata]-->\n-\n-# Toolbox Overview\n-\n-Docker Toolbox is an installer for quick setup and launch of a Docker environment on Mac and Windows systems.\n-\n-![Toolbox installer](images/toolbox-installer.png)\n-\n-## What's in the box\n-\n-Toolbox includes these Docker tools:\n-\n-* Docker Machine for running `docker-machine` commands\n-\n-* Docker Engine for running the `docker` commands\n-\n-* Docker Compose for running the `docker-compose` commands\n-\n-* Kitematic, the Docker GUI\n-\n-* a shell preconfigured for a Docker command-line environment\n-\n-* Oracle VirtualBox\n-\n-## Ready to get started?\n-\n-<a href=\"https://www.docker.com/products/docker-toolbox\" target=\"_blank\">Download Docker Toolbox</a> from the product page. Explore videos, tutorials, and other resources there to help you get started with Docker.\n-\n-## Next Steps\n-\n-* <a href=\"https://docs.docker.com/mac/\" target=\"_blank\">Get Started with Docker for Mac OS X</a>\n-\n-* <a href=\"https://docs.docker.com/windows/\" target=\"_blank\">Get Started with Docker for Windows</a>\n-\n-* [Learn about Kitematic](userguide/)"}]}