{"sha": "5dc0777f52a4d2e388f569bdedd6a7f0d40697f5", "node_id": "MDY6Q29tbWl0MzYwNTcyNjA6NWRjMDc3N2Y1MmE0ZDJlMzg4ZjU2OWJkZWRkNmE3ZjBkNDA2OTdmNQ==", "commit": {"author": {"name": "yang wei", "email": "wy96fyw@gmail.com", "date": "2018-02-05T08:42:23Z"}, "committer": {"name": "Justin Bertram", "email": "jbertram@apache.org", "date": "2018-02-12T15:37:56Z"}, "message": "ARTEMIS-1667 init pagingFactory with journalBufferTimeout_NIO", "tree": {"sha": "766b9433af9cd1e1f127487c418dcc3a00ab2eaa", "url": "https://api.github.com/repos/apache/activemq-artemis/git/trees/766b9433af9cd1e1f127487c418dcc3a00ab2eaa"}, "url": "https://api.github.com/repos/apache/activemq-artemis/git/commits/5dc0777f52a4d2e388f569bdedd6a7f0d40697f5", "comment_count": 0, "verification": {"verified": false, "reason": "unsigned", "signature": null, "payload": null}}, "url": "https://api.github.com/repos/apache/activemq-artemis/commits/5dc0777f52a4d2e388f569bdedd6a7f0d40697f5", "html_url": "https://github.com/apache/activemq-artemis/commit/5dc0777f52a4d2e388f569bdedd6a7f0d40697f5", "comments_url": "https://api.github.com/repos/apache/activemq-artemis/commits/5dc0777f52a4d2e388f569bdedd6a7f0d40697f5/comments", "author": {"login": "wy96f", "id": 7719761, "node_id": "MDQ6VXNlcjc3MTk3NjE=", "avatar_url": "https://avatars2.githubusercontent.com/u/7719761?v=4", "gravatar_id": "", "url": "https://api.github.com/users/wy96f", "html_url": "https://github.com/wy96f", "followers_url": "https://api.github.com/users/wy96f/followers", "following_url": "https://api.github.com/users/wy96f/following{/other_user}", "gists_url": "https://api.github.com/users/wy96f/gists{/gist_id}", "starred_url": "https://api.github.com/users/wy96f/starred{/owner}{/repo}", "subscriptions_url": "https://api.github.com/users/wy96f/subscriptions", "organizations_url": "https://api.github.com/users/wy96f/orgs", "repos_url": "https://api.github.com/users/wy96f/repos", "events_url": "https://api.github.com/users/wy96f/events{/privacy}", "received_events_url": "https://api.github.com/users/wy96f/received_events", "type": "User", "site_admin": false}, "committer": {"login": "jbertram", "id": 1336948, "node_id": "MDQ6VXNlcjEzMzY5NDg=", "avatar_url": "https://avatars2.githubusercontent.com/u/1336948?v=4", "gravatar_id": "", "url": "https://api.github.com/users/jbertram", "html_url": "https://github.com/jbertram", "followers_url": "https://api.github.com/users/jbertram/followers", "following_url": "https://api.github.com/users/jbertram/following{/other_user}", "gists_url": "https://api.github.com/users/jbertram/gists{/gist_id}", "starred_url": "https://api.github.com/users/jbertram/starred{/owner}{/repo}", "subscriptions_url": "https://api.github.com/users/jbertram/subscriptions", "organizations_url": "https://api.github.com/users/jbertram/orgs", "repos_url": "https://api.github.com/users/jbertram/repos", "events_url": "https://api.github.com/users/jbertram/events{/privacy}", "received_events_url": "https://api.github.com/users/jbertram/received_events", "type": "User", "site_admin": false}, "parents": [{"sha": "eada73e5dce8d60a6659302871f3fc7b8a00b44d", "url": "https://api.github.com/repos/apache/activemq-artemis/commits/eada73e5dce8d60a6659302871f3fc7b8a00b44d", "html_url": "https://github.com/apache/activemq-artemis/commit/eada73e5dce8d60a6659302871f3fc7b8a00b44d"}], "stats": {"total": 2, "additions": 1, "deletions": 1}, "files": [{"sha": "f76f796eac5d72106f9b28e5c1ca1ba601b11409", "filename": "artemis-server/src/main/java/org/apache/activemq/artemis/core/replication/ReplicationEndpoint.java", "status": "modified", "additions": 1, "deletions": 1, "changes": 2, "blob_url": "https://github.com/apache/activemq-artemis/blob/5dc0777f52a4d2e388f569bdedd6a7f0d40697f5/artemis-server/src/main/java/org/apache/activemq/artemis/core/replication/ReplicationEndpoint.java", "raw_url": "https://github.com/apache/activemq-artemis/raw/5dc0777f52a4d2e388f569bdedd6a7f0d40697f5/artemis-server/src/main/java/org/apache/activemq/artemis/core/replication/ReplicationEndpoint.java", "contents_url": "https://api.github.com/repos/apache/activemq-artemis/contents/artemis-server/src/main/java/org/apache/activemq/artemis/core/replication/ReplicationEndpoint.java?ref=5dc0777f52a4d2e388f569bdedd6a7f0d40697f5", "patch": "@@ -262,7 +262,7 @@ public synchronized void start() throws Exception {\n             journalLoadInformation[jc.typeByte] = journalsHolder.get(jc).loadSyncOnly(JournalState.SYNCING);\n          }\n \n-         pageManager = new PagingManagerImpl(new PagingStoreFactoryNIO(storageManager, config.getPagingLocation(), config.getJournalBufferSize_NIO(), server.getScheduledPool(), server.getExecutorFactory(), config.isJournalSyncNonTransactional(), criticalErrorListener), server.getAddressSettingsRepository());\n+         pageManager = new PagingManagerImpl(new PagingStoreFactoryNIO(storageManager, config.getPagingLocation(), config.getJournalBufferTimeout_NIO(), server.getScheduledPool(), server.getExecutorFactory(), config.isJournalSyncNonTransactional(), criticalErrorListener), server.getAddressSettingsRepository());\n \n          pageManager.start();\n "}]}