{"sha": "b7805dffefcc6edb26b63fc5083b4fb0eb6f8e52", "node_id": "MDY6Q29tbWl0NzQzNzA4OmI3ODA1ZGZmZWZjYzZlZGIyNmI2M2ZjNTA4M2I0ZmIwZWI2ZjhlNTI=", "commit": {"author": {"name": "Dominik", "email": "domoritz@gmail.com", "date": "2011-03-20T19:20:42Z"}, "committer": {"name": "Dominik", "email": "domoritz@gmail.com", "date": "2011-03-20T19:20:42Z"}, "message": "fixed wrong German translation of copy path", "tree": {"sha": "eb0b06a5f54418a38dd9b707efe8e29bc488e285", "url": "https://api.github.com/repos/binaryage/totalfinder-i18n/git/trees/eb0b06a5f54418a38dd9b707efe8e29bc488e285"}, "url": "https://api.github.com/repos/binaryage/totalfinder-i18n/git/commits/b7805dffefcc6edb26b63fc5083b4fb0eb6f8e52", "comment_count": 0, "verification": {"verified": false, "reason": "unsigned", "signature": null, "payload": null}}, "url": "https://api.github.com/repos/binaryage/totalfinder-i18n/commits/b7805dffefcc6edb26b63fc5083b4fb0eb6f8e52", "html_url": "https://github.com/binaryage/totalfinder-i18n/commit/b7805dffefcc6edb26b63fc5083b4fb0eb6f8e52", "comments_url": "https://api.github.com/repos/binaryage/totalfinder-i18n/commits/b7805dffefcc6edb26b63fc5083b4fb0eb6f8e52/comments", "author": {"login": "domoritz", "id": 589034, "node_id": "MDQ6VXNlcjU4OTAzNA==", "avatar_url": "https://avatars2.githubusercontent.com/u/589034?v=4", "gravatar_id": "", "url": "https://api.github.com/users/domoritz", "html_url": "https://github.com/domoritz", "followers_url": "https://api.github.com/users/domoritz/followers", "following_url": "https://api.github.com/users/domoritz/following{/other_user}", "gists_url": "https://api.github.com/users/domoritz/gists{/gist_id}", "starred_url": "https://api.github.com/users/domoritz/starred{/owner}{/repo}", "subscriptions_url": "https://api.github.com/users/domoritz/subscriptions", "organizations_url": "https://api.github.com/users/domoritz/orgs", "repos_url": "https://api.github.com/users/domoritz/repos", "events_url": "https://api.github.com/users/domoritz/events{/privacy}", "received_events_url": "https://api.github.com/users/domoritz/received_events", "type": "User", "site_admin": false}, "committer": {"login": "domoritz", "id": 589034, "node_id": "MDQ6VXNlcjU4OTAzNA==", "avatar_url": "https://avatars2.githubusercontent.com/u/589034?v=4", "gravatar_id": "", "url": "https://api.github.com/users/domoritz", "html_url": "https://github.com/domoritz", "followers_url": "https://api.github.com/users/domoritz/followers", "following_url": "https://api.github.com/users/domoritz/following{/other_user}", "gists_url": "https://api.github.com/users/domoritz/gists{/gist_id}", "starred_url": "https://api.github.com/users/domoritz/starred{/owner}{/repo}", "subscriptions_url": "https://api.github.com/users/domoritz/subscriptions", "organizations_url": "https://api.github.com/users/domoritz/orgs", "repos_url": "https://api.github.com/users/domoritz/repos", "events_url": "https://api.github.com/users/domoritz/events{/privacy}", "received_events_url": "https://api.github.com/users/domoritz/received_events", "type": "User", "site_admin": false}, "parents": [{"sha": "4f6411a4328a9ccaa8644a070f5f1b62d5a341e4", "url": "https://api.github.com/repos/binaryage/totalfinder-i18n/commits/4f6411a4328a9ccaa8644a070f5f1b62d5a341e4", "html_url": "https://github.com/binaryage/totalfinder-i18n/commit/4f6411a4328a9ccaa8644a070f5f1b62d5a341e4"}], "stats": {"total": 2, "additions": 1, "deletions": 1}, "files": [{"sha": "93046d48e31c07c6fb573adf90c083e4863d3b2a", "filename": "plugin/Resources/German.lproj/CopyPathMenuUI.strings", "status": "modified", "additions": 1, "deletions": 1, "changes": 2, "blob_url": "https://github.com/binaryage/totalfinder-i18n/blob/b7805dffefcc6edb26b63fc5083b4fb0eb6f8e52/plugin/Resources/German.lproj/CopyPathMenuUI.strings", "raw_url": "https://github.com/binaryage/totalfinder-i18n/raw/b7805dffefcc6edb26b63fc5083b4fb0eb6f8e52/plugin/Resources/German.lproj/CopyPathMenuUI.strings", "contents_url": "https://api.github.com/repos/binaryage/totalfinder-i18n/contents/plugin/Resources/German.lproj/CopyPathMenuUI.strings?ref=b7805dffefcc6edb26b63fc5083b4fb0eb6f8e52", "patch": "@@ -1,4 +1,4 @@\n-\"Copy Path\" = \"Kopier-Pfad\";\n+\"Copy Path\" = \"Pfad kopieren\";\n \"POSIX Path\" = \"POSIX Pfad\";\n \"URL\" = \"URL\";\n \"Windows Path\" = \"Windows Pfad\";"}]}