{"sha": "b85b6f7cf2c8550cfa4fab0241e04c5f3c04384c", "node_id": "MDY6Q29tbWl0NjUxMDY0MTY6Yjg1YjZmN2NmMmM4NTUwY2ZhNGZhYjAyNDFlMDRjNWYzYzA0Mzg0Yw==", "commit": {"author": {"name": "dustin12", "email": "dustin@soe.ucsc.edu", "date": "2017-04-05T19:45:32Z"}, "committer": {"name": "GitHub", "email": "noreply@github.com", "date": "2017-04-05T19:45:32Z"}, "message": "Add files via upload\n\nAdd symbolic execution example.", "tree": {"sha": "5be8f572647f9ea1601004c4d0cf759d9590e9f7", "url": "https://api.github.com/repos/taustin/sweet-virtual-values/git/trees/5be8f572647f9ea1601004c4d0cf759d9590e9f7"}, "url": "https://api.github.com/repos/taustin/sweet-virtual-values/git/commits/b85b6f7cf2c8550cfa4fab0241e04c5f3c04384c", "comment_count": 0, "verification": {"verified": false, "reason": "unsigned", "signature": null, "payload": null}}, "url": "https://api.github.com/repos/taustin/sweet-virtual-values/commits/b85b6f7cf2c8550cfa4fab0241e04c5f3c04384c", "html_url": "https://github.com/taustin/sweet-virtual-values/commit/b85b6f7cf2c8550cfa4fab0241e04c5f3c04384c", "comments_url": "https://api.github.com/repos/taustin/sweet-virtual-values/commits/b85b6f7cf2c8550cfa4fab0241e04c5f3c04384c/comments", "author": {"login": "dustin12", "id": 6473805, "node_id": "MDQ6VXNlcjY0NzM4MDU=", "avatar_url": "https://avatars3.githubusercontent.com/u/6473805?v=4", "gravatar_id": "", "url": "https://api.github.com/users/dustin12", "html_url": "https://github.com/dustin12", "followers_url": "https://api.github.com/users/dustin12/followers", "following_url": "https://api.github.com/users/dustin12/following{/other_user}", "gists_url": "https://api.github.com/users/dustin12/gists{/gist_id}", "starred_url": "https://api.github.com/users/dustin12/starred{/owner}{/repo}", "subscriptions_url": "https://api.github.com/users/dustin12/subscriptions", "organizations_url": "https://api.github.com/users/dustin12/orgs", "repos_url": "https://api.github.com/users/dustin12/repos", "events_url": "https://api.github.com/users/dustin12/events{/privacy}", "received_events_url": "https://api.github.com/users/dustin12/received_events", "type": "User", "site_admin": false}, "committer": {"login": "web-flow", "id": 19864447, "node_id": "MDQ6VXNlcjE5ODY0NDQ3", "avatar_url": "https://avatars3.githubusercontent.com/u/19864447?v=4", "gravatar_id": "", "url": "https://api.github.com/users/web-flow", "html_url": "https://github.com/web-flow", "followers_url": "https://api.github.com/users/web-flow/followers", "following_url": "https://api.github.com/users/web-flow/following{/other_user}", "gists_url": "https://api.github.com/users/web-flow/gists{/gist_id}", "starred_url": "https://api.github.com/users/web-flow/starred{/owner}{/repo}", "subscriptions_url": "https://api.github.com/users/web-flow/subscriptions", "organizations_url": "https://api.github.com/users/web-flow/orgs", "repos_url": "https://api.github.com/users/web-flow/repos", "events_url": "https://api.github.com/users/web-flow/events{/privacy}", "received_events_url": "https://api.github.com/users/web-flow/received_events", "type": "User", "site_admin": false}, "parents": [{"sha": "1b8049914d99a2f31052152944f809b0b36ca9d0", "url": "https://api.github.com/repos/taustin/sweet-virtual-values/commits/1b8049914d99a2f31052152944f809b0b36ca9d0", "html_url": "https://github.com/taustin/sweet-virtual-values/commit/1b8049914d99a2f31052152944f809b0b36ca9d0"}], "stats": {"total": 249, "additions": 249, "deletions": 0}, "files": [{"sha": "de7be146a18dc64f45fc51e85a79523cbc38441b", "filename": "examples/symbols.js", "status": "added", "additions": 249, "deletions": 0, "changes": 249, "blob_url": "https://github.com/taustin/sweet-virtual-values/blob/b85b6f7cf2c8550cfa4fab0241e04c5f3c04384c/examples/symbols.js", "raw_url": "https://github.com/taustin/sweet-virtual-values/raw/b85b6f7cf2c8550cfa4fab0241e04c5f3c04384c/examples/symbols.js", "contents_url": "https://api.github.com/repos/taustin/sweet-virtual-values/contents/examples/symbols.js?ref=b85b6f7cf2c8550cfa4fab0241e04c5f3c04384c", "patch": "@@ -0,0 +1,249 @@\n+const util = require('util');\r\n+\r\n+var unaryOps = {\r\n+    \"-\":      function(x) { return -x; },\r\n+    \"+\":      function(x) { return +x; },\r\n+    \"++\":     function(x) { return ++x; },\r\n+    \"--\":     function(x) { return --x; },\r\n+    \"!\":      function(x) { return !x; },\r\n+    \"~\":      function(x) { return ~x; },\r\n+    \"typeof\": function(x) { return typeof x; },\r\n+    \"void\":   function(x) { return void x; }\r\n+};\r\n+\r\n+var binaryOps = {\r\n+    \"*\":          function(l, r) { return l * r; },\r\n+    \"/\":          function(l, r) { return l / r; },\r\n+    \"%\":          function(l, r) { return l % r; },\r\n+    \"+\":          function(l, r) { return l + r; },\r\n+    \"-\":          function(l, r) { return l - r; },\r\n+    \">>\":         function(l, r) { return l >> r; },\r\n+    \"<<\":         function(l, r) { return l << r; },\r\n+    \">>>\":        function(l, r) { return l >>> r; },\r\n+    \"<\":          function(l, r) { return l < r; },\r\n+    \"<=\":         function(l, r) { return l <= r; },\r\n+    \">\":          function(l, r) { return l > r; },\r\n+    \">=\":         function(l, r) { return l >= r; },\r\n+    \"in\":         function(l, r) { return l in r; },\r\n+    \"instanceof\": function(l, r) { return l instanceof r; },\r\n+    \"==\":         function(l, r) { return l == r; },\r\n+    \"!=\":         function(l, r) { return l != r; },\r\n+    \"===\":        function(l, r) { return l === r; },\r\n+    \"!==\":        function(l, r) { return l !== r; },\r\n+    \"&\":          function(l, r) { return l & r; },\r\n+    \"^\":          function(l, r) { return l ^ r; },\r\n+    \"|\":          function(l, r) { return l | r; },\r\n+    \"&&\":         function(l, r) { return l && r; },\r\n+    \"||\":         function(l, r) { return l || r; }\r\n+};\r\n+\r\n+let symKey = {};\r\n+let cntxStack = [];\r\n+\r\n+function makeNode(test, left,right){\r\n+    return {type:\"Node\", test:test, left:left, right:right};\r\n+}\r\n+function makeAexp(name){\r\n+    return {type:\"Aexp\", value:name};\r\n+}\r\n+\r\n+function inspect(value){\r\n+    console.log(\"inspecting:\");\r\n+    console.log(util.inspect(value, { showHidden: true, depth: null }));\r\n+}\r\n+\r\n+function assert(value){\r\n+    return treeToImp(value, \"\", 0, true).join(\"\\n\");\r\n+}\r\n+\r\n+function treeToImp(tree, path, depth, negate){\r\n+    if(isSym(tree)){ tree = unproxy(tree, symKey).tree; }\r\n+    if(tree.type != \"Node\"){ //if your on a leaf print the end of a line\r\n+        if(negate){\r\n+            return [ \"(assert \"+path+\" (not \"+getValue(tree)+\")\" + getCloseParens(depth) + \")\"];\r\n+        }else{\r\n+            return [ \"(assert \"+path+\" \"+getValue(tree)+\"\" + getCloseParens(depth) + \")\"];\r\n+        }\r\n+    } \r\n+    else{ //if your on a node then that branch implies the leaves\r\n+        1+1;\r\n+        return treeToImp(tree.right, path + \"(=> \"+getValue(tree.test)+\" \", depth+1, negate).concat(\r\n+               treeToImp(tree.left,  path + \"(=> \"+\"(not \"+getValue(tree.test)+\") \", depth+1, negate));\r\n+    }\r\n+}\r\n+\r\n+//helper for treeToImp\r\n+function getCloseParens(num){\r\n+    if(num<=0){ return \"\"; }\r\n+    else { return \")\"+getCloseParens(num-1); }\r\n+}\r\n+\r\n+//perform a unary op on target\r\n+//target is a tree not a proxy\r\n+function unaryOp(target, op){\r\n+    if(isSym(target)){ console.log(\"error proxies too deep\"); }\r\n+    if(target.type==\"Node\"){\r\n+        return makeNode(target.test, unaryOp(target.left), unaryOp(target.right));\r\n+    }else if(target.type==\"JSVal\"){\r\n+        return unaryOps[op](target.value);\r\n+    }else if(target.type==\"AExp\"){\r\n+        return addUnary(target.value, op);\r\n+    }\r\n+}\r\n+\r\n+//left and right should be trees not proxies\r\n+function binaryOp(left, right, op){\r\n+    if(isSym(left) || isSym(right)){ console.log(\"error proxies too deep\"); }\r\n+    if(left==undefined || right == undefined){ console.log(\"we recursed too far?\"); return undefined;}\r\n+    if(left.type == \"Node\"){ //recurse on left node\r\n+        var leftFinal = binaryOp(left.left, right, op);\r\n+        var rightFinal = binaryOp(left.right, right, op);\r\n+        return makeNode(left.test, leftFinal, rightFinal);\r\n+    }else if(right.type==\"Node\"){ //recurse on right node\r\n+        var leftFinal = binaryOp(left, right.left, op);\r\n+        var rightFinal = binaryOp(left, right.right, op);\r\n+        return makeNode(right.test, leftFinal, rightFinal);\r\n+    }else if(left.type==undefined && right.type==undefined){ //both are native leaves\r\n+        return binaryOps[op](left, right);\r\n+    }else{  //one is an aexp leafe\r\n+        var leftVal = getValue(left);\r\n+        var rightVal = getValue(right);\r\n+        return makeAexp(\"(\"+op+\" \"+leftVal + \" \" + rightVal+\")\");\r\n+    }\r\n+}\r\n+\r\n+//make a tree for an assignment of the oldVal to newVal\r\n+//under the context stack\r\n+function makeTree(oldVal, newVal, cntxStack){\r\n+    if(cntxStack.length>1){ //if multiple contexts we must make a node\r\n+        if(cntxStack[cntxStack.length-1].type==\"Node\"){ //recurse on context\r\n+            return makeNode(cntxStack[cntxStack.length-1].test,\r\n+                makeNode(cntxStack[cntxStack.length-1].left, oldVal, makeTree(oldVal, newVal, cntxStack.slice(0, cntxStack.length-1) )),\r\n+                makeNode(cntxStack[cntxStack.length-1].right, oldVal, makeTree(oldVal, newVal, cntxStack.slice(0, cntxStack.length-1) ))\r\n+            );\r\n+        }else{ //context is a leaf\r\n+            return makeNode(cntxStack[cntxStack.length-1].value, oldVal, makeTree(oldVal, newVal, cntxStack.slice(0, cntxStack.length-1)));\r\n+        }\r\n+    } else{ //this is the last context\r\n+        if(cntxStack[0].type==\"Node\"){ //recurse on context\r\n+            var left = makeNode(cntxStack[0].left, oldVal, newVal );\r\n+            var right = makeNode(cntxStack[0].right, oldVal, newVal );\r\n+            return makeNode(cntxStack[0].test,left, right);\r\n+        }else{ //context is a leaf\r\n+            return makeNode(cntxStack[0].value, oldVal, newVal);\r\n+        }\r\n+    }\r\n+}\r\n+\r\n+//compress a tree so it doesn't have duplicate branches\r\n+//todo - weed out false/true branches if the test is false/true\r\n+//todo - weed out branches and their inverse ie a<4 and not a<4\r\n+//       these are often created by if/else branches\r\n+//todo - call z3 to weed out impossible implications\r\n+function compressTree(tree, paths, choices){\r\n+    if(isSym(tree)){ console.log(\"error proxies too deep\"); }\r\n+    if(tree==undefined){ return undefined; }\r\n+    if(tree.type==\"Node\"){\r\n+        if(paths.indexOf(tree.test)!=-1){ //if we've seen this path before make the same choice as last time\r\n+            if(choices[paths.indexOf(tree.test)]==\"left\"){ return compressTree(tree.left, paths, choices); }\r\n+            else{ return compressTree(tree.right, paths, choices); }\r\n+        }else{ //we haven't seen this path before so explore both subtrees\r\n+            return makeNode(tree.test,\r\n+              compressTree(tree.left,  push(paths, tree.test), push(choices, \"left\")),\r\n+              compressTree(tree.right, push(paths, tree.test), push(choices, \"right\")));\r\n+        }\r\n+    }else{ //a leaf can not be compressed\r\n+        return tree;\r\n+    }\r\n+}\r\n+\r\n+//converts a tree to it's inverse for the else branches\r\n+function not(tree){\r\n+    if(isSym(tree)){ console.log(\"error proxies too deep\"); }\r\n+    if(tree.type==\"Node\"){//recurse on both right and left\r\n+        return makeNode(tree.test, not(tree.left), not(tree.right));\r\n+    }else if(tree.type==undefined){\r\n+        return tree;\r\n+    }else{\r\n+        return makeAexp(\"(\"+\"not \"+tree.value+\")\");\r\n+    }\r\n+}\r\n+\r\n+//functional push\r\n+function push(a, item){\r\n+    var tmp = a.slice(0);\r\n+    tmp.push(item);\r\n+    return tmp;\r\n+}\r\n+\r\n+//gets the value from a leaf or the native value itself\r\n+//useful if you have an Aexp|native value -> native value\r\n+function getValue(o){\r\n+    if(o.value){ return o.value; }\r\n+    else{ return o; }\r\n+}\r\n+\r\n+//is x a symbol?\r\n+function isSym(x){\r\n+        return !!unproxy(x, symKey);\r\n+}\r\n+\r\n+//create a symbol with the given start tree\r\n+function symbolic(startTree) {\r\n+    var p = new Proxy(startTree , {\r\n+        tree: startTree,\r\n+        unary: function(target, op, operand) {\r\n+            return symbolic(compressTree(unaryOp(getUnproxy(target), op),[],[]));\r\n+        },\r\n+        left: function(target, op, right) {\r\n+           return symbolic(compressTree(binaryOp(getUnproxy(target), getUnproxy(right), op),[], []));\r\n+        },\r\n+        right: function(target, op, left) {\r\n+            //left should always recurse first so we should never have a left proxy when\r\n+            //evaluating a right hand proxy.\r\n+            if(isSym(left)){ console.log(\"ERROR: unexpected proxy on left\"); }\r\n+            return symbolic(compressTree(binaryOp(left, getUnproxy(target), op),[],[]));\r\n+        },\r\n+        assign: function(ctx, left, right, assignThunk) {\r\n+            if (cntxStack.length!=0) {\r\n+               assignThunk(x => symbolic(compressTree(makeTree(getUnproxy(left), getUnproxy(right), cntxStack), [], [])));\r\n+            } else {\r\n+                assignThunk();\r\n+            }\r\n+        },\r\n+        branch: function(target, test, thenThunk, elseThunk) {\r\n+            //could use z3 to evaluate if both are possible but for now just\r\n+            //always do both\r\n+            var c = test();\r\n+            if(thenThunk){ cntxStack.push(getUnproxy(c)); thenThunk(); cntxStack.pop(); }\r\n+\r\n+            if(elseThunk){ cntxStack.push(not(getUnproxy(c))); elseThunk(); cntxStack.pop(); }\r\n+        },\r\n+    }, symKey);\r\n+    return p;\r\n+}\r\n+\r\n+\r\n+\r\n+//returns the tree or just the regular value\r\n+function getUnproxy(x){\r\n+    if(isSym(x)){ return unproxy(x,symKey).tree; }\r\n+    else{ return x; }\r\n+}\r\n+\r\n+\r\n+var x = symbolic(makeAexp(\"a\"));\r\n+console.log(x);\r\n+if(x<4){\r\n+        x = 7;\r\n+}else{\r\n+    x = x - 1;\r\n+}\r\n+var y = x>=4;\r\n+inspect(getUnproxy(x));\r\n+inspect(getUnproxy(y));\r\n+console.log(assert(y));\r\n+//console.log(unproxy(x, symKey).tree);\r\n+//console.log(\"final result is \"+toString(unproxy(y, symKey).tree));\r\n+//console.log(\"final result is \"+toString(unproxy(x, symKey).tree));\r\n+\r"}]}