{"sha": "d1a9602a5431274699969921ad9a911b163f6059", "node_id": "MDY6Q29tbWl0MTk1MjQzOTc6ZDFhOTYwMmE1NDMxMjc0Njk5OTY5OTIxYWQ5YTkxMWIxNjNmNjA1OQ==", "commit": {"author": {"name": "Tobias Bocanegra", "email": "tripod@adobe.com", "date": "2015-08-19T21:29:13Z"}, "committer": {"name": "Shazron Abdullah", "email": "shazron@apache.org", "date": "2015-08-25T21:08:24Z"}, "message": "CB-9517 Adding a plugin on iOS/OSX that uses a private framework does not work (closes #281)", "tree": {"sha": "0e5bf7063dad8174810dab6e2582193fa9ea26a8", "url": "https://api.github.com/repos/apache/cordova-lib/git/trees/0e5bf7063dad8174810dab6e2582193fa9ea26a8"}, "url": "https://api.github.com/repos/apache/cordova-lib/git/commits/d1a9602a5431274699969921ad9a911b163f6059", "comment_count": 0, "verification": {"verified": false, "reason": "unsigned", "signature": null, "payload": null}}, "url": "https://api.github.com/repos/apache/cordova-lib/commits/d1a9602a5431274699969921ad9a911b163f6059", "html_url": "https://github.com/apache/cordova-lib/commit/d1a9602a5431274699969921ad9a911b163f6059", "comments_url": "https://api.github.com/repos/apache/cordova-lib/commits/d1a9602a5431274699969921ad9a911b163f6059/comments", "author": {"login": "tripodsan", "id": 917628, "node_id": "MDQ6VXNlcjkxNzYyOA==", "avatar_url": "https://avatars3.githubusercontent.com/u/917628?v=4", "gravatar_id": "", "url": "https://api.github.com/users/tripodsan", "html_url": "https://github.com/tripodsan", "followers_url": "https://api.github.com/users/tripodsan/followers", "following_url": "https://api.github.com/users/tripodsan/following{/other_user}", "gists_url": "https://api.github.com/users/tripodsan/gists{/gist_id}", "starred_url": "https://api.github.com/users/tripodsan/starred{/owner}{/repo}", "subscriptions_url": "https://api.github.com/users/tripodsan/subscriptions", "organizations_url": "https://api.github.com/users/tripodsan/orgs", "repos_url": "https://api.github.com/users/tripodsan/repos", "events_url": "https://api.github.com/users/tripodsan/events{/privacy}", "received_events_url": "https://api.github.com/users/tripodsan/received_events", "type": "User", "site_admin": false}, "committer": {"login": "shazron", "id": 36107, "node_id": "MDQ6VXNlcjM2MTA3", "avatar_url": "https://avatars0.githubusercontent.com/u/36107?v=4", "gravatar_id": "", "url": "https://api.github.com/users/shazron", "html_url": "https://github.com/shazron", "followers_url": "https://api.github.com/users/shazron/followers", "following_url": "https://api.github.com/users/shazron/following{/other_user}", "gists_url": "https://api.github.com/users/shazron/gists{/gist_id}", "starred_url": "https://api.github.com/users/shazron/starred{/owner}{/repo}", "subscriptions_url": "https://api.github.com/users/shazron/subscriptions", "organizations_url": "https://api.github.com/users/shazron/orgs", "repos_url": "https://api.github.com/users/shazron/repos", "events_url": "https://api.github.com/users/shazron/events{/privacy}", "received_events_url": "https://api.github.com/users/shazron/received_events", "type": "User", "site_admin": false}, "parents": [{"sha": "fe517618c44c1c856b728dfb584c83efb9515235", "url": "https://api.github.com/repos/apache/cordova-lib/commits/fe517618c44c1c856b728dfb584c83efb9515235", "html_url": "https://github.com/apache/cordova-lib/commit/fe517618c44c1c856b728dfb584c83efb9515235"}], "stats": {"total": 45, "additions": 42, "deletions": 3}, "files": [{"sha": "a6a55cc66731879e3dadda348455eac1305bb823", "filename": "cordova-lib/src/plugman/platforms/ios.js", "status": "modified", "additions": 41, "deletions": 2, "changes": 43, "blob_url": "https://github.com/apache/cordova-lib/blob/d1a9602a5431274699969921ad9a911b163f6059/cordova-lib/src/plugman/platforms/ios.js", "raw_url": "https://github.com/apache/cordova-lib/raw/d1a9602a5431274699969921ad9a911b163f6059/cordova-lib/src/plugman/platforms/ios.js", "contents_url": "https://api.github.com/repos/apache/cordova-lib/contents/cordova-lib/src/plugman/platforms/ios.js?ref=d1a9602a5431274699969921ad9a911b163f6059", "patch": "@@ -93,6 +93,39 @@ function uninstallHelper(type, obj, project_dir, plugin_id, options, project) {\n     }\n }\n \n+// special handlers to add frameworks to the 'Embed Frameworks' build phase, needed for custom frameworks\n+// see CB-9517. should probably be moved to node-xcode.\n+var util = require('util');\n+function pbxBuildPhaseObj(file) {\n+    var obj = Object.create(null);\n+    obj.value = file.uuid;\n+    obj.comment = longComment(file);\n+    return obj;\n+}\n+\n+function longComment(file) {\n+    return util.format('%s in %s', file.basename, file.group);\n+}\n+\n+xcode.project.prototype.pbxEmbedFrameworksBuildPhaseObj = function (target) {\n+    return this.buildPhaseObject('PBXCopyFilesBuildPhase', 'Embed Frameworks', target);\n+};\n+\n+xcode.project.prototype.addToPbxEmbedFrameworksBuildPhase = function (file) {\n+    var sources = this.pbxEmbedFrameworksBuildPhaseObj(file.target);\n+    if (sources) {\n+        sources.files.push(pbxBuildPhaseObj(file));\n+    }\n+};\n+xcode.project.prototype.removeFromPbxEmbedFrameworksBuildPhase = function (file) {\n+    var sources = this.pbxEmbedFrameworksBuildPhaseObj(file.target);\n+    if (sources) {\n+        sources.files = _.reject(sources.files, function(file){\n+            return file.comment === longComment(file);\n+        });\n+    }\n+};\n+\n module.exports = {\n     www_dir:function(project_dir) {\n         return path.join(project_dir, 'www');\n@@ -146,12 +179,18 @@ module.exports = {\n             shell.mkdir('-p', path.dirname(targetDir));\n             shell.cp('-R', srcFile, path.dirname(targetDir)); // frameworks are directories\n             var project_relative = path.relative(project_dir, targetDir);\n-            project.xcode.addFramework(project_relative, {customFramework: true});\n+            var pbxFile = project.xcode.addFramework(project_relative, {customFramework: true});\n+            if (pbxFile) {\n+                project.xcode.addToPbxEmbedFrameworksBuildPhase(pbxFile);\n+            }\n         },\n         uninstall:function(obj, project_dir, plugin_id, options, project) {\n             var src = obj.src,\n                 targetDir = path.resolve(project.plugins_dir, plugin_id, path.basename(src));\n-            project.xcode.removeFramework(targetDir, {customFramework: true});\n+            var pbxFile = project.xcode.removeFramework(targetDir, {customFramework: true});\n+            if (pbxFile) {\n+                project.xcode.removeFromPbxEmbedFrameworksBuildPhase(pbxFile);\n+            }\n             shell.rm('-rf', targetDir);\n         }\n     },"}, {"sha": "7d952f5a46c0f301adae9626a01322fe42c8e538", "filename": "cordova-lib/src/plugman/plugman.js", "status": "modified", "additions": 1, "deletions": 1, "changes": 2, "blob_url": "https://github.com/apache/cordova-lib/blob/d1a9602a5431274699969921ad9a911b163f6059/cordova-lib/src/plugman/plugman.js", "raw_url": "https://github.com/apache/cordova-lib/raw/d1a9602a5431274699969921ad9a911b163f6059/cordova-lib/src/plugman/plugman.js", "contents_url": "https://api.github.com/repos/apache/cordova-lib/contents/cordova-lib/src/plugman/plugman.js?ref=d1a9602a5431274699969921ad9a911b163f6059", "patch": "@@ -94,6 +94,7 @@ plugman.commands =  {\n             plugman.prepare = require('./prepare-browserify');\n         }\n         var cli_variables = {};\n+\n         if (cli_opts.variable) {\n             cli_opts.variable.forEach(function (variable) {\n                 var tokens = variable.split('=');\n@@ -108,7 +109,6 @@ plugman.commands =  {\n             searchpath: cli_opts.searchpath,\n             link: cli_opts.link\n         };\n-\n         var p = Q();\n         cli_opts.plugin.forEach(function (pluginSrc) {\n             p = p.then(function () {"}]}