{"sha": "131846ac49db2aaa1346783e41102af9148eadfc", "node_id": "MDY6Q29tbWl0NTQ5NTMzNTA6MTMxODQ2YWM0OWRiMmFhYTEzNDY3ODNlNDExMDJhZjkxNDhlYWRmYw==", "commit": {"author": {"name": "Li Shen", "email": "shenlint@gmail.com", "date": "2016-09-08T04:47:01Z"}, "committer": {"name": "Li Shen", "email": "shenlint@gmail.com", "date": "2016-09-10T01:08:25Z"}, "message": "MNEMONIC-98: Rename MemFile class to MemStream class", "tree": {"sha": "06ba0086e12faa55e0e6c0a6a8e05e716dbd20b5", "url": "https://api.github.com/repos/apache/mnemonic/git/trees/06ba0086e12faa55e0e6c0a6a8e05e716dbd20b5"}, "url": "https://api.github.com/repos/apache/mnemonic/git/commits/131846ac49db2aaa1346783e41102af9148eadfc", "comment_count": 0, "verification": {"verified": false, "reason": "unsigned", "signature": null, "payload": null}}, "url": "https://api.github.com/repos/apache/mnemonic/commits/131846ac49db2aaa1346783e41102af9148eadfc", "html_url": "https://github.com/apache/mnemonic/commit/131846ac49db2aaa1346783e41102af9148eadfc", "comments_url": "https://api.github.com/repos/apache/mnemonic/commits/131846ac49db2aaa1346783e41102af9148eadfc/comments", "author": {"login": "lishen-nt", "id": 21373344, "node_id": "MDQ6VXNlcjIxMzczMzQ0", "avatar_url": "https://avatars1.githubusercontent.com/u/21373344?v=4", "gravatar_id": "", "url": "https://api.github.com/users/lishen-nt", "html_url": "https://github.com/lishen-nt", "followers_url": "https://api.github.com/users/lishen-nt/followers", "following_url": "https://api.github.com/users/lishen-nt/following{/other_user}", "gists_url": "https://api.github.com/users/lishen-nt/gists{/gist_id}", "starred_url": "https://api.github.com/users/lishen-nt/starred{/owner}{/repo}", "subscriptions_url": "https://api.github.com/users/lishen-nt/subscriptions", "organizations_url": "https://api.github.com/users/lishen-nt/orgs", "repos_url": "https://api.github.com/users/lishen-nt/repos", "events_url": "https://api.github.com/users/lishen-nt/events{/privacy}", "received_events_url": "https://api.github.com/users/lishen-nt/received_events", "type": "User", "site_admin": false}, "committer": {"login": "lishen-nt", "id": 21373344, "node_id": "MDQ6VXNlcjIxMzczMzQ0", "avatar_url": "https://avatars1.githubusercontent.com/u/21373344?v=4", "gravatar_id": "", "url": "https://api.github.com/users/lishen-nt", "html_url": "https://github.com/lishen-nt", "followers_url": "https://api.github.com/users/lishen-nt/followers", "following_url": "https://api.github.com/users/lishen-nt/following{/other_user}", "gists_url": "https://api.github.com/users/lishen-nt/gists{/gist_id}", "starred_url": "https://api.github.com/users/lishen-nt/starred{/owner}{/repo}", "subscriptions_url": "https://api.github.com/users/lishen-nt/subscriptions", "organizations_url": "https://api.github.com/users/lishen-nt/orgs", "repos_url": "https://api.github.com/users/lishen-nt/repos", "events_url": "https://api.github.com/users/lishen-nt/events{/privacy}", "received_events_url": "https://api.github.com/users/lishen-nt/received_events", "type": "User", "site_admin": false}, "parents": [{"sha": "f90c5d4fdffd61acc9dda8a3da51aa3823cdc29e", "url": "https://api.github.com/repos/apache/mnemonic/commits/f90c5d4fdffd61acc9dda8a3da51aa3823cdc29e", "html_url": "https://github.com/apache/mnemonic/commit/f90c5d4fdffd61acc9dda8a3da51aa3823cdc29e"}], "stats": {"total": 4, "additions": 2, "deletions": 2}, "files": [{"sha": "f9c14245c51f41f0d3ad5c8438764d981414df97", "filename": "mnemonic-core/src/main/java/org/apache/mnemonic/MemStream.java", "status": "renamed", "additions": 2, "deletions": 2, "changes": 4, "blob_url": "https://github.com/apache/mnemonic/blob/131846ac49db2aaa1346783e41102af9148eadfc/mnemonic-core/src/main/java/org/apache/mnemonic/MemStream.java", "raw_url": "https://github.com/apache/mnemonic/raw/131846ac49db2aaa1346783e41102af9148eadfc/mnemonic-core/src/main/java/org/apache/mnemonic/MemStream.java", "contents_url": "https://api.github.com/repos/apache/mnemonic/contents/mnemonic-core/src/main/java/org/apache/mnemonic/MemStream.java?ref=131846ac49db2aaa1346783e41102af9148eadfc", "patch": "@@ -26,7 +26,7 @@\n  * \n  *\n  */\n-public class MemFile extends File {\n+public class MemStream extends File {\n \n   private static final long serialVersionUID = 6579668848729471173L;\n   private String uri, id;\n@@ -40,7 +40,7 @@\n    * @param id\n    *          specify the id of memory file\n    */\n-  public MemFile(String uri, String id) {\n+  public MemStream(String uri, String id) {\n     super(uri, id);\n     this.uri = uri;\n     this.id = id;", "previous_filename": "mnemonic-core/src/main/java/org/apache/mnemonic/MemFile.java"}]}