{"sha": "5d072ea33b0f5e981024f6a2297a7cb5ef6bc9c9", "node_id": "MDY6Q29tbWl0MTk2NjQ4NDo1ZDA3MmVhMzNiMGY1ZTk4MTAyNGY2YTIyOTdhN2NiNWVmNmJjOWM5", "commit": {"author": {"name": "Don Coleman", "email": "dcoleman@chariotsolutions.com", "date": "2011-07-23T02:39:50Z"}, "committer": {"name": "Don Coleman", "email": "dcoleman@chariotsolutions.com", "date": "2011-07-23T02:39:50Z"}, "message": "ant script for dist jar", "tree": {"sha": "3f5cc969e2806402cdf81a044c03018bcc99ea10", "url": "https://api.github.com/repos/m00sey/Toasty/git/trees/3f5cc969e2806402cdf81a044c03018bcc99ea10"}, "url": "https://api.github.com/repos/m00sey/Toasty/git/commits/5d072ea33b0f5e981024f6a2297a7cb5ef6bc9c9", "comment_count": 0, "verification": {"verified": false, "reason": "unsigned", "signature": null, "payload": null}}, "url": "https://api.github.com/repos/m00sey/Toasty/commits/5d072ea33b0f5e981024f6a2297a7cb5ef6bc9c9", "html_url": "https://github.com/m00sey/Toasty/commit/5d072ea33b0f5e981024f6a2297a7cb5ef6bc9c9", "comments_url": "https://api.github.com/repos/m00sey/Toasty/commits/5d072ea33b0f5e981024f6a2297a7cb5ef6bc9c9/comments", "author": {"login": "don", "id": 3133, "node_id": "MDQ6VXNlcjMxMzM=", "avatar_url": "https://avatars0.githubusercontent.com/u/3133?v=4", "gravatar_id": "", "url": "https://api.github.com/users/don", "html_url": "https://github.com/don", "followers_url": "https://api.github.com/users/don/followers", "following_url": "https://api.github.com/users/don/following{/other_user}", "gists_url": "https://api.github.com/users/don/gists{/gist_id}", "starred_url": "https://api.github.com/users/don/starred{/owner}{/repo}", "subscriptions_url": "https://api.github.com/users/don/subscriptions", "organizations_url": "https://api.github.com/users/don/orgs", "repos_url": "https://api.github.com/users/don/repos", "events_url": "https://api.github.com/users/don/events{/privacy}", "received_events_url": "https://api.github.com/users/don/received_events", "type": "User", "site_admin": false}, "committer": {"login": "don", "id": 3133, "node_id": "MDQ6VXNlcjMxMzM=", "avatar_url": "https://avatars0.githubusercontent.com/u/3133?v=4", "gravatar_id": "", "url": "https://api.github.com/users/don", "html_url": "https://github.com/don", "followers_url": "https://api.github.com/users/don/followers", "following_url": "https://api.github.com/users/don/following{/other_user}", "gists_url": "https://api.github.com/users/don/gists{/gist_id}", "starred_url": "https://api.github.com/users/don/starred{/owner}{/repo}", "subscriptions_url": "https://api.github.com/users/don/subscriptions", "organizations_url": "https://api.github.com/users/don/orgs", "repos_url": "https://api.github.com/users/don/repos", "events_url": "https://api.github.com/users/don/events{/privacy}", "received_events_url": "https://api.github.com/users/don/received_events", "type": "User", "site_admin": false}, "parents": [{"sha": "9e53986a11479c4145e8063f8325e74b4a31bd2e", "url": "https://api.github.com/repos/m00sey/Toasty/commits/9e53986a11479c4145e8063f8325e74b4a31bd2e", "html_url": "https://github.com/m00sey/Toasty/commit/9e53986a11479c4145e8063f8325e74b4a31bd2e"}], "stats": {"total": 48, "additions": 48, "deletions": 0}, "files": [{"sha": "92d6b7789002ca00fa451440549bb19043b82582", "filename": ".gitignore", "status": "added", "additions": 2, "deletions": 0, "changes": 2, "blob_url": "https://github.com/m00sey/Toasty/blob/5d072ea33b0f5e981024f6a2297a7cb5ef6bc9c9/.gitignore", "raw_url": "https://github.com/m00sey/Toasty/raw/5d072ea33b0f5e981024f6a2297a7cb5ef6bc9c9/.gitignore", "contents_url": "https://api.github.com/repos/m00sey/Toasty/contents/.gitignore?ref=5d072ea33b0f5e981024f6a2297a7cb5ef6bc9c9", "patch": "@@ -0,0 +1,2 @@\n+dist/\n+target/\n\\ No newline at end of file"}, {"sha": "9f1c73362c746fc0fe10af83937f40974f2d80d0", "filename": "build.xml", "status": "added", "additions": 46, "deletions": 0, "changes": 46, "blob_url": "https://github.com/m00sey/Toasty/blob/5d072ea33b0f5e981024f6a2297a7cb5ef6bc9c9/build.xml", "raw_url": "https://github.com/m00sey/Toasty/raw/5d072ea33b0f5e981024f6a2297a7cb5ef6bc9c9/build.xml", "contents_url": "https://api.github.com/repos/m00sey/Toasty/contents/build.xml?ref=5d072ea33b0f5e981024f6a2297a7cb5ef6bc9c9", "patch": "@@ -0,0 +1,46 @@\n+<?xml version=\"1.0\"?>\n+<project name=\"Toast Plugin\" default=\"dist\" basedir=\".\">\n+\n+  <property name=\"src.dir\" location=\"src\"/>\n+  <property name=\"build.dir\" location=\"target\"/>\n+  <property name=\"dist.dir\" location=\"dist\"/>\n+\n+  <!-- use build.properties to override sdk.dir and phonegap.home if necessary -->\n+  <property file=\"build.properties\"/>\n+\n+  <!-- android sdk -->\n+  <property name=\"sdk.dir\" value=\"/usr/local/android\"/>\n+  <property name=\"target\" value=\"android-10\"/>\n+\n+  <property name=\"phonegap.version\" value=\"0.9.6\"/>\n+  <property name=\"phonegap.home\" value=\"/usr/local/phonegap-${phonegap.version}\"/>\n+  <property name=\"phonegap.jar\" value=\"${phonegap.home}/Android/phonegap.${phonegap.version}.jar\"/>\n+\n+  <target name=\"compile\" description=\"compile code\">\n+    <echo>${phonegap.jar}</echo>\n+    <mkdir dir=\"${build.dir}\"/>\n+    <delete includeemptydirs=\"true\">\n+      <fileset dir=\"${build.dir}\" includes=\"**/*\"/>\n+    </delete>\n+    <javac srcdir=\"${src.dir}\" destdir=\"${build.dir}\" debug=\"on\" source=\"1.6\" includeantruntime=\"false\">\n+      <classpath>\n+        <path location=\"${sdk.dir}/platforms/${target}/android.jar\"/>\n+        <path location=\"${phonegap.jar}\"/>\n+      </classpath>\n+    </javac>\n+  </target>\n+\n+  <target name=\"jar\" depends=\"compile\" description=\"build a new version of plugin jar\">\n+    <jar destfile=\"${dist.dir}/phonegap-toast.jar\" basedir=\"${build.dir}\" excludes=\"**/Toastify.class\"/>\n+  </target>\n+\n+  <target name=\"dist\" depends=\"clean,jar\" description=\"jar and js for distribution\">\n+    <copy file=\"assets/www/phonegap-toast.js\" toDir=\"${dist.dir}\"/>    \n+    <echo>Built phonegap-toast for distribution</echo>\n+  </target>\n+\n+  <target name=\"clean\" description=\"clean up\">\n+    <delete dir=\"${build.dir}\"/>\n+    <delete dir=\"${dist.dir}\"/>\n+  </target>\n+</project>"}]}