{"sha": "e0ce60295937fb0021009299cf3e8c3060858dc2", "node_id": "MDY6Q29tbWl0MjE4MDc3MTplMGNlNjAyOTU5MzdmYjAwMjEwMDkyOTljZjNlOGMzMDYwODU4ZGMy", "commit": {"author": {"name": "kylestiemann", "email": "kyle.stiemann@liferay.com", "date": "2013-12-18T16:56:46Z"}, "committer": {"name": "kylestiemann", "email": "kyle.stiemann@liferay.com", "date": "2013-12-18T17:01:58Z"}, "message": "Added Liferay Faces Documentation as chapter 04. Added Liferay Faces Documentation images for chapter 04.", "tree": {"sha": "91778ecce36db7150b29ebcf662f25f6337c08e8", "url": "https://api.github.com/repos/liferay/liferay-docs/git/trees/91778ecce36db7150b29ebcf662f25f6337c08e8"}, "url": "https://api.github.com/repos/liferay/liferay-docs/git/commits/e0ce60295937fb0021009299cf3e8c3060858dc2", "comment_count": 0, "verification": {"verified": false, "reason": "unsigned", "signature": null, "payload": null}}, "url": "https://api.github.com/repos/liferay/liferay-docs/commits/e0ce60295937fb0021009299cf3e8c3060858dc2", "html_url": "https://github.com/liferay/liferay-docs/commit/e0ce60295937fb0021009299cf3e8c3060858dc2", "comments_url": "https://api.github.com/repos/liferay/liferay-docs/commits/e0ce60295937fb0021009299cf3e8c3060858dc2/comments", "author": {"login": "stiemannkj1", "id": 3483874, "node_id": "MDQ6VXNlcjM0ODM4NzQ=", "avatar_url": "https://avatars0.githubusercontent.com/u/3483874?v=4", "gravatar_id": "", "url": "https://api.github.com/users/stiemannkj1", "html_url": "https://github.com/stiemannkj1", "followers_url": "https://api.github.com/users/stiemannkj1/followers", "following_url": "https://api.github.com/users/stiemannkj1/following{/other_user}", "gists_url": "https://api.github.com/users/stiemannkj1/gists{/gist_id}", "starred_url": "https://api.github.com/users/stiemannkj1/starred{/owner}{/repo}", "subscriptions_url": "https://api.github.com/users/stiemannkj1/subscriptions", "organizations_url": "https://api.github.com/users/stiemannkj1/orgs", "repos_url": "https://api.github.com/users/stiemannkj1/repos", "events_url": "https://api.github.com/users/stiemannkj1/events{/privacy}", "received_events_url": "https://api.github.com/users/stiemannkj1/received_events", "type": "User", "site_admin": false}, "committer": {"login": "stiemannkj1", "id": 3483874, "node_id": "MDQ6VXNlcjM0ODM4NzQ=", "avatar_url": "https://avatars0.githubusercontent.com/u/3483874?v=4", "gravatar_id": "", "url": "https://api.github.com/users/stiemannkj1", "html_url": "https://github.com/stiemannkj1", "followers_url": "https://api.github.com/users/stiemannkj1/followers", "following_url": "https://api.github.com/users/stiemannkj1/following{/other_user}", "gists_url": "https://api.github.com/users/stiemannkj1/gists{/gist_id}", "starred_url": "https://api.github.com/users/stiemannkj1/starred{/owner}{/repo}", "subscriptions_url": "https://api.github.com/users/stiemannkj1/subscriptions", "organizations_url": "https://api.github.com/users/stiemannkj1/orgs", "repos_url": "https://api.github.com/users/stiemannkj1/repos", "events_url": "https://api.github.com/users/stiemannkj1/events{/privacy}", "received_events_url": "https://api.github.com/users/stiemannkj1/received_events", "type": "User", "site_admin": false}, "parents": [{"sha": "2e5027a423452abb3ab8f6afd1a09b98e1182c93", "url": "https://api.github.com/repos/liferay/liferay-docs/commits/2e5027a423452abb3ab8f6afd1a09b98e1182c93", "html_url": "https://github.com/liferay/liferay-docs/commit/2e5027a423452abb3ab8f6afd1a09b98e1182c93"}], "stats": {"total": 1562, "additions": 1562, "deletions": 0}, "files": [{"sha": "d9434e64de6f9da7ea4dfbc754fe358e7caf4522", "filename": "devGuide/en/chapters/04-liferay-faces-development.markdown", "status": "added", "additions": 1562, "deletions": 0, "changes": 1562, "blob_url": "https://github.com/liferay/liferay-docs/blob/e0ce60295937fb0021009299cf3e8c3060858dc2/devGuide/en/chapters/04-liferay-faces-development.markdown", "raw_url": "https://github.com/liferay/liferay-docs/raw/e0ce60295937fb0021009299cf3e8c3060858dc2/devGuide/en/chapters/04-liferay-faces-development.markdown", "contents_url": "https://api.github.com/repos/liferay/liferay-docs/contents/devGuide/en/chapters/04-liferay-faces-development.markdown?ref=e0ce60295937fb0021009299cf3e8c3060858dc2"}, {"sha": "0954d06bda18da65d53178750486123fdcc03de5", "filename": "devGuide/images/04-lifecycle-bridge.png", "status": "added", "additions": 0, "deletions": 0, "changes": 0, "blob_url": "https://github.com/liferay/liferay-docs/blob/e0ce60295937fb0021009299cf3e8c3060858dc2/devGuide/images/04-lifecycle-bridge.png", "raw_url": "https://github.com/liferay/liferay-docs/raw/e0ce60295937fb0021009299cf3e8c3060858dc2/devGuide/images/04-lifecycle-bridge.png", "contents_url": "https://api.github.com/repos/liferay/liferay-docs/contents/devGuide/images/04-lifecycle-bridge.png?ref=e0ce60295937fb0021009299cf3e8c3060858dc2"}, {"sha": "71727500f52252ca360152bba9817572212b875d", "filename": "devGuide/images/04-liferay-faces-logo.png", "status": "added", "additions": 0, "deletions": 0, "changes": 0, "blob_url": "https://github.com/liferay/liferay-docs/blob/e0ce60295937fb0021009299cf3e8c3060858dc2/devGuide/images/04-liferay-faces-logo.png", "raw_url": "https://github.com/liferay/liferay-docs/raw/e0ce60295937fb0021009299cf3e8c3060858dc2/devGuide/images/04-liferay-faces-logo.png", "contents_url": "https://api.github.com/repos/liferay/liferay-docs/contents/devGuide/images/04-liferay-faces-logo.png?ref=e0ce60295937fb0021009299cf3e8c3060858dc2"}]}