{"sha": "78daaf40f80eaebb8e9bf8c6abf79f4081b9e8b0", "node_id": "MDY6Q29tbWl0Mjc5MTEwODg6NzhkYWFmNDBmODBlYWViYjhlOWJmOGM2YWJmNzlmNDA4MWI5ZThiMA==", "commit": {"author": {"name": "jugi92", "email": "juliangimbel@gmail.com", "date": "2018-03-19T14:31:58Z"}, "committer": {"name": "joewitt", "email": "joewitt@apache.org", "date": "2018-03-19T15:41:56Z"}, "message": "NIFI-4991 This closes #2564.\n\nnifi.database.directory should be moved out of default location <root-level-nifi-dir>/database_repository to ease the update process.\n\nSigned-off-by: joewitt <joewitt@apache.org>", "tree": {"sha": "ff598bbf64cd536f5ab9fcea4704ec45998b4428", "url": "https://api.github.com/repos/apache/nifi/git/trees/ff598bbf64cd536f5ab9fcea4704ec45998b4428"}, "url": "https://api.github.com/repos/apache/nifi/git/commits/78daaf40f80eaebb8e9bf8c6abf79f4081b9e8b0", "comment_count": 0, "verification": {"verified": false, "reason": "unsigned", "signature": null, "payload": null}}, "url": "https://api.github.com/repos/apache/nifi/commits/78daaf40f80eaebb8e9bf8c6abf79f4081b9e8b0", "html_url": "https://github.com/apache/nifi/commit/78daaf40f80eaebb8e9bf8c6abf79f4081b9e8b0", "comments_url": "https://api.github.com/repos/apache/nifi/commits/78daaf40f80eaebb8e9bf8c6abf79f4081b9e8b0/comments", "author": {"login": "jugi92", "id": 7531816, "node_id": "MDQ6VXNlcjc1MzE4MTY=", "avatar_url": "https://avatars1.githubusercontent.com/u/7531816?v=4", "gravatar_id": "", "url": "https://api.github.com/users/jugi92", "html_url": "https://github.com/jugi92", "followers_url": "https://api.github.com/users/jugi92/followers", "following_url": "https://api.github.com/users/jugi92/following{/other_user}", "gists_url": "https://api.github.com/users/jugi92/gists{/gist_id}", "starred_url": "https://api.github.com/users/jugi92/starred{/owner}{/repo}", "subscriptions_url": "https://api.github.com/users/jugi92/subscriptions", "organizations_url": "https://api.github.com/users/jugi92/orgs", "repos_url": "https://api.github.com/users/jugi92/repos", "events_url": "https://api.github.com/users/jugi92/events{/privacy}", "received_events_url": "https://api.github.com/users/jugi92/received_events", "type": "User", "site_admin": false}, "committer": {"login": "joewitt", "id": 3057465, "node_id": "MDQ6VXNlcjMwNTc0NjU=", "avatar_url": "https://avatars2.githubusercontent.com/u/3057465?v=4", "gravatar_id": "", "url": "https://api.github.com/users/joewitt", "html_url": "https://github.com/joewitt", "followers_url": "https://api.github.com/users/joewitt/followers", "following_url": "https://api.github.com/users/joewitt/following{/other_user}", "gists_url": "https://api.github.com/users/joewitt/gists{/gist_id}", "starred_url": "https://api.github.com/users/joewitt/starred{/owner}{/repo}", "subscriptions_url": "https://api.github.com/users/joewitt/subscriptions", "organizations_url": "https://api.github.com/users/joewitt/orgs", "repos_url": "https://api.github.com/users/joewitt/repos", "events_url": "https://api.github.com/users/joewitt/events{/privacy}", "received_events_url": "https://api.github.com/users/joewitt/received_events", "type": "User", "site_admin": false}, "parents": [{"sha": "39556e35131638bfb5795dd41736c0faae8aaf39", "url": "https://api.github.com/repos/apache/nifi/commits/39556e35131638bfb5795dd41736c0faae8aaf39", "html_url": "https://github.com/apache/nifi/commit/39556e35131638bfb5795dd41736c0faae8aaf39"}], "stats": {"total": 2, "additions": 1, "deletions": 1}, "files": [{"sha": "0cf4e776e13028f21680978077a2aba5c54466da", "filename": "nifi-docs/src/main/asciidoc/administration-guide.adoc", "status": "modified", "additions": 1, "deletions": 1, "changes": 2, "blob_url": "https://github.com/apache/nifi/blob/78daaf40f80eaebb8e9bf8c6abf79f4081b9e8b0/nifi-docs/src/main/asciidoc/administration-guide.adoc", "raw_url": "https://github.com/apache/nifi/raw/78daaf40f80eaebb8e9bf8c6abf79f4081b9e8b0/nifi-docs/src/main/asciidoc/administration-guide.adoc", "contents_url": "https://api.github.com/repos/apache/nifi/contents/nifi-docs/src/main/asciidoc/administration-guide.adoc?ref=78daaf40f80eaebb8e9bf8c6abf79f4081b9e8b0", "patch": "@@ -2782,7 +2782,7 @@ The H2 Settings section defines the settings for the H2 database, which keeps tr\n \n |====\n |*Property*|*Description*\n-|nifi.database.directory|The location of the H2 database directory. The default value is `./database_repository`.\n+|nifi.database.directory*|The location of the H2 database directory. The default value is `./database_repository`.\n |nifi.h2.url.append|This property specifies additional arguments to add to the connection string for the H2 database. The default value should be used and should not be changed. It is: `;LOCK_TIMEOUT=25000;WRITE_DELAY=0;AUTO_SERVER=FALSE`.\n |====\n "}]}