{"sha": "409c29d1bfd310414a96cfd86069e3b53ddfbafb", "node_id": "MDY6Q29tbWl0MTAwNDM2NDExOjQwOWMyOWQxYmZkMzEwNDE0YTk2Y2ZkODYwNjllM2I1M2RkZmJhZmI=", "commit": {"author": {"name": "Lars Levie", "email": "larslevie@gmail.com", "date": "2017-10-17T17:31:56Z"}, "committer": {"name": "Lars Levie", "email": "larslevie@gmail.com", "date": "2017-10-17T17:31:56Z"}, "message": "Fix default HTTPS port", "tree": {"sha": "af709776e0d13f781721cef4be43a54cc311a223", "url": "https://api.github.com/repos/coderiety/consul-lb/git/trees/af709776e0d13f781721cef4be43a54cc311a223"}, "url": "https://api.github.com/repos/coderiety/consul-lb/git/commits/409c29d1bfd310414a96cfd86069e3b53ddfbafb", "comment_count": 0, "verification": {"verified": false, "reason": "unsigned", "signature": null, "payload": null}}, "url": "https://api.github.com/repos/coderiety/consul-lb/commits/409c29d1bfd310414a96cfd86069e3b53ddfbafb", "html_url": "https://github.com/coderiety/consul-lb/commit/409c29d1bfd310414a96cfd86069e3b53ddfbafb", "comments_url": "https://api.github.com/repos/coderiety/consul-lb/commits/409c29d1bfd310414a96cfd86069e3b53ddfbafb/comments", "author": {"login": "larslevie", "id": 76174, "node_id": "MDQ6VXNlcjc2MTc0", "avatar_url": "https://avatars0.githubusercontent.com/u/76174?v=4", "gravatar_id": "", "url": "https://api.github.com/users/larslevie", "html_url": "https://github.com/larslevie", "followers_url": "https://api.github.com/users/larslevie/followers", "following_url": "https://api.github.com/users/larslevie/following{/other_user}", "gists_url": "https://api.github.com/users/larslevie/gists{/gist_id}", "starred_url": "https://api.github.com/users/larslevie/starred{/owner}{/repo}", "subscriptions_url": "https://api.github.com/users/larslevie/subscriptions", "organizations_url": "https://api.github.com/users/larslevie/orgs", "repos_url": "https://api.github.com/users/larslevie/repos", "events_url": "https://api.github.com/users/larslevie/events{/privacy}", "received_events_url": "https://api.github.com/users/larslevie/received_events", "type": "User", "site_admin": false}, "committer": {"login": "larslevie", "id": 76174, "node_id": "MDQ6VXNlcjc2MTc0", "avatar_url": "https://avatars0.githubusercontent.com/u/76174?v=4", "gravatar_id": "", "url": "https://api.github.com/users/larslevie", "html_url": "https://github.com/larslevie", "followers_url": "https://api.github.com/users/larslevie/followers", "following_url": "https://api.github.com/users/larslevie/following{/other_user}", "gists_url": "https://api.github.com/users/larslevie/gists{/gist_id}", "starred_url": "https://api.github.com/users/larslevie/starred{/owner}{/repo}", "subscriptions_url": "https://api.github.com/users/larslevie/subscriptions", "organizations_url": "https://api.github.com/users/larslevie/orgs", "repos_url": "https://api.github.com/users/larslevie/repos", "events_url": "https://api.github.com/users/larslevie/events{/privacy}", "received_events_url": "https://api.github.com/users/larslevie/received_events", "type": "User", "site_admin": false}, "parents": [{"sha": "add64acfe4185ebc66c7f4b5a9cd69afcc45d494", "url": "https://api.github.com/repos/coderiety/consul-lb/commits/add64acfe4185ebc66c7f4b5a9cd69afcc45d494", "html_url": "https://github.com/coderiety/consul-lb/commit/add64acfe4185ebc66c7f4b5a9cd69afcc45d494"}], "stats": {"total": 2, "additions": 1, "deletions": 1}, "files": [{"sha": "86b43ea4f72457f17a5dbddedf76467bc58b990c", "filename": "README.md", "status": "modified", "additions": 1, "deletions": 1, "changes": 2, "blob_url": "https://github.com/coderiety/consul-lb/blob/409c29d1bfd310414a96cfd86069e3b53ddfbafb/README.md", "raw_url": "https://github.com/coderiety/consul-lb/raw/409c29d1bfd310414a96cfd86069e3b53ddfbafb/README.md", "contents_url": "https://api.github.com/repos/coderiety/consul-lb/contents/README.md?ref=409c29d1bfd310414a96cfd86069e3b53ddfbafb", "patch": "@@ -11,7 +11,7 @@ docker run\n   -p 80:80\n \n   # If USE_SSL=1 (default), expose port 443 for HTTPS traffic.\n-  -p 433:433\n+  -p 443:443\n \n   # ENVVARS, or how to configure consul-lb to work for you. Each configuration\n   # envvar is listed below with its default value."}]}