{"sha": "d05ce7fdf095976a98e66e32d7c27ee016aaf9fc", "node_id": "MDY6Q29tbWl0NTY4MzY1MzpkMDVjZTdmZGYwOTU5NzZhOThlNjZlMzJkN2MyN2VlMDE2YWFmOWZj", "commit": {"author": {"name": "kr-arjun", "email": "arjun.kr@outlook.com", "date": "2018-06-01T07:09:03Z"}, "committer": {"name": "Sorabh Hamirwasia", "email": "sorabh@apache.org", "date": "2018-06-06T15:59:37Z"}, "message": "DRILL-5700: Adding nohup support for Sqlline script\n\ncloses #1300", "tree": {"sha": "4802c4436092fe76be19027e3531909ee045b327", "url": "https://api.github.com/repos/apache/drill/git/trees/4802c4436092fe76be19027e3531909ee045b327"}, "url": "https://api.github.com/repos/apache/drill/git/commits/d05ce7fdf095976a98e66e32d7c27ee016aaf9fc", "comment_count": 0, "verification": {"verified": false, "reason": "unsigned", "signature": null, "payload": null}}, "url": "https://api.github.com/repos/apache/drill/commits/d05ce7fdf095976a98e66e32d7c27ee016aaf9fc", "html_url": "https://github.com/apache/drill/commit/d05ce7fdf095976a98e66e32d7c27ee016aaf9fc", "comments_url": "https://api.github.com/repos/apache/drill/commits/d05ce7fdf095976a98e66e32d7c27ee016aaf9fc/comments", "author": {"login": "kr-arjun", "id": 20974165, "node_id": "MDQ6VXNlcjIwOTc0MTY1", "avatar_url": "https://avatars3.githubusercontent.com/u/20974165?v=4", "gravatar_id": "", "url": "https://api.github.com/users/kr-arjun", "html_url": "https://github.com/kr-arjun", "followers_url": "https://api.github.com/users/kr-arjun/followers", "following_url": "https://api.github.com/users/kr-arjun/following{/other_user}", "gists_url": "https://api.github.com/users/kr-arjun/gists{/gist_id}", "starred_url": "https://api.github.com/users/kr-arjun/starred{/owner}{/repo}", "subscriptions_url": "https://api.github.com/users/kr-arjun/subscriptions", "organizations_url": "https://api.github.com/users/kr-arjun/orgs", "repos_url": "https://api.github.com/users/kr-arjun/repos", "events_url": "https://api.github.com/users/kr-arjun/events{/privacy}", "received_events_url": "https://api.github.com/users/kr-arjun/received_events", "type": "User", "site_admin": false}, "committer": {"login": "sohami", "id": 22159459, "node_id": "MDQ6VXNlcjIyMTU5NDU5", "avatar_url": "https://avatars1.githubusercontent.com/u/22159459?v=4", "gravatar_id": "", "url": "https://api.github.com/users/sohami", "html_url": "https://github.com/sohami", "followers_url": "https://api.github.com/users/sohami/followers", "following_url": "https://api.github.com/users/sohami/following{/other_user}", "gists_url": "https://api.github.com/users/sohami/gists{/gist_id}", "starred_url": "https://api.github.com/users/sohami/starred{/owner}{/repo}", "subscriptions_url": "https://api.github.com/users/sohami/subscriptions", "organizations_url": "https://api.github.com/users/sohami/orgs", "repos_url": "https://api.github.com/users/sohami/repos", "events_url": "https://api.github.com/users/sohami/events{/privacy}", "received_events_url": "https://api.github.com/users/sohami/received_events", "type": "User", "site_admin": false}, "parents": [{"sha": "23a7a8d83abdcc0f4cff66bdf6b2010be02e3698", "url": "https://api.github.com/repos/apache/drill/commits/23a7a8d83abdcc0f4cff66bdf6b2010be02e3698", "html_url": "https://github.com/apache/drill/commit/23a7a8d83abdcc0f4cff66bdf6b2010be02e3698"}], "stats": {"total": 5, "additions": 5, "deletions": 0}, "files": [{"sha": "3f982bb68175b5ebf8845af12973f12d023e924d", "filename": "distribution/src/resources/sqlline", "status": "modified", "additions": 5, "deletions": 0, "changes": 5, "blob_url": "https://github.com/apache/drill/blob/d05ce7fdf095976a98e66e32d7c27ee016aaf9fc/distribution/src/resources/sqlline", "raw_url": "https://github.com/apache/drill/raw/d05ce7fdf095976a98e66e32d7c27ee016aaf9fc/distribution/src/resources/sqlline", "contents_url": "https://api.github.com/repos/apache/drill/contents/distribution/src/resources/sqlline?ref=d05ce7fdf095976a98e66e32d7c27ee016aaf9fc", "patch": "@@ -76,6 +76,11 @@ if ! $is_cygwin; then\n   DRILL_SHELL_OPTS=\"$DRILL_SHELL_OPTS --color=true\"\n fi\n \n+# To add nohup support for SQLline script\n+if [[ ( ! $(ps -o stat= -p $$) =~ \"+\" ) && ! ( -p /dev/stdin ) ]]; then\n+    export SQLLINE_JAVA_OPTS=\"$SQLLINE_JAVA_OPTS -Djline.terminal=jline.UnsupportedTerminal\"\n+fi\n+\n SHELL_OPTS=\"$DRILL_SHELL_JAVA_OPTS $SQLLINE_JAVA_OPTS $DRILL_SHELL_LOG_OPTS $CLIENT_GC_OPTS\"\n CMD=\"$JAVA $SHELL_OPTS -cp $CP sqlline.SqlLine -d org.apache.drill.jdbc.Driver --maxWidth=10000\"\n "}]}