{"sha": "e6973b1596914e5d62567e065223e7b169d1c26c", "node_id": "MDY6Q29tbWl0MzM4ODQ4OTE6ZTY5NzNiMTU5NjkxNGU1ZDYyNTY3ZTA2NTIyM2U3YjE2OWQxYzI2Yw==", "commit": {"author": {"name": "Ian Suvak", "email": "ian.suvak@gmail.com", "date": "2018-02-09T10:04:38Z"}, "committer": {"name": "Fokko Driesprong", "email": "fokkodriesprong@godatadriven.com", "date": "2018-02-09T10:04:38Z"}, "message": "[AIRFLOW-1157] Fix missing pools crashing the scheduler\n\nThrow a warning when a pool associated with a Task\nInstance\ndoesn't exist instead of crashing the scheduler.\nUse the default value of 0 slots for non-existent\npools.\n\nCloses #3002 from iansuvak/1157_nonexistent_pool", "tree": {"sha": "be4f0c9f0a73ff0560412b9e610a4752802edcf9", "url": "https://api.github.com/repos/apache/airflow/git/trees/be4f0c9f0a73ff0560412b9e610a4752802edcf9"}, "url": "https://api.github.com/repos/apache/airflow/git/commits/e6973b1596914e5d62567e065223e7b169d1c26c", "comment_count": 0, "verification": {"verified": false, "reason": "unsigned", "signature": null, "payload": null}}, "url": "https://api.github.com/repos/apache/airflow/commits/e6973b1596914e5d62567e065223e7b169d1c26c", "html_url": "https://github.com/apache/airflow/commit/e6973b1596914e5d62567e065223e7b169d1c26c", "comments_url": "https://api.github.com/repos/apache/airflow/commits/e6973b1596914e5d62567e065223e7b169d1c26c/comments", "author": {"login": "iansuvak", "id": 1126091, "node_id": "MDQ6VXNlcjExMjYwOTE=", "avatar_url": "https://avatars0.githubusercontent.com/u/1126091?v=4", "gravatar_id": "", "url": "https://api.github.com/users/iansuvak", "html_url": "https://github.com/iansuvak", "followers_url": "https://api.github.com/users/iansuvak/followers", "following_url": "https://api.github.com/users/iansuvak/following{/other_user}", "gists_url": "https://api.github.com/users/iansuvak/gists{/gist_id}", "starred_url": "https://api.github.com/users/iansuvak/starred{/owner}{/repo}", "subscriptions_url": "https://api.github.com/users/iansuvak/subscriptions", "organizations_url": "https://api.github.com/users/iansuvak/orgs", "repos_url": "https://api.github.com/users/iansuvak/repos", "events_url": "https://api.github.com/users/iansuvak/events{/privacy}", "received_events_url": "https://api.github.com/users/iansuvak/received_events", "type": "User", "site_admin": false}, "committer": {"login": "Fokko", "id": 1134248, "node_id": "MDQ6VXNlcjExMzQyNDg=", "avatar_url": "https://avatars0.githubusercontent.com/u/1134248?v=4", "gravatar_id": "", "url": "https://api.github.com/users/Fokko", "html_url": "https://github.com/Fokko", "followers_url": "https://api.github.com/users/Fokko/followers", "following_url": "https://api.github.com/users/Fokko/following{/other_user}", "gists_url": "https://api.github.com/users/Fokko/gists{/gist_id}", "starred_url": "https://api.github.com/users/Fokko/starred{/owner}{/repo}", "subscriptions_url": "https://api.github.com/users/Fokko/subscriptions", "organizations_url": "https://api.github.com/users/Fokko/orgs", "repos_url": "https://api.github.com/users/Fokko/repos", "events_url": "https://api.github.com/users/Fokko/events{/privacy}", "received_events_url": "https://api.github.com/users/Fokko/received_events", "type": "User", "site_admin": false}, "parents": [{"sha": "44551e249fd338f3c4d24ef95d4b9c021f3b0688", "url": "https://api.github.com/repos/apache/airflow/commits/44551e249fd338f3c4d24ef95d4b9c021f3b0688", "html_url": "https://github.com/apache/airflow/commit/44551e249fd338f3c4d24ef95d4b9c021f3b0688"}], "stats": {"total": 33, "additions": 32, "deletions": 1}, "files": [{"sha": "00d6b2208373f3b9a0655b42a6346a8c9ca3aacf", "filename": "airflow/jobs.py", "status": "modified", "additions": 8, "deletions": 1, "changes": 9, "blob_url": "https://github.com/apache/airflow/blob/e6973b1596914e5d62567e065223e7b169d1c26c/airflow/jobs.py", "raw_url": "https://github.com/apache/airflow/raw/e6973b1596914e5d62567e065223e7b169d1c26c/airflow/jobs.py", "contents_url": "https://api.github.com/repos/apache/airflow/contents/airflow/jobs.py?ref=e6973b1596914e5d62567e065223e7b169d1c26c", "patch": "@@ -1097,7 +1097,14 @@ def _find_executable_task_instances(self, simple_dag_bag, states, session=None):\n                 # non_pooled_task_slot_count per run\n                 open_slots = conf.getint('core', 'non_pooled_task_slot_count')\n             else:\n-                open_slots = pools[pool].open_slots(session=session)\n+                if pool not in pools:\n+                    self.log.warning(\n+                        \"Tasks using non-existent pool '%s' will not be scheduled\",\n+                        pool\n+                    )\n+                    open_slots = 0\n+                else:\n+                    open_slots = pools[pool].open_slots(session=session)\n \n             num_queued = len(task_instances)\n             self.log.info("}, {"sha": "1c87b8f36726e77eada2791b0885c5e83cc95452", "filename": "tests/jobs.py", "status": "modified", "additions": 24, "deletions": 0, "changes": 24, "blob_url": "https://github.com/apache/airflow/blob/e6973b1596914e5d62567e065223e7b169d1c26c/tests/jobs.py", "raw_url": "https://github.com/apache/airflow/raw/e6973b1596914e5d62567e065223e7b169d1c26c/tests/jobs.py", "contents_url": "https://api.github.com/repos/apache/airflow/contents/tests/jobs.py?ref=e6973b1596914e5d62567e065223e7b169d1c26c", "patch": "@@ -1170,6 +1170,30 @@ def test_find_executable_task_instances_pool(self):\n         self.assertIn(tis[1].key, res_keys)\n         self.assertIn(tis[3].key, res_keys)\n \n+    def test_nonexistent_pool(self):\n+        dag_id = 'SchedulerJobTest.test_nonexistent_pool'\n+        task_id = 'dummy_wrong_pool'\n+        dag = DAG(dag_id=dag_id, start_date=DEFAULT_DATE, concurrency=16)\n+        task = DummyOperator(dag=dag, task_id=task_id, pool=\"this_pool_doesnt_exist\")\n+        dagbag = self._make_simple_dag_bag([dag])\n+\n+        scheduler = SchedulerJob(**self.default_scheduler_args)\n+        session = settings.Session()\n+\n+        dr = scheduler.create_dag_run(dag)\n+\n+        ti = TI(task, dr.execution_date)\n+        ti.state = State.SCHEDULED\n+        session.merge(ti)\n+        session.commit()\n+\n+        res = scheduler._find_executable_task_instances(\n+            dagbag,\n+            states=[State.SCHEDULED],\n+            session=session)\n+        session.commit()\n+        self.assertEqual(0, len(res))\n+\n     def test_find_executable_task_instances_none(self):\n         dag_id = 'SchedulerJobTest.test_find_executable_task_instances_none'\n         task_id_1 = 'dummy'"}]}