{"sha": "bf0c7bbd74a4747c06dba7439b19e325e001dbcd", "node_id": "MDY6Q29tbWl0MjU2MDQyMDU6YmYwYzdiYmQ3NGE0NzQ3YzA2ZGJhNzQzOWIxOWUzMjVlMDAxZGJjZA==", "commit": {"author": {"name": "Suresh Marru", "email": "smarru@apache.org", "date": "2015-03-29T05:00:53Z"}, "committer": {"name": "Suresh Marru", "email": "smarru@apache.org", "date": "2015-03-29T05:00:53Z"}, "message": "Updating Spring 15 event", "tree": {"sha": "23f9e51f274ce3148ec05785f5250faef8573bbb", "url": "https://api.github.com/repos/oh-iub/oh-iub.github.io/git/trees/23f9e51f274ce3148ec05785f5250faef8573bbb"}, "url": "https://api.github.com/repos/oh-iub/oh-iub.github.io/git/commits/bf0c7bbd74a4747c06dba7439b19e325e001dbcd", "comment_count": 0, "verification": {"verified": false, "reason": "unsigned", "signature": null, "payload": null}}, "url": "https://api.github.com/repos/oh-iub/oh-iub.github.io/commits/bf0c7bbd74a4747c06dba7439b19e325e001dbcd", "html_url": "https://github.com/oh-iub/oh-iub.github.io/commit/bf0c7bbd74a4747c06dba7439b19e325e001dbcd", "comments_url": "https://api.github.com/repos/oh-iub/oh-iub.github.io/commits/bf0c7bbd74a4747c06dba7439b19e325e001dbcd/comments", "author": {"login": "smarru", "id": 2545482, "node_id": "MDQ6VXNlcjI1NDU0ODI=", "avatar_url": "https://avatars0.githubusercontent.com/u/2545482?v=4", "gravatar_id": "", "url": "https://api.github.com/users/smarru", "html_url": "https://github.com/smarru", "followers_url": "https://api.github.com/users/smarru/followers", "following_url": "https://api.github.com/users/smarru/following{/other_user}", "gists_url": "https://api.github.com/users/smarru/gists{/gist_id}", "starred_url": "https://api.github.com/users/smarru/starred{/owner}{/repo}", "subscriptions_url": "https://api.github.com/users/smarru/subscriptions", "organizations_url": "https://api.github.com/users/smarru/orgs", "repos_url": "https://api.github.com/users/smarru/repos", "events_url": "https://api.github.com/users/smarru/events{/privacy}", "received_events_url": "https://api.github.com/users/smarru/received_events", "type": "User", "site_admin": false}, "committer": {"login": "smarru", "id": 2545482, "node_id": "MDQ6VXNlcjI1NDU0ODI=", "avatar_url": "https://avatars0.githubusercontent.com/u/2545482?v=4", "gravatar_id": "", "url": "https://api.github.com/users/smarru", "html_url": "https://github.com/smarru", "followers_url": "https://api.github.com/users/smarru/followers", "following_url": "https://api.github.com/users/smarru/following{/other_user}", "gists_url": "https://api.github.com/users/smarru/gists{/gist_id}", "starred_url": "https://api.github.com/users/smarru/starred{/owner}{/repo}", "subscriptions_url": "https://api.github.com/users/smarru/subscriptions", "organizations_url": "https://api.github.com/users/smarru/orgs", "repos_url": "https://api.github.com/users/smarru/repos", "events_url": "https://api.github.com/users/smarru/events{/privacy}", "received_events_url": "https://api.github.com/users/smarru/received_events", "type": "User", "site_admin": false}, "parents": [{"sha": "3feccf069a5790445335ff2b54ee5f142b5a83f7", "url": "https://api.github.com/repos/oh-iub/oh-iub.github.io/commits/3feccf069a5790445335ff2b54ee5f142b5a83f7", "html_url": "https://github.com/oh-iub/oh-iub.github.io/commit/3feccf069a5790445335ff2b54ee5f142b5a83f7"}], "stats": {"total": 11, "additions": 5, "deletions": 6}, "files": [{"sha": "cbda5bdb3261dcceb1dd755485d962d932216744", "filename": "index.html", "status": "modified", "additions": 5, "deletions": 6, "changes": 11, "blob_url": "https://github.com/oh-iub/oh-iub.github.io/blob/bf0c7bbd74a4747c06dba7439b19e325e001dbcd/index.html", "raw_url": "https://github.com/oh-iub/oh-iub.github.io/raw/bf0c7bbd74a4747c06dba7439b19e325e001dbcd/index.html", "contents_url": "https://api.github.com/repos/oh-iub/oh-iub.github.io/contents/index.html?ref=bf0c7bbd74a4747c06dba7439b19e325e001dbcd", "patch": "@@ -4,7 +4,7 @@\n   <head>\n     <meta charset=\"utf-8\" />\n     <meta name=\"viewport\" content=\"width=device-width, initial-scale=1.0\" />\n-    <title>OpenHatch at $SCHOOL | Open Source Comes To Campus</title>\n+    <title>OpenHatch at IUB | Open Source Comes To Campus</title>\n     <link rel=\"stylesheet\" href=\"css/foundation.css\" />\n     <link rel=\"stylesheet\" href=\"css/animate.min.css\" />\n     <script src=\"js/vendor/modernizr.js\">\n@@ -16,13 +16,12 @@\n     <div class = \"row\">\n    \n     <div class=\"small-4-centered large-12-centered columns blue\" >\n-        <h4>Saturday, November 15th</h4>\n-        <h4 style = \"font-family:'Open Sans'; font-weight: 400; \">The IUB <a href=\"http://www.soic.indiana.edu/\">SCHOOL OF\n-INFORMATICS AND COMPUTING</a> Presents</h4>\n+        <h4>Sunday, April 19th</h4>\n+        <h4 style = \"font-family:'Open Sans'; font-weight: 400; \">The IUB <a href=\"http://www.soic.indiana.edu/\">SCHOOL OF INFORMATICS AND COMPUTING</a> Presents</h4>\n         <h1>OPENHATCH</h1>\n         <h2>@ IU-Bloomington</h2>\n         <h4 style = \"margin-top: 20px; color: #24C0EB;\">Join us!</h4> \n-        <div class= \"btn2\" style = \"margin-top: 50px; margin-right:20px;\"><a href = \"https://docs.google.com/forms/d/1a-ZdDuVfd863I5rCPaNGbcnxDDO6_1MRtyWZBW4E66Q/viewform\" style = \"text-decoration: none; font-weight: 400; font-family: 'Open Sans';\">Join the Waitlist for the Event</a></div>\n+        <div class= \"btn2\" style = \"margin-top: 50px; margin-right:20px;\"><a href = \"https://docs.google.com/forms/d/1a-ZdDuVfd863I5rCPaNGbcnxDDO6_1MRtyWZBW4E66Q/viewform\" style = \"text-decoration: none; font-weight: 400; font-family: 'Open Sans';\">Signup for the Event</a></div>\n         <div class= \"btn2\" style = \"margin-top: 50px; margin-right:20px;\"><a href = \"https://docs.google.com/forms/d/1ZMQnH8WvX0s2oBiCG_tKaUauQApq-w8nmG6kvlwl00A/viewform\" style = \"text-decoration: none; font-weight: 400; font-family: 'Open Sans';\">Volunteer As a Mentor</a></div>\n         <div class= \"btn2\" style = \"margin-top: 50px;\"><a href = \"https://openhatch.org/wiki/OpenHatch_event_code_of_conduct\" style = \"text-decoration: none; font-weight: 400; font-family: 'Open Sans';\">Code of Conduct</a></div>\n         \n@@ -91,7 +90,7 @@ <h2>The Background</h2>\n       <div class = \"large-8 columns day-text\">\n       \n         <h2>The Events</h2>\n-        <p>This is a day-long immersion event that will take place on Saturday, November 15th at IUB in Informatics East (room 130). The curriculum is designed by OpenHatch, a non-profit dedicated to helping people get involved in open source.</p>\n+        <p>This is a day-long immersion event that will take place on Sunday, April 19th at IUB in Informatics East (room 150). The curriculum is designed by OpenHatch, a non-profit dedicated to helping people get involved in open source.</p>\n  \n       </div>\n       <div class = \"small-1 large-2 columns day-text\">"}]}