{"sha": "ede3e2f824557109cccbe5342114413fbe4a11e9", "node_id": "MDY6Q29tbWl0MzQ0MTUwNTplZGUzZTJmODI0NTU3MTA5Y2NjYmU1MzQyMTE0NDEzZmJlNGExMWU5", "commit": {"author": {"name": "R. Tyler Croy", "email": "tyler@monkeypox.org", "date": "2012-02-14T17:49:56Z"}, "committer": {"name": "R. Tyler Croy", "email": "tyler@monkeypox.org", "date": "2012-02-14T17:49:56Z"}, "message": "Verify that the classmethod stubs don't persist across blocks", "tree": {"sha": "a8864850cbc6b5374cd600423188dd195b2c366f", "url": "https://api.github.com/repos/jimhopp/mock_exploration/git/trees/a8864850cbc6b5374cd600423188dd195b2c366f"}, "url": "https://api.github.com/repos/jimhopp/mock_exploration/git/commits/ede3e2f824557109cccbe5342114413fbe4a11e9", "comment_count": 0, "verification": {"verified": false, "reason": "unsigned", "signature": null, "payload": null}}, "url": "https://api.github.com/repos/jimhopp/mock_exploration/commits/ede3e2f824557109cccbe5342114413fbe4a11e9", "html_url": "https://github.com/jimhopp/mock_exploration/commit/ede3e2f824557109cccbe5342114413fbe4a11e9", "comments_url": "https://api.github.com/repos/jimhopp/mock_exploration/commits/ede3e2f824557109cccbe5342114413fbe4a11e9/comments", "author": {"login": "rtyler", "id": 26594, "node_id": "MDQ6VXNlcjI2NTk0", "avatar_url": "https://avatars0.githubusercontent.com/u/26594?v=4", "gravatar_id": "", "url": "https://api.github.com/users/rtyler", "html_url": "https://github.com/rtyler", "followers_url": "https://api.github.com/users/rtyler/followers", "following_url": "https://api.github.com/users/rtyler/following{/other_user}", "gists_url": "https://api.github.com/users/rtyler/gists{/gist_id}", "starred_url": "https://api.github.com/users/rtyler/starred{/owner}{/repo}", "subscriptions_url": "https://api.github.com/users/rtyler/subscriptions", "organizations_url": "https://api.github.com/users/rtyler/orgs", "repos_url": "https://api.github.com/users/rtyler/repos", "events_url": "https://api.github.com/users/rtyler/events{/privacy}", "received_events_url": "https://api.github.com/users/rtyler/received_events", "type": "User", "site_admin": false}, "committer": {"login": "rtyler", "id": 26594, "node_id": "MDQ6VXNlcjI2NTk0", "avatar_url": "https://avatars0.githubusercontent.com/u/26594?v=4", "gravatar_id": "", "url": "https://api.github.com/users/rtyler", "html_url": "https://github.com/rtyler", "followers_url": "https://api.github.com/users/rtyler/followers", "following_url": "https://api.github.com/users/rtyler/following{/other_user}", "gists_url": "https://api.github.com/users/rtyler/gists{/gist_id}", "starred_url": "https://api.github.com/users/rtyler/starred{/owner}{/repo}", "subscriptions_url": "https://api.github.com/users/rtyler/subscriptions", "organizations_url": "https://api.github.com/users/rtyler/orgs", "repos_url": "https://api.github.com/users/rtyler/repos", "events_url": "https://api.github.com/users/rtyler/events{/privacy}", "received_events_url": "https://api.github.com/users/rtyler/received_events", "type": "User", "site_admin": false}, "parents": [{"sha": "9488b1203334954d9c239210edd4787c3f0da3a5", "url": "https://api.github.com/repos/jimhopp/mock_exploration/commits/9488b1203334954d9c239210edd4787c3f0da3a5", "html_url": "https://github.com/jimhopp/mock_exploration/commit/9488b1203334954d9c239210edd4787c3f0da3a5"}], "stats": {"total": 5, "additions": 5, "deletions": 0}, "files": [{"sha": "5275a5a6c0241a7ccfe95664066bea3ef383e21a", "filename": "spec/basic_spec.rb", "status": "modified", "additions": 5, "deletions": 0, "changes": 5, "blob_url": "https://github.com/jimhopp/mock_exploration/blob/ede3e2f824557109cccbe5342114413fbe4a11e9/spec/basic_spec.rb", "raw_url": "https://github.com/jimhopp/mock_exploration/raw/ede3e2f824557109cccbe5342114413fbe4a11e9/spec/basic_spec.rb", "contents_url": "https://api.github.com/repos/jimhopp/mock_exploration/contents/spec/basic_spec.rb?ref=ede3e2f824557109cccbe5342114413fbe4a11e9", "patch": "@@ -27,6 +27,11 @@\n     MyClass.stub(:a_class_method).and_return(\"a stubbed method\")\n     MyClass.a_class_method.should match(\"a stubbed method\")\n   end\n+\n+  it \"should not persist class method stubs between blocks\" do\n+    MyClass.a_class_method.should match(\"default class impl\")\n+  end\n+\n   it \"invoking stub on class does not affect instance methods\" do\n     MyClass.stub(:an_instance_method).and_return(\"a stubbed method\")\n     inst = MyClass.new"}]}