{"sha": "fc44b96e84a8473d41f7bdc8176f1b1a7985c804", "node_id": "MDY6Q29tbWl0MzYyMDE5NDpmYzQ0Yjk2ZTg0YTg0NzNkNDFmN2JkYzgxNzZmMWIxYTc5ODVjODA0", "commit": {"author": {"name": "Arend van Beelen", "email": "arendjr@gmail.com", "date": "2013-10-14T12:37:41Z"}, "committer": {"name": "Arend van Beelen", "email": "arendjr@gmail.com", "date": "2013-10-14T12:37:41Z"}, "message": "Don't rely on :selected, makes Select2 compatible with jQuery builds without Sizzle.", "tree": {"sha": "c4976d20848cf42c0fdaaf4fb6f1a7b6de3601d1", "url": "https://api.github.com/repos/select2/select2/git/trees/c4976d20848cf42c0fdaaf4fb6f1a7b6de3601d1"}, "url": "https://api.github.com/repos/select2/select2/git/commits/fc44b96e84a8473d41f7bdc8176f1b1a7985c804", "comment_count": 0, "verification": {"verified": false, "reason": "unsigned", "signature": null, "payload": null}}, "url": "https://api.github.com/repos/select2/select2/commits/fc44b96e84a8473d41f7bdc8176f1b1a7985c804", "html_url": "https://github.com/select2/select2/commit/fc44b96e84a8473d41f7bdc8176f1b1a7985c804", "comments_url": "https://api.github.com/repos/select2/select2/commits/fc44b96e84a8473d41f7bdc8176f1b1a7985c804/comments", "author": {"login": "arendjr", "id": 533294, "node_id": "MDQ6VXNlcjUzMzI5NA==", "avatar_url": "https://avatars0.githubusercontent.com/u/533294?v=4", "gravatar_id": "", "url": "https://api.github.com/users/arendjr", "html_url": "https://github.com/arendjr", "followers_url": "https://api.github.com/users/arendjr/followers", "following_url": "https://api.github.com/users/arendjr/following{/other_user}", "gists_url": "https://api.github.com/users/arendjr/gists{/gist_id}", "starred_url": "https://api.github.com/users/arendjr/starred{/owner}{/repo}", "subscriptions_url": "https://api.github.com/users/arendjr/subscriptions", "organizations_url": "https://api.github.com/users/arendjr/orgs", "repos_url": "https://api.github.com/users/arendjr/repos", "events_url": "https://api.github.com/users/arendjr/events{/privacy}", "received_events_url": "https://api.github.com/users/arendjr/received_events", "type": "User", "site_admin": false}, "committer": {"login": "arendjr", "id": 533294, "node_id": "MDQ6VXNlcjUzMzI5NA==", "avatar_url": "https://avatars0.githubusercontent.com/u/533294?v=4", "gravatar_id": "", "url": "https://api.github.com/users/arendjr", "html_url": "https://github.com/arendjr", "followers_url": "https://api.github.com/users/arendjr/followers", "following_url": "https://api.github.com/users/arendjr/following{/other_user}", "gists_url": "https://api.github.com/users/arendjr/gists{/gist_id}", "starred_url": "https://api.github.com/users/arendjr/starred{/owner}{/repo}", "subscriptions_url": "https://api.github.com/users/arendjr/subscriptions", "organizations_url": "https://api.github.com/users/arendjr/orgs", "repos_url": "https://api.github.com/users/arendjr/repos", "events_url": "https://api.github.com/users/arendjr/events{/privacy}", "received_events_url": "https://api.github.com/users/arendjr/received_events", "type": "User", "site_admin": false}, "parents": [{"sha": "f1807f21779c4eb466243b1102e882f30bbbf47e", "url": "https://api.github.com/repos/select2/select2/commits/f1807f21779c4eb466243b1102e882f30bbbf47e", "html_url": "https://github.com/select2/select2/commit/f1807f21779c4eb466243b1102e882f30bbbf47e"}], "stats": {"total": 8, "additions": 4, "deletions": 4}, "files": [{"sha": "899f5d435406b4dc7e9dc10254ea5d8b0400eed1", "filename": "select2.js", "status": "modified", "additions": 4, "deletions": 4, "changes": 8, "blob_url": "https://github.com/select2/select2/blob/fc44b96e84a8473d41f7bdc8176f1b1a7985c804/select2.js", "raw_url": "https://github.com/select2/select2/raw/fc44b96e84a8473d41f7bdc8176f1b1a7985c804/select2.js", "contents_url": "https://api.github.com/repos/select2/select2/contents/select2.js?ref=fc44b96e84a8473d41f7bdc8176f1b1a7985c804", "patch": "@@ -2119,7 +2119,7 @@ the specific language governing permissions and limitations under the Apache Lic\n         isPlaceholderOptionSelected: function() {\n             var placeholderOption;\n             if (!this.getPlaceholder()) return false; // no placeholder specified so no option should be considered\n-            return ((placeholderOption = this.getPlaceholderOption()) !== undefined && placeholderOption.is(':selected'))\n+            return ((placeholderOption = this.getPlaceholderOption()) !== undefined && placeholderOption.prop(\"selected\"))\n                 || (this.opts.element.val() === \"\")\n                 || (this.opts.element.val() === undefined)\n                 || (this.opts.element.val() === null);\n@@ -2133,7 +2133,7 @@ the specific language governing permissions and limitations under the Apache Lic\n             if (opts.element.get(0).tagName.toLowerCase() === \"select\") {\n                 // install the selection initializer\n                 opts.initSelection = function (element, callback) {\n-                    var selected = element.find(\":selected\");\n+                    var selected = element.find(\"option\").filter(function() { return this.selected });\n                     // a single select box always has a value, no need to null check 'selected'\n                     callback(self.optionToData(selected));\n                 };\n@@ -2303,7 +2303,7 @@ the specific language governing permissions and limitations under the Apache Lic\n             if (this.select) {\n                 this.select\n                     .val(val)\n-                    .find(\":selected\").each2(function (i, elm) {\n+                    .find(\"option\").filter(function() { return this.selected }).each2(function (i, elm) {\n                         data = self.optionToData(elm);\n                         return false;\n                     });\n@@ -2398,7 +2398,7 @@ the specific language governing permissions and limitations under the Apache Lic\n \n                     var data = [];\n \n-                    element.find(\":selected\").each2(function (i, elm) {\n+                    element.find(\"option\").filter(function() { return this.selected }).each2(function (i, elm) {\n                         data.push(self.optionToData(elm));\n                     });\n                     callback(data);"}]}