{"sha": "86e171a234f7457e41b374ebe24021c69423d9cf", "node_id": "MDY6Q29tbWl0NjM1ODE4ODo4NmUxNzFhMjM0Zjc0NTdlNDFiMzc0ZWJlMjQwMjFjNjk0MjNkOWNm", "commit": {"author": {"name": "Justin Borromeo", "email": "jborrome@edu.uwaterloo.ca", "date": "2019-01-18T23:13:11Z"}, "committer": {"name": "Gian Merlino", "email": "gianmerlino@gmail.com", "date": "2019-01-18T23:13:11Z"}, "message": "Doc change and commands tested command on v5 and v8 (#6886)", "tree": {"sha": "7248b9a868720463abfa1eac87a2c46f6c2967b8", "url": "https://api.github.com/repos/apache/incubator-druid/git/trees/7248b9a868720463abfa1eac87a2c46f6c2967b8"}, "url": "https://api.github.com/repos/apache/incubator-druid/git/commits/86e171a234f7457e41b374ebe24021c69423d9cf", "comment_count": 0, "verification": {"verified": false, "reason": "unsigned", "signature": null, "payload": null}}, "url": "https://api.github.com/repos/apache/incubator-druid/commits/86e171a234f7457e41b374ebe24021c69423d9cf", "html_url": "https://github.com/apache/incubator-druid/commit/86e171a234f7457e41b374ebe24021c69423d9cf", "comments_url": "https://api.github.com/repos/apache/incubator-druid/commits/86e171a234f7457e41b374ebe24021c69423d9cf/comments", "author": {"login": "justinborromeo", "id": 9417701, "node_id": "MDQ6VXNlcjk0MTc3MDE=", "avatar_url": "https://avatars0.githubusercontent.com/u/9417701?v=4", "gravatar_id": "", "url": "https://api.github.com/users/justinborromeo", "html_url": "https://github.com/justinborromeo", "followers_url": "https://api.github.com/users/justinborromeo/followers", "following_url": "https://api.github.com/users/justinborromeo/following{/other_user}", "gists_url": "https://api.github.com/users/justinborromeo/gists{/gist_id}", "starred_url": "https://api.github.com/users/justinborromeo/starred{/owner}{/repo}", "subscriptions_url": "https://api.github.com/users/justinborromeo/subscriptions", "organizations_url": "https://api.github.com/users/justinborromeo/orgs", "repos_url": "https://api.github.com/users/justinborromeo/repos", "events_url": "https://api.github.com/users/justinborromeo/events{/privacy}", "received_events_url": "https://api.github.com/users/justinborromeo/received_events", "type": "User", "site_admin": false}, "committer": {"login": "gianm", "id": 1214075, "node_id": "MDQ6VXNlcjEyMTQwNzU=", "avatar_url": "https://avatars3.githubusercontent.com/u/1214075?v=4", "gravatar_id": "", "url": "https://api.github.com/users/gianm", "html_url": "https://github.com/gianm", "followers_url": "https://api.github.com/users/gianm/followers", "following_url": "https://api.github.com/users/gianm/following{/other_user}", "gists_url": "https://api.github.com/users/gianm/gists{/gist_id}", "starred_url": "https://api.github.com/users/gianm/starred{/owner}{/repo}", "subscriptions_url": "https://api.github.com/users/gianm/subscriptions", "organizations_url": "https://api.github.com/users/gianm/orgs", "repos_url": "https://api.github.com/users/gianm/repos", "events_url": "https://api.github.com/users/gianm/events{/privacy}", "received_events_url": "https://api.github.com/users/gianm/received_events", "type": "User", "site_admin": false}, "parents": [{"sha": "cc06e7e2dff26689a1520fdcddd879ba8e8821ec", "url": "https://api.github.com/repos/apache/incubator-druid/commits/cc06e7e2dff26689a1520fdcddd879ba8e8821ec", "html_url": "https://github.com/apache/incubator-druid/commit/cc06e7e2dff26689a1520fdcddd879ba8e8821ec"}], "stats": {"total": 7, "additions": 5, "deletions": 2}, "files": [{"sha": "acd05ca46556c01bc7f69e0e0eacecbb524f761e", "filename": "docs/content/development/extensions-core/mysql.md", "status": "modified", "additions": 5, "deletions": 2, "changes": 7, "blob_url": "https://github.com/apache/incubator-druid/blob/86e171a234f7457e41b374ebe24021c69423d9cf/docs/content/development/extensions-core/mysql.md", "raw_url": "https://github.com/apache/incubator-druid/raw/86e171a234f7457e41b374ebe24021c69423d9cf/docs/content/development/extensions-core/mysql.md", "contents_url": "https://api.github.com/repos/apache/incubator-druid/contents/docs/content/development/extensions-core/mysql.md?ref=86e171a234f7457e41b374ebe24021c69423d9cf", "patch": "@@ -70,8 +70,11 @@ Copy or symlink this file to `extensions/mysql-metadata-storage` under the distr\n   -- create a druid database, make sure to use utf8mb4 as encoding\n   CREATE DATABASE druid DEFAULT CHARACTER SET utf8mb4;\n \n-  -- create a druid user, and grant it all permission on the database we just created\n-  GRANT ALL ON druid.* TO 'druid'@'localhost' IDENTIFIED BY 'diurd';\n+  -- create a druid user\n+  CREATE USER 'druid'@'localhost' IDENTIFIED BY 'diurd';\n+\n+  -- grant the user all the permissions on the database we just created\n+  GRANT ALL PRIVILEGES ON druid.* TO 'druid'@'localhost';\n   ```\n \n 3. Configure your Druid metadata storage extension:"}]}