{"sha": "18f0b8765c3022c6819f9022f92e85a7011748aa", "node_id": "MDY6Q29tbWl0MjA0MDg1NjoxOGYwYjg3NjVjMzAyMmM2ODE5ZjkwMjJmOTJlODVhNzAxMTc0OGFh", "commit": {"author": {"name": "Robert Schweikert", "email": "rjschwei@suse.com", "date": "2011-10-06T15:28:12Z"}, "committer": {"name": "Robert Schweikert", "email": "rjschwei@suse.com", "date": "2011-10-06T15:32:46Z"}, "message": "correct attribute name error, some word smithing around <systemdik> description", "tree": {"sha": "390f87b89e93f5ac5f1af3c5972ace352d1ed7d7", "url": "https://api.github.com/repos/OSInside/kiwi-legacy/git/trees/390f87b89e93f5ac5f1af3c5972ace352d1ed7d7"}, "url": "https://api.github.com/repos/OSInside/kiwi-legacy/git/commits/18f0b8765c3022c6819f9022f92e85a7011748aa", "comment_count": 0, "verification": {"verified": false, "reason": "unsigned", "signature": null, "payload": null}}, "url": "https://api.github.com/repos/OSInside/kiwi-legacy/commits/18f0b8765c3022c6819f9022f92e85a7011748aa", "html_url": "https://github.com/OSInside/kiwi-legacy/commit/18f0b8765c3022c6819f9022f92e85a7011748aa", "comments_url": "https://api.github.com/repos/OSInside/kiwi-legacy/commits/18f0b8765c3022c6819f9022f92e85a7011748aa/comments", "author": {"login": "rjschwei", "id": 1087183, "node_id": "MDQ6VXNlcjEwODcxODM=", "avatar_url": "https://avatars3.githubusercontent.com/u/1087183?v=4", "gravatar_id": "", "url": "https://api.github.com/users/rjschwei", "html_url": "https://github.com/rjschwei", "followers_url": "https://api.github.com/users/rjschwei/followers", "following_url": "https://api.github.com/users/rjschwei/following{/other_user}", "gists_url": "https://api.github.com/users/rjschwei/gists{/gist_id}", "starred_url": "https://api.github.com/users/rjschwei/starred{/owner}{/repo}", "subscriptions_url": "https://api.github.com/users/rjschwei/subscriptions", "organizations_url": "https://api.github.com/users/rjschwei/orgs", "repos_url": "https://api.github.com/users/rjschwei/repos", "events_url": "https://api.github.com/users/rjschwei/events{/privacy}", "received_events_url": "https://api.github.com/users/rjschwei/received_events", "type": "User", "site_admin": false}, "committer": {"login": "rjschwei", "id": 1087183, "node_id": "MDQ6VXNlcjEwODcxODM=", "avatar_url": "https://avatars3.githubusercontent.com/u/1087183?v=4", "gravatar_id": "", "url": "https://api.github.com/users/rjschwei", "html_url": "https://github.com/rjschwei", "followers_url": "https://api.github.com/users/rjschwei/followers", "following_url": "https://api.github.com/users/rjschwei/following{/other_user}", "gists_url": "https://api.github.com/users/rjschwei/gists{/gist_id}", "starred_url": "https://api.github.com/users/rjschwei/starred{/owner}{/repo}", "subscriptions_url": "https://api.github.com/users/rjschwei/subscriptions", "organizations_url": "https://api.github.com/users/rjschwei/orgs", "repos_url": "https://api.github.com/users/rjschwei/repos", "events_url": "https://api.github.com/users/rjschwei/events{/privacy}", "received_events_url": "https://api.github.com/users/rjschwei/received_events", "type": "User", "site_admin": false}, "parents": [{"sha": "ce16c5e467e8871a162a59cbcaeb212534b44774", "url": "https://api.github.com/repos/OSInside/kiwi-legacy/commits/ce16c5e467e8871a162a59cbcaeb212534b44774", "html_url": "https://github.com/OSInside/kiwi-legacy/commit/ce16c5e467e8871a162a59cbcaeb212534b44774"}], "stats": {"total": 49, "additions": 30, "deletions": 19}, "files": [{"sha": "bf4775462707a447b6495f28d2bad9f259802af1", "filename": "doc/docbook/kiwi-doc-description.xml", "status": "modified", "additions": 24, "deletions": 17, "changes": 41, "blob_url": "https://github.com/OSInside/kiwi-legacy/blob/18f0b8765c3022c6819f9022f92e85a7011748aa/doc/docbook/kiwi-doc-description.xml", "raw_url": "https://github.com/OSInside/kiwi-legacy/raw/18f0b8765c3022c6819f9022f92e85a7011748aa/doc/docbook/kiwi-doc-description.xml", "contents_url": "https://api.github.com/repos/OSInside/kiwi-legacy/contents/doc/docbook/kiwi-doc-description.xml?ref=18f0b8765c3022c6819f9022f92e85a7011748aa", "patch": "@@ -708,31 +708,38 @@\n         <varlistentry>\n           <term><sgmltag>systemdisk</sgmltag></term>\n           <listitem>\n-            <para>Using the optional systemdisk section it possible to\n+            <para>Using the optional systemdisk section it is possible to\n               create a LVM (Logical Volume Management) based storage\n-              layout. By default, the volume group is named kiwiVG. It\n+              layout. By default, the volume group is named\n+              <emphasis>kiwiVG</emphasis>. It\n               is possible to change the name of the group by setting the\n-                <sgmltag class=\"attribute\">lvmgroup</sgmltag> attribute\n+              <sgmltag class=\"attribute\">name</sgmltag> attribute\n               to the desired name. Individual volumes within the volume\n-              group are specified using the <sgmltag>volume</sgmltag>\n-              element. </para>\n+              group are specified using the\n+              <sgmltag class=\"element\">volume</sgmltag> element. </para>\n             <para>The following example shows the creation of a volume\n-              named usr and a volume named var inside the volume group\n-              systemVG. </para>\n+              named <emphasis role=\"italic\">usr</emphasis> and a volume\n+              named <emphasis role=\"italic\">var</emphasis> inside the volume\n+              group systemVG.</para>\n             <screen> &lt;systemdisk name=\"systemVG\"&gt; \n   &lt;volume name=\"usr\" freespace=\"100M\"/&gt; \n   &lt;volume name=\"var\" size=\"200M\"/&gt; \n &lt;/systemdisk&gt;</screen>\n-            <para>With the optional <sgmltag class=\"attribute\"\n-                >freespace</sgmltag> attribute it is possible to add\n-              space to the volume. If the freespace attribute is not set\n-              the created volume will be 80\u2009% to 90\u2009% full. Using the\n-              optional <sgmltag class=\"attribute\">size</sgmltag>\n-              attribute the absolute size of the given volume is\n-              specified. The size attribute takes precedence over the\n-              freespace attribute. Should the specified size be too\n-              small the value will be ignored and a volume with\n-              approximately 80\u2009% to 90\u2009% fill will be created. </para>\n+            <para>The optional attribute\n+              <sgmltag class=\"attribute\">freespace</sgmltag> controls the\n+              amount of unused space available after software has been\n+              installed in the given volume. By default the available space\n+              of a created volume is between 10% and 20%. Using the optional\n+              <sgmltag class=\"attribute\">size</sgmltag> attribute the\n+              absolute size of the given volume is specified. The\n+              <sgmltag class=\"attribute\">size</sgmltag> attribute takes\n+              precedence over the\n+              <sgmltag class=\"attribute\">freespace</sgmltag> attribute. If\n+              the specified size is insufficient, based on the estimated\n+              software install size for the given volume, the specified\n+              value will be ignored and a volume with default settings will\n+              be created. This implies that the volume will be 80% to 90%\n+              full. </para>\n           </listitem>\n         </varlistentry>\n         <varlistentry>"}, {"sha": "acf5651482b1b589ea187692f49041f96dd4ff98", "filename": "doc/docbook/kiwi-doc-oem.xml", "status": "modified", "additions": 6, "deletions": 2, "changes": 8, "blob_url": "https://github.com/OSInside/kiwi-legacy/blob/18f0b8765c3022c6819f9022f92e85a7011748aa/doc/docbook/kiwi-doc-oem.xml", "raw_url": "https://github.com/OSInside/kiwi-legacy/raw/18f0b8765c3022c6819f9022f92e85a7011748aa/doc/docbook/kiwi-doc-oem.xml", "contents_url": "https://api.github.com/repos/OSInside/kiwi-legacy/contents/doc/docbook/kiwi-doc-oem.xml?ref=18f0b8765c3022c6819f9022f92e85a7011748aa", "patch": "@@ -194,8 +194,12 @@\n         (resize/increase) the group and the volumes inside. Support for\n         LVM has been added for all disk based image types. This includes\n         the vmx and oem image types. In order to use LVM the existence\n-        of a, at least empty, <sgmltag>systemdisk</sgmltag> section is\n-        required.\n+        of a <sgmltag class=\"element\" >systemdisk</sgmltag> section is\n+        required. The <sgmltag class=\"element\" >systemdisk</sgmltag>\n+        specification may be empty. An empty\n+        <sgmltag class=\"element\" >systemdisk</sgmltag> specification triggers\n+        the creation of one LVM root volume with the default\n+        <emphasis>kiwiVG</emphasis> name.\n       </para>\n \n       <screen><command>kiwi</command> --create /tmp/myoem --type oem<!-- "}]}