{"sha": "4c62ef4a2809e7ee349420dba90992209707ea5f", "node_id": "MDY6Q29tbWl0OTM5ODEwOjRjNjJlZjRhMjgwOWU3ZWUzNDk0MjBkYmE5MDk5MjIwOTcwN2VhNWY=", "commit": {"author": {"name": "Joshua Cohen", "email": "defeated@gmail.com", "date": "2011-03-15T18:23:30Z"}, "committer": {"name": "Joshua Cohen", "email": "defeated@gmail.com", "date": "2011-03-15T18:23:30Z"}, "message": "Updated to support express 2.x", "tree": {"sha": "93be6fc067df3f84d98a32657dae77ab50efc8b0", "url": "https://api.github.com/repos/pillarjs/hbs/git/trees/93be6fc067df3f84d98a32657dae77ab50efc8b0"}, "url": "https://api.github.com/repos/pillarjs/hbs/git/commits/4c62ef4a2809e7ee349420dba90992209707ea5f", "comment_count": 0, "verification": {"verified": false, "reason": "unsigned", "signature": null, "payload": null}}, "url": "https://api.github.com/repos/pillarjs/hbs/commits/4c62ef4a2809e7ee349420dba90992209707ea5f", "html_url": "https://github.com/pillarjs/hbs/commit/4c62ef4a2809e7ee349420dba90992209707ea5f", "comments_url": "https://api.github.com/repos/pillarjs/hbs/commits/4c62ef4a2809e7ee349420dba90992209707ea5f/comments", "author": {"login": "jcohen", "id": 243198, "node_id": "MDQ6VXNlcjI0MzE5OA==", "avatar_url": "https://avatars0.githubusercontent.com/u/243198?v=4", "gravatar_id": "", "url": "https://api.github.com/users/jcohen", "html_url": "https://github.com/jcohen", "followers_url": "https://api.github.com/users/jcohen/followers", "following_url": "https://api.github.com/users/jcohen/following{/other_user}", "gists_url": "https://api.github.com/users/jcohen/gists{/gist_id}", "starred_url": "https://api.github.com/users/jcohen/starred{/owner}{/repo}", "subscriptions_url": "https://api.github.com/users/jcohen/subscriptions", "organizations_url": "https://api.github.com/users/jcohen/orgs", "repos_url": "https://api.github.com/users/jcohen/repos", "events_url": "https://api.github.com/users/jcohen/events{/privacy}", "received_events_url": "https://api.github.com/users/jcohen/received_events", "type": "User", "site_admin": false}, "committer": {"login": "jcohen", "id": 243198, "node_id": "MDQ6VXNlcjI0MzE5OA==", "avatar_url": "https://avatars0.githubusercontent.com/u/243198?v=4", "gravatar_id": "", "url": "https://api.github.com/users/jcohen", "html_url": "https://github.com/jcohen", "followers_url": "https://api.github.com/users/jcohen/followers", "following_url": "https://api.github.com/users/jcohen/following{/other_user}", "gists_url": "https://api.github.com/users/jcohen/gists{/gist_id}", "starred_url": "https://api.github.com/users/jcohen/starred{/owner}{/repo}", "subscriptions_url": "https://api.github.com/users/jcohen/subscriptions", "organizations_url": "https://api.github.com/users/jcohen/orgs", "repos_url": "https://api.github.com/users/jcohen/repos", "events_url": "https://api.github.com/users/jcohen/events{/privacy}", "received_events_url": "https://api.github.com/users/jcohen/received_events", "type": "User", "site_admin": false}, "parents": [{"sha": "80d34841c86678cb7df538a875451ea1e83800f6", "url": "https://api.github.com/repos/pillarjs/hbs/commits/80d34841c86678cb7df538a875451ea1e83800f6", "html_url": "https://github.com/pillarjs/hbs/commit/80d34841c86678cb7df538a875451ea1e83800f6"}], "stats": {"total": 10, "additions": 3, "deletions": 7}, "files": [{"sha": "bab709f21f5daa93a424a097f9e35297700e4868", "filename": "lib/hbs.js", "status": "modified", "additions": 3, "deletions": 7, "changes": 10, "blob_url": "https://github.com/pillarjs/hbs/blob/4c62ef4a2809e7ee349420dba90992209707ea5f/lib/hbs.js", "raw_url": "https://github.com/pillarjs/hbs/raw/4c62ef4a2809e7ee349420dba90992209707ea5f/lib/hbs.js", "contents_url": "https://api.github.com/repos/pillarjs/hbs/contents/lib/hbs.js?ref=4c62ef4a2809e7ee349420dba90992209707ea5f", "patch": "@@ -4,13 +4,9 @@ var compile = exports.compile = function (source, options) {\n                 (exports.handlebars = require(exports.handlebarsPath ||\n                         '../support/handlebars/lib/handlebars'));\n         var template = handlebars.compile(source);\n-\t\treturn function (options) {\n-\t\t\tvar locals = options.locals || (options.locals = {});\n-\t\t\tif (options.body) { // for express.js > v1.0\n-\t\t\t    locals.body = options.body;\n-\t\t\t}\n-\t\t\treturn template(locals, options.blockHelpers);\n-\t\t};\n+        return function (options) {\n+            return template(options, options.blockHelpers);\n+        };\n     } else {\n         return source;\n     }"}]}