{"sha": "8cce8723ac256f58f97a45bec3efdeb3abffa0e8", "node_id": "MDY6Q29tbWl0MTI1MjE4NzQ6OGNjZTg3MjNhYzI1NmY1OGY5N2E0NWJlYzNlZmRlYjNhYmZmYTBlOA==", "commit": {"author": {"name": "takuti", "email": "k.takuti@gmail.com", "date": "2014-03-25T16:34:15Z"}, "committer": {"name": "takuti", "email": "k.takuti@gmail.com", "date": "2014-03-25T16:34:15Z"}, "message": "Update pageless_redirects.rb", "tree": {"sha": "54cd363c4944241ca237539e8f1fbe6ebc3518eb", "url": "https://api.github.com/repos/nquinlan/jekyll-pageless-redirects/git/trees/54cd363c4944241ca237539e8f1fbe6ebc3518eb"}, "url": "https://api.github.com/repos/nquinlan/jekyll-pageless-redirects/git/commits/8cce8723ac256f58f97a45bec3efdeb3abffa0e8", "comment_count": 0, "verification": {"verified": false, "reason": "unsigned", "signature": null, "payload": null}}, "url": "https://api.github.com/repos/nquinlan/jekyll-pageless-redirects/commits/8cce8723ac256f58f97a45bec3efdeb3abffa0e8", "html_url": "https://github.com/nquinlan/jekyll-pageless-redirects/commit/8cce8723ac256f58f97a45bec3efdeb3abffa0e8", "comments_url": "https://api.github.com/repos/nquinlan/jekyll-pageless-redirects/commits/8cce8723ac256f58f97a45bec3efdeb3abffa0e8/comments", "author": {"login": "takuti", "id": 853567, "node_id": "MDQ6VXNlcjg1MzU2Nw==", "avatar_url": "https://avatars1.githubusercontent.com/u/853567?v=4", "gravatar_id": "", "url": "https://api.github.com/users/takuti", "html_url": "https://github.com/takuti", "followers_url": "https://api.github.com/users/takuti/followers", "following_url": "https://api.github.com/users/takuti/following{/other_user}", "gists_url": "https://api.github.com/users/takuti/gists{/gist_id}", "starred_url": "https://api.github.com/users/takuti/starred{/owner}{/repo}", "subscriptions_url": "https://api.github.com/users/takuti/subscriptions", "organizations_url": "https://api.github.com/users/takuti/orgs", "repos_url": "https://api.github.com/users/takuti/repos", "events_url": "https://api.github.com/users/takuti/events{/privacy}", "received_events_url": "https://api.github.com/users/takuti/received_events", "type": "User", "site_admin": false}, "committer": {"login": "takuti", "id": 853567, "node_id": "MDQ6VXNlcjg1MzU2Nw==", "avatar_url": "https://avatars1.githubusercontent.com/u/853567?v=4", "gravatar_id": "", "url": "https://api.github.com/users/takuti", "html_url": "https://github.com/takuti", "followers_url": "https://api.github.com/users/takuti/followers", "following_url": "https://api.github.com/users/takuti/following{/other_user}", "gists_url": "https://api.github.com/users/takuti/gists{/gist_id}", "starred_url": "https://api.github.com/users/takuti/starred{/owner}{/repo}", "subscriptions_url": "https://api.github.com/users/takuti/subscriptions", "organizations_url": "https://api.github.com/users/takuti/orgs", "repos_url": "https://api.github.com/users/takuti/repos", "events_url": "https://api.github.com/users/takuti/events{/privacy}", "received_events_url": "https://api.github.com/users/takuti/received_events", "type": "User", "site_admin": false}, "parents": [{"sha": "6e9e74117f848b30b1780f0e929aefded88621a9", "url": "https://api.github.com/repos/nquinlan/jekyll-pageless-redirects/commits/6e9e74117f848b30b1780f0e929aefded88621a9", "html_url": "https://github.com/nquinlan/jekyll-pageless-redirects/commit/6e9e74117f848b30b1780f0e929aefded88621a9"}], "stats": {"total": 2, "additions": 1, "deletions": 1}, "files": [{"sha": "01981e4b2e6204c16551eecc9b740f99a9b09920", "filename": "pageless_redirects.rb", "status": "modified", "additions": 1, "deletions": 1, "changes": 2, "blob_url": "https://github.com/nquinlan/jekyll-pageless-redirects/blob/8cce8723ac256f58f97a45bec3efdeb3abffa0e8/pageless_redirects.rb", "raw_url": "https://github.com/nquinlan/jekyll-pageless-redirects/raw/8cce8723ac256f58f97a45bec3efdeb3abffa0e8/pageless_redirects.rb", "contents_url": "https://api.github.com/repos/nquinlan/jekyll-pageless-redirects/contents/pageless_redirects.rb?ref=8cce8723ac256f58f97a45bec3efdeb3abffa0e8", "patch": "@@ -93,7 +93,7 @@ def process_json\n         file = File.new(file_path, \"r\")\n         content = JSON.parse(file.read)\n         content.each do |a, b|\n-            generate_aliases(a, b)\n+            generate_aliases(b, a)\n         end\n         file.close\n       end"}]}