{"sha": "ff603c63bb3e0b47ce14121bb0e96ce0fc42d3c1", "node_id": "MDY6Q29tbWl0MjIxMTI0MzpmZjYwM2M2M2JiM2UwYjQ3Y2UxNDEyMWJiMGU5NmNlMGZjNDJkM2Mx", "commit": {"author": {"name": "A. Sophie Blee-Goldman", "email": "ableegoldman@gmail.com", "date": "2019-02-21T03:09:50Z"}, "committer": {"name": "Guozhang Wang", "email": "wangguoz@gmail.com", "date": "2019-02-21T03:09:50Z"}, "message": "KAFKA-4730: Streams does not have an in-memory windowed store (#6239)\n\nImplemented an in-memory window store allowing for range queries. A finite retention period defines how long records will be kept, ie the window of time for fetching, and the grace period defines the window within which late-arriving data may still be written to the store.\r\n\r\nUnit tests were written to test the functionality of the window store, including its insert/update/delete and fetch operations. Single-record, all records, and range fetch were tested, for both time ranges and key ranges. The logging and metrics for late-arriving (dropped)records were tested as well as the ability to restore from a changelog.\r\n\r\nReviewers: John Roesler <john@confluent.io>, Matthias J. Sax <matthias@confluent.io>, Bill Bejeck <bill@confluent.io>, Guozhang Wang <wangguoz@gmail.com>", "tree": {"sha": "be59b399df239613904c6ee6bfecae928411b35e", "url": "https://api.github.com/repos/apache/kafka/git/trees/be59b399df239613904c6ee6bfecae928411b35e"}, "url": "https://api.github.com/repos/apache/kafka/git/commits/ff603c63bb3e0b47ce14121bb0e96ce0fc42d3c1", "comment_count": 0, "verification": {"verified": false, "reason": "unsigned", "signature": null, "payload": null}}, "url": "https://api.github.com/repos/apache/kafka/commits/ff603c63bb3e0b47ce14121bb0e96ce0fc42d3c1", "html_url": "https://github.com/apache/kafka/commit/ff603c63bb3e0b47ce14121bb0e96ce0fc42d3c1", "comments_url": "https://api.github.com/repos/apache/kafka/commits/ff603c63bb3e0b47ce14121bb0e96ce0fc42d3c1/comments", "author": {"login": "ableegoldman", "id": 4843099, "node_id": "MDQ6VXNlcjQ4NDMwOTk=", "avatar_url": "https://avatars3.githubusercontent.com/u/4843099?v=4", "gravatar_id": "", "url": "https://api.github.com/users/ableegoldman", "html_url": "https://github.com/ableegoldman", "followers_url": "https://api.github.com/users/ableegoldman/followers", "following_url": "https://api.github.com/users/ableegoldman/following{/other_user}", "gists_url": "https://api.github.com/users/ableegoldman/gists{/gist_id}", "starred_url": "https://api.github.com/users/ableegoldman/starred{/owner}{/repo}", "subscriptions_url": "https://api.github.com/users/ableegoldman/subscriptions", "organizations_url": "https://api.github.com/users/ableegoldman/orgs", "repos_url": "https://api.github.com/users/ableegoldman/repos", "events_url": "https://api.github.com/users/ableegoldman/events{/privacy}", "received_events_url": "https://api.github.com/users/ableegoldman/received_events", "type": "User", "site_admin": false}, "committer": {"login": "guozhangwang", "id": 10729597, "node_id": "MDQ6VXNlcjEwNzI5NTk3", "avatar_url": "https://avatars0.githubusercontent.com/u/10729597?v=4", "gravatar_id": "", "url": "https://api.github.com/users/guozhangwang", "html_url": "https://github.com/guozhangwang", "followers_url": "https://api.github.com/users/guozhangwang/followers", "following_url": "https://api.github.com/users/guozhangwang/following{/other_user}", "gists_url": "https://api.github.com/users/guozhangwang/gists{/gist_id}", "starred_url": "https://api.github.com/users/guozhangwang/starred{/owner}{/repo}", "subscriptions_url": "https://api.github.com/users/guozhangwang/subscriptions", "organizations_url": "https://api.github.com/users/guozhangwang/orgs", "repos_url": "https://api.github.com/users/guozhangwang/repos", "events_url": "https://api.github.com/users/guozhangwang/events{/privacy}", "received_events_url": "https://api.github.com/users/guozhangwang/received_events", "type": "User", "site_admin": false}, "parents": [{"sha": "071f62a356e2f3e1255b48597ef5468cffe9dd29", "url": "https://api.github.com/repos/apache/kafka/commits/071f62a356e2f3e1255b48597ef5468cffe9dd29", "html_url": "https://github.com/apache/kafka/commit/071f62a356e2f3e1255b48597ef5468cffe9dd29"}], "stats": {"total": 1007, "additions": 1005, "deletions": 2}, "files": [{"sha": "5ba9deff1203ef2c5376d874ca95939c846933bc", "filename": "docs/ops.html", "status": "modified", "additions": 1, "deletions": 0, "changes": 1, "blob_url": "https://github.com/apache/kafka/blob/ff603c63bb3e0b47ce14121bb0e96ce0fc42d3c1/docs/ops.html", "raw_url": "https://github.com/apache/kafka/raw/ff603c63bb3e0b47ce14121bb0e96ce0fc42d3c1/docs/ops.html", "contents_url": "https://api.github.com/repos/apache/kafka/contents/docs/ops.html?ref=ff603c63bb3e0b47ce14121bb0e96ce0fc42d3c1", "patch": "@@ -1728,6 +1728,7 @@ <h5><a id=\"kafka_streams_store_monitoring\" href=\"#kafka_streams_store_monitoring\n   <ul>\n     <li><code>in-memory-state</code></li>\n     <li><code>in-memory-lru-state</code></li>\n+    <li><code>in-memory-window-state</code></li>\n     <li><code>rocksdb-state</code> (for RocksDB backed key-value store)</li>\n     <li><code>rocksdb-window-state</code> (for RocksDB backed window store)</li>\n     <li><code>rocksdb-session-state</code> (for RocksDB backed session store)</li>"}, {"sha": "4a060a6c399324252d38b9df50af2ffeea99a1cf", "filename": "docs/streams/developer-guide/processor-api.html", "status": "modified", "additions": 3, "deletions": 1, "changes": 4, "blob_url": "https://github.com/apache/kafka/blob/ff603c63bb3e0b47ce14121bb0e96ce0fc42d3c1/docs/streams/developer-guide/processor-api.html", "raw_url": "https://github.com/apache/kafka/raw/ff603c63bb3e0b47ce14121bb0e96ce0fc42d3c1/docs/streams/developer-guide/processor-api.html", "contents_url": "https://api.github.com/repos/apache/kafka/contents/docs/streams/developer-guide/processor-api.html?ref=ff603c63bb3e0b47ce14121bb0e96ce0fc42d3c1", "patch": "@@ -227,7 +227,7 @@ <h2>\n                                 space.</li>\n                             <li>RocksDB settings can be fine-tuned, see\n                                 <a class=\"reference internal\" href=\"config-streams.html#streams-developer-guide-rocksdb-config\"><span class=\"std std-ref\">RocksDB configuration</span></a>.</li>\n-                            <li>Available <a class=\"reference external\" href=\"/{{version}}/javadoc/org/apache/kafka/streams/state/Stores.PersistentKeyValueFactory.html\">store variants</a>:\n+                            <li>Available <a class=\"reference external\" href=\"/{{version}}/javadoc/org/apache/kafka/streams/state/Stores.html#persistentKeyValueStore-java.lang.String-\">store variants</a>:\n                                 time window key-value store, session window key-value store.</li>\n                         </ul>\n                             <div class=\"highlight-java\"><div class=\"highlight\"><pre><span></span><span class=\"c1\">// Creating a persistent key-value store:</span>\n@@ -258,6 +258,8 @@ <h2>\n                             <li>Useful when application instances run in an environment where local\n                                 disk space is either not available or local disk space is wiped\n                                 in-between app instance restarts.</li>\n+                            <li>Available <a class=\"reference external\" href=\"/{{version}}/javadoc/org/apache/kafka/streams/state/Stores.html#inMemoryKeyValueStore-java.lang.String-\">store variants</a>:\n+                                time window key-value store</li>\n                         </ul>\n                             <div class=\"highlight-java\"><div class=\"highlight\"><pre><span></span><span class=\"c1\">// Creating an in-memory key-value store:</span>\n <span class=\"c1\">// here, we create a `KeyValueStore&lt;String, Long&gt;` named &quot;inmemory-counts&quot;.</span>"}, {"sha": "b4d957a79e791ab97b9c43d039c678a22fa0e5d8", "filename": "docs/streams/upgrade-guide.html", "status": "modified", "additions": 5, "deletions": 0, "changes": 5, "blob_url": "https://github.com/apache/kafka/blob/ff603c63bb3e0b47ce14121bb0e96ce0fc42d3c1/docs/streams/upgrade-guide.html", "raw_url": "https://github.com/apache/kafka/raw/ff603c63bb3e0b47ce14121bb0e96ce0fc42d3c1/docs/streams/upgrade-guide.html", "contents_url": "https://api.github.com/repos/apache/kafka/contents/docs/streams/upgrade-guide.html?ref=ff603c63bb3e0b47ce14121bb0e96ce0fc42d3c1", "patch": "@@ -68,6 +68,11 @@ <h1>Upgrade Guide and API Changes</h1>\n         More details about the new config <code>StreamsConfig#TOPOLOGY_OPTIMIZATION</code> can be found in <a href=\"https://cwiki.apache.org/confluence/display/KAFKA/KIP-295%3A+Add+Streams+Configuration+Allowing+for+Optional+Topology+Optimization\">KIP-295</a>.\n     </p>\n \n+    <h3><a id=\"streams_api_changes_230\" href=\"#streams_api_changes_230\">Streams API changes in 2.3.0</a></h3>\n+    <p>\n+        As of 2.3.0 Streams now offers an in-memory version of the window store, in addition to the persistent one based on RocksDB. The new public interface <code>inMemoryWindowStore()</code> is added to Stores that provides a built-in in-memory window store.\n+    </p>\n+\n     <h3><a id=\"streams_api_changes_220\" href=\"#streams_api_changes_220\">Streams API changes in 2.2.0</a></h3>\n     <p>\n         We've simplified the <code>KafkaStreams#state</code> transition diagram during the starting up phase a bit in 2.2.0: in older versions the state will transit from <code>CREATED</code> to <code>RUNNING</code>, and then to <code>REBALANCING</code> to get the first"}, {"sha": "d8b19fd20b3734e77a150b871a3b52806826795f", "filename": "streams/src/main/java/org/apache/kafka/streams/state/Stores.java", "status": "modified", "additions": 39, "deletions": 1, "changes": 40, "blob_url": "https://github.com/apache/kafka/blob/ff603c63bb3e0b47ce14121bb0e96ce0fc42d3c1/streams/src/main/java/org/apache/kafka/streams/state/Stores.java", "raw_url": "https://github.com/apache/kafka/raw/ff603c63bb3e0b47ce14121bb0e96ce0fc42d3c1/streams/src/main/java/org/apache/kafka/streams/state/Stores.java", "contents_url": "https://api.github.com/repos/apache/kafka/contents/streams/src/main/java/org/apache/kafka/streams/state/Stores.java?ref=ff603c63bb3e0b47ce14121bb0e96ce0fc42d3c1", "patch": "@@ -23,6 +23,7 @@\n import org.apache.kafka.common.utils.Time;\n import org.apache.kafka.streams.internals.ApiUtils;\n import org.apache.kafka.streams.state.internals.InMemoryKeyValueStore;\n+import org.apache.kafka.streams.state.internals.InMemoryWindowBytesStoreSupplier;\n import org.apache.kafka.streams.state.internals.KeyValueStoreBuilder;\n import org.apache.kafka.streams.state.internals.MemoryNavigableLRUCache;\n import org.apache.kafka.streams.state.internals.RocksDbKeyValueBytesStoreSupplier;\n@@ -143,6 +144,43 @@ public String metricsScope() {\n         };\n     }\n \n+    /**\n+     * Create an in-memory {@link WindowBytesStoreSupplier}.\n+     * @param name                  name of the store (cannot be {@code null})\n+     * @param retentionPeriod       length of time to retain data in the store (cannot be negative)\n+     *                              Note that the retention period must be at least long enough to contain the\n+     *                              windowed data's entire life cycle, from window-start through window-end,\n+     *                              and for the entire grace period.\n+     * @param windowSize            size of the windows (cannot be negative)\n+     * @return an instance of {@link WindowBytesStoreSupplier}\n+     * @throws IllegalArgumentException if {@code retentionPeriod} or {@code windowSize} can't be represented as {@code long milliseconds}\n+     */\n+    public static WindowBytesStoreSupplier inMemoryWindowStore(final String name,\n+                                                               final Duration retentionPeriod,\n+                                                               final Duration windowSize,\n+                                                               final boolean retainDuplicates) throws IllegalArgumentException {\n+        Objects.requireNonNull(name, \"name cannot be null\");\n+        final String rpMsgPrefix = prepareMillisCheckFailMsgPrefix(retentionPeriod, \"retentionPeriod\");\n+        final long retentionMs = ApiUtils.validateMillisecondDuration(retentionPeriod, rpMsgPrefix);\n+        final String wsMsgPrefix = prepareMillisCheckFailMsgPrefix(windowSize, \"windowSize\");\n+        final long windowSizeMs = ApiUtils.validateMillisecondDuration(windowSize, wsMsgPrefix);\n+\n+        Objects.requireNonNull(name, \"name cannot be null\");\n+        if (retentionMs < 0L) {\n+            throw new IllegalArgumentException(\"retentionPeriod cannot be negative\");\n+        }\n+        if (windowSizeMs < 0L) {\n+            throw new IllegalArgumentException(\"windowSize cannot be negative\");\n+        }\n+        if (windowSizeMs > retentionMs) {\n+            throw new IllegalArgumentException(\"The retention period of the window store \"\n+                + name + \" must be no smaller than its window size. Got size=[\"\n+                + windowSize + \"], retention=[\" + retentionPeriod + \"]\");\n+        }\n+\n+        return new InMemoryWindowBytesStoreSupplier(name, retentionMs, windowSizeMs, retainDuplicates);\n+    }\n+\n     /**\n      * Create a persistent {@link WindowBytesStoreSupplier}.\n      * @param name                  name of the store (cannot be {@code null})\n@@ -166,7 +204,7 @@ public static WindowBytesStoreSupplier persistentWindowStore(final String name,\n                                                                  final long windowSize,\n                                                                  final boolean retainDuplicates) {\n         if (numSegments < 2) {\n-            throw new IllegalArgumentException(\"numSegments cannot must smaller than 2\");\n+            throw new IllegalArgumentException(\"numSegments cannot be smaller than 2\");\n         }\n \n         final long legacySegmentInterval = Math.max(retentionPeriod / (numSegments - 1), 60_000L);"}, {"sha": "a6709ae64e210c30a2c7bc59b8f752d7fbfe4079", "filename": "streams/src/main/java/org/apache/kafka/streams/state/internals/InMemoryWindowBytesStoreSupplier.java", "status": "added", "additions": 88, "deletions": 0, "changes": 88, "blob_url": "https://github.com/apache/kafka/blob/ff603c63bb3e0b47ce14121bb0e96ce0fc42d3c1/streams/src/main/java/org/apache/kafka/streams/state/internals/InMemoryWindowBytesStoreSupplier.java", "raw_url": "https://github.com/apache/kafka/raw/ff603c63bb3e0b47ce14121bb0e96ce0fc42d3c1/streams/src/main/java/org/apache/kafka/streams/state/internals/InMemoryWindowBytesStoreSupplier.java", "contents_url": "https://api.github.com/repos/apache/kafka/contents/streams/src/main/java/org/apache/kafka/streams/state/internals/InMemoryWindowBytesStoreSupplier.java?ref=ff603c63bb3e0b47ce14121bb0e96ce0fc42d3c1", "patch": "@@ -0,0 +1,88 @@\n+/*\n+ * Licensed to the Apache Software Foundation (ASF) under one or more\n+ * contributor license agreements. See the NOTICE file distributed with\n+ * this work for additional information regarding copyright ownership.\n+ * The ASF licenses this file to You under the Apache License, Version 2.0\n+ * (the \"License\"); you may not use this file except in compliance with\n+ * the License. You may obtain a copy of the License at\n+ *\n+ *    http://www.apache.org/licenses/LICENSE-2.0\n+ *\n+ * Unless required by applicable law or agreed to in writing, software\n+ * distributed under the License is distributed on an \"AS IS\" BASIS,\n+ * WITHOUT WARRANTIES OR CONDITIONS OF ANY KIND, either express or implied.\n+ * See the License for the specific language governing permissions and\n+ * limitations under the License.\n+ */\n+package org.apache.kafka.streams.state.internals;\n+\n+import org.apache.kafka.common.serialization.Serdes;\n+import org.apache.kafka.common.utils.Bytes;\n+import org.apache.kafka.streams.state.WindowBytesStoreSupplier;\n+import org.apache.kafka.streams.state.WindowStore;\n+\n+public class InMemoryWindowBytesStoreSupplier implements WindowBytesStoreSupplier {\n+    private final String name;\n+    private final long retentionPeriod;\n+    private final long windowSize;\n+    private final boolean retainDuplicates;\n+\n+    public InMemoryWindowBytesStoreSupplier(final String name,\n+                                            final long retentionPeriod,\n+                                            final long windowSize,\n+                                            final boolean retainDuplicates) {\n+        this.name = name;\n+        this.retentionPeriod = retentionPeriod;\n+        this.windowSize = windowSize;\n+        this.retainDuplicates = retainDuplicates;\n+    }\n+\n+    @Override\n+    public String name() {\n+        return name;\n+    }\n+\n+    @Override\n+    public WindowStore<Bytes, byte[]> get() {\n+        return new InMemoryWindowStore<>(name,\n+                                         Serdes.Bytes(),\n+                                         Serdes.ByteArray(),\n+                                         retentionPeriod,\n+                                         windowSize,\n+                                         retainDuplicates,\n+                                         metricsScope());\n+    }\n+\n+    @Override\n+    public String metricsScope() {\n+        return \"in-memory-window-state\";\n+    }\n+\n+    @Deprecated\n+    @Override\n+    public int segments() {\n+        throw new IllegalStateException(\"Segments is deprecated and should not be called\");\n+    }\n+\n+    @Override\n+    public long retentionPeriod() {\n+        return retentionPeriod;\n+    }\n+\n+\n+    @Override\n+    public long windowSize() {\n+        return windowSize;\n+    }\n+\n+    // In-memory window store is not *really* segmented, so just say size is 1 ms\n+    @Override\n+    public long segmentIntervalMs() {\n+        return 1;\n+    }\n+\n+    @Override\n+    public boolean retainDuplicates() {\n+        return retainDuplicates;\n+    }\n+}"}, {"sha": "6e9b96bd3cf040221858c0964f6fcfcc68e66bae", "filename": "streams/src/main/java/org/apache/kafka/streams/state/internals/InMemoryWindowStore.java", "status": "added", "additions": 393, "deletions": 0, "changes": 393, "blob_url": "https://github.com/apache/kafka/blob/ff603c63bb3e0b47ce14121bb0e96ce0fc42d3c1/streams/src/main/java/org/apache/kafka/streams/state/internals/InMemoryWindowStore.java", "raw_url": "https://github.com/apache/kafka/raw/ff603c63bb3e0b47ce14121bb0e96ce0fc42d3c1/streams/src/main/java/org/apache/kafka/streams/state/internals/InMemoryWindowStore.java", "contents_url": "https://api.github.com/repos/apache/kafka/contents/streams/src/main/java/org/apache/kafka/streams/state/internals/InMemoryWindowStore.java?ref=ff603c63bb3e0b47ce14121bb0e96ce0fc42d3c1", "patch": "@@ -0,0 +1,393 @@\n+/*\n+ * Licensed to the Apache Software Foundation (ASF) under one or more\n+ * contributor license agreements. See the NOTICE file distributed with\n+ * this work for additional information regarding copyright ownership.\n+ * The ASF licenses this file to You under the Apache License, Version 2.0\n+ * (the \"License\"); you may not use this file except in compliance with\n+ * the License. You may obtain a copy of the License at\n+ *\n+ *    http://www.apache.org/licenses/LICENSE-2.0\n+ *\n+ * Unless required by applicable law or agreed to in writing, software\n+ * distributed under the License is distributed on an \"AS IS\" BASIS,\n+ * WITHOUT WARRANTIES OR CONDITIONS OF ANY KIND, either express or implied.\n+ * See the License for the specific language governing permissions and\n+ * limitations under the License.\n+ */\n+package org.apache.kafka.streams.state.internals;\n+\n+import org.apache.kafka.clients.consumer.ConsumerRecord;\n+import org.apache.kafka.common.metrics.Sensor;\n+import org.apache.kafka.common.serialization.Serde;\n+import org.apache.kafka.streams.KeyValue;\n+import org.apache.kafka.streams.kstream.Windowed;\n+import org.apache.kafka.streams.kstream.internals.TimeWindow;\n+import org.apache.kafka.streams.processor.ProcessorContext;\n+import org.apache.kafka.streams.processor.StateStore;\n+import org.apache.kafka.streams.processor.internals.InternalProcessorContext;\n+import org.apache.kafka.streams.processor.internals.ProcessorStateManager;\n+import org.apache.kafka.streams.processor.internals.metrics.StreamsMetricsImpl;\n+import org.apache.kafka.streams.state.StateSerdes;\n+import org.apache.kafka.streams.state.WindowStore;\n+import org.apache.kafka.streams.state.WindowStoreIterator;\n+import org.apache.kafka.streams.state.KeyValueIterator;\n+import org.slf4j.Logger;\n+import org.slf4j.LoggerFactory;\n+\n+import java.util.LinkedList;\n+import java.util.List;\n+import java.util.ListIterator;\n+import java.util.Map;\n+import java.util.Map.Entry;\n+import java.util.NavigableMap;\n+import java.util.NoSuchElementException;\n+import java.util.TreeMap;\n+\n+import static org.apache.kafka.streams.processor.internals.metrics.StreamsMetricsImpl.addInvocationRateAndCount;\n+import static org.apache.kafka.streams.state.internals.WindowKeySchema.extractStoreKey;\n+import static org.apache.kafka.streams.state.internals.WindowKeySchema.extractStoreTimestamp;\n+\n+public class InMemoryWindowStore<K extends Comparable<K>, V> implements WindowStore<K, V> {\n+\n+    private static final Logger LOG = LoggerFactory.getLogger(InMemoryWindowStore.class);\n+\n+    private final String name;\n+    private final Serde<K> keySerde;\n+    private final Serde<V> valueSerde;\n+    private final String metricScope;\n+    private StateSerdes<K, V> serdes;\n+    private InternalProcessorContext context;\n+    private Sensor expiredRecordSensor;\n+    private int seqnum = 0;\n+    private long observedStreamTime = ConsumerRecord.NO_TIMESTAMP;\n+\n+    private final long retentionPeriod;\n+    private final long windowSize;\n+    private final boolean retainDuplicates;\n+\n+    private final NavigableMap<Long, NavigableMap<WrappedK<K>, V>> segmentMap;\n+\n+    private volatile boolean open = false;\n+\n+    InMemoryWindowStore(final String name,\n+                               final Serde<K> keySerde,\n+                               final Serde<V> valueSerde,\n+                               final long retentionPeriod,\n+                               final long windowSize,\n+                               final boolean retainDuplicates,\n+                               final String metricScope) {\n+        this.name = name;\n+        this.keySerde = keySerde;\n+        this.valueSerde = valueSerde;\n+        this.retentionPeriod = retentionPeriod;\n+        this.windowSize = windowSize;\n+        this.retainDuplicates = retainDuplicates;\n+        this.metricScope = metricScope;\n+\n+        this.segmentMap = new TreeMap<>();\n+    }\n+\n+    @Override\n+    public String name() {\n+        return this.name;\n+    }\n+\n+    @Override\n+    @SuppressWarnings(\"unchecked\")\n+    public void init(final ProcessorContext context, final StateStore root) {\n+        this.context = (InternalProcessorContext) context;\n+\n+        // construct the serde\n+        this.serdes = new StateSerdes<>(\n+            ProcessorStateManager.storeChangelogTopic(context.applicationId(), name),\n+            keySerde == null ? (Serde<K>) context.keySerde() : keySerde,\n+            valueSerde == null ? (Serde<V>) context.valueSerde() : valueSerde);\n+\n+        final StreamsMetricsImpl metrics = this.context.metrics();\n+        final String taskName = context.taskId().toString();\n+        expiredRecordSensor = metrics.storeLevelSensor(\n+            taskName,\n+            name(),\n+            \"expired-window-record-drop\",\n+            Sensor.RecordingLevel.INFO\n+        );\n+        addInvocationRateAndCount(\n+            expiredRecordSensor,\n+            \"stream-\" + metricScope + \"-metrics\",\n+            metrics.tagMap(\"task-id\", taskName, metricScope + \"-id\", name()),\n+            \"expired-window-record-drop\"\n+        );\n+\n+        if (root != null) {\n+            context.register(root, (key, value) -> {\n+                put(extractStoreKey(key, serdes), serdes.valueFrom(value), extractStoreTimestamp(key));\n+            });\n+        }\n+        this.open = true;\n+    }\n+\n+    @Override\n+    public void put(final K key, final V value) {\n+        put(key, value, context.timestamp());\n+    }\n+\n+    @Override\n+    public void put(final K key, final V value, final long windowStartTimestamp) {\n+        removeExpiredSegments();\n+        maybeUpdateSeqnumForDups();\n+        this.observedStreamTime = Math.max(this.observedStreamTime, windowStartTimestamp);\n+\n+        if (windowStartTimestamp <= this.observedStreamTime - this.retentionPeriod) {\n+            expiredRecordSensor.record();\n+            LOG.debug(\"Skipping record for expired segment.\");\n+        } else {\n+            if (value != null) {\n+                this.segmentMap.computeIfAbsent(windowStartTimestamp, t -> new TreeMap<>());\n+                this.segmentMap.get(windowStartTimestamp).put(new WrappedK<>(key, seqnum), value);\n+            } else {\n+                this.segmentMap.computeIfPresent(windowStartTimestamp, (t, kvMap) -> {\n+                    kvMap.remove(new WrappedK<>(key, seqnum));\n+                    return kvMap;\n+                });\n+            }\n+        }\n+    }\n+\n+    @Override\n+    public V fetch(final K key, final long windowStartTimestamp) {\n+        removeExpiredSegments();\n+\n+        final NavigableMap<WrappedK<K>, V> kvMap = this.segmentMap.get(windowStartTimestamp);\n+        if (kvMap == null) {\n+            return null;\n+        } else {\n+            return kvMap.get(new WrappedK<>(key, seqnum));\n+        }\n+    }\n+\n+    @Deprecated\n+    @Override\n+    public WindowStoreIterator<V> fetch(final K key, final long timeFrom, final long timeTo) {\n+        removeExpiredSegments();\n+        final List<KeyValue<Long, V>> records = retainDuplicates ? fetchWithDuplicates(key, timeFrom, timeTo) : fetchUnique(key, timeFrom, timeTo);\n+\n+        return new InMemoryWindowStoreIterator<>(records.listIterator());\n+    }\n+\n+    @Deprecated\n+    @Override\n+    public KeyValueIterator<Windowed<K>, V> fetch(final K from, final K to, final long timeFrom, final long timeTo) {\n+        removeExpiredSegments();\n+        final List<KeyValue<Windowed<K>, V>> returnSet = new LinkedList<>();\n+\n+        // add one b/c records expire exactly retentionPeriod ms after created\n+        final long minTime = Math.max(timeFrom, this.observedStreamTime - this.retentionPeriod + 1);\n+        final WrappedK<K> keyFrom = new WrappedK<>(from, 0);\n+        final WrappedK<K> keyTo = new WrappedK<>(to, Integer.MAX_VALUE);\n+\n+        for (final Map.Entry<Long, NavigableMap<WrappedK<K>, V>> segmentMapEntry : this.segmentMap.subMap(minTime, true, timeTo, true).entrySet()) {\n+            for (final Map.Entry<WrappedK<K>, V> kvMapEntry : segmentMapEntry.getValue().subMap(keyFrom, true, keyTo, true).entrySet()) {\n+                final WrappedK<K> wrappedKey = kvMapEntry.getKey();\n+                returnSet.add(getWindowedKeyValue(wrappedKey.getKey(), segmentMapEntry.getKey(), kvMapEntry.getValue()));\n+            }\n+        }\n+        return new InMemoryWindowedKeyValueIterator<>(returnSet.listIterator());\n+    }\n+\n+    @Deprecated\n+    @Override\n+    public KeyValueIterator<Windowed<K>, V> fetchAll(final long timeFrom, final long timeTo) {\n+        removeExpiredSegments();\n+        final List<KeyValue<Windowed<K>, V>> returnSet = new LinkedList<>();\n+\n+        // add one b/c records expire exactly retentionPeriod ms after created\n+        final long minTime = Math.max(timeFrom, this.observedStreamTime - this.retentionPeriod + 1);\n+\n+        for (final Map.Entry<Long, NavigableMap<WrappedK<K>, V>> segmentMapEntry : this.segmentMap.subMap(minTime, true, timeTo, true).entrySet()) {\n+            for (final Map.Entry<WrappedK<K>, V> kvMapEntry : segmentMapEntry.getValue().entrySet()) {\n+                final WrappedK<K> wrappedKey = kvMapEntry.getKey();\n+                returnSet.add(getWindowedKeyValue(wrappedKey.getKey(), segmentMapEntry.getKey(), kvMapEntry.getValue()));\n+            }\n+        }\n+        return new InMemoryWindowedKeyValueIterator<>(returnSet.listIterator());\n+    }\n+\n+    @Override\n+    public KeyValueIterator<Windowed<K>, V> all() {\n+        removeExpiredSegments();\n+        final List<KeyValue<Windowed<K>, V>> returnSet = new LinkedList<>();\n+\n+        for (final Entry<Long, NavigableMap<WrappedK<K>, V>> segmentMapEntry : this.segmentMap.entrySet()) {\n+            for (final Entry<WrappedK<K>, V> kvMapEntry : segmentMapEntry.getValue().entrySet()) {\n+                final WrappedK<K> wrappedKey = kvMapEntry.getKey();\n+                returnSet.add(getWindowedKeyValue(wrappedKey.getKey(), segmentMapEntry.getKey(),\n+                    kvMapEntry.getValue()));\n+            }\n+        }\n+        return new InMemoryWindowedKeyValueIterator<>(returnSet.listIterator());\n+    }\n+\n+    @Override\n+    public boolean persistent() {\n+        return false;\n+    }\n+\n+    @Override\n+    public boolean isOpen() {\n+        return this.open;\n+    }\n+\n+    @Override\n+    public void flush() {\n+        // do-nothing since it is in-memory\n+    }\n+\n+    @Override\n+    public void close() {\n+        this.segmentMap.clear();\n+        this.open = false;\n+    }\n+\n+    private List<KeyValue<Long, V>> fetchUnique(final K key, final long timeFrom, final long timeTo) {\n+        final List<KeyValue<Long, V>> returnSet = new LinkedList<>();\n+\n+        // add one b/c records expire exactly retentionPeriod ms after created\n+        final long minTime = Math.max(timeFrom, this.observedStreamTime - this.retentionPeriod + 1);\n+\n+        for (final Map.Entry<Long, NavigableMap<WrappedK<K>, V>> segmentMapEntry : this.segmentMap.subMap(minTime, true, timeTo, true).entrySet()) {\n+            final V value = segmentMapEntry.getValue().get(new WrappedK<>(key, seqnum));\n+            if (value != null) {\n+                returnSet.add(new KeyValue<>(segmentMapEntry.getKey(), value));\n+            }\n+        }\n+        return returnSet;\n+    }\n+\n+    private List<KeyValue<Long, V>> fetchWithDuplicates(final K key, final long timeFrom, final long timeTo) {\n+        final List<KeyValue<Long, V>> returnSet = new LinkedList<>();\n+\n+        // add one b/c records expire exactly retentionPeriod ms after created\n+        final long minTime = Math.max(timeFrom, this.observedStreamTime - this.retentionPeriod + 1);\n+        final WrappedK<K> keyFrom = new WrappedK<>(key, 0);\n+        final WrappedK<K> keyTo = new WrappedK<>(key, Integer.MAX_VALUE);\n+\n+        for (final Map.Entry<Long, NavigableMap<WrappedK<K>, V>> segmentMapEntry : this.segmentMap.subMap(minTime, true, timeTo, true).entrySet()) {\n+            for (final Map.Entry<WrappedK<K>, V> kvMapEntry : segmentMapEntry.getValue().subMap(keyFrom, true, keyTo, true).entrySet()) {\n+                returnSet.add(new KeyValue<>(segmentMapEntry.getKey(), kvMapEntry.getValue()));\n+            }\n+        }\n+        return returnSet;\n+    }\n+\n+    private void removeExpiredSegments() {\n+        final long minLiveTime = this.observedStreamTime - this.retentionPeriod;\n+        this.segmentMap.headMap(minLiveTime, true).clear();\n+    }\n+\n+    private KeyValue<Windowed<K>, V> getWindowedKeyValue(final K key, final long startTimestamp, final V value) {\n+        final Windowed<K> windowedK = new Windowed<>(key, new TimeWindow(startTimestamp, startTimestamp + windowSize));\n+        return new KeyValue<>(windowedK, value);\n+    }\n+\n+    private void maybeUpdateSeqnumForDups() {\n+        if (retainDuplicates) {\n+            seqnum = (seqnum + 1) & 0x7FFFFFFF;\n+        }\n+    }\n+\n+    private static class WrappedK<K extends Comparable<K>> implements Comparable<WrappedK<K>> {\n+        private final K key;\n+        private final int seqnum;\n+\n+        WrappedK(final K key, final int seqnum) {\n+            this.key = key;\n+            this.seqnum = seqnum;\n+        }\n+\n+        public K getKey() {\n+            return this.key;\n+        }\n+\n+        public int compareTo(final WrappedK<K> k) {\n+            final int compareKeys = this.key.compareTo(k.key);\n+            if (compareKeys == 0) {\n+                return this.seqnum - k.seqnum;\n+            } else {\n+                return compareKeys;\n+            }\n+        }\n+    }\n+\n+    private static class InMemoryWindowStoreIterator<V> implements WindowStoreIterator<V> {\n+\n+        private ListIterator<KeyValue<Long, V>> iterator;\n+\n+        InMemoryWindowStoreIterator(final ListIterator<KeyValue<Long, V>> iterator) {\n+            this.iterator = iterator;\n+        }\n+\n+        @Override\n+        public boolean hasNext() {\n+            return iterator.hasNext();\n+        }\n+\n+        @Override\n+        public KeyValue<Long, V> next() {\n+            return iterator.next();\n+        }\n+\n+        @Override\n+        public Long peekNextKey() {\n+            if (!hasNext()) {\n+                throw new NoSuchElementException();\n+            } else {\n+                final long next = iterator.next().key;\n+                iterator.previous();\n+                return next;\n+            }\n+        }\n+\n+        @Override\n+        public void close() {\n+            iterator = null;\n+        }\n+    }\n+\n+    private static class InMemoryWindowedKeyValueIterator<K, V> implements KeyValueIterator<Windowed<K>, V> {\n+\n+        ListIterator<KeyValue<Windowed<K>, V>> iterator;\n+\n+        InMemoryWindowedKeyValueIterator(final ListIterator<KeyValue<Windowed<K>, V>> iterator) {\n+            this.iterator = iterator;\n+        }\n+\n+        @Override\n+        public boolean hasNext() {\n+            return iterator.hasNext();\n+        }\n+\n+        @Override\n+        public KeyValue<Windowed<K>, V> next() {\n+            return iterator.next();\n+        }\n+\n+        @Override\n+        public Windowed<K> peekNextKey() {\n+            if (!hasNext()) {\n+                throw new NoSuchElementException();\n+            } else {\n+                final Windowed<K> next = iterator.next().key;\n+                iterator.previous();\n+                return next;\n+            }\n+        }\n+\n+        @Override\n+        public void close() {\n+            iterator = null;\n+        }\n+    }\n+}\n+\n+\n+"}, {"sha": "5de4b44fc5b8780a2691abdf1e50a9207452c5b1", "filename": "streams/src/test/java/org/apache/kafka/streams/state/internals/InMemoryWindowStoreTest.java", "status": "added", "additions": 476, "deletions": 0, "changes": 476, "blob_url": "https://github.com/apache/kafka/blob/ff603c63bb3e0b47ce14121bb0e96ce0fc42d3c1/streams/src/test/java/org/apache/kafka/streams/state/internals/InMemoryWindowStoreTest.java", "raw_url": "https://github.com/apache/kafka/raw/ff603c63bb3e0b47ce14121bb0e96ce0fc42d3c1/streams/src/test/java/org/apache/kafka/streams/state/internals/InMemoryWindowStoreTest.java", "contents_url": "https://api.github.com/repos/apache/kafka/contents/streams/src/test/java/org/apache/kafka/streams/state/internals/InMemoryWindowStoreTest.java?ref=ff603c63bb3e0b47ce14121bb0e96ce0fc42d3c1", "patch": "@@ -0,0 +1,476 @@\n+/*\n+ * Licensed to the Apache Software Foundation (ASF) under one or more\n+ * contributor license agreements. See the NOTICE file distributed with\n+ * this work for additional information regarding copyright ownership.\n+ * The ASF licenses this file to You under the Apache License, Version 2.0\n+ * (the \"License\"); you may not use this file except in compliance with\n+ * the License. You may obtain a copy of the License at\n+ *\n+ *    http://www.apache.org/licenses/LICENSE-2.0\n+ *\n+ * Unless required by applicable law or agreed to in writing, software\n+ * distributed under the License is distributed on an \"AS IS\" BASIS,\n+ * WITHOUT WARRANTIES OR CONDITIONS OF ANY KIND, either express or implied.\n+ * See the License for the specific language governing permissions and\n+ * limitations under the License.\n+ */\n+package org.apache.kafka.streams.state.internals;\n+\n+import static java.time.Duration.ofMillis;\n+import static org.apache.kafka.common.utils.Utils.mkEntry;\n+import static org.apache.kafka.common.utils.Utils.mkMap;\n+import static org.apache.kafka.streams.state.internals.WindowKeySchema.toStoreKeyBinary;\n+import static org.hamcrest.CoreMatchers.hasItem;\n+import static org.hamcrest.MatcherAssert.assertThat;\n+import static org.junit.Assert.assertEquals;\n+import static org.junit.Assert.assertFalse;\n+import static org.junit.Assert.assertNotEquals;\n+\n+import java.io.File;\n+import java.util.ArrayList;\n+import java.util.LinkedList;\n+import java.util.List;\n+import java.util.Map;\n+import org.apache.kafka.clients.producer.MockProducer;\n+import org.apache.kafka.clients.producer.Producer;\n+import org.apache.kafka.common.Metric;\n+import org.apache.kafka.common.MetricName;\n+import org.apache.kafka.common.header.Headers;\n+import org.apache.kafka.common.metrics.Metrics;\n+import org.apache.kafka.common.serialization.Serdes;\n+import org.apache.kafka.common.serialization.Serializer;\n+import org.apache.kafka.common.utils.LogContext;\n+import org.apache.kafka.streams.KeyValue;\n+import org.apache.kafka.streams.errors.DefaultProductionExceptionHandler;\n+import org.apache.kafka.streams.kstream.Windowed;\n+import org.apache.kafka.streams.processor.ProcessorContext;\n+import org.apache.kafka.streams.processor.internals.MockStreamsMetrics;\n+import org.apache.kafka.streams.processor.internals.ProcessorRecordContext;\n+import org.apache.kafka.streams.processor.internals.RecordCollector;\n+import org.apache.kafka.streams.processor.internals.RecordCollectorImpl;\n+import org.apache.kafka.streams.processor.internals.testutil.LogCaptureAppender;\n+import org.apache.kafka.streams.state.KeyValueIterator;\n+import org.apache.kafka.streams.state.StateSerdes;\n+import org.apache.kafka.streams.state.Stores;\n+import org.apache.kafka.streams.state.WindowStore;\n+import org.apache.kafka.streams.state.WindowStoreIterator;\n+import org.apache.kafka.test.InternalMockProcessorContext;\n+import org.apache.kafka.test.TestUtils;\n+import org.junit.After;\n+import org.junit.Before;\n+import org.junit.Test;\n+\n+public class InMemoryWindowStoreTest {\n+\n+    private static final long DEFAULT_CACHE_SIZE_BYTES = 1024 * 1024L;\n+\n+    private final String storeName = \"InMemoryWindowStore\";\n+    private final long retentionPeriod = 40L * 1000L;\n+    private final long windowSize = 10L;\n+\n+    private final StateSerdes<Integer, String> serdes = new StateSerdes<>(\"\", Serdes.Integer(), Serdes.String());\n+\n+    private final List<KeyValue<byte[], byte[]>> changeLog = new ArrayList<>();\n+    private final ThreadCache cache = new ThreadCache(new LogContext(\"TestCache \"),\n+                                                      DEFAULT_CACHE_SIZE_BYTES,\n+                                                      new MockStreamsMetrics(new Metrics()));\n+\n+    private final Producer<byte[], byte[]> producer =\n+        new MockProducer<>(true, Serdes.ByteArray().serializer(), Serdes.ByteArray().serializer());\n+    private final RecordCollector recordCollector = new RecordCollectorImpl(\"InMemoryWindowStoreTestTask\",\n+                                                                            new LogContext(\"InMemoryWindowStoreTestTask \"),\n+                                                                            new DefaultProductionExceptionHandler(),\n+                                                                            new Metrics().sensor(\"skipped-records\")) {\n+        @Override\n+        public <K1, V1> void send(final String topic,\n+            final K1 key,\n+            final V1 value,\n+            final Headers headers,\n+            final Integer partition,\n+            final Long timestamp,\n+            final Serializer<K1> keySerializer,\n+            final Serializer<V1> valueSerializer) {\n+            changeLog.add(new KeyValue<>(\n+                keySerializer.serialize(topic, headers, key),\n+                valueSerializer.serialize(topic, headers, value))\n+            );\n+        }\n+    };\n+\n+    private final File baseDir = TestUtils.tempDirectory(\"test\");\n+    private final InternalMockProcessorContext context = new InternalMockProcessorContext(baseDir, Serdes.ByteArray(), Serdes.ByteArray(), recordCollector, cache);\n+    private WindowStore<Integer, String> windowStore;\n+\n+    private WindowStore<Integer, String> createInMemoryWindowStore(final ProcessorContext context, final boolean retainDuplicates) {\n+        final WindowStore<Integer, String> store = Stores.windowStoreBuilder(Stores.inMemoryWindowStore(\n+                                                                             storeName,\n+                                                                             ofMillis(retentionPeriod),\n+                                                                             ofMillis(windowSize),\n+                                                                             retainDuplicates),\n+            Serdes.Integer(),\n+            Serdes.String()).build();\n+\n+        store.init(context, store);\n+        return store;\n+    }\n+\n+    @Before\n+    public void initRecordCollector() {\n+        recordCollector.init(producer);\n+    }\n+\n+    @After\n+    public void closeStore() {\n+        if (windowStore != null) {\n+            windowStore.close();\n+        }\n+    }\n+\n+    private void setCurrentTime(final long currentTime) {\n+        context.setRecordContext(createRecordContext(currentTime));\n+    }\n+\n+    private ProcessorRecordContext createRecordContext(final long time) {\n+        return new ProcessorRecordContext(time, 0, 0, \"topic\", null);\n+    }\n+\n+    private <K, V> KeyValue<Windowed<K>, V> windowedPair(final K key, final V value, final long timestamp) {\n+        return windowedPair(key, value, timestamp, windowSize);\n+    }\n+\n+    private static <K, V> KeyValue<Windowed<K>, V> windowedPair(final K key, final V value, final long timestamp, final long windowSize) {\n+        return KeyValue.pair(new Windowed<>(key, WindowKeySchema.timeWindowForSize(timestamp, windowSize)), value);\n+    }\n+\n+    @Test\n+    public void testSingleFetch() {\n+        windowStore = createInMemoryWindowStore(context, false);\n+\n+        long currentTime = 0;\n+        setCurrentTime(currentTime);\n+        windowStore.put(1, \"one\");\n+\n+        currentTime += windowSize;\n+        setCurrentTime(currentTime);\n+        windowStore.put(1, \"two\");\n+\n+        currentTime += 3 * windowSize;\n+        setCurrentTime(currentTime);\n+        windowStore.put(1, \"three\");\n+\n+        assertEquals(\"one\", windowStore.fetch(1, 0));\n+        assertEquals(\"two\", windowStore.fetch(1, windowSize));\n+        assertEquals(\"three\", windowStore.fetch(1, 4 * windowSize));\n+    }\n+\n+    @Test\n+    public void testDeleteAndUpdate() {\n+        windowStore = createInMemoryWindowStore(context, false);\n+\n+        final long currentTime = 0;\n+        setCurrentTime(currentTime);\n+        windowStore.put(1, \"one\");\n+        windowStore.put(1, \"one v2\");\n+\n+        WindowStoreIterator<String> iterator = windowStore.fetch(1, 0, currentTime);\n+        assertEquals(new KeyValue<>(currentTime, \"one v2\"), iterator.next());\n+\n+        windowStore.put(1, null);\n+        iterator = windowStore.fetch(1, 0, currentTime);\n+        assertFalse(iterator.hasNext());\n+    }\n+\n+    @Test\n+    public void testFetchAll() {\n+        windowStore = createInMemoryWindowStore(context, false);\n+\n+        long currentTime = 0;\n+        setCurrentTime(currentTime);\n+        windowStore.put(1, \"one\");\n+\n+        currentTime += windowSize * 10;\n+        setCurrentTime(currentTime);\n+        windowStore.put(1, \"two\");\n+\n+        currentTime += windowSize * 10;\n+        setCurrentTime(currentTime);\n+        windowStore.put(1, \"three\");\n+\n+        currentTime += windowSize * 10;\n+        setCurrentTime(currentTime);\n+        windowStore.put(2, \"four\");\n+\n+        currentTime += windowSize * 10;\n+        setCurrentTime(currentTime);\n+        windowStore.put(2, \"five\");\n+\n+        final KeyValueIterator<Windowed<Integer>, String> iterator = windowStore.fetchAll(windowSize * 10, windowSize * 30);\n+\n+        assertEquals(windowedPair(1, \"two\", windowSize * 10), iterator.next());\n+        assertEquals(windowedPair(1, \"three\", windowSize * 20), iterator.next());\n+        assertEquals(windowedPair(2, \"four\", windowSize * 30), iterator.next());\n+        assertFalse(iterator.hasNext());\n+    }\n+\n+    @Test\n+    public void testAll() {\n+        windowStore = createInMemoryWindowStore(context, false);\n+\n+        long currentTime = 0;\n+        setCurrentTime(currentTime);\n+        windowStore.put(1, \"one\");\n+\n+        currentTime += windowSize * 10;\n+        setCurrentTime(currentTime);\n+        windowStore.put(1, \"two\");\n+\n+        currentTime += windowSize * 10;\n+        setCurrentTime(currentTime);\n+        windowStore.put(1, \"three\");\n+\n+        currentTime += windowSize * 10;\n+        setCurrentTime(currentTime);\n+        windowStore.put(2, \"four\");\n+\n+        final KeyValueIterator<Windowed<Integer>, String> iterator = windowStore.all();\n+\n+        assertEquals(windowedPair(1, \"one\", 0), iterator.next());\n+        assertEquals(windowedPair(1, \"two\", windowSize * 10), iterator.next());\n+        assertEquals(windowedPair(1, \"three\", windowSize * 20), iterator.next());\n+        assertEquals(windowedPair(2, \"four\", windowSize * 30), iterator.next());\n+        assertFalse(iterator.hasNext());\n+    }\n+\n+    @Test\n+    public void testTimeRangeFetch() {\n+\n+        windowStore = createInMemoryWindowStore(context, false);\n+\n+        long currentTime = 0;\n+        setCurrentTime(currentTime);\n+        windowStore.put(1, \"one\");\n+\n+        currentTime += windowSize * 10;\n+        setCurrentTime(currentTime);\n+        windowStore.put(1, \"two\");\n+\n+        currentTime += windowSize * 10;\n+        setCurrentTime(currentTime);\n+        windowStore.put(1, \"three\");\n+\n+        currentTime += windowSize * 10;\n+        setCurrentTime(currentTime);\n+        windowStore.put(1, \"four\");\n+\n+        currentTime += windowSize * 10;\n+        setCurrentTime(currentTime);\n+        windowStore.put(1, \"five\");\n+\n+        final WindowStoreIterator<String> iterator = windowStore.fetch(1, windowSize * 10, 3 * windowSize * 10);\n+\n+        // should return only the middle three records\n+        assertEquals(new KeyValue<>(windowSize * 10, \"two\"), iterator.next());\n+        assertEquals(new KeyValue<>(2 * windowSize * 10, \"three\"), iterator.next());\n+        assertEquals(new KeyValue<>(3 * windowSize * 10, \"four\"), iterator.next());\n+        assertFalse(iterator.hasNext());\n+    }\n+\n+    @Test\n+    public void testKeyRangeFetch() {\n+\n+        windowStore = createInMemoryWindowStore(context, false);\n+\n+        long currentTime = 0;\n+        setCurrentTime(currentTime);\n+        windowStore.put(1, \"one\");\n+\n+        currentTime += windowSize * 10;\n+        setCurrentTime(currentTime);\n+        windowStore.put(2, \"two\");\n+\n+        currentTime += windowSize * 10;\n+        setCurrentTime(currentTime);\n+        windowStore.put(3, \"three\");\n+\n+        currentTime += windowSize * 10;\n+        setCurrentTime(currentTime);\n+        windowStore.put(4, \"four\");\n+\n+        windowStore.put(5, \"five\");\n+\n+        final KeyValueIterator<Windowed<Integer>, String> iterator = windowStore.fetch(1, 4, 0L, currentTime);\n+\n+        // should return only the first four keys\n+        assertEquals(windowedPair(1, \"one\", 0), iterator.next());\n+        assertEquals(windowedPair(2, \"two\", windowSize * 10), iterator.next());\n+        assertEquals(windowedPair(3, \"three\", windowSize * 20), iterator.next());\n+        assertEquals(windowedPair(4, \"four\", windowSize * 30), iterator.next());\n+        assertFalse(iterator.hasNext());\n+    }\n+\n+    @Test\n+    public void testFetchDuplicates() {\n+        windowStore = createInMemoryWindowStore(context, true);\n+\n+        long currentTime = 0;\n+        setCurrentTime(currentTime);\n+        windowStore.put(1, \"one\");\n+        windowStore.put(1, \"one-2\");\n+\n+        currentTime += windowSize * 10;\n+        setCurrentTime(currentTime);\n+        windowStore.put(1, \"two\");\n+        windowStore.put(1, \"two-2\");\n+\n+        currentTime += windowSize * 10;\n+        setCurrentTime(currentTime);\n+        windowStore.put(1, \"three\");\n+        windowStore.put(1, \"three-2\");\n+\n+        final WindowStoreIterator<String> iterator = windowStore.fetch(1, 0, windowSize * 10);\n+\n+        assertEquals(new KeyValue<>(0L, \"one\"), iterator.next());\n+        assertEquals(new KeyValue<>(0L, \"one-2\"), iterator.next());\n+        assertEquals(new KeyValue<>(windowSize * 10, \"two\"), iterator.next());\n+        assertEquals(new KeyValue<>(windowSize * 10, \"two-2\"), iterator.next());\n+        assertFalse(iterator.hasNext());\n+    }\n+\n+    @Test\n+    public void testSegmentExpiration() {\n+        windowStore = createInMemoryWindowStore(context, false);\n+\n+        long currentTime = 0;\n+        setCurrentTime(currentTime);\n+        windowStore.put(1, \"one\");\n+\n+        currentTime += retentionPeriod / 4;\n+        setCurrentTime(currentTime);\n+        windowStore.put(1, \"two\");\n+\n+        currentTime += retentionPeriod / 4;\n+        setCurrentTime(currentTime);\n+        windowStore.put(1, \"three\");\n+\n+        currentTime += retentionPeriod / 4;\n+        setCurrentTime(currentTime);\n+        windowStore.put(1, \"four\");\n+\n+        // increase current time to the full retentionPeriod to expire first record\n+        currentTime = currentTime + retentionPeriod / 4;\n+        setCurrentTime(currentTime);\n+        windowStore.put(1, \"five\");\n+\n+        final KeyValueIterator<Windowed<Integer>, String> iterator = windowStore.fetchAll(0L, currentTime);\n+\n+        // effect of this put (expires next oldest record, adds new one) should not be reflected in the already fetched results\n+        currentTime = currentTime + retentionPeriod / 4;\n+        setCurrentTime(currentTime);\n+        windowStore.put(1, \"six\");\n+\n+        // should only have middle 4 values, as (only) the first record was expired at the time of the fetch\n+        // and the last was inserted after the fetch\n+        assertEquals(windowedPair(1, \"two\", retentionPeriod / 4), iterator.next());\n+        assertEquals(windowedPair(1, \"three\", retentionPeriod / 2), iterator.next());\n+        assertEquals(windowedPair(1, \"four\", 3 * (retentionPeriod / 4)), iterator.next());\n+        assertEquals(windowedPair(1, \"five\", retentionPeriod), iterator.next());\n+        assertFalse(iterator.hasNext());\n+    }\n+\n+    @Test\n+    public void testWindowIteratorPeek() {\n+        windowStore = createInMemoryWindowStore(context, false);\n+\n+        final long currentTime = 0;\n+        setCurrentTime(currentTime);\n+        windowStore.put(1, \"one\");\n+\n+        final KeyValueIterator<Windowed<Integer>, String> iterator = windowStore.fetchAll(0L, currentTime);\n+\n+        assertEquals(iterator.peekNextKey(), iterator.next().key);\n+        assertFalse(iterator.hasNext());\n+    }\n+\n+    @Test\n+    public void testValueIteratorPeek() {\n+        windowStore = createInMemoryWindowStore(context, false);\n+\n+        final long currentTime = 0;\n+        setCurrentTime(currentTime);\n+        windowStore.put(1, \"one\");\n+\n+        final WindowStoreIterator<String> iterator = windowStore.fetch(1, 0L, currentTime);\n+\n+        assertEquals(iterator.peekNextKey(), iterator.next().key);\n+        assertFalse(iterator.hasNext());\n+    }\n+\n+    @Test\n+    public void shouldRestore() {\n+        windowStore = createInMemoryWindowStore(context, false);\n+\n+        // should be empty initially\n+        assertFalse(windowStore.all().hasNext());\n+\n+        final List<KeyValue<byte[], byte[]>> restorableEntries = new LinkedList<>();\n+\n+        restorableEntries.add(new KeyValue<>(toStoreKeyBinary(1, 0L, 0, serdes).get(), serdes.rawValue(\"one\")));\n+        restorableEntries.add(new KeyValue<>(toStoreKeyBinary(2, windowSize, 0, serdes).get(), serdes.rawValue(\"two\")));\n+        restorableEntries.add(new KeyValue<>(toStoreKeyBinary(3, 2 * windowSize, 0, serdes).get(), serdes.rawValue(\"three\")));\n+\n+        context.restore(storeName, restorableEntries);\n+        final KeyValueIterator<Windowed<Integer>, String> iterator = windowStore.fetchAll(0L, 2 * windowSize);\n+\n+        assertEquals(windowedPair(1, \"one\", 0L), iterator.next());\n+        assertEquals(windowedPair(2, \"two\", windowSize), iterator.next());\n+        assertEquals(windowedPair(3, \"three\", 2 * windowSize), iterator.next());\n+        assertFalse(iterator.hasNext());\n+    }\n+\n+    @Test\n+    public void shouldLogAndMeasureExpiredRecords() {\n+        LogCaptureAppender.setClassLoggerToDebug(InMemoryWindowStore.class);\n+        final LogCaptureAppender appender = LogCaptureAppender.createAndRegister();\n+\n+        windowStore = createInMemoryWindowStore(context, false);\n+        setCurrentTime(retentionPeriod);\n+\n+        // Advance stream time by inserting record with large enough timestamp that records with timestamp 0 are expired\n+        windowStore.put(1, \"initial record\");\n+\n+        // Try inserting a record with timestamp 0 -- should be dropped\n+        windowStore.put(1, \"late record\", 0L);\n+        windowStore.put(1, \"another on-time record\");\n+\n+        LogCaptureAppender.unregister(appender);\n+\n+        final Map<MetricName, ? extends Metric> metrics = context.metrics().metrics();\n+\n+        final Metric dropTotal = metrics.get(new MetricName(\n+            \"expired-window-record-drop-total\",\n+            \"stream-in-memory-window-state-metrics\",\n+            \"The total number of occurrence of expired-window-record-drop operations.\",\n+            mkMap(\n+                mkEntry(\"client-id\", \"mock\"),\n+                mkEntry(\"task-id\", \"0_0\"),\n+                mkEntry(\"in-memory-window-state-id\", storeName)\n+            )\n+        ));\n+\n+        final Metric dropRate = metrics.get(new MetricName(\n+            \"expired-window-record-drop-rate\",\n+            \"stream-in-memory-window-state-metrics\",\n+            \"The average number of occurrence of expired-window-record-drop operation per second.\",\n+            mkMap(\n+                mkEntry(\"client-id\", \"mock\"),\n+                mkEntry(\"task-id\", \"0_0\"),\n+                mkEntry(\"in-memory-window-state-id\", storeName)\n+            )\n+        ));\n+\n+        assertEquals(1.0, dropTotal.metricValue());\n+        assertNotEquals(0.0, dropRate.metricValue());\n+        final List<String> messages = appender.getMessages();\n+        assertThat(messages, hasItem(\"Skipping record for expired segment.\"));\n+    }\n+}"}]}