{"sha": "adaedb44b767da49c4ec6c57c655b13caa3edd35", "node_id": "MDY6Q29tbWl0MzEwMDYxNTg6YWRhZWRiNDRiNzY3ZGE0OWM0ZWM2YzU3YzY1NWIxM2NhYTNlZGQzNQ==", "commit": {"author": {"name": "Anton Kurbanov", "email": "antkr.dev@gmail.com", "date": "2018-04-12T17:31:50Z"}, "committer": {"name": "dpavlov", "email": "dpavlov@apache.org", "date": "2018-04-12T17:31:50Z"}, "message": "IGNITE-8110 GridCacheWriteBehindStore.Flusher thread uses the wrong transformation from milliseconds to nanoseconds. - Fixes #3742.\n\nSigned-off-by: dpavlov <dpavlov@apache.org>", "tree": {"sha": "980742703dfa00dd6ab73b624e7dbf32d4ee9fd6", "url": "https://api.github.com/repos/apache/ignite/git/trees/980742703dfa00dd6ab73b624e7dbf32d4ee9fd6"}, "url": "https://api.github.com/repos/apache/ignite/git/commits/adaedb44b767da49c4ec6c57c655b13caa3edd35", "comment_count": 0, "verification": {"verified": false, "reason": "unsigned", "signature": null, "payload": null}}, "url": "https://api.github.com/repos/apache/ignite/commits/adaedb44b767da49c4ec6c57c655b13caa3edd35", "html_url": "https://github.com/apache/ignite/commit/adaedb44b767da49c4ec6c57c655b13caa3edd35", "comments_url": "https://api.github.com/repos/apache/ignite/commits/adaedb44b767da49c4ec6c57c655b13caa3edd35/comments", "author": {"login": "antkr", "id": 1771037, "node_id": "MDQ6VXNlcjE3NzEwMzc=", "avatar_url": "https://avatars3.githubusercontent.com/u/1771037?v=4", "gravatar_id": "", "url": "https://api.github.com/users/antkr", "html_url": "https://github.com/antkr", "followers_url": "https://api.github.com/users/antkr/followers", "following_url": "https://api.github.com/users/antkr/following{/other_user}", "gists_url": "https://api.github.com/users/antkr/gists{/gist_id}", "starred_url": "https://api.github.com/users/antkr/starred{/owner}{/repo}", "subscriptions_url": "https://api.github.com/users/antkr/subscriptions", "organizations_url": "https://api.github.com/users/antkr/orgs", "repos_url": "https://api.github.com/users/antkr/repos", "events_url": "https://api.github.com/users/antkr/events{/privacy}", "received_events_url": "https://api.github.com/users/antkr/received_events", "type": "User", "site_admin": false}, "committer": {"login": "dspavlov", "id": 27953002, "node_id": "MDQ6VXNlcjI3OTUzMDAy", "avatar_url": "https://avatars2.githubusercontent.com/u/27953002?v=4", "gravatar_id": "", "url": "https://api.github.com/users/dspavlov", "html_url": "https://github.com/dspavlov", "followers_url": "https://api.github.com/users/dspavlov/followers", "following_url": "https://api.github.com/users/dspavlov/following{/other_user}", "gists_url": "https://api.github.com/users/dspavlov/gists{/gist_id}", "starred_url": "https://api.github.com/users/dspavlov/starred{/owner}{/repo}", "subscriptions_url": "https://api.github.com/users/dspavlov/subscriptions", "organizations_url": "https://api.github.com/users/dspavlov/orgs", "repos_url": "https://api.github.com/users/dspavlov/repos", "events_url": "https://api.github.com/users/dspavlov/events{/privacy}", "received_events_url": "https://api.github.com/users/dspavlov/received_events", "type": "User", "site_admin": false}, "parents": [{"sha": "47ca3e0da7fd7468d7ea96ff512c3d1f3ed5bf81", "url": "https://api.github.com/repos/apache/ignite/commits/47ca3e0da7fd7468d7ea96ff512c3d1f3ed5bf81", "html_url": "https://github.com/apache/ignite/commit/47ca3e0da7fd7468d7ea96ff512c3d1f3ed5bf81"}], "stats": {"total": 43, "additions": 40, "deletions": 3}, "files": [{"sha": "82ff3aaabac22652de168f20f09a907612538264", "filename": "modules/core/src/main/java/org/apache/ignite/internal/processors/cache/store/GridCacheWriteBehindStore.java", "status": "modified", "additions": 1, "deletions": 1, "changes": 2, "blob_url": "https://github.com/apache/ignite/blob/adaedb44b767da49c4ec6c57c655b13caa3edd35/modules/core/src/main/java/org/apache/ignite/internal/processors/cache/store/GridCacheWriteBehindStore.java", "raw_url": "https://github.com/apache/ignite/raw/adaedb44b767da49c4ec6c57c655b13caa3edd35/modules/core/src/main/java/org/apache/ignite/internal/processors/cache/store/GridCacheWriteBehindStore.java", "contents_url": "https://api.github.com/repos/apache/ignite/contents/modules/core/src/main/java/org/apache/ignite/internal/processors/cache/store/GridCacheWriteBehindStore.java?ref=adaedb44b767da49c4ec6c57c655b13caa3edd35", "patch": "@@ -895,7 +895,7 @@ private void wakeUp() {\n         protected Thread thread;\n \n         /** Cache flushing frequence in nanos. */\n-        protected long cacheFlushFreqNanos = cacheFlushFreq * 1000;\n+        protected long cacheFlushFreqNanos = cacheFlushFreq * 1000 * 1000;\n \n         /** Writer lock. */\n         private final Lock flusherWriterLock = new ReentrantLock();"}, {"sha": "af21fc831c0c0eb82f9af835e2f3dcbb12052234", "filename": "modules/core/src/test/java/org/apache/ignite/internal/processors/cache/store/GridCacheWriteBehindStoreSelfTest.java", "status": "modified", "additions": 39, "deletions": 2, "changes": 41, "blob_url": "https://github.com/apache/ignite/blob/adaedb44b767da49c4ec6c57c655b13caa3edd35/modules/core/src/test/java/org/apache/ignite/internal/processors/cache/store/GridCacheWriteBehindStoreSelfTest.java", "raw_url": "https://github.com/apache/ignite/raw/adaedb44b767da49c4ec6c57c655b13caa3edd35/modules/core/src/test/java/org/apache/ignite/internal/processors/cache/store/GridCacheWriteBehindStoreSelfTest.java", "contents_url": "https://api.github.com/repos/apache/ignite/contents/modules/core/src/test/java/org/apache/ignite/internal/processors/cache/store/GridCacheWriteBehindStoreSelfTest.java?ref=adaedb44b767da49c4ec6c57c655b13caa3edd35", "patch": "@@ -106,6 +106,43 @@ public void testSimpleStoreWithoutCoalescing() throws Exception {\n         testSimpleStore(false);\n     }\n \n+    /**\n+     * Checks that write behind cache flush frequency was correctly adjusted to nanos expecting putAllCnt to be\n+     * less or equal than elapsed time divided by flush frequency.\n+     *\n+     * @throws Exception If failed.\n+     */\n+    public void testSimpleStoreFlushFrequencyWithoutCoalescing() throws Exception {\n+        initStore(1, false);\n+\n+        long writeBehindFlushFreqNanos = FLUSH_FREQUENCY * 1000 * 1000;\n+\n+        int threshold = store.getWriteBehindStoreBatchSize() / 10;\n+\n+        try {\n+            long start = System.nanoTime();\n+\n+            for (int i = 0; i < threshold / 2; i++)\n+                store.write(new CacheEntryImpl<>(i, \"v\" + i));\n+\n+            U.sleep(FLUSH_FREQUENCY + 300);\n+\n+            for (int i = threshold / 2; i < threshold; i++)\n+                store.write(new CacheEntryImpl<>(i, \"v\" + i));\n+\n+            long elapsed = System.nanoTime() - start;\n+\n+            U.sleep(FLUSH_FREQUENCY + 300);\n+\n+            int expFlushOps = (int)(1 + elapsed / writeBehindFlushFreqNanos);\n+\n+            assertTrue(delegate.getPutAllCount() <= expFlushOps);\n+        }\n+        finally {\n+            shutdownStore();\n+        }\n+    }\n+\n     /**\n      * Simple store test.\n      *\n@@ -254,15 +291,15 @@ private void testContinuousPut(boolean writeCoalescing) throws Exception {\n \n             int delegatePutCnt = delegate.getPutAllCount();\n \n-\n             fut.get();\n \n             log().info(\">>> [putCnt = \" + actualPutCnt.get() + \", delegatePutCnt=\" + delegatePutCnt + \"]\");\n \n             assertTrue(\"No puts were made to the underlying store\", delegatePutCnt > 0);\n             if (store.getWriteCoalescing()) {\n                 assertTrue(\"Too many puts were made to the underlying store\", delegatePutCnt < actualPutCnt.get() / 10);\n-            } else {\n+            }\n+            else {\n                 assertTrue(\"Too few puts cnt=\" + actualPutCnt.get() + \" << storePutCnt=\" + delegatePutCnt, delegatePutCnt > actualPutCnt.get() / 2);\n             }\n         }"}]}