{"sha": "25ef76fded49f68b434b720d4f5731f47d4075cd", "node_id": "MDY6Q29tbWl0NDU4MDU4OjI1ZWY3NmZkZWQ0OWY2OGI0MzRiNzIwZDRmNTczMWY0N2Q0MDc1Y2Q=", "commit": {"author": {"name": "Hidde Wieringa", "email": "hidde@hiddewieringa.nl", "date": "2015-03-08T20:28:01Z"}, "committer": {"name": "Hidde Wieringa", "email": "hidde@hiddewieringa.nl", "date": "2015-03-08T20:28:04Z"}, "message": "[FrameworkBundle] Added domain column when debugging translations", "tree": {"sha": "7fd3db8bd68b65cc69f114f4e1a765cdd5817dbd", "url": "https://api.github.com/repos/symfony/symfony/git/trees/7fd3db8bd68b65cc69f114f4e1a765cdd5817dbd"}, "url": "https://api.github.com/repos/symfony/symfony/git/commits/25ef76fded49f68b434b720d4f5731f47d4075cd", "comment_count": 0, "verification": {"verified": false, "reason": "unsigned", "signature": null, "payload": null}}, "url": "https://api.github.com/repos/symfony/symfony/commits/25ef76fded49f68b434b720d4f5731f47d4075cd", "html_url": "https://github.com/symfony/symfony/commit/25ef76fded49f68b434b720d4f5731f47d4075cd", "comments_url": "https://api.github.com/repos/symfony/symfony/commits/25ef76fded49f68b434b720d4f5731f47d4075cd/comments", "author": {"login": "hiddewie", "id": 1073881, "node_id": "MDQ6VXNlcjEwNzM4ODE=", "avatar_url": "https://avatars3.githubusercontent.com/u/1073881?v=4", "gravatar_id": "", "url": "https://api.github.com/users/hiddewie", "html_url": "https://github.com/hiddewie", "followers_url": "https://api.github.com/users/hiddewie/followers", "following_url": "https://api.github.com/users/hiddewie/following{/other_user}", "gists_url": "https://api.github.com/users/hiddewie/gists{/gist_id}", "starred_url": "https://api.github.com/users/hiddewie/starred{/owner}{/repo}", "subscriptions_url": "https://api.github.com/users/hiddewie/subscriptions", "organizations_url": "https://api.github.com/users/hiddewie/orgs", "repos_url": "https://api.github.com/users/hiddewie/repos", "events_url": "https://api.github.com/users/hiddewie/events{/privacy}", "received_events_url": "https://api.github.com/users/hiddewie/received_events", "type": "User", "site_admin": false}, "committer": {"login": "hiddewie", "id": 1073881, "node_id": "MDQ6VXNlcjEwNzM4ODE=", "avatar_url": "https://avatars3.githubusercontent.com/u/1073881?v=4", "gravatar_id": "", "url": "https://api.github.com/users/hiddewie", "html_url": "https://github.com/hiddewie", "followers_url": "https://api.github.com/users/hiddewie/followers", "following_url": "https://api.github.com/users/hiddewie/following{/other_user}", "gists_url": "https://api.github.com/users/hiddewie/gists{/gist_id}", "starred_url": "https://api.github.com/users/hiddewie/starred{/owner}{/repo}", "subscriptions_url": "https://api.github.com/users/hiddewie/subscriptions", "organizations_url": "https://api.github.com/users/hiddewie/orgs", "repos_url": "https://api.github.com/users/hiddewie/repos", "events_url": "https://api.github.com/users/hiddewie/events{/privacy}", "received_events_url": "https://api.github.com/users/hiddewie/received_events", "type": "User", "site_admin": false}, "parents": [{"sha": "0f00f7c7e83ee44191650637b40aa22dd27031a1", "url": "https://api.github.com/repos/symfony/symfony/commits/0f00f7c7e83ee44191650637b40aa22dd27031a1", "html_url": "https://github.com/symfony/symfony/commit/0f00f7c7e83ee44191650637b40aa22dd27031a1"}], "stats": {"total": 4, "additions": 2, "deletions": 2}, "files": [{"sha": "f5cc1fb805489380a9c431e30b7b5fcc65609cd6", "filename": "src/Symfony/Bundle/FrameworkBundle/Command/TranslationDebugCommand.php", "status": "modified", "additions": 2, "deletions": 2, "changes": 4, "blob_url": "https://github.com/symfony/symfony/blob/25ef76fded49f68b434b720d4f5731f47d4075cd/src/Symfony/Bundle/FrameworkBundle/Command/TranslationDebugCommand.php", "raw_url": "https://github.com/symfony/symfony/raw/25ef76fded49f68b434b720d4f5731f47d4075cd/src/Symfony/Bundle/FrameworkBundle/Command/TranslationDebugCommand.php", "contents_url": "https://api.github.com/repos/symfony/symfony/contents/src/Symfony/Bundle/FrameworkBundle/Command/TranslationDebugCommand.php?ref=25ef76fded49f68b434b720d4f5731f47d4075cd", "patch": "@@ -139,7 +139,7 @@ protected function execute(InputInterface $input, OutputInterface $output)\n         $table = new Table($output);\n \n         // Display header line\n-        $headers = array('State(s)', 'Id', sprintf('Message Preview (%s)', $locale));\n+        $headers = array('State(s)', 'Domain', 'Id', sprintf('Message Preview (%s)', $locale));\n         foreach ($fallbackCatalogues as $fallbackCatalogue) {\n             $headers[] = sprintf('Fallback Message Preview (%s)', $fallbackCatalogue->getLocale());\n         }\n@@ -172,7 +172,7 @@ protected function execute(InputInterface $input, OutputInterface $output)\n                     }\n                 }\n \n-                $row = array($this->formatStates($states), $this->formatId($messageId), $this->sanitizeString($value));\n+                $row = array($this->formatStates($states), $domain, $this->formatId($messageId), $this->sanitizeString($value));\n                 foreach ($fallbackCatalogues as $fallbackCatalogue) {\n                     $row[] = $this->sanitizeString($fallbackCatalogue->get($messageId, $domain));\n                 }"}]}