{"sha": "243e78217bb98870ccc4837d54eaabd8e0287802", "node_id": "MDY6Q29tbWl0Mjk5MDM2ODg6MjQzZTc4MjE3YmI5ODg3MGNjYzQ4MzdkNTRlYWFiZDhlMDI4NzgwMg==", "commit": {"author": {"name": "Paris Carbone", "email": "seniorcarbone@gmail.com", "date": "2015-05-29T08:53:23Z"}, "committer": {"name": "Paris Carbone", "email": "parisc@kth.se", "date": "2015-06-30T11:43:22Z"}, "message": "SAMOA-36: update flink adapter to flink 0.9.0 release", "tree": {"sha": "694ba7a0f1e32b23e4e47ca18f6b468f2db34a5a", "url": "https://api.github.com/repos/apache/incubator-samoa/git/trees/694ba7a0f1e32b23e4e47ca18f6b468f2db34a5a"}, "url": "https://api.github.com/repos/apache/incubator-samoa/git/commits/243e78217bb98870ccc4837d54eaabd8e0287802", "comment_count": 0, "verification": {"verified": false, "reason": "unsigned", "signature": null, "payload": null}}, "url": "https://api.github.com/repos/apache/incubator-samoa/commits/243e78217bb98870ccc4837d54eaabd8e0287802", "html_url": "https://github.com/apache/incubator-samoa/commit/243e78217bb98870ccc4837d54eaabd8e0287802", "comments_url": "https://api.github.com/repos/apache/incubator-samoa/commits/243e78217bb98870ccc4837d54eaabd8e0287802/comments", "author": {"login": "senorcarbone", "id": 858078, "node_id": "MDQ6VXNlcjg1ODA3OA==", "avatar_url": "https://avatars0.githubusercontent.com/u/858078?v=4", "gravatar_id": "", "url": "https://api.github.com/users/senorcarbone", "html_url": "https://github.com/senorcarbone", "followers_url": "https://api.github.com/users/senorcarbone/followers", "following_url": "https://api.github.com/users/senorcarbone/following{/other_user}", "gists_url": "https://api.github.com/users/senorcarbone/gists{/gist_id}", "starred_url": "https://api.github.com/users/senorcarbone/starred{/owner}{/repo}", "subscriptions_url": "https://api.github.com/users/senorcarbone/subscriptions", "organizations_url": "https://api.github.com/users/senorcarbone/orgs", "repos_url": "https://api.github.com/users/senorcarbone/repos", "events_url": "https://api.github.com/users/senorcarbone/events{/privacy}", "received_events_url": "https://api.github.com/users/senorcarbone/received_events", "type": "User", "site_admin": false}, "committer": {"login": "senorcarbone", "id": 858078, "node_id": "MDQ6VXNlcjg1ODA3OA==", "avatar_url": "https://avatars0.githubusercontent.com/u/858078?v=4", "gravatar_id": "", "url": "https://api.github.com/users/senorcarbone", "html_url": "https://github.com/senorcarbone", "followers_url": "https://api.github.com/users/senorcarbone/followers", "following_url": "https://api.github.com/users/senorcarbone/following{/other_user}", "gists_url": "https://api.github.com/users/senorcarbone/gists{/gist_id}", "starred_url": "https://api.github.com/users/senorcarbone/starred{/owner}{/repo}", "subscriptions_url": "https://api.github.com/users/senorcarbone/subscriptions", "organizations_url": "https://api.github.com/users/senorcarbone/orgs", "repos_url": "https://api.github.com/users/senorcarbone/repos", "events_url": "https://api.github.com/users/senorcarbone/events{/privacy}", "received_events_url": "https://api.github.com/users/senorcarbone/received_events", "type": "User", "site_admin": false}, "parents": [{"sha": "e4489b0aca4e7370460c7fea0fc51627178dabbd", "url": "https://api.github.com/repos/apache/incubator-samoa/commits/e4489b0aca4e7370460c7fea0fc51627178dabbd", "html_url": "https://github.com/apache/incubator-samoa/commit/e4489b0aca4e7370460c7fea0fc51627178dabbd"}], "stats": {"total": 65, "additions": 32, "deletions": 33}, "files": [{"sha": "0dedc026ea2326f95c1a61ba5f1c3a4cbcd9a4c4", "filename": "pom.xml", "status": "modified", "additions": 1, "deletions": 1, "changes": 2, "blob_url": "https://github.com/apache/incubator-samoa/blob/243e78217bb98870ccc4837d54eaabd8e0287802/pom.xml", "raw_url": "https://github.com/apache/incubator-samoa/raw/243e78217bb98870ccc4837d54eaabd8e0287802/pom.xml", "contents_url": "https://api.github.com/repos/apache/incubator-samoa/contents/pom.xml?ref=243e78217bb98870ccc4837d54eaabd8e0287802", "patch": "@@ -140,7 +140,7 @@\n         <miniball.version>1.0.3</miniball.version>\n         <s4.version>0.6.0-incubating</s4.version>\n         <samza.version>0.7.0</samza.version>\n-        <flink.version>0.9.0-milestone-1</flink.version>\n+        <flink.version>0.9.0</flink.version>\n         <slf4j-log4j12.version>1.7.2</slf4j-log4j12.version>\n         <slf4j-simple.version>1.7.5</slf4j-simple.version>\n         <maven-surefire-plugin.version>2.18</maven-surefire-plugin.version>"}, {"sha": "1ca3af58837363473b15f51a1295de66223166e0", "filename": "samoa-flink/pom.xml", "status": "modified", "additions": 4, "deletions": 3, "changes": 7, "blob_url": "https://github.com/apache/incubator-samoa/blob/243e78217bb98870ccc4837d54eaabd8e0287802/samoa-flink/pom.xml", "raw_url": "https://github.com/apache/incubator-samoa/raw/243e78217bb98870ccc4837d54eaabd8e0287802/samoa-flink/pom.xml", "contents_url": "https://api.github.com/repos/apache/incubator-samoa/contents/samoa-flink/pom.xml?ref=243e78217bb98870ccc4837d54eaabd8e0287802", "patch": "@@ -1,15 +1,16 @@\n+<?xml version=\"1.0\" encoding=\"UTF-8\"?>\n <!--\n   #%L\n   SAMOA\n   %%\n-  Copyright (C) 2013 Yahoo! Inc.\n+  Copyright (C) 2014 - 2015 Apache Software Foundation\n   %%\n   Licensed under the Apache License, Version 2.0 (the \"License\");\n   you may not use this file except in compliance with the License.\n   You may obtain a copy of the License at\n-\n+  \n        http://www.apache.org/licenses/LICENSE-2.0\n-\n+  \n   Unless required by applicable law or agreed to in writing, software\n   distributed under the License is distributed on an \"AS IS\" BASIS,\n   WITHOUT WARRANTIES OR CONDITIONS OF ANY KIND, either express or implied."}, {"sha": "45f791a563856f78a71a7e9c1652b5e0639cfeff", "filename": "samoa-flink/src/main/java/org/apache/samoa/flink/topology/impl/FlinkEntranceProcessingItem.java", "status": "modified", "additions": 19, "deletions": 16, "changes": 35, "blob_url": "https://github.com/apache/incubator-samoa/blob/243e78217bb98870ccc4837d54eaabd8e0287802/samoa-flink/src/main/java/org/apache/samoa/flink/topology/impl/FlinkEntranceProcessingItem.java", "raw_url": "https://github.com/apache/incubator-samoa/raw/243e78217bb98870ccc4837d54eaabd8e0287802/samoa-flink/src/main/java/org/apache/samoa/flink/topology/impl/FlinkEntranceProcessingItem.java", "contents_url": "https://api.github.com/repos/apache/incubator-samoa/contents/samoa-flink/src/main/java/org/apache/samoa/flink/topology/impl/FlinkEntranceProcessingItem.java?ref=243e78217bb98870ccc4837d54eaabd8e0287802", "patch": "@@ -24,11 +24,10 @@\n import org.apache.flink.configuration.Configuration;\n import org.apache.flink.streaming.api.datastream.DataStream;\n import org.apache.flink.streaming.api.environment.StreamExecutionEnvironment;\n-import org.apache.flink.streaming.api.function.source.RichSourceFunction;\n-import org.apache.flink.util.Collector;\n import org.apache.samoa.core.EntranceProcessor;\n import org.apache.samoa.flink.helpers.Utils;\n import org.apache.samoa.topology.AbstractEntranceProcessingItem;\n+import org.apache.flink.streaming.api.functions.source.RichSourceFunction;\n \n import java.io.Serializable;\n \n@@ -51,29 +50,33 @@ public void initialise() {\n \t\tfinal int compID = getComponentId();\n \n \t\t\n-\t\toutStream = env.addSource(new RichSourceFunction<SamoaType>() {\n-\t\t\tvolatile boolean canceled;\n-\t\t\tEntranceProcessor entrProc = proc;\n-\t\t\tString id = streamId;\n+\t\toutStream = env.addSource(new RichSourceFunction() {\n \n+\t\t\tprivate volatile boolean isCancelled;\n+\t\t\t\n \t\t\t@Override\n-\t\t\tpublic void open(Configuration parameters) throws Exception {\n-\t\t\t\tsuper.open(parameters);\n-\t\t\t\tentrProc.onCreate(compID);\n+\t\t\tpublic void run(SourceContext sourceContext) throws Exception {\n+\t\t\t\twhile(!isCancelled && entrProc.hasNext())\n+\t\t\t\t{\n+\t\t\t\t\tsourceContext.collect(SamoaType.of(entrProc.nextEvent(), id));\n+\t\t\t\t}\n \t\t\t}\n \n \t\t\t@Override\n-\t\t\tpublic void run(Collector<SamoaType> collector) throws Exception {\n-\t\t\t\twhile (!canceled && entrProc.hasNext()) {\n-\t\t\t\t\tcollector.collect(SamoaType.of(entrProc.nextEvent(), id));\n-\t\t\t\t}\n+\t\t\tpublic void cancel() {\n+\t\t\t\tisCancelled = true;\n \t\t\t}\n \n+\t\t\tEntranceProcessor entrProc = proc;\n+\t\t\tString id = streamId;\n+\n \t\t\t@Override\n-\t\t\tpublic void cancel() {\n-\t\t\t\tcanceled = true;\n+\t\t\tpublic void open(Configuration parameters) throws Exception {\n+\t\t\t\tsuper.open(parameters);\n+\t\t\t\tentrProc.onCreate(compID);\n \t\t\t}\n-\t\t},Utils.tempTypeInfo);\n+\t\t\t\n+\t\t}).returns(Utils.tempTypeInfo);\n \n \t\t((FlinkStream) getOutputStream()).initialise();\n \t}"}, {"sha": "28701df5eeb60932ce4d2fd58924366e4b87c599", "filename": "samoa-flink/src/main/java/org/apache/samoa/flink/topology/impl/FlinkProcessingItem.java", "status": "modified", "additions": 8, "deletions": 13, "changes": 21, "blob_url": "https://github.com/apache/incubator-samoa/blob/243e78217bb98870ccc4837d54eaabd8e0287802/samoa-flink/src/main/java/org/apache/samoa/flink/topology/impl/FlinkProcessingItem.java", "raw_url": "https://github.com/apache/incubator-samoa/raw/243e78217bb98870ccc4837d54eaabd8e0287802/samoa-flink/src/main/java/org/apache/samoa/flink/topology/impl/FlinkProcessingItem.java", "contents_url": "https://api.github.com/repos/apache/incubator-samoa/contents/samoa-flink/src/main/java/org/apache/samoa/flink/topology/impl/FlinkProcessingItem.java?ref=243e78217bb98870ccc4837d54eaabd8e0287802", "patch": "@@ -28,13 +28,14 @@\n import org.apache.flink.configuration.Configuration;\n import org.apache.flink.streaming.api.datastream.DataStream;\n import org.apache.flink.streaming.api.environment.StreamExecutionEnvironment;\n-import org.apache.flink.streaming.api.invokable.StreamInvokable;\n import org.apache.samoa.core.ContentEvent;\n import org.apache.samoa.core.Processor;\n import org.apache.samoa.flink.helpers.Utils;\n import org.apache.samoa.topology.ProcessingItem;\n import org.apache.samoa.topology.Stream;\n import org.apache.samoa.utils.PartitioningScheme;\n+import org.apache.flink.streaming.api.operators.AbstractUdfStreamOperator;\n+import org.apache.flink.streaming.api.operators.OneInputStreamOperator;\n import org.slf4j.Logger;\n import org.slf4j.LoggerFactory;\n \n@@ -43,7 +44,8 @@\n import java.util.List;\n \n \n-public class FlinkProcessingItem extends StreamInvokable<SamoaType, SamoaType> implements ProcessingItem, FlinkComponent, Serializable {\n+public class FlinkProcessingItem extends AbstractUdfStreamOperator<SamoaType, FlinkProcessingItem.SamoaDelegateFunction> \n+\t\timplements OneInputStreamOperator<SamoaType, SamoaType>, ProcessingItem, FlinkComponent, Serializable {\n \n \tprivate static final Logger logger = LoggerFactory.getLogger(FlinkProcessingItem.class);\n \tpublic static final int MAX_WAIT_TIME_MILLIS = 10000;\n@@ -88,7 +90,7 @@ public Stream createStream() {\n \t}\n \n \tpublic void putToStream(ContentEvent data, Stream targetStream) {\n-\t\tcollector.collect(SamoaType.of(data, targetStream.getStreamId()));\n+\t\toutput.collect(SamoaType.of(data, targetStream.getStreamId()));\n \t}\n \n \t@Override\n@@ -106,7 +108,7 @@ public void initialise() {\n \t\t\t\t\tif (inStream == null) {\n \t\t\t\t\t\tinStream = toBeMerged;\n \t\t\t\t\t} else {\n-\t\t\t\t\t\tinStream = inStream.merge(toBeMerged);\n+\t\t\t\t\t\tinStream = inStream.union(toBeMerged);\n \t\t\t\t\t}\n \t\t\t\t} catch (RuntimeException e) {\n \t\t\t\t\te.printStackTrace();\n@@ -146,11 +148,8 @@ public Processor getProcessor() {\n \t}\n \n \t@Override\n-\tpublic void invoke() throws Exception {\n-\t\twhile (readNext() != null) {\n-\t\t\tSamoaType t = nextObject;\n-\t\t\tfun.processEvent(t.f1);\n-\t\t}\n+\tpublic void processElement(SamoaType samoaType) throws Exception {\n+\t\tfun.processEvent(samoaType.f1);\n \t}\n \n \t@Override\n@@ -221,10 +220,6 @@ public void setOnIteration(boolean onIteration) {\n \t\tthis.onIteration = onIteration;\n \t}\n \n-\tpublic boolean isOnIteration() {\n-\t\treturn onIteration;\n-\t}\n-\n \tstatic class SamoaDelegateFunction implements Function, Serializable {\n \t\tprivate final Processor proc;\n "}]}