{"sha": "b9029384f5dced1c6e7c8fdd14615733a307d7a3", "node_id": "MDY6Q29tbWl0ODIzMDgwOTpiOTAyOTM4NGY1ZGNlZDFjNmU3YzhmZGQxNDYxNTczM2EzMDdkN2Ez", "commit": {"author": {"name": "Justin Reynolds", "email": "justinr1234@gmail.com", "date": "2016-02-23T18:44:57Z"}, "committer": {"name": "Justin Reynolds", "email": "justinr1234@gmail.com", "date": "2016-02-23T18:44:57Z"}, "message": "Fix keyboard submission on TextInput for react native on Android", "tree": {"sha": "45d5eec63d60aa53fd39db265235f2ddcab0b997", "url": "https://api.github.com/repos/este/este/git/trees/45d5eec63d60aa53fd39db265235f2ddcab0b997"}, "url": "https://api.github.com/repos/este/este/git/commits/b9029384f5dced1c6e7c8fdd14615733a307d7a3", "comment_count": 0, "verification": {"verified": false, "reason": "unsigned", "signature": null, "payload": null}}, "url": "https://api.github.com/repos/este/este/commits/b9029384f5dced1c6e7c8fdd14615733a307d7a3", "html_url": "https://github.com/este/este/commit/b9029384f5dced1c6e7c8fdd14615733a307d7a3", "comments_url": "https://api.github.com/repos/este/este/commits/b9029384f5dced1c6e7c8fdd14615733a307d7a3/comments", "author": {"login": "justinr1234", "id": 7017500, "node_id": "MDQ6VXNlcjcwMTc1MDA=", "avatar_url": "https://avatars1.githubusercontent.com/u/7017500?v=4", "gravatar_id": "", "url": "https://api.github.com/users/justinr1234", "html_url": "https://github.com/justinr1234", "followers_url": "https://api.github.com/users/justinr1234/followers", "following_url": "https://api.github.com/users/justinr1234/following{/other_user}", "gists_url": "https://api.github.com/users/justinr1234/gists{/gist_id}", "starred_url": "https://api.github.com/users/justinr1234/starred{/owner}{/repo}", "subscriptions_url": "https://api.github.com/users/justinr1234/subscriptions", "organizations_url": "https://api.github.com/users/justinr1234/orgs", "repos_url": "https://api.github.com/users/justinr1234/repos", "events_url": "https://api.github.com/users/justinr1234/events{/privacy}", "received_events_url": "https://api.github.com/users/justinr1234/received_events", "type": "User", "site_admin": false}, "committer": {"login": "justinr1234", "id": 7017500, "node_id": "MDQ6VXNlcjcwMTc1MDA=", "avatar_url": "https://avatars1.githubusercontent.com/u/7017500?v=4", "gravatar_id": "", "url": "https://api.github.com/users/justinr1234", "html_url": "https://github.com/justinr1234", "followers_url": "https://api.github.com/users/justinr1234/followers", "following_url": "https://api.github.com/users/justinr1234/following{/other_user}", "gists_url": "https://api.github.com/users/justinr1234/gists{/gist_id}", "starred_url": "https://api.github.com/users/justinr1234/starred{/owner}{/repo}", "subscriptions_url": "https://api.github.com/users/justinr1234/subscriptions", "organizations_url": "https://api.github.com/users/justinr1234/orgs", "repos_url": "https://api.github.com/users/justinr1234/repos", "events_url": "https://api.github.com/users/justinr1234/events{/privacy}", "received_events_url": "https://api.github.com/users/justinr1234/received_events", "type": "User", "site_admin": false}, "parents": [{"sha": "9d289a356366b295de98ea2318ad8b480f7feab3", "url": "https://api.github.com/repos/este/este/commits/9d289a356366b295de98ea2318ad8b480f7feab3", "html_url": "https://github.com/este/este/commit/9d289a356366b295de98ea2318ad8b480f7feab3"}], "stats": {"total": 6, "additions": 6, "deletions": 0}, "files": [{"sha": "5f8031f8e7ab35b1029f07132cbc60360d2961dd", "filename": "src/native/todos/NewTodo.react.js", "status": "modified", "additions": 6, "deletions": 0, "changes": 6, "blob_url": "https://github.com/este/este/blob/b9029384f5dced1c6e7c8fdd14615733a307d7a3/src/native/todos/NewTodo.react.js", "raw_url": "https://github.com/este/este/raw/b9029384f5dced1c6e7c8fdd14615733a307d7a3/src/native/todos/NewTodo.react.js", "contents_url": "https://api.github.com/repos/este/este/contents/src/native/todos/NewTodo.react.js?ref=b9029384f5dced1c6e7c8fdd14615733a307d7a3", "patch": "@@ -32,6 +32,7 @@ class NewTodo extends Component {\n   constructor(props) {\n     super(props);\n     this.onTextInputEndEditing = this.onTextInputEndEditing.bind(this);\n+    this.onSubmitEditing = this.onSubmitEditing.bind(this);\n   }\n \n   onTextInputEndEditing() {\n@@ -41,6 +42,10 @@ class NewTodo extends Component {\n     fields.$reset();\n   }\n \n+  onSubmitEditing() {\n+    this.onTextInputEndEditing();\n+  }\n+\n   render() {\n     const {fields, msg} = this.props;\n     const {title} = fields;\n@@ -50,6 +55,7 @@ class NewTodo extends Component {\n         <TextInput\n           maxLength={100} // React Native needs explicit maxLength.\n           onEndEditing={this.onTextInputEndEditing}\n+          onSubmitEditing={this.onSubmitEditing}\n           placeholder={msg.newTodoPlaceholder}\n           placeholderTextColor={'#cce9f2'}\n           style={styles.input}"}]}