{"sha": "b3e41c9525f0f8537b87bb7bf923cf74c31ee585", "node_id": "MDY6Q29tbWl0MjAwODk4NTc6YjNlNDFjOTUyNWYwZjg1MzdiODdiYjdiZjkyM2NmNzRjMzFlZTU4NQ==", "commit": {"author": {"name": "Monani Mihir", "email": "monani.mihir@gmail.com", "date": "2018-07-31T13:14:45Z"}, "committer": {"name": "tedyu", "email": "yuzhihong@gmail.com", "date": "2018-08-02T11:59:51Z"}, "message": "HBASE-19036 Add action in Chaos Monkey to restart Active Namenode\n\nSigned-off-by: tedyu <yuzhihong@gmail.com>", "tree": {"sha": "2ca75515f9c440bf416b559877b515b48b708196", "url": "https://api.github.com/repos/apache/hbase/git/trees/2ca75515f9c440bf416b559877b515b48b708196"}, "url": "https://api.github.com/repos/apache/hbase/git/commits/b3e41c9525f0f8537b87bb7bf923cf74c31ee585", "comment_count": 0, "verification": {"verified": false, "reason": "unsigned", "signature": null, "payload": null}}, "url": "https://api.github.com/repos/apache/hbase/commits/b3e41c9525f0f8537b87bb7bf923cf74c31ee585", "html_url": "https://github.com/apache/hbase/commit/b3e41c9525f0f8537b87bb7bf923cf74c31ee585", "comments_url": "https://api.github.com/repos/apache/hbase/commits/b3e41c9525f0f8537b87bb7bf923cf74c31ee585/comments", "author": {"login": "mihir6692", "id": 11543992, "node_id": "MDQ6VXNlcjExNTQzOTky", "avatar_url": "https://avatars3.githubusercontent.com/u/11543992?v=4", "gravatar_id": "", "url": "https://api.github.com/users/mihir6692", "html_url": "https://github.com/mihir6692", "followers_url": "https://api.github.com/users/mihir6692/followers", "following_url": "https://api.github.com/users/mihir6692/following{/other_user}", "gists_url": "https://api.github.com/users/mihir6692/gists{/gist_id}", "starred_url": "https://api.github.com/users/mihir6692/starred{/owner}{/repo}", "subscriptions_url": "https://api.github.com/users/mihir6692/subscriptions", "organizations_url": "https://api.github.com/users/mihir6692/orgs", "repos_url": "https://api.github.com/users/mihir6692/repos", "events_url": "https://api.github.com/users/mihir6692/events{/privacy}", "received_events_url": "https://api.github.com/users/mihir6692/received_events", "type": "User", "site_admin": false}, "committer": {"login": "tedyu", "id": 235188, "node_id": "MDQ6VXNlcjIzNTE4OA==", "avatar_url": "https://avatars3.githubusercontent.com/u/235188?v=4", "gravatar_id": "", "url": "https://api.github.com/users/tedyu", "html_url": "https://github.com/tedyu", "followers_url": "https://api.github.com/users/tedyu/followers", "following_url": "https://api.github.com/users/tedyu/following{/other_user}", "gists_url": "https://api.github.com/users/tedyu/gists{/gist_id}", "starred_url": "https://api.github.com/users/tedyu/starred{/owner}{/repo}", "subscriptions_url": "https://api.github.com/users/tedyu/subscriptions", "organizations_url": "https://api.github.com/users/tedyu/orgs", "repos_url": "https://api.github.com/users/tedyu/repos", "events_url": "https://api.github.com/users/tedyu/events{/privacy}", "received_events_url": "https://api.github.com/users/tedyu/received_events", "type": "User", "site_admin": false}, "parents": [{"sha": "78164efcf461ab22df1fe153460c435deb2e1011", "url": "https://api.github.com/repos/apache/hbase/commits/78164efcf461ab22df1fe153460c435deb2e1011", "html_url": "https://github.com/apache/hbase/commit/78164efcf461ab22df1fe153460c435deb2e1011"}], "stats": {"total": 228, "additions": 227, "deletions": 1}, "files": [{"sha": "5ec9e254677d3562b23640e9dff140b2dce9c115", "filename": "hbase-it/src/test/java/org/apache/hadoop/hbase/DistributedHBaseCluster.java", "status": "modified", "additions": 32, "deletions": 1, "changes": 33, "blob_url": "https://github.com/apache/hbase/blob/b3e41c9525f0f8537b87bb7bf923cf74c31ee585/hbase-it/src/test/java/org/apache/hadoop/hbase/DistributedHBaseCluster.java", "raw_url": "https://github.com/apache/hbase/raw/b3e41c9525f0f8537b87bb7bf923cf74c31ee585/hbase-it/src/test/java/org/apache/hadoop/hbase/DistributedHBaseCluster.java", "contents_url": "https://api.github.com/repos/apache/hbase/contents/hbase-it/src/test/java/org/apache/hadoop/hbase/DistributedHBaseCluster.java?ref=b3e41c9525f0f8537b87bb7bf923cf74c31ee585", "patch": "@@ -25,6 +25,7 @@\n import java.util.Objects;\n import java.util.Set;\n import java.util.TreeSet;\n+\n import org.apache.hadoop.conf.Configuration;\n import org.apache.hadoop.hbase.ClusterManager.ServiceType;\n import org.apache.hadoop.hbase.client.Admin;\n@@ -35,7 +36,6 @@\n import org.apache.hadoop.hbase.util.Bytes;\n import org.apache.hadoop.hbase.util.Threads;\n import org.apache.yetus.audience.InterfaceAudience;\n-\n import org.apache.hadoop.hbase.shaded.protobuf.ProtobufUtil;\n import org.apache.hadoop.hbase.shaded.protobuf.generated.AdminProtos;\n import org.apache.hadoop.hbase.shaded.protobuf.generated.AdminProtos.ServerInfo;\n@@ -204,6 +204,37 @@ public void waitForDataNodeToStop(ServerName serverName, long timeout) throws IO\n     waitForServiceToStop(ServiceType.HADOOP_DATANODE, serverName, timeout);\n   }\n \n+  @Override\n+  public void startNameNode(ServerName serverName) throws IOException {\n+    LOG.info(\"Starting name node on: \" + serverName.getServerName());\n+    clusterManager.start(ServiceType.HADOOP_NAMENODE, serverName.getHostname(),\n+      serverName.getPort());\n+  }\n+\n+  @Override\n+  public void killNameNode(ServerName serverName) throws IOException {\n+    LOG.info(\"Aborting name node on: \" + serverName.getServerName());\n+    clusterManager.kill(ServiceType.HADOOP_NAMENODE, serverName.getHostname(),\n+      serverName.getPort());\n+  }\n+\n+  @Override\n+  public void stopNameNode(ServerName serverName) throws IOException {\n+    LOG.info(\"Stopping name node on: \" + serverName.getServerName());\n+    clusterManager.stop(ServiceType.HADOOP_NAMENODE, serverName.getHostname(),\n+      serverName.getPort());\n+  }\n+\n+  @Override\n+  public void waitForNameNodeToStart(ServerName serverName, long timeout) throws IOException {\n+    waitForServiceToStart(ServiceType.HADOOP_NAMENODE, serverName, timeout);\n+  }\n+\n+  @Override\n+  public void waitForNameNodeToStop(ServerName serverName, long timeout) throws IOException {\n+    waitForServiceToStop(ServiceType.HADOOP_NAMENODE, serverName, timeout);\n+  }\n+\n   private void waitForServiceToStop(ServiceType service, ServerName serverName, long timeout)\n     throws IOException {\n     LOG.info(\"Waiting for service: \" + service + \" to stop: \" + serverName.getServerName());"}, {"sha": "f7c2fc652805efdb5c8eb37fd47277d9b79e194e", "filename": "hbase-it/src/test/java/org/apache/hadoop/hbase/HBaseClusterManager.java", "status": "modified", "additions": 2, "deletions": 0, "changes": 2, "blob_url": "https://github.com/apache/hbase/blob/b3e41c9525f0f8537b87bb7bf923cf74c31ee585/hbase-it/src/test/java/org/apache/hadoop/hbase/HBaseClusterManager.java", "raw_url": "https://github.com/apache/hbase/raw/b3e41c9525f0f8537b87bb7bf923cf74c31ee585/hbase-it/src/test/java/org/apache/hadoop/hbase/HBaseClusterManager.java", "contents_url": "https://api.github.com/repos/apache/hbase/contents/hbase-it/src/test/java/org/apache/hadoop/hbase/HBaseClusterManager.java?ref=b3e41c9525f0f8537b87bb7bf923cf74c31ee585", "patch": "@@ -101,6 +101,7 @@ private String getServiceUser(ServiceType service) {\n     Configuration conf = getConf();\n     switch (service) {\n       case HADOOP_DATANODE:\n+      case HADOOP_NAMENODE:\n         return conf.get(\"hbase.it.clustermanager.hadoop.hdfs.user\", \"hdfs\");\n       case ZOOKEEPER_SERVER:\n         return conf.get(\"hbase.it.clustermanager.zookeeper.user\", \"zookeeper\");\n@@ -282,6 +283,7 @@ public HBaseClusterManager() {\n   protected CommandProvider getCommandProvider(ServiceType service) throws IOException {\n     switch (service) {\n       case HADOOP_DATANODE:\n+      case HADOOP_NAMENODE:\n         return new HadoopShellCommandProvider(getConf());\n       case ZOOKEEPER_SERVER:\n         return new ZookeeperShellCommandProvider(getConf());"}, {"sha": "350e18a4544a254096256c53cf822def0a5aae7b", "filename": "hbase-it/src/test/java/org/apache/hadoop/hbase/chaos/actions/Action.java", "status": "modified", "additions": 28, "deletions": 0, "changes": 28, "blob_url": "https://github.com/apache/hbase/blob/b3e41c9525f0f8537b87bb7bf923cf74c31ee585/hbase-it/src/test/java/org/apache/hadoop/hbase/chaos/actions/Action.java", "raw_url": "https://github.com/apache/hbase/raw/b3e41c9525f0f8537b87bb7bf923cf74c31ee585/hbase-it/src/test/java/org/apache/hadoop/hbase/chaos/actions/Action.java", "contents_url": "https://api.github.com/repos/apache/hbase/contents/hbase-it/src/test/java/org/apache/hadoop/hbase/chaos/actions/Action.java?ref=b3e41c9525f0f8537b87bb7bf923cf74c31ee585", "patch": "@@ -26,6 +26,7 @@\n import java.util.Map;\n import java.util.function.BiConsumer;\n import java.util.function.Consumer;\n+\n import org.apache.commons.lang3.RandomUtils;\n import org.apache.hadoop.conf.Configuration;\n import org.apache.hadoop.hbase.ClusterMetrics;\n@@ -65,6 +66,10 @@\n     \"hbase.chaosmonkey.action.killdatanodetimeout\";\n   public static final String START_DATANODE_TIMEOUT_KEY =\n     \"hbase.chaosmonkey.action.startdatanodetimeout\";\n+  public static final String KILL_NAMENODE_TIMEOUT_KEY =\n+      \"hbase.chaosmonkey.action.killnamenodetimeout\";\n+  public static final String START_NAMENODE_TIMEOUT_KEY =\n+      \"hbase.chaosmonkey.action.startnamenodetimeout\";\n \n   protected static final Logger LOG = LoggerFactory.getLogger(Action.class);\n \n@@ -76,6 +81,8 @@\n   protected static final long START_ZK_NODE_TIMEOUT_DEFAULT = PolicyBasedChaosMonkey.TIMEOUT;\n   protected static final long KILL_DATANODE_TIMEOUT_DEFAULT = PolicyBasedChaosMonkey.TIMEOUT;\n   protected static final long START_DATANODE_TIMEOUT_DEFAULT = PolicyBasedChaosMonkey.TIMEOUT;\n+  protected static final long KILL_NAMENODE_TIMEOUT_DEFAULT = PolicyBasedChaosMonkey.TIMEOUT;\n+  protected static final long START_NAMENODE_TIMEOUT_DEFAULT = PolicyBasedChaosMonkey.TIMEOUT;\n \n   protected ActionContext context;\n   protected HBaseCluster cluster;\n@@ -90,6 +97,8 @@\n   protected long startZkNodeTimeout;\n   protected long killDataNodeTimeout;\n   protected long startDataNodeTimeout;\n+  protected long killNameNodeTimeout;\n+  protected long startNameNodeTimeout;\n \n   public void init(ActionContext context) throws IOException {\n     this.context = context;\n@@ -112,6 +121,11 @@ public void init(ActionContext context) throws IOException {\n       KILL_DATANODE_TIMEOUT_DEFAULT);\n     startDataNodeTimeout = cluster.getConf().getLong(START_DATANODE_TIMEOUT_KEY,\n       START_DATANODE_TIMEOUT_DEFAULT);\n+    killNameNodeTimeout =\n+        cluster.getConf().getLong(KILL_NAMENODE_TIMEOUT_KEY, KILL_NAMENODE_TIMEOUT_DEFAULT);\n+    startNameNodeTimeout =\n+        cluster.getConf().getLong(START_NAMENODE_TIMEOUT_KEY, START_NAMENODE_TIMEOUT_DEFAULT);\n+\n   }\n \n   public void perform() throws Exception { }\n@@ -197,6 +211,20 @@ protected void startDataNode(ServerName server) throws IOException {\n     LOG.info(\"Started datanode \" + server);\n   }\n \n+  protected void killNameNode(ServerName server) throws IOException {\n+    LOG.info(\"Killing namenode :-\" + server.getHostname());\n+    cluster.killNameNode(server);\n+    cluster.waitForNameNodeToStop(server, killNameNodeTimeout);\n+    LOG.info(\"Killed namenode:\" + server + \". Reported num of rs:\"\n+        + cluster.getClusterMetrics().getLiveServerMetrics().size());\n+  }\n+\n+  protected void startNameNode(ServerName server) throws IOException {\n+    LOG.info(\"Starting Namenode :-\" + server.getHostname());\n+    cluster.startNameNode(server);\n+    cluster.waitForNameNodeToStart(server, startNameNodeTimeout);\n+    LOG.info(\"Started namenode:\" + server);\n+  }\n   protected void unbalanceRegions(ClusterMetrics clusterStatus,\n       List<ServerName> fromServers, List<ServerName> toServers,\n       double fractionOfRegions) throws Exception {"}, {"sha": "6e589aeaa2da4c18751db6ceb32dc2b135502dd3", "filename": "hbase-it/src/test/java/org/apache/hadoop/hbase/chaos/actions/RestartActionBaseAction.java", "status": "modified", "additions": 12, "deletions": 0, "changes": 12, "blob_url": "https://github.com/apache/hbase/blob/b3e41c9525f0f8537b87bb7bf923cf74c31ee585/hbase-it/src/test/java/org/apache/hadoop/hbase/chaos/actions/RestartActionBaseAction.java", "raw_url": "https://github.com/apache/hbase/raw/b3e41c9525f0f8537b87bb7bf923cf74c31ee585/hbase-it/src/test/java/org/apache/hadoop/hbase/chaos/actions/RestartActionBaseAction.java", "contents_url": "https://api.github.com/repos/apache/hbase/contents/hbase-it/src/test/java/org/apache/hadoop/hbase/chaos/actions/RestartActionBaseAction.java?ref=b3e41c9525f0f8537b87bb7bf923cf74c31ee585", "patch": "@@ -82,4 +82,16 @@ void restartDataNode(ServerName server, long sleepTime) throws IOException {\n     sleep(sleepTime);\n     startDataNode(server);\n   }\n+\n+  void restartNameNode(ServerName server, long sleepTime) throws IOException {\n+    sleepTime = Math.max(sleepTime, 1000);\n+    // Don't try the kill if we're stopping\n+    if (context.isStopping()) {\n+      return;\n+    }\n+    killNameNode(server);\n+    sleep(sleepTime);\n+    startNameNode(server);\n+  }\n+\n }"}, {"sha": "645743a7fafeeaccc2a32d800cfcd6e651d70a56", "filename": "hbase-it/src/test/java/org/apache/hadoop/hbase/chaos/actions/RestartActiveNameNodeAction.java", "status": "added", "additions": 90, "deletions": 0, "changes": 90, "blob_url": "https://github.com/apache/hbase/blob/b3e41c9525f0f8537b87bb7bf923cf74c31ee585/hbase-it/src/test/java/org/apache/hadoop/hbase/chaos/actions/RestartActiveNameNodeAction.java", "raw_url": "https://github.com/apache/hbase/raw/b3e41c9525f0f8537b87bb7bf923cf74c31ee585/hbase-it/src/test/java/org/apache/hadoop/hbase/chaos/actions/RestartActiveNameNodeAction.java", "contents_url": "https://api.github.com/repos/apache/hbase/contents/hbase-it/src/test/java/org/apache/hadoop/hbase/chaos/actions/RestartActiveNameNodeAction.java?ref=b3e41c9525f0f8537b87bb7bf923cf74c31ee585", "patch": "@@ -0,0 +1,90 @@\n+/**\n+ * Licensed to the Apache Software Foundation (ASF) under one\n+ * or more contributor license agreements.  See the NOTICE file\n+ * distributed with this work for additional information\n+ * regarding copyright ownership.  The ASF licenses this file\n+ * to you under the Apache License, Version 2.0 (the\n+ * \"License\"); you may not use this file except in compliance\n+ * with the License.  You may obtain a copy of the License at\n+ *\n+ *     http://www.apache.org/licenses/LICENSE-2.0\n+ *\n+ * Unless required by applicable law or agreed to in writing, software\n+ * distributed under the License is distributed on an \"AS IS\" BASIS,\n+ * WITHOUT WARRANTIES OR CONDITIONS OF ANY KIND, either express or implied.\n+ * See the License for the specific language governing permissions and\n+ * limitations under the License.\n+ */\n+\n+package org.apache.hadoop.hbase.chaos.actions;\n+\n+import java.util.List;\n+\n+import org.apache.hadoop.conf.Configuration;\n+import org.apache.hadoop.hbase.ServerName;\n+import org.apache.hadoop.hbase.util.FSUtils;\n+import org.apache.hadoop.hbase.zookeeper.RecoverableZooKeeper;\n+import org.apache.hadoop.hbase.zookeeper.ZKUtil;\n+import org.apache.hadoop.hbase.zookeeper.ZKWatcher;\n+import org.apache.hadoop.hbase.zookeeper.ZNodePaths;\n+import org.apache.hadoop.hdfs.DFSUtil;\n+import org.apache.hadoop.hdfs.HAUtil;\n+import org.apache.hadoop.hdfs.server.namenode.ha.proto.HAZKInfoProtos.ActiveNodeInfo;\n+\n+/**\n+ * Action that tries to restart the active namenode.\n+ */\n+public class RestartActiveNameNodeAction extends RestartActionBaseAction {\n+\n+  // Value taken from org.apache.hadoop.ha.ActiveStandbyElector.java, variable :- LOCK_FILENAME\n+  private static final String ACTIVE_NN_LOCK_NAME = \"ActiveStandbyElectorLock\";\n+\n+  // Value taken from org.apache.hadoop.ha.ZKFailoverController.java\n+  // variable :- ZK_PARENT_ZNODE_DEFAULT and ZK_PARENT_ZNODE_KEY\n+  private static final String ZK_PARENT_ZNODE_DEFAULT = \"/hadoop-ha\";\n+  private static final String ZK_PARENT_ZNODE_KEY = \"ha.zookeeper.parent-znode\";\n+\n+  public RestartActiveNameNodeAction(long sleepTime) {\n+    super(sleepTime);\n+  }\n+\n+  @Override\n+  public void perform() throws Exception {\n+    LOG.info(\"Performing action: Restart active namenode\");\n+    Configuration conf = FSUtils.getRootDir(getConf()).getFileSystem(getConf()).getConf();\n+    String nameServiceID = DFSUtil.getNamenodeNameServiceId(conf);\n+    if (!HAUtil.isHAEnabled(conf, nameServiceID)) {\n+      throw new Exception(\"HA for namenode is not enabled\");\n+    }\n+    ZKWatcher zkw = null;\n+    RecoverableZooKeeper rzk = null;\n+    String activeNamenode = null;\n+    String hadoopHAZkNode = conf.get(ZK_PARENT_ZNODE_KEY, ZK_PARENT_ZNODE_DEFAULT);\n+    try {\n+      zkw = new ZKWatcher(conf, \"get-active-namenode\", null);\n+      rzk = zkw.getRecoverableZooKeeper();\n+      String hadoopHAZkNodePath = ZNodePaths.joinZNode(hadoopHAZkNode, nameServiceID);\n+      List<String> subChildern = ZKUtil.listChildrenNoWatch(zkw, hadoopHAZkNodePath);\n+      for (String eachEntry : subChildern) {\n+        if (eachEntry.contains(ACTIVE_NN_LOCK_NAME)) {\n+          byte[] data =\n+              rzk.getData(ZNodePaths.joinZNode(hadoopHAZkNodePath, ACTIVE_NN_LOCK_NAME), false,\n+                null);\n+          ActiveNodeInfo proto = ActiveNodeInfo.parseFrom(data);\n+          activeNamenode = proto.getHostname();\n+        }\n+      }\n+    } finally {\n+      if (zkw != null) {\n+        zkw.close();\n+      }\n+    }\n+    if (activeNamenode == null) {\n+      throw new Exception(\"No active Name node found in zookeeper under \" + hadoopHAZkNode);\n+    }\n+    LOG.info(\"Found active namenode host:\" + activeNamenode);\n+    ServerName activeNNHost = ServerName.valueOf(activeNamenode, -1, -1);\n+    LOG.info(\"Restarting Active NameNode :\" + activeNamenode);\n+    restartNameNode(activeNNHost, sleepTime);\n+  }\n+}"}, {"sha": "a1b474deb1e113613241152586832c302b316d4c", "filename": "hbase-server/src/test/java/org/apache/hadoop/hbase/HBaseCluster.java", "status": "modified", "additions": 37, "deletions": 0, "changes": 37, "blob_url": "https://github.com/apache/hbase/blob/b3e41c9525f0f8537b87bb7bf923cf74c31ee585/hbase-server/src/test/java/org/apache/hadoop/hbase/HBaseCluster.java", "raw_url": "https://github.com/apache/hbase/raw/b3e41c9525f0f8537b87bb7bf923cf74c31ee585/hbase-server/src/test/java/org/apache/hadoop/hbase/HBaseCluster.java", "contents_url": "https://api.github.com/repos/apache/hbase/contents/hbase-server/src/test/java/org/apache/hadoop/hbase/HBaseCluster.java?ref=b3e41c9525f0f8537b87bb7bf923cf74c31ee585", "patch": "@@ -19,6 +19,7 @@\n \n import java.io.Closeable;\n import java.io.IOException;\n+\n import org.apache.hadoop.conf.Configurable;\n import org.apache.hadoop.conf.Configuration;\n import org.apache.hadoop.hbase.util.Threads;\n@@ -247,6 +248,42 @@ public abstract void waitForDataNodeToStart(ServerName serverName, long timeout)\n   public abstract void waitForDataNodeToStop(ServerName serverName, long timeout)\n     throws IOException;\n \n+  /**\n+   * Starts a new namenode on the given hostname or if this is a mini/local cluster, silently logs\n+   * warning message.\n+   * @throws IOException if something goes wrong\n+   */\n+  public abstract void startNameNode(ServerName serverName) throws IOException;\n+\n+  /**\n+   * Kills the namenode process if this is a distributed cluster, otherwise, this causes master to\n+   * exit doing basic clean up only.\n+   * @throws IOException if something goes wrong\n+   */\n+  public abstract void killNameNode(ServerName serverName) throws IOException;\n+\n+  /**\n+   * Stops the namenode if this is a distributed cluster, otherwise silently logs warning message.\n+   * @throws IOException if something goes wrong\n+   */\n+  public abstract void stopNameNode(ServerName serverName) throws IOException;\n+\n+  /**\n+   * Wait for the specified namenode to join the cluster\n+   * @return whether the operation finished with success\n+   * @throws IOException if something goes wrong or timeout occurs\n+   */\n+  public abstract void waitForNameNodeToStart(ServerName serverName, long timeout)\n+      throws IOException;\n+\n+  /**\n+   * Wait for the specified namenode to stop\n+   * @return whether the operation finished with success\n+   * @throws IOException if something goes wrong or timeout occurs\n+   */\n+  public abstract void waitForNameNodeToStop(ServerName serverName, long timeout)\n+      throws IOException;\n+\n   /**\n    * Starts a new master on the given hostname or if this is a mini/local cluster,\n    * starts a master locally."}, {"sha": "473eb74abf3bfb1fe8b3dc39c96ba18d75e9a7bb", "filename": "hbase-server/src/test/java/org/apache/hadoop/hbase/MiniHBaseCluster.java", "status": "modified", "additions": 26, "deletions": 0, "changes": 26, "blob_url": "https://github.com/apache/hbase/blob/b3e41c9525f0f8537b87bb7bf923cf74c31ee585/hbase-server/src/test/java/org/apache/hadoop/hbase/MiniHBaseCluster.java", "raw_url": "https://github.com/apache/hbase/raw/b3e41c9525f0f8537b87bb7bf923cf74c31ee585/hbase-server/src/test/java/org/apache/hadoop/hbase/MiniHBaseCluster.java", "contents_url": "https://api.github.com/repos/apache/hbase/contents/hbase-server/src/test/java/org/apache/hadoop/hbase/MiniHBaseCluster.java?ref=b3e41c9525f0f8537b87bb7bf923cf74c31ee585", "patch": "@@ -24,6 +24,7 @@\n import java.util.HashSet;\n import java.util.List;\n import java.util.Set;\n+\n import org.apache.hadoop.conf.Configuration;\n import org.apache.hadoop.fs.FileSystem;\n import org.apache.hadoop.hbase.master.HMaster;\n@@ -348,6 +349,31 @@ public void waitForDataNodeToStop(ServerName serverName, long timeout) throws IO\n     LOG.warn(\"Waiting for datanodes to stop on mini cluster is not supported\");\n   }\n \n+  @Override\n+  public void startNameNode(ServerName serverName) throws IOException {\n+    LOG.warn(\"Starting namenodes on mini cluster is not supported\");\n+  }\n+\n+  @Override\n+  public void killNameNode(ServerName serverName) throws IOException {\n+    LOG.warn(\"Aborting namenodes on mini cluster is not supported\");\n+  }\n+\n+  @Override\n+  public void stopNameNode(ServerName serverName) throws IOException {\n+    LOG.warn(\"Stopping namenodes on mini cluster is not supported\");\n+  }\n+\n+  @Override\n+  public void waitForNameNodeToStart(ServerName serverName, long timeout) throws IOException {\n+    LOG.warn(\"Waiting for namenodes to start on mini cluster is not supported\");\n+  }\n+\n+  @Override\n+  public void waitForNameNodeToStop(ServerName serverName, long timeout) throws IOException {\n+    LOG.warn(\"Waiting for namenodes to stop on mini cluster is not supported\");\n+  }\n+\n   @Override\n   public void startMaster(String hostname, int port) throws IOException {\n     this.startMaster();"}]}