{"sha": "f9e932abecdc65184adc37ff9a85a49742a51808", "node_id": "MDY6Q29tbWl0NDIxMjYwNjpmOWU5MzJhYmVjZGM2NTE4NGFkYzM3ZmY5YTg1YTQ5NzQyYTUxODA4", "commit": {"author": {"name": "Jeffrey Yang", "email": "jeff.yang@appssavvy.com", "date": "2014-02-17T18:50:18Z"}, "committer": {"name": "Jeffrey Yang", "email": "jeff.yang@appssavvy.com", "date": "2014-02-17T18:50:18Z"}, "message": "Prevent leaked handlers.", "tree": {"sha": "5d80510b67c6dccb047513b84003a620f99c6495", "url": "https://api.github.com/repos/eelcocramer/node-gpsd/git/trees/5d80510b67c6dccb047513b84003a620f99c6495"}, "url": "https://api.github.com/repos/eelcocramer/node-gpsd/git/commits/f9e932abecdc65184adc37ff9a85a49742a51808", "comment_count": 0, "verification": {"verified": false, "reason": "unsigned", "signature": null, "payload": null}}, "url": "https://api.github.com/repos/eelcocramer/node-gpsd/commits/f9e932abecdc65184adc37ff9a85a49742a51808", "html_url": "https://github.com/eelcocramer/node-gpsd/commit/f9e932abecdc65184adc37ff9a85a49742a51808", "comments_url": "https://api.github.com/repos/eelcocramer/node-gpsd/commits/f9e932abecdc65184adc37ff9a85a49742a51808/comments", "author": {"login": "sajacy", "id": 1191047, "node_id": "MDQ6VXNlcjExOTEwNDc=", "avatar_url": "https://avatars2.githubusercontent.com/u/1191047?v=4", "gravatar_id": "", "url": "https://api.github.com/users/sajacy", "html_url": "https://github.com/sajacy", "followers_url": "https://api.github.com/users/sajacy/followers", "following_url": "https://api.github.com/users/sajacy/following{/other_user}", "gists_url": "https://api.github.com/users/sajacy/gists{/gist_id}", "starred_url": "https://api.github.com/users/sajacy/starred{/owner}{/repo}", "subscriptions_url": "https://api.github.com/users/sajacy/subscriptions", "organizations_url": "https://api.github.com/users/sajacy/orgs", "repos_url": "https://api.github.com/users/sajacy/repos", "events_url": "https://api.github.com/users/sajacy/events{/privacy}", "received_events_url": "https://api.github.com/users/sajacy/received_events", "type": "User", "site_admin": false}, "committer": {"login": "sajacy", "id": 1191047, "node_id": "MDQ6VXNlcjExOTEwNDc=", "avatar_url": "https://avatars2.githubusercontent.com/u/1191047?v=4", "gravatar_id": "", "url": "https://api.github.com/users/sajacy", "html_url": "https://github.com/sajacy", "followers_url": "https://api.github.com/users/sajacy/followers", "following_url": "https://api.github.com/users/sajacy/following{/other_user}", "gists_url": "https://api.github.com/users/sajacy/gists{/gist_id}", "starred_url": "https://api.github.com/users/sajacy/starred{/owner}{/repo}", "subscriptions_url": "https://api.github.com/users/sajacy/subscriptions", "organizations_url": "https://api.github.com/users/sajacy/orgs", "repos_url": "https://api.github.com/users/sajacy/repos", "events_url": "https://api.github.com/users/sajacy/events{/privacy}", "received_events_url": "https://api.github.com/users/sajacy/received_events", "type": "User", "site_admin": false}, "parents": [{"sha": "28b39ef7238011581e0a96ccba9f42babc840b41", "url": "https://api.github.com/repos/eelcocramer/node-gpsd/commits/28b39ef7238011581e0a96ccba9f42babc840b41", "html_url": "https://github.com/eelcocramer/node-gpsd/commit/28b39ef7238011581e0a96ccba9f42babc840b41"}], "stats": {"total": 4, "additions": 2, "deletions": 2}, "files": [{"sha": "c2f79aca4b148e0181354d321eec94b7993ba8a9", "filename": "lib/gpsd.js", "status": "modified", "additions": 2, "deletions": 2, "changes": 4, "blob_url": "https://github.com/eelcocramer/node-gpsd/blob/f9e932abecdc65184adc37ff9a85a49742a51808/lib/gpsd.js", "raw_url": "https://github.com/eelcocramer/node-gpsd/raw/f9e932abecdc65184adc37ff9a85a49742a51808/lib/gpsd.js", "contents_url": "https://api.github.com/repos/eelcocramer/node-gpsd/contents/lib/gpsd.js?ref=f9e932abecdc65184adc37ff9a85a49742a51808", "patch": "@@ -113,7 +113,7 @@ Listener.prototype.setVerbose = function(verbose) {\n Listener.prototype.connect = function(callback) {\n     this.serviceSocket.connect(this.port, this.hostname);\n \n-    this.serviceSocket.on('connect', function (socket) {\n+    this.serviceSocket.once('connect', function (socket) {\n         if (callback !== undefined) callback.call();\n     });\n }\n@@ -123,7 +123,7 @@ Listener.prototype.disconnect = function(callback) {\n     this.unwatch();\n \n     this.serviceSocket.end();\n-    this.serviceSocket.on('close', function(err) {\n+    this.serviceSocket.once('close', function(err) {\n         if (callback !== undefined) callback.call();\n     });\n }"}]}