{"sha": "09d9ea101b4dbaf49335907aaaf3167d29140c59", "node_id": "MDY6Q29tbWl0MTQxMzU0NzA6MDlkOWVhMTAxYjRkYmFmNDkzMzU5MDdhYWFmMzE2N2QyOTE0MGM1OQ==", "commit": {"author": {"name": "aichow", "email": "aichow@users.noreply.github.com", "date": "2016-09-21T19:51:50Z"}, "committer": {"name": "GitHub", "email": "noreply@github.com", "date": "2016-09-21T19:51:50Z"}, "message": "Emit to _spoutConfig.outputStreamId\n\nEven though KafkaSpout.declareOutputFields declaresStream using outputStreamId (if present), the message gets emitted to a stream matching the Kafka topic it was read from. Looks like it may have been a merge conflict between the fix for STORM-1210 and STORM-1379.", "tree": {"sha": "4f8518de41f9927e09ce92e0d6b767a6f0ef029d", "url": "https://api.github.com/repos/apache/storm/git/trees/4f8518de41f9927e09ce92e0d6b767a6f0ef029d"}, "url": "https://api.github.com/repos/apache/storm/git/commits/09d9ea101b4dbaf49335907aaaf3167d29140c59", "comment_count": 0, "verification": {"verified": false, "reason": "unsigned", "signature": null, "payload": null}}, "url": "https://api.github.com/repos/apache/storm/commits/09d9ea101b4dbaf49335907aaaf3167d29140c59", "html_url": "https://github.com/apache/storm/commit/09d9ea101b4dbaf49335907aaaf3167d29140c59", "comments_url": "https://api.github.com/repos/apache/storm/commits/09d9ea101b4dbaf49335907aaaf3167d29140c59/comments", "author": {"login": "aichow", "id": 3742129, "node_id": "MDQ6VXNlcjM3NDIxMjk=", "avatar_url": "https://avatars0.githubusercontent.com/u/3742129?v=4", "gravatar_id": "", "url": "https://api.github.com/users/aichow", "html_url": "https://github.com/aichow", "followers_url": "https://api.github.com/users/aichow/followers", "following_url": "https://api.github.com/users/aichow/following{/other_user}", "gists_url": "https://api.github.com/users/aichow/gists{/gist_id}", "starred_url": "https://api.github.com/users/aichow/starred{/owner}{/repo}", "subscriptions_url": "https://api.github.com/users/aichow/subscriptions", "organizations_url": "https://api.github.com/users/aichow/orgs", "repos_url": "https://api.github.com/users/aichow/repos", "events_url": "https://api.github.com/users/aichow/events{/privacy}", "received_events_url": "https://api.github.com/users/aichow/received_events", "type": "User", "site_admin": false}, "committer": {"login": "web-flow", "id": 19864447, "node_id": "MDQ6VXNlcjE5ODY0NDQ3", "avatar_url": "https://avatars3.githubusercontent.com/u/19864447?v=4", "gravatar_id": "", "url": "https://api.github.com/users/web-flow", "html_url": "https://github.com/web-flow", "followers_url": "https://api.github.com/users/web-flow/followers", "following_url": "https://api.github.com/users/web-flow/following{/other_user}", "gists_url": "https://api.github.com/users/web-flow/gists{/gist_id}", "starred_url": "https://api.github.com/users/web-flow/starred{/owner}{/repo}", "subscriptions_url": "https://api.github.com/users/web-flow/subscriptions", "organizations_url": "https://api.github.com/users/web-flow/orgs", "repos_url": "https://api.github.com/users/web-flow/repos", "events_url": "https://api.github.com/users/web-flow/events{/privacy}", "received_events_url": "https://api.github.com/users/web-flow/received_events", "type": "User", "site_admin": false}, "parents": [{"sha": "84641f636f5932cbdcadd4409fe2d717059d2996", "url": "https://api.github.com/repos/apache/storm/commits/84641f636f5932cbdcadd4409fe2d717059d2996", "html_url": "https://github.com/apache/storm/commit/84641f636f5932cbdcadd4409fe2d717059d2996"}], "stats": {"total": 2, "additions": 1, "deletions": 1}, "files": [{"sha": "793d227c8078edfcec81d75ec7a123795e8a6edb", "filename": "external/storm-kafka/src/jvm/org/apache/storm/kafka/PartitionManager.java", "status": "modified", "additions": 1, "deletions": 1, "changes": 2, "blob_url": "https://github.com/apache/storm/blob/09d9ea101b4dbaf49335907aaaf3167d29140c59/external/storm-kafka/src/jvm/org/apache/storm/kafka/PartitionManager.java", "raw_url": "https://github.com/apache/storm/raw/09d9ea101b4dbaf49335907aaaf3167d29140c59/external/storm-kafka/src/jvm/org/apache/storm/kafka/PartitionManager.java", "contents_url": "https://api.github.com/repos/apache/storm/contents/external/storm-kafka/src/jvm/org/apache/storm/kafka/PartitionManager.java?ref=09d9ea101b4dbaf49335907aaaf3167d29140c59", "patch": "@@ -164,7 +164,7 @@ public EmitState next(SpoutOutputCollector collector) {\n             if ((tups != null) && tups.iterator().hasNext()) {\n                if (!Strings.isNullOrEmpty(_spoutConfig.outputStreamId)) {\n                     for (List<Object> tup : tups) {\n-                        collector.emit(_spoutConfig.topic, tup, new KafkaMessageId(_partition, toEmit.offset()));\n+                        collector.emit(_spoutConfig.outputStreamId, tup, new KafkaMessageId(_partition, toEmit.offset()));\n                     }\n                 } else {\n                     for (List<Object> tup : tups) {"}]}