{"sha": "ae1e3cfa4e0dc7852796f7abbedd717e5cd3d389", "node_id": "MDY6Q29tbWl0MTExOTA4MzphZTFlM2NmYTRlMGRjNzg1Mjc5NmY3YWJiZWRkNzE3ZTVjZDNkMzg5", "commit": {"author": {"name": "Oskari Saarenmaa", "email": "oskari@saarenmaa.fi", "date": "2011-01-09T12:27:06Z"}, "committer": {"name": "Oskari Saarenmaa", "email": "oskari@saarenmaa.fi", "date": "2011-01-09T12:27:06Z"}, "message": "drop hard dependency on boto and fix boto exception handling.", "tree": {"sha": "8af1bf8ea060c312bb41402892c36b6ad742d601", "url": "https://api.github.com/repos/ohmu/poni/git/trees/8af1bf8ea060c312bb41402892c36b6ad742d601"}, "url": "https://api.github.com/repos/ohmu/poni/git/commits/ae1e3cfa4e0dc7852796f7abbedd717e5cd3d389", "comment_count": 0, "verification": {"verified": false, "reason": "unsigned", "signature": null, "payload": null}}, "url": "https://api.github.com/repos/ohmu/poni/commits/ae1e3cfa4e0dc7852796f7abbedd717e5cd3d389", "html_url": "https://github.com/ohmu/poni/commit/ae1e3cfa4e0dc7852796f7abbedd717e5cd3d389", "comments_url": "https://api.github.com/repos/ohmu/poni/commits/ae1e3cfa4e0dc7852796f7abbedd717e5cd3d389/comments", "author": {"login": "saaros", "id": 529621, "node_id": "MDQ6VXNlcjUyOTYyMQ==", "avatar_url": "https://avatars3.githubusercontent.com/u/529621?v=4", "gravatar_id": "", "url": "https://api.github.com/users/saaros", "html_url": "https://github.com/saaros", "followers_url": "https://api.github.com/users/saaros/followers", "following_url": "https://api.github.com/users/saaros/following{/other_user}", "gists_url": "https://api.github.com/users/saaros/gists{/gist_id}", "starred_url": "https://api.github.com/users/saaros/starred{/owner}{/repo}", "subscriptions_url": "https://api.github.com/users/saaros/subscriptions", "organizations_url": "https://api.github.com/users/saaros/orgs", "repos_url": "https://api.github.com/users/saaros/repos", "events_url": "https://api.github.com/users/saaros/events{/privacy}", "received_events_url": "https://api.github.com/users/saaros/received_events", "type": "User", "site_admin": false}, "committer": {"login": "saaros", "id": 529621, "node_id": "MDQ6VXNlcjUyOTYyMQ==", "avatar_url": "https://avatars3.githubusercontent.com/u/529621?v=4", "gravatar_id": "", "url": "https://api.github.com/users/saaros", "html_url": "https://github.com/saaros", "followers_url": "https://api.github.com/users/saaros/followers", "following_url": "https://api.github.com/users/saaros/following{/other_user}", "gists_url": "https://api.github.com/users/saaros/gists{/gist_id}", "starred_url": "https://api.github.com/users/saaros/starred{/owner}{/repo}", "subscriptions_url": "https://api.github.com/users/saaros/subscriptions", "organizations_url": "https://api.github.com/users/saaros/orgs", "repos_url": "https://api.github.com/users/saaros/repos", "events_url": "https://api.github.com/users/saaros/events{/privacy}", "received_events_url": "https://api.github.com/users/saaros/received_events", "type": "User", "site_admin": false}, "parents": [{"sha": "90331aa34d01d6e1eaed127813d352eee6ee1292", "url": "https://api.github.com/repos/ohmu/poni/commits/90331aa34d01d6e1eaed127813d352eee6ee1292", "html_url": "https://github.com/ohmu/poni/commit/90331aa34d01d6e1eaed127813d352eee6ee1292"}], "stats": {"total": 6, "additions": 5, "deletions": 1}, "files": [{"sha": "39f4ecb03a9c36afc1c294772d62febbcec79089", "filename": "poni/cloud.py", "status": "modified", "additions": 5, "deletions": 0, "changes": 5, "blob_url": "https://github.com/ohmu/poni/blob/ae1e3cfa4e0dc7852796f7abbedd717e5cd3d389/poni/cloud.py", "raw_url": "https://github.com/ohmu/poni/raw/ae1e3cfa4e0dc7852796f7abbedd717e5cd3d389/poni/cloud.py", "contents_url": "https://api.github.com/repos/ohmu/poni/contents/poni/cloud.py?ref=ae1e3cfa4e0dc7852796f7abbedd717e5cd3d389", "patch": "@@ -12,8 +12,12 @@\n import logging\n from . import errors\n \n+boto_requirement = '2.0'\n+\n try:\n+    import boto\n     import boto.ec2\n+    import boto.exception\n except ImportError:\n     boto = None\n \n@@ -129,6 +133,7 @@ def get_provider_key(cls, cloud_prop):\n \n     def __init__(self, cloud_prop):\n         assert boto, \"boto is not installed, cannot access AWS\"\n+        assert boto.Version >= boto_requirement, \"boto version is too old, cannot access AWS\"\n         Provider.__init__(self, AWS_EC2)\n         self.log = logging.getLogger(AWS_EC2)\n         self.region = cloud_prop[\"region\"]"}, {"sha": "ab5cbd78d74b3364dab51a6c59141f85922f1096", "filename": "setup.py", "status": "modified", "additions": 0, "deletions": 1, "changes": 1, "blob_url": "https://github.com/ohmu/poni/blob/ae1e3cfa4e0dc7852796f7abbedd717e5cd3d389/setup.py", "raw_url": "https://github.com/ohmu/poni/raw/ae1e3cfa4e0dc7852796f7abbedd717e5cd3d389/setup.py", "contents_url": "https://api.github.com/repos/ohmu/poni/contents/setup.py?ref=ae1e3cfa4e0dc7852796f7abbedd717e5cd3d389", "patch": "@@ -16,7 +16,6 @@\n     \"path.py>=2.2.2\",\n     \"paramiko>=1.7.6\",\n     \"cheetah\",\n-    \"boto>=2.0b3\",\n     \"GitPython\",\n     \"argh>=0.13\",\n     ]"}]}