{"sha": "11b69f24a76a5bfe148179d8fd04b3daed82b514", "node_id": "MDY6Q29tbWl0MzQ4NjQ0MDI6MTFiNjlmMjRhNzZhNWJmZTE0ODE3OWQ4ZmQwNGIzZGFlZDgyYjUxNA==", "commit": {"author": {"name": "access2rohit", "email": "srivastava.141@osu.edu", "date": "2018-07-21T00:57:14Z"}, "committer": {"name": "Anirudh Subramanian", "email": "anirudh2290@apache.org", "date": "2018-07-21T00:57:14Z"}, "message": "Flaky: Disabled broadcast_mod unit test (#11845)", "tree": {"sha": "fcbc23496ac3ece0b1b1c444f5c85d0dca9ee292", "url": "https://api.github.com/repos/apache/incubator-mxnet/git/trees/fcbc23496ac3ece0b1b1c444f5c85d0dca9ee292"}, "url": "https://api.github.com/repos/apache/incubator-mxnet/git/commits/11b69f24a76a5bfe148179d8fd04b3daed82b514", "comment_count": 0, "verification": {"verified": false, "reason": "unsigned", "signature": null, "payload": null}}, "url": "https://api.github.com/repos/apache/incubator-mxnet/commits/11b69f24a76a5bfe148179d8fd04b3daed82b514", "html_url": "https://github.com/apache/incubator-mxnet/commit/11b69f24a76a5bfe148179d8fd04b3daed82b514", "comments_url": "https://api.github.com/repos/apache/incubator-mxnet/commits/11b69f24a76a5bfe148179d8fd04b3daed82b514/comments", "author": {"login": "access2rohit", "id": 22431729, "node_id": "MDQ6VXNlcjIyNDMxNzI5", "avatar_url": "https://avatars3.githubusercontent.com/u/22431729?v=4", "gravatar_id": "", "url": "https://api.github.com/users/access2rohit", "html_url": "https://github.com/access2rohit", "followers_url": "https://api.github.com/users/access2rohit/followers", "following_url": "https://api.github.com/users/access2rohit/following{/other_user}", "gists_url": "https://api.github.com/users/access2rohit/gists{/gist_id}", "starred_url": "https://api.github.com/users/access2rohit/starred{/owner}{/repo}", "subscriptions_url": "https://api.github.com/users/access2rohit/subscriptions", "organizations_url": "https://api.github.com/users/access2rohit/orgs", "repos_url": "https://api.github.com/users/access2rohit/repos", "events_url": "https://api.github.com/users/access2rohit/events{/privacy}", "received_events_url": "https://api.github.com/users/access2rohit/received_events", "type": "User", "site_admin": false}, "committer": {"login": "anirudh2290", "id": 1522319, "node_id": "MDQ6VXNlcjE1MjIzMTk=", "avatar_url": "https://avatars1.githubusercontent.com/u/1522319?v=4", "gravatar_id": "", "url": "https://api.github.com/users/anirudh2290", "html_url": "https://github.com/anirudh2290", "followers_url": "https://api.github.com/users/anirudh2290/followers", "following_url": "https://api.github.com/users/anirudh2290/following{/other_user}", "gists_url": "https://api.github.com/users/anirudh2290/gists{/gist_id}", "starred_url": "https://api.github.com/users/anirudh2290/starred{/owner}{/repo}", "subscriptions_url": "https://api.github.com/users/anirudh2290/subscriptions", "organizations_url": "https://api.github.com/users/anirudh2290/orgs", "repos_url": "https://api.github.com/users/anirudh2290/repos", "events_url": "https://api.github.com/users/anirudh2290/events{/privacy}", "received_events_url": "https://api.github.com/users/anirudh2290/received_events", "type": "User", "site_admin": false}, "parents": [{"sha": "e14b5757eed07d760e918a1eacdf0148a664ae4d", "url": "https://api.github.com/repos/apache/incubator-mxnet/commits/e14b5757eed07d760e918a1eacdf0148a664ae4d", "html_url": "https://github.com/apache/incubator-mxnet/commit/e14b5757eed07d760e918a1eacdf0148a664ae4d"}], "stats": {"total": 8, "additions": 7, "deletions": 1}, "files": [{"sha": "feedaadec988eed0fd3dd8cbc1139a788724c997", "filename": "tests/python/unittest/test_operator.py", "status": "modified", "additions": 7, "deletions": 1, "changes": 8, "blob_url": "https://github.com/apache/incubator-mxnet/blob/11b69f24a76a5bfe148179d8fd04b3daed82b514/tests/python/unittest/test_operator.py", "raw_url": "https://github.com/apache/incubator-mxnet/raw/11b69f24a76a5bfe148179d8fd04b3daed82b514/tests/python/unittest/test_operator.py", "contents_url": "https://api.github.com/repos/apache/incubator-mxnet/contents/tests/python/unittest/test_operator.py?ref=11b69f24a76a5bfe148179d8fd04b3daed82b514", "patch": "@@ -1941,7 +1941,13 @@ def test_bxor(a, b):\n     test_bminus(a, b)\n     test_bmul(a, b)\n     test_bdiv(a, b)\n-    test_bmod(a, b)\n+    '''\n+    Flaky Test Disabled due to master build failure: \n+    http://jenkins.mxnet-ci.amazon-ml.com/blue/organizations/jenkins/incubator-mxnet/detail/master/1248/pipeline \n+    Github Issue: https://github.com/apache/incubator-mxnet/issues/11838\n+    \n+    test_bmod(a, b) \n+    '''\n     test_bmod_int(a, b)\n     test_bpow(a, b)\n     test_bequal(a, b)"}]}