{"sha": "54bf2fb5ff8f1841aea2df2e6fa76f8a05fddfba", "node_id": "MDY6Q29tbWl0MjIxMTI0Mzo1NGJmMmZiNWZmOGYxODQxYWVhMmRmMmU2ZmE3NmY4YTA1ZmRkZmJh", "commit": {"author": {"name": "Vitaly Pushkar", "email": "vitaly.pushkar@gmail.com", "date": "2017-04-04T21:58:45Z"}, "committer": {"name": "Ewen Cheslack-Postava", "email": "me@ewencp.org", "date": "2017-04-04T21:58:45Z"}, "message": "KAFKA-4810: Make Kafka Connect SchemaBuilder more lax about checking that fields are unset\n\nhttps://issues.apache.org/jira/browse/KAFKA-4810\n\n> Currently SchemaBuilder is strict when checking that certain fields have not been set yet (e.g. version, name, doc). It just checks that the field is null. This is intended to protect the user from buggy code that overwrites a field with different values, but it's a bit too strict currently. In generic code for converting schemas (e.g. Converters) you will sometimes initialize a builder with these values (e.g. because you get a SchemaBuilder for a logical type, which sets name & version), but then have generic code for setting name & version from the source schema.\n\nChanged the validation method to not only check if a field is null but also to check if the new value that is being set is the same as the current value of the field.\newencp\n\nAuthor: Vitaly Pushkar <vitaly.pushkar@gmail.com>\n\nReviewers: Ewen Cheslack-Postava <ewen@confluent.io>\n\nCloses #2806 from vitaly-pushkar/KAFKA-4810-schema-builder-default-fields-validation", "tree": {"sha": "c577b0175e1412d6f80a370aba645d83de9b82fa", "url": "https://api.github.com/repos/apache/kafka/git/trees/c577b0175e1412d6f80a370aba645d83de9b82fa"}, "url": "https://api.github.com/repos/apache/kafka/git/commits/54bf2fb5ff8f1841aea2df2e6fa76f8a05fddfba", "comment_count": 0, "verification": {"verified": false, "reason": "unsigned", "signature": null, "payload": null}}, "url": "https://api.github.com/repos/apache/kafka/commits/54bf2fb5ff8f1841aea2df2e6fa76f8a05fddfba", "html_url": "https://github.com/apache/kafka/commit/54bf2fb5ff8f1841aea2df2e6fa76f8a05fddfba", "comments_url": "https://api.github.com/repos/apache/kafka/commits/54bf2fb5ff8f1841aea2df2e6fa76f8a05fddfba/comments", "author": {"login": "vitaly-pushkar", "id": 305786, "node_id": "MDQ6VXNlcjMwNTc4Ng==", "avatar_url": "https://avatars3.githubusercontent.com/u/305786?v=4", "gravatar_id": "", "url": "https://api.github.com/users/vitaly-pushkar", "html_url": "https://github.com/vitaly-pushkar", "followers_url": "https://api.github.com/users/vitaly-pushkar/followers", "following_url": "https://api.github.com/users/vitaly-pushkar/following{/other_user}", "gists_url": "https://api.github.com/users/vitaly-pushkar/gists{/gist_id}", "starred_url": "https://api.github.com/users/vitaly-pushkar/starred{/owner}{/repo}", "subscriptions_url": "https://api.github.com/users/vitaly-pushkar/subscriptions", "organizations_url": "https://api.github.com/users/vitaly-pushkar/orgs", "repos_url": "https://api.github.com/users/vitaly-pushkar/repos", "events_url": "https://api.github.com/users/vitaly-pushkar/events{/privacy}", "received_events_url": "https://api.github.com/users/vitaly-pushkar/received_events", "type": "User", "site_admin": false}, "committer": {"login": "ewencp", "id": 47366, "node_id": "MDQ6VXNlcjQ3MzY2", "avatar_url": "https://avatars3.githubusercontent.com/u/47366?v=4", "gravatar_id": "", "url": "https://api.github.com/users/ewencp", "html_url": "https://github.com/ewencp", "followers_url": "https://api.github.com/users/ewencp/followers", "following_url": "https://api.github.com/users/ewencp/following{/other_user}", "gists_url": "https://api.github.com/users/ewencp/gists{/gist_id}", "starred_url": "https://api.github.com/users/ewencp/starred{/owner}{/repo}", "subscriptions_url": "https://api.github.com/users/ewencp/subscriptions", "organizations_url": "https://api.github.com/users/ewencp/orgs", "repos_url": "https://api.github.com/users/ewencp/repos", "events_url": "https://api.github.com/users/ewencp/events{/privacy}", "received_events_url": "https://api.github.com/users/ewencp/received_events", "type": "User", "site_admin": false}, "parents": [{"sha": "75e213e55036850abef77e4641af9b9071465f80", "url": "https://api.github.com/repos/apache/kafka/commits/75e213e55036850abef77e4641af9b9071465f80", "html_url": "https://github.com/apache/kafka/commit/75e213e55036850abef77e4641af9b9071465f80"}], "stats": {"total": 37, "additions": 27, "deletions": 10}, "files": [{"sha": "f0c4586fe7b52a8ebfe93811f64a3d595625b933", "filename": "connect/api/src/main/java/org/apache/kafka/connect/data/SchemaBuilder.java", "status": "modified", "additions": 9, "deletions": 10, "changes": 19, "blob_url": "https://github.com/apache/kafka/blob/54bf2fb5ff8f1841aea2df2e6fa76f8a05fddfba/connect/api/src/main/java/org/apache/kafka/connect/data/SchemaBuilder.java", "raw_url": "https://github.com/apache/kafka/raw/54bf2fb5ff8f1841aea2df2e6fa76f8a05fddfba/connect/api/src/main/java/org/apache/kafka/connect/data/SchemaBuilder.java", "contents_url": "https://api.github.com/repos/apache/kafka/contents/connect/api/src/main/java/org/apache/kafka/connect/data/SchemaBuilder.java?ref=54bf2fb5ff8f1841aea2df2e6fa76f8a05fddfba", "patch": "@@ -94,7 +94,7 @@ public boolean isOptional() {\n      * @return the SchemaBuilder\n      */\n     public SchemaBuilder optional() {\n-        checkNull(OPTIONAL_FIELD, optional);\n+        checkCanSet(OPTIONAL_FIELD, optional, true);\n         optional = true;\n         return this;\n     }\n@@ -104,7 +104,7 @@ public SchemaBuilder optional() {\n      * @return the SchemaBuilder\n      */\n     public SchemaBuilder required() {\n-        checkNull(OPTIONAL_FIELD, optional);\n+        checkCanSet(OPTIONAL_FIELD, optional, false);\n         optional = false;\n         return this;\n     }\n@@ -121,7 +121,7 @@ public Object defaultValue() {\n      * @return the SchemaBuilder\n      */\n     public SchemaBuilder defaultValue(Object value) {\n-        checkNull(DEFAULT_FIELD, defaultValue);\n+        checkCanSet(DEFAULT_FIELD, defaultValue, value);\n         checkNotNull(TYPE_FIELD, type, DEFAULT_FIELD);\n         try {\n             ConnectSchema.validateValue(this, value);\n@@ -143,7 +143,7 @@ public String name() {\n      * @return the SchemaBuilder\n      */\n     public SchemaBuilder name(String name) {\n-        checkNull(NAME_FIELD, this.name);\n+        checkCanSet(NAME_FIELD, this.name, name);\n         this.name = name;\n         return this;\n     }\n@@ -160,7 +160,7 @@ public Integer version() {\n      * @return the SchemaBuilder\n      */\n     public SchemaBuilder version(Integer version) {\n-        checkNull(VERSION_FIELD, this.version);\n+        checkCanSet(VERSION_FIELD, this.version, version);\n         this.version = version;\n         return this;\n     }\n@@ -176,7 +176,7 @@ public String doc() {\n      * @return the SchemaBuilder\n      */\n     public SchemaBuilder doc(String doc) {\n-        checkNull(DOC_FIELD, this.doc);\n+        checkCanSet(DOC_FIELD, this.doc, doc);\n         this.doc = doc;\n         return this;\n     }\n@@ -398,14 +398,13 @@ public Schema schema() {\n         return build();\n     }\n \n-\n-    private static void checkNull(String fieldName, Object val) {\n-        if (val != null)\n+    private static void checkCanSet(String fieldName, Object fieldVal, Object val) {\n+        if (fieldVal != null && fieldVal != val)\n             throw new SchemaBuilderException(\"Invalid SchemaBuilder call: \" + fieldName + \" has already been set.\");\n     }\n \n     private static void checkNotNull(String fieldName, Object val, String fieldToSet) {\n         if (val == null)\n             throw new SchemaBuilderException(\"Invalid SchemaBuilder call: \" + fieldName + \" must be specified to set \" + fieldToSet);\n     }\n-}\n+}\n\\ No newline at end of file"}, {"sha": "0dba0adf00208e7862a57331c23b1e733b15264e", "filename": "connect/api/src/test/java/org/apache/kafka/connect/data/SchemaBuilderTest.java", "status": "modified", "additions": 18, "deletions": 0, "changes": 18, "blob_url": "https://github.com/apache/kafka/blob/54bf2fb5ff8f1841aea2df2e6fa76f8a05fddfba/connect/api/src/test/java/org/apache/kafka/connect/data/SchemaBuilderTest.java", "raw_url": "https://github.com/apache/kafka/raw/54bf2fb5ff8f1841aea2df2e6fa76f8a05fddfba/connect/api/src/test/java/org/apache/kafka/connect/data/SchemaBuilderTest.java", "contents_url": "https://api.github.com/repos/apache/kafka/contents/connect/api/src/test/java/org/apache/kafka/connect/data/SchemaBuilderTest.java?ref=54bf2fb5ff8f1841aea2df2e6fa76f8a05fddfba", "patch": "@@ -305,6 +305,24 @@ public void testDuplicateFields() {\n         struct.validate();\n     }\n \n+    @Test\n+    public void testDefaultFieldsSameValueOverwriting() {\n+        final SchemaBuilder schemaBuilder = SchemaBuilder.string().name(\"testing\").version(123);\n+\n+        schemaBuilder.name(\"testing\");\n+        schemaBuilder.version(123);\n+\n+        assertEquals(\"testing\", schemaBuilder.name());\n+    }\n+\n+    @Test(expected = SchemaBuilderException.class)\n+    public void testDefaultFieldsDifferentValueOverwriting() {\n+        final SchemaBuilder schemaBuilder = SchemaBuilder.string().name(\"testing\").version(123);\n+\n+        schemaBuilder.name(\"testing\");\n+        schemaBuilder.version(456);\n+    }\n+\n     private void assertTypeAndDefault(Schema schema, Schema.Type type, boolean optional, Object defaultValue) {\n         assertEquals(type, schema.type());\n         assertEquals(optional, schema.isOptional());"}]}