{"sha": "3536c58afb6ebccd8f9a31beb17d16e74c1ac834", "node_id": "MDY6Q29tbWl0MjAwODk4NTc6MzUzNmM1OGFmYjZlYmNjZDhmOWEzMWJlYjE3ZDE2ZTc0YzFhYzgzNA==", "commit": {"author": {"name": "Evgeny Kincharov", "email": "kenmyz@gmail.com", "date": "2017-03-27T13:33:50Z"}, "committer": {"name": "Sean Busbey", "email": "busbey@apache.org", "date": "2017-07-27T19:26:23Z"}, "message": "HBASE-17839 fixed missing column in table 1 from section \"Data Model\" of the ref guide.\n\nSigned-off-by: Sean Busbey <busbey@apache.org>", "tree": {"sha": "2cb8e221b83c820d1e982786382d54f3d10e9446", "url": "https://api.github.com/repos/apache/hbase/git/trees/2cb8e221b83c820d1e982786382d54f3d10e9446"}, "url": "https://api.github.com/repos/apache/hbase/git/commits/3536c58afb6ebccd8f9a31beb17d16e74c1ac834", "comment_count": 0, "verification": {"verified": false, "reason": "unsigned", "signature": null, "payload": null}}, "url": "https://api.github.com/repos/apache/hbase/commits/3536c58afb6ebccd8f9a31beb17d16e74c1ac834", "html_url": "https://github.com/apache/hbase/commit/3536c58afb6ebccd8f9a31beb17d16e74c1ac834", "comments_url": "https://api.github.com/repos/apache/hbase/commits/3536c58afb6ebccd8f9a31beb17d16e74c1ac834/comments", "author": {"login": "kenmy", "id": 1488099, "node_id": "MDQ6VXNlcjE0ODgwOTk=", "avatar_url": "https://avatars1.githubusercontent.com/u/1488099?v=4", "gravatar_id": "", "url": "https://api.github.com/users/kenmy", "html_url": "https://github.com/kenmy", "followers_url": "https://api.github.com/users/kenmy/followers", "following_url": "https://api.github.com/users/kenmy/following{/other_user}", "gists_url": "https://api.github.com/users/kenmy/gists{/gist_id}", "starred_url": "https://api.github.com/users/kenmy/starred{/owner}{/repo}", "subscriptions_url": "https://api.github.com/users/kenmy/subscriptions", "organizations_url": "https://api.github.com/users/kenmy/orgs", "repos_url": "https://api.github.com/users/kenmy/repos", "events_url": "https://api.github.com/users/kenmy/events{/privacy}", "received_events_url": "https://api.github.com/users/kenmy/received_events", "type": "User", "site_admin": false}, "committer": {"login": "busbey", "id": 44891, "node_id": "MDQ6VXNlcjQ0ODkx", "avatar_url": "https://avatars3.githubusercontent.com/u/44891?v=4", "gravatar_id": "", "url": "https://api.github.com/users/busbey", "html_url": "https://github.com/busbey", "followers_url": "https://api.github.com/users/busbey/followers", "following_url": "https://api.github.com/users/busbey/following{/other_user}", "gists_url": "https://api.github.com/users/busbey/gists{/gist_id}", "starred_url": "https://api.github.com/users/busbey/starred{/owner}{/repo}", "subscriptions_url": "https://api.github.com/users/busbey/subscriptions", "organizations_url": "https://api.github.com/users/busbey/orgs", "repos_url": "https://api.github.com/users/busbey/repos", "events_url": "https://api.github.com/users/busbey/events{/privacy}", "received_events_url": "https://api.github.com/users/busbey/received_events", "type": "User", "site_admin": false}, "parents": [{"sha": "a649afebbac08964fa4221ddf78bc89a3342801d", "url": "https://api.github.com/repos/apache/hbase/commits/a649afebbac08964fa4221ddf78bc89a3342801d", "html_url": "https://github.com/apache/hbase/commit/a649afebbac08964fa4221ddf78bc89a3342801d"}], "stats": {"total": 2, "additions": 1, "deletions": 1}, "files": [{"sha": "da4143acafca1ac43b1e7695f33ba0a2933f5600", "filename": "src/main/asciidoc/_chapters/datamodel.adoc", "status": "modified", "additions": 1, "deletions": 1, "changes": 2, "blob_url": "https://github.com/apache/hbase/blob/3536c58afb6ebccd8f9a31beb17d16e74c1ac834/src/main/asciidoc/_chapters/datamodel.adoc", "raw_url": "https://github.com/apache/hbase/raw/3536c58afb6ebccd8f9a31beb17d16e74c1ac834/src/main/asciidoc/_chapters/datamodel.adoc", "contents_url": "https://api.github.com/repos/apache/hbase/contents/src/main/asciidoc/_chapters/datamodel.adoc?ref=3536c58afb6ebccd8f9a31beb17d16e74c1ac834", "patch": "@@ -97,7 +97,7 @@ The colon character (`:`) delimits the column family from the column family _qua\n |\"com.cnn.www\" |t6  | contents:html = \"<html>...\"    | |\n |\"com.cnn.www\" |t5  | contents:html = \"<html>...\"    | |\n |\"com.cnn.www\" |t3  | contents:html = \"<html>...\"    | |\n-|\"com.example.www\"| t5  | contents:html = \"<html>...\"   | people:author = \"John Doe\"\n+|\"com.example.www\"| t5  | contents:html = \"<html>...\"    | | people:author = \"John Doe\"\n |===\n \n Cells in this table that appear to be empty do not take space, or in fact exist, in HBase."}]}