{"sha": "db4ed0145d7583bc29111601afbf06d6b6c58215", "node_id": "MDY6Q29tbWl0NTIyNDMyOTpkYjRlZDAxNDVkNzU4M2JjMjkxMTE2MDFhZmJmMDZkNmI2YzU4MjE1", "commit": {"author": {"name": "rusty", "email": "russellsanborn@gmail.com", "date": "2017-10-14T00:30:12Z"}, "committer": {"name": "rusty", "email": "russellsanborn@gmail.com", "date": "2017-10-14T00:30:12Z"}, "message": "Removing duplicate gradle property settings.\n\n`group` and `version` are both defined in build.gradle already.", "tree": {"sha": "3bd9c8b1da7dcd189c2baa8ee53d55ca63a8cabc", "url": "https://api.github.com/repos/CodeNarc/CodeNarc/git/trees/3bd9c8b1da7dcd189c2baa8ee53d55ca63a8cabc"}, "url": "https://api.github.com/repos/CodeNarc/CodeNarc/git/commits/db4ed0145d7583bc29111601afbf06d6b6c58215", "comment_count": 0, "verification": {"verified": false, "reason": "unsigned", "signature": null, "payload": null}}, "url": "https://api.github.com/repos/CodeNarc/CodeNarc/commits/db4ed0145d7583bc29111601afbf06d6b6c58215", "html_url": "https://github.com/CodeNarc/CodeNarc/commit/db4ed0145d7583bc29111601afbf06d6b6c58215", "comments_url": "https://api.github.com/repos/CodeNarc/CodeNarc/commits/db4ed0145d7583bc29111601afbf06d6b6c58215/comments", "author": {"login": "russellsanborn", "id": 714241, "node_id": "MDQ6VXNlcjcxNDI0MQ==", "avatar_url": "https://avatars0.githubusercontent.com/u/714241?v=4", "gravatar_id": "", "url": "https://api.github.com/users/russellsanborn", "html_url": "https://github.com/russellsanborn", "followers_url": "https://api.github.com/users/russellsanborn/followers", "following_url": "https://api.github.com/users/russellsanborn/following{/other_user}", "gists_url": "https://api.github.com/users/russellsanborn/gists{/gist_id}", "starred_url": "https://api.github.com/users/russellsanborn/starred{/owner}{/repo}", "subscriptions_url": "https://api.github.com/users/russellsanborn/subscriptions", "organizations_url": "https://api.github.com/users/russellsanborn/orgs", "repos_url": "https://api.github.com/users/russellsanborn/repos", "events_url": "https://api.github.com/users/russellsanborn/events{/privacy}", "received_events_url": "https://api.github.com/users/russellsanborn/received_events", "type": "User", "site_admin": false}, "committer": {"login": "russellsanborn", "id": 714241, "node_id": "MDQ6VXNlcjcxNDI0MQ==", "avatar_url": "https://avatars0.githubusercontent.com/u/714241?v=4", "gravatar_id": "", "url": "https://api.github.com/users/russellsanborn", "html_url": "https://github.com/russellsanborn", "followers_url": "https://api.github.com/users/russellsanborn/followers", "following_url": "https://api.github.com/users/russellsanborn/following{/other_user}", "gists_url": "https://api.github.com/users/russellsanborn/gists{/gist_id}", "starred_url": "https://api.github.com/users/russellsanborn/starred{/owner}{/repo}", "subscriptions_url": "https://api.github.com/users/russellsanborn/subscriptions", "organizations_url": "https://api.github.com/users/russellsanborn/orgs", "repos_url": "https://api.github.com/users/russellsanborn/repos", "events_url": "https://api.github.com/users/russellsanborn/events{/privacy}", "received_events_url": "https://api.github.com/users/russellsanborn/received_events", "type": "User", "site_admin": false}, "parents": [{"sha": "205ea600ae2d2d5e45d0f450aa9c33173044e692", "url": "https://api.github.com/repos/CodeNarc/CodeNarc/commits/205ea600ae2d2d5e45d0f450aa9c33173044e692", "html_url": "https://github.com/CodeNarc/CodeNarc/commit/205ea600ae2d2d5e45d0f450aa9c33173044e692"}], "stats": {"total": 2, "additions": 0, "deletions": 2}, "files": [{"sha": "93a0151176815dea4c7c46db949e95821d597313", "filename": "gradle.properties", "status": "modified", "additions": 0, "deletions": 2, "changes": 2, "blob_url": "https://github.com/CodeNarc/CodeNarc/blob/db4ed0145d7583bc29111601afbf06d6b6c58215/gradle.properties", "raw_url": "https://github.com/CodeNarc/CodeNarc/raw/db4ed0145d7583bc29111601afbf06d6b6c58215/gradle.properties", "contents_url": "https://api.github.com/repos/CodeNarc/CodeNarc/contents/gradle.properties?ref=db4ed0145d7583bc29111601afbf06d6b6c58215", "patch": "@@ -1,6 +1,4 @@\n #Sun, 21 Feb 2016 16:50:32 -0500\n-group=org.codenarc\n-version=0.26\n \n groovyVersion=2.3.11\n #groovyVersion=2.1.8"}]}