{"sha": "edfe502ecbeb45046399a2a2f0cb413fbeadc58d", "node_id": "MDY6Q29tbWl0MzQ4MzkzODM6ZWRmZTUwMmVjYmViNDUwNDYzOTlhMmEyZjBjYjQxM2ZiZWFkYzU4ZA==", "commit": {"author": {"name": "yossireg", "email": "yossi.reginiano@amdocs.com", "date": "2018-11-08T08:52:43Z"}, "committer": {"name": "yossireg", "email": "yossi.reginiano@amdocs.com", "date": "2018-11-08T08:52:43Z"}, "message": "GEODE-5887", "tree": {"sha": "118d78016e2108ff84a3d5f66f3369e3482df26e", "url": "https://api.github.com/repos/apache/geode/git/trees/118d78016e2108ff84a3d5f66f3369e3482df26e"}, "url": "https://api.github.com/repos/apache/geode/git/commits/edfe502ecbeb45046399a2a2f0cb413fbeadc58d", "comment_count": 0, "verification": {"verified": false, "reason": "unsigned", "signature": null, "payload": null}}, "url": "https://api.github.com/repos/apache/geode/commits/edfe502ecbeb45046399a2a2f0cb413fbeadc58d", "html_url": "https://github.com/apache/geode/commit/edfe502ecbeb45046399a2a2f0cb413fbeadc58d", "comments_url": "https://api.github.com/repos/apache/geode/commits/edfe502ecbeb45046399a2a2f0cb413fbeadc58d/comments", "author": {"login": "yossireg", "id": 38718655, "node_id": "MDQ6VXNlcjM4NzE4NjU1", "avatar_url": "https://avatars3.githubusercontent.com/u/38718655?v=4", "gravatar_id": "", "url": "https://api.github.com/users/yossireg", "html_url": "https://github.com/yossireg", "followers_url": "https://api.github.com/users/yossireg/followers", "following_url": "https://api.github.com/users/yossireg/following{/other_user}", "gists_url": "https://api.github.com/users/yossireg/gists{/gist_id}", "starred_url": "https://api.github.com/users/yossireg/starred{/owner}{/repo}", "subscriptions_url": "https://api.github.com/users/yossireg/subscriptions", "organizations_url": "https://api.github.com/users/yossireg/orgs", "repos_url": "https://api.github.com/users/yossireg/repos", "events_url": "https://api.github.com/users/yossireg/events{/privacy}", "received_events_url": "https://api.github.com/users/yossireg/received_events", "type": "User", "site_admin": false}, "committer": {"login": "yossireg", "id": 38718655, "node_id": "MDQ6VXNlcjM4NzE4NjU1", "avatar_url": "https://avatars3.githubusercontent.com/u/38718655?v=4", "gravatar_id": "", "url": "https://api.github.com/users/yossireg", "html_url": "https://github.com/yossireg", "followers_url": "https://api.github.com/users/yossireg/followers", "following_url": "https://api.github.com/users/yossireg/following{/other_user}", "gists_url": "https://api.github.com/users/yossireg/gists{/gist_id}", "starred_url": "https://api.github.com/users/yossireg/starred{/owner}{/repo}", "subscriptions_url": "https://api.github.com/users/yossireg/subscriptions", "organizations_url": "https://api.github.com/users/yossireg/orgs", "repos_url": "https://api.github.com/users/yossireg/repos", "events_url": "https://api.github.com/users/yossireg/events{/privacy}", "received_events_url": "https://api.github.com/users/yossireg/received_events", "type": "User", "site_admin": false}, "parents": [{"sha": "61083a526c1f738e41d0e32c7c014e34b4163cd2", "url": "https://api.github.com/repos/apache/geode/commits/61083a526c1f738e41d0e32c7c014e34b4163cd2", "html_url": "https://github.com/apache/geode/commit/61083a526c1f738e41d0e32c7c014e34b4163cd2"}], "stats": {"total": 98, "additions": 93, "deletions": 5}, "files": [{"sha": "427e5d60caadfd3391a043376828f55ea79f9efc", "filename": "geode-core/src/main/java/org/apache/geode/distributed/ConfigurationProperties.java", "status": "modified", "additions": 12, "deletions": 0, "changes": 12, "blob_url": "https://github.com/apache/geode/blob/edfe502ecbeb45046399a2a2f0cb413fbeadc58d/geode-core/src/main/java/org/apache/geode/distributed/ConfigurationProperties.java", "raw_url": "https://github.com/apache/geode/raw/edfe502ecbeb45046399a2a2f0cb413fbeadc58d/geode-core/src/main/java/org/apache/geode/distributed/ConfigurationProperties.java", "contents_url": "https://api.github.com/repos/apache/geode/contents/geode-core/src/main/java/org/apache/geode/distributed/ConfigurationProperties.java?ref=edfe502ecbeb45046399a2a2f0cb413fbeadc58d", "patch": "@@ -2164,4 +2164,16 @@\n    * <p>\n    */\n   String THREAD_MONITOR_TIME_LIMIT = \"thread-monitor-time-limit-ms\";\n+  /**\n+   * The static String definition of the <i>\"check-registered-keys-interval-ms\"</i> property <a\n+   * name=\"check-registered-keys-interval-ms\"/a>\n+   * <p>\n+   * <U>Description</U>: Defines the time interval (in milliseconds) with which checkRegisteredKeys\n+   * function\n+   * can be called.\n+   * <p>\n+   * <U>Default</U>: \"0\"\n+   * <p>\n+   */\n+  String CHECK_REGISTERED_KEYS_INTERVAL = \"check-registered-keys-interval-ms\";\n }"}, {"sha": "ed02d03bde5bcee608c2da8ade7c7894ba6e7036", "filename": "geode-core/src/main/java/org/apache/geode/distributed/internal/AbstractDistributionConfig.java", "status": "modified", "additions": 4, "deletions": 0, "changes": 4, "blob_url": "https://github.com/apache/geode/blob/edfe502ecbeb45046399a2a2f0cb413fbeadc58d/geode-core/src/main/java/org/apache/geode/distributed/internal/AbstractDistributionConfig.java", "raw_url": "https://github.com/apache/geode/raw/edfe502ecbeb45046399a2a2f0cb413fbeadc58d/geode-core/src/main/java/org/apache/geode/distributed/internal/AbstractDistributionConfig.java", "contents_url": "https://api.github.com/repos/apache/geode/contents/geode-core/src/main/java/org/apache/geode/distributed/internal/AbstractDistributionConfig.java?ref=edfe502ecbeb45046399a2a2f0cb413fbeadc58d", "patch": "@@ -23,6 +23,7 @@\n import static org.apache.geode.distributed.ConfigurationProperties.ASYNC_QUEUE_TIMEOUT;\n import static org.apache.geode.distributed.ConfigurationProperties.BIND_ADDRESS;\n import static org.apache.geode.distributed.ConfigurationProperties.CACHE_XML_FILE;\n+import static org.apache.geode.distributed.ConfigurationProperties.CHECK_REGISTERED_KEYS_INTERVAL;\n import static org.apache.geode.distributed.ConfigurationProperties.CLUSTER_CONFIGURATION_DIR;\n import static org.apache.geode.distributed.ConfigurationProperties.CLUSTER_SSL_CIPHERS;\n import static org.apache.geode.distributed.ConfigurationProperties.CLUSTER_SSL_ENABLED;\n@@ -1465,6 +1466,9 @@ static Class _getAttributeType(String attName) {\n         \"Defines whether thread monitoring is to be enabled.\");\n     m.put(THREAD_MONITOR_TIME_LIMIT,\n         \"Defines the time period (in milliseconds) after which the monitored thread is considered to be stuck.\");\n+\n+    m.put(CHECK_REGISTERED_KEYS_INTERVAL,\n+        \"Defines the time interval (in milliseconds) with which checkRegisteredKeys function can be called.\");\n     dcAttDescriptions = Collections.unmodifiableMap(m);\n   }\n "}, {"sha": "35e181fc201498ec039f7100fb3bb250a506baf2", "filename": "geode-core/src/main/java/org/apache/geode/distributed/internal/DistributionConfig.java", "status": "modified", "additions": 40, "deletions": 0, "changes": 40, "blob_url": "https://github.com/apache/geode/blob/edfe502ecbeb45046399a2a2f0cb413fbeadc58d/geode-core/src/main/java/org/apache/geode/distributed/internal/DistributionConfig.java", "raw_url": "https://github.com/apache/geode/raw/edfe502ecbeb45046399a2a2f0cb413fbeadc58d/geode-core/src/main/java/org/apache/geode/distributed/internal/DistributionConfig.java", "contents_url": "https://api.github.com/repos/apache/geode/contents/geode-core/src/main/java/org/apache/geode/distributed/internal/DistributionConfig.java?ref=edfe502ecbeb45046399a2a2f0cb413fbeadc58d", "patch": "@@ -23,6 +23,7 @@\n import static org.apache.geode.distributed.ConfigurationProperties.ASYNC_QUEUE_TIMEOUT;\n import static org.apache.geode.distributed.ConfigurationProperties.BIND_ADDRESS;\n import static org.apache.geode.distributed.ConfigurationProperties.CACHE_XML_FILE;\n+import static org.apache.geode.distributed.ConfigurationProperties.CHECK_REGISTERED_KEYS_INTERVAL;\n import static org.apache.geode.distributed.ConfigurationProperties.CLUSTER_CONFIGURATION_DIR;\n import static org.apache.geode.distributed.ConfigurationProperties.CLUSTER_SSL_CIPHERS;\n import static org.apache.geode.distributed.ConfigurationProperties.CLUSTER_SSL_ENABLED;\n@@ -2005,6 +2006,45 @@\n       max = MAX_THREAD_MONITOR_INTERVAL)\n   String THREAD_MONITOR_INTERVAL_NAME = THREAD_MONITOR_INTERVAL;\n \n+\n+\n+  /**\n+   * Returns the value of the {@link ConfigurationProperties#CHECK_REGISTERED_KEYS_INTERVAL}\n+   * property.\n+   */\n+  @ConfigAttributeGetter(name = CHECK_REGISTERED_KEYS_INTERVAL)\n+  int getCheckRegisteredKeysInterval();\n+\n+  /**\n+   * Sets the value of the {@link ConfigurationProperties#CHECK_REGISTERED_KEYS_INTERVAL} property.\n+   */\n+  @ConfigAttributeSetter(name = CHECK_REGISTERED_KEYS_INTERVAL)\n+  void setCheckRegisteredKeysInterval(int newValue);\n+\n+  /**\n+   * The default value of {@link ConfigurationProperties#CHECK_REGISTERED_KEYS_INTERVAL} is\n+   * <code>60000</code>.\n+   */\n+  int DEFAULT_CHECK_REGISTERED_KEYS_INTERVAL = 0;\n+  /**\n+   * The minimum value of {@link ConfigurationProperties#CHECK_REGISTERED_KEYS_INTERVAL} is\n+   * <code>0</code>.\n+   */\n+  int MIN_CHECK_REGISTERED_KEYS_INTERVAL = 0;\n+  /**\n+   * The maximum value of {@link ConfigurationProperties#CHECK_REGISTERED_KEYS_INTERVAL} is\n+   * <code>86400000</code>.\n+   */\n+  int MAX_CHECK_REGISTERED_KEYS_INTERVAL = 86400000;\n+  /**\n+   * The name of the {@link ConfigurationProperties#CHECK_REGISTERED_KEYS_INTERVAL} property\n+   */\n+  @ConfigAttribute(type = Integer.class, min = MIN_CHECK_REGISTERED_KEYS_INTERVAL,\n+      max = MAX_CHECK_REGISTERED_KEYS_INTERVAL)\n+  String CHECK_REGISTERED_KEYS_INTERVAL_NAME = CHECK_REGISTERED_KEYS_INTERVAL;\n+\n+\n+\n   /**\n    * Returns the value of the {@link ConfigurationProperties#THREAD_MONITOR_TIME_LIMIT} property.\n    */"}, {"sha": "c38eaace8717967bb70bc03f6ba9fb7927b8d969", "filename": "geode-core/src/main/java/org/apache/geode/distributed/internal/DistributionConfigImpl.java", "status": "modified", "additions": 19, "deletions": 2, "changes": 21, "blob_url": "https://github.com/apache/geode/blob/edfe502ecbeb45046399a2a2f0cb413fbeadc58d/geode-core/src/main/java/org/apache/geode/distributed/internal/DistributionConfigImpl.java", "raw_url": "https://github.com/apache/geode/raw/edfe502ecbeb45046399a2a2f0cb413fbeadc58d/geode-core/src/main/java/org/apache/geode/distributed/internal/DistributionConfigImpl.java", "contents_url": "https://api.github.com/repos/apache/geode/contents/geode-core/src/main/java/org/apache/geode/distributed/internal/DistributionConfigImpl.java?ref=edfe502ecbeb45046399a2a2f0cb413fbeadc58d", "patch": "@@ -653,6 +653,11 @@\n    */\n   private int threadMonitorTimeLimit = DEFAULT_THREAD_MONITOR_TIME_LIMIT;\n \n+  /**\n+   * the thread monitoring interval\n+   */\n+  private int checkRegisteredKeysInterval = DEFAULT_CHECK_REGISTERED_KEYS_INTERVAL;\n+\n   /**\n    * Create a new <code>DistributionConfigImpl</code> from the contents of another\n    * <code>DistributionConfig</code>.\n@@ -681,6 +686,7 @@ public DistributionConfigImpl(DistributionConfig other) {\n     threadMonitorEnabled = other.getThreadMonitorEnabled();\n     threadMonitorInterval = other.getThreadMonitorInterval();\n     threadMonitorTimeLimit = other.getThreadMonitorTimeLimit();\n+    checkRegisteredKeysInterval = other.getCheckRegisteredKeysInterval();\n     statisticSampleRate = other.getStatisticSampleRate();\n     statisticArchiveFile = other.getStatisticArchiveFile();\n     ackWaitThreshold = other.getAckWaitThreshold();\n@@ -3245,7 +3251,8 @@ public boolean equals(final Object obj) {\n         .append(offHeapMemorySize, that.offHeapMemorySize).append(shiroInit, that.shiroInit)\n         .append(threadMonitorEnabled, that.threadMonitorEnabled)\n         .append(threadMonitorInterval, that.threadMonitorInterval)\n-        .append(threadMonitorTimeLimit, that.threadMonitorTimeLimit).isEquals();\n+        .append(threadMonitorTimeLimit, that.threadMonitorTimeLimit)\n+        .append(checkRegisteredKeysInterval, that.checkRegisteredKeysInterval).isEquals();\n   }\n \n   /**\n@@ -3316,7 +3323,7 @@ public int hashCode() {\n         .append(locatorSSLAlias).append(sslDefaultAlias).append(sourceMap)\n         .append(userCommandPackages).append(offHeapMemorySize).append(lockMemory).append(shiroInit)\n         .append(modifiable).append(threadMonitorEnabled).append(threadMonitorInterval)\n-        .append(threadMonitorTimeLimit).toHashCode();\n+        .append(threadMonitorTimeLimit).append(checkRegisteredKeysInterval).toHashCode();\n   }\n \n   /**\n@@ -3833,4 +3840,14 @@ public int getThreadMonitorTimeLimit() {\n   public void setThreadMonitorTimeLimit(int newValue) {\n     threadMonitorTimeLimit = newValue;\n   }\n+\n+  @Override\n+  public int getCheckRegisteredKeysInterval() {\n+    return checkRegisteredKeysInterval;\n+  }\n+\n+  @Override\n+  public void setCheckRegisteredKeysInterval(int newValue) {\n+    checkRegisteredKeysInterval = newValue;\n+  }\n }"}, {"sha": "4ec87288476ab63709dd5e97e4b92c7f7b7913ec", "filename": "geode-core/src/main/java/org/apache/geode/internal/cache/tier/sockets/AcceptorImpl.java", "status": "modified", "additions": 16, "deletions": 1, "changes": 17, "blob_url": "https://github.com/apache/geode/blob/edfe502ecbeb45046399a2a2f0cb413fbeadc58d/geode-core/src/main/java/org/apache/geode/internal/cache/tier/sockets/AcceptorImpl.java", "raw_url": "https://github.com/apache/geode/raw/edfe502ecbeb45046399a2a2f0cb413fbeadc58d/geode-core/src/main/java/org/apache/geode/internal/cache/tier/sockets/AcceptorImpl.java", "contents_url": "https://api.github.com/repos/apache/geode/contents/geode-core/src/main/java/org/apache/geode/internal/cache/tier/sockets/AcceptorImpl.java?ref=edfe502ecbeb45046399a2a2f0cb413fbeadc58d", "patch": "@@ -47,6 +47,7 @@\n import java.util.Iterator;\n import java.util.List;\n import java.util.Map;\n+import java.util.Properties;\n import java.util.Set;\n import java.util.concurrent.BlockingQueue;\n import java.util.concurrent.ExecutorService;\n@@ -68,6 +69,7 @@\n import org.apache.geode.cache.wan.GatewayTransportFilter;\n import org.apache.geode.distributed.DistributedMember;\n import org.apache.geode.distributed.internal.DistributionConfig;\n+import org.apache.geode.distributed.internal.DistributionConfigImpl;\n import org.apache.geode.distributed.internal.DistributionManager;\n import org.apache.geode.distributed.internal.InternalDistributedSystem;\n import org.apache.geode.distributed.internal.LonerDistributionManager;\n@@ -317,6 +319,12 @@\n \n   private final ServerConnectionFactory serverConnectionFactory;\n \n+  private final Properties nonDefault = new Properties();\n+  private final DistributionConfigImpl distributionConfigImpl =\n+      new DistributionConfigImpl(nonDefault);\n+\n+  private final int checkRegisteredKeysInterval;\n+\n   /**\n    * Initializes this acceptor thread to listen for connections on the given port.\n    *\n@@ -557,6 +565,8 @@ public AcceptorImpl(int port, String bindHostName, boolean notifyBySubscription,\n \n     isPostAuthzCallbackPresent =\n         (postAuthzFactoryName != null && postAuthzFactoryName.length() > 0) ? true : false;\n+\n+    checkRegisteredKeysInterval = this.distributionConfigImpl.getCheckRegisteredKeysInterval();\n   }\n \n   private ExecutorService initializeHandshakerThreadPool() throws IOException {\n@@ -971,6 +981,7 @@ private void checkForStuckKeys() {\n   public void runSelectorLoop() {\n     // int zeroEventsCount = 0;\n     try {\n+      long initialTime = System.currentTimeMillis();\n       logger.info(\"SELECTOR enabled\");\n       while (this.selector.isOpen() && !Thread.currentThread().isInterrupted()) {\n         {\n@@ -983,7 +994,11 @@ public void runSelectorLoop() {\n             break;\n           }\n           ServerConnection sc;\n-          registeredKeys = checkRegisteredKeys(registeredKeys);\n+          long delta = System.currentTimeMillis() - initialTime;\n+          if (delta >= checkRegisteredKeysInterval) {\n+            registeredKeys = checkRegisteredKeys(registeredKeys);\n+            initialTime = System.currentTimeMillis();\n+          }\n           if (registeredKeys == 0) {\n             // do blocking wait on queue until we get some keys registered\n             // with the selector"}, {"sha": "73de772014314cf66edad3208344bc9c33ef37ef", "filename": "geode-core/src/test/java/org/apache/geode/distributed/internal/DistributionConfigJUnitTest.java", "status": "modified", "additions": 2, "deletions": 2, "changes": 4, "blob_url": "https://github.com/apache/geode/blob/edfe502ecbeb45046399a2a2f0cb413fbeadc58d/geode-core/src/test/java/org/apache/geode/distributed/internal/DistributionConfigJUnitTest.java", "raw_url": "https://github.com/apache/geode/raw/edfe502ecbeb45046399a2a2f0cb413fbeadc58d/geode-core/src/test/java/org/apache/geode/distributed/internal/DistributionConfigJUnitTest.java", "contents_url": "https://api.github.com/repos/apache/geode/contents/geode-core/src/test/java/org/apache/geode/distributed/internal/DistributionConfigJUnitTest.java?ref=edfe502ecbeb45046399a2a2f0cb413fbeadc58d", "patch": "@@ -101,7 +101,7 @@ public void before() {\n   @Test\n   public void testGetAttributeNames() {\n     String[] attNames = AbstractDistributionConfig._getAttNames();\n-    assertThat(attNames.length).isEqualTo(164);\n+    assertThat(attNames.length).isEqualTo(165);\n \n     List boolList = new ArrayList();\n     List intList = new ArrayList();\n@@ -136,7 +136,7 @@ public void testGetAttributeNames() {\n     // TODO - This makes no sense. One has no idea what the correct expected number of attributes\n     // are.\n     assertEquals(33, boolList.size());\n-    assertEquals(35, intList.size());\n+    assertEquals(36, intList.size());\n     assertEquals(87, stringList.size());\n     assertEquals(5, fileList.size());\n     assertEquals(4, otherList.size());"}]}