{"sha": "459b246d28f2c865e2ef89e25f41103904416a55", "node_id": "MDY6Q29tbWl0NzUxNjQ4MjM6NDU5YjI0NmQyOGYyYzg2NWUyZWY4OWUyNWY0MTEwMzkwNDQxNmE1NQ==", "commit": {"author": {"name": "wangshaojie4039", "email": "wangshaojie@cmss.chinamobile.com", "date": "2018-12-26T10:51:23Z"}, "committer": {"name": "Zhendong Liu", "email": "zhendongliu92@yeah.net", "date": "2018-12-26T10:51:23Z"}, "message": "[ISSUE#403] fix some bugs and Optimization code for rocketmq's acl feature. (#632)\n\n* [ISSUE#403] fix some bugs and Optimization code for rocketmq's acl feature.\u00a0\r\n\r\n* [ISSUE#403] fix some bugs and Optimization code for rocketmq's acl feature.\u00a0\r\n\r\n* Update MQAdminStartup.java\r\n\r\n* Update MQAdminStartup.java", "tree": {"sha": "c1642504b0164f59a947dd6ded35c4c7f2d625e7", "url": "https://api.github.com/repos/apache/rocketmq/git/trees/c1642504b0164f59a947dd6ded35c4c7f2d625e7"}, "url": "https://api.github.com/repos/apache/rocketmq/git/commits/459b246d28f2c865e2ef89e25f41103904416a55", "comment_count": 0, "verification": {"verified": false, "reason": "unsigned", "signature": null, "payload": null}}, "url": "https://api.github.com/repos/apache/rocketmq/commits/459b246d28f2c865e2ef89e25f41103904416a55", "html_url": "https://github.com/apache/rocketmq/commit/459b246d28f2c865e2ef89e25f41103904416a55", "comments_url": "https://api.github.com/repos/apache/rocketmq/commits/459b246d28f2c865e2ef89e25f41103904416a55/comments", "author": {"login": "wangshaojie4039", "id": 22910636, "node_id": "MDQ6VXNlcjIyOTEwNjM2", "avatar_url": "https://avatars3.githubusercontent.com/u/22910636?v=4", "gravatar_id": "", "url": "https://api.github.com/users/wangshaojie4039", "html_url": "https://github.com/wangshaojie4039", "followers_url": "https://api.github.com/users/wangshaojie4039/followers", "following_url": "https://api.github.com/users/wangshaojie4039/following{/other_user}", "gists_url": "https://api.github.com/users/wangshaojie4039/gists{/gist_id}", "starred_url": "https://api.github.com/users/wangshaojie4039/starred{/owner}{/repo}", "subscriptions_url": "https://api.github.com/users/wangshaojie4039/subscriptions", "organizations_url": "https://api.github.com/users/wangshaojie4039/orgs", "repos_url": "https://api.github.com/users/wangshaojie4039/repos", "events_url": "https://api.github.com/users/wangshaojie4039/events{/privacy}", "received_events_url": "https://api.github.com/users/wangshaojie4039/received_events", "type": "User", "site_admin": false}, "committer": {"login": "dongeforever", "id": 8434428, "node_id": "MDQ6VXNlcjg0MzQ0Mjg=", "avatar_url": "https://avatars2.githubusercontent.com/u/8434428?v=4", "gravatar_id": "", "url": "https://api.github.com/users/dongeforever", "html_url": "https://github.com/dongeforever", "followers_url": "https://api.github.com/users/dongeforever/followers", "following_url": "https://api.github.com/users/dongeforever/following{/other_user}", "gists_url": "https://api.github.com/users/dongeforever/gists{/gist_id}", "starred_url": "https://api.github.com/users/dongeforever/starred{/owner}{/repo}", "subscriptions_url": "https://api.github.com/users/dongeforever/subscriptions", "organizations_url": "https://api.github.com/users/dongeforever/orgs", "repos_url": "https://api.github.com/users/dongeforever/repos", "events_url": "https://api.github.com/users/dongeforever/events{/privacy}", "received_events_url": "https://api.github.com/users/dongeforever/received_events", "type": "User", "site_admin": false}, "parents": [{"sha": "04726187ff028b55d04be4d7c27a0081d89df328", "url": "https://api.github.com/repos/apache/rocketmq/commits/04726187ff028b55d04be4d7c27a0081d89df328", "html_url": "https://github.com/apache/rocketmq/commit/04726187ff028b55d04be4d7c27a0081d89df328"}], "stats": {"total": 144, "additions": 61, "deletions": 83}, "files": [{"sha": "7a95ee053d7476452e53331e60d32c5f7f5439b1", "filename": "acl/src/main/java/org/apache/rocketmq/acl/common/Permission.java", "status": "modified", "additions": 2, "deletions": 4, "changes": 6, "blob_url": "https://github.com/apache/rocketmq/blob/459b246d28f2c865e2ef89e25f41103904416a55/acl/src/main/java/org/apache/rocketmq/acl/common/Permission.java", "raw_url": "https://github.com/apache/rocketmq/raw/459b246d28f2c865e2ef89e25f41103904416a55/acl/src/main/java/org/apache/rocketmq/acl/common/Permission.java", "contents_url": "https://api.github.com/repos/apache/rocketmq/contents/acl/src/main/java/org/apache/rocketmq/acl/common/Permission.java?ref=459b246d28f2c865e2ef89e25f41103904416a55", "patch": "@@ -64,12 +64,10 @@ public static byte parsePermFromString(String permString) {\n                 return Permission.PUB;\n             case \"SUB\":\n                 return Permission.SUB;\n-            case \"ANY\":\n-                return Permission.ANY;\n             case \"PUB|SUB\":\n-                return Permission.ANY;\n+                return Permission.PUB | Permission.SUB;\n             case \"SUB|PUB\":\n-                return Permission.ANY;\n+                return Permission.PUB | Permission.SUB;\n             case \"DENY\":\n                 return Permission.DENY;\n             default:"}, {"sha": "bb1c0a11c62ca4cb1a70121f43698f9208f47aa8", "filename": "acl/src/main/java/org/apache/rocketmq/acl/plain/PlainAccessValidator.java", "status": "modified", "additions": 5, "deletions": 1, "changes": 6, "blob_url": "https://github.com/apache/rocketmq/blob/459b246d28f2c865e2ef89e25f41103904416a55/acl/src/main/java/org/apache/rocketmq/acl/plain/PlainAccessValidator.java", "raw_url": "https://github.com/apache/rocketmq/raw/459b246d28f2c865e2ef89e25f41103904416a55/acl/src/main/java/org/apache/rocketmq/acl/plain/PlainAccessValidator.java", "contents_url": "https://api.github.com/repos/apache/rocketmq/contents/acl/src/main/java/org/apache/rocketmq/acl/plain/PlainAccessValidator.java?ref=459b246d28f2c865e2ef89e25f41103904416a55", "patch": "@@ -47,7 +47,11 @@ public PlainAccessValidator() {\n     @Override\n     public AccessResource parse(RemotingCommand request, String remoteAddr) {\n         PlainAccessResource accessResource = new PlainAccessResource();\n-        accessResource.setWhiteRemoteAddress(remoteAddr);\n+        if (remoteAddr != null && remoteAddr.contains(\":\")) {\n+            accessResource.setWhiteRemoteAddress(remoteAddr.split(\":\")[0]);\n+        } else {\n+            accessResource.setWhiteRemoteAddress(remoteAddr);\n+        }\n         accessResource.setRequestCode(request.getCode());\n         accessResource.setAccessKey(request.getExtFields().get(SessionCredentials.ACCESS_KEY));\n         accessResource.setSignature(request.getExtFields().get(SessionCredentials.SIGNATURE));"}, {"sha": "31820ad7d59850d3aea8e59746acf7a7de100bec", "filename": "acl/src/test/java/org/apache/rocketmq/acl/common/PermissionTest.java", "status": "modified", "additions": 12, "deletions": 9, "changes": 21, "blob_url": "https://github.com/apache/rocketmq/blob/459b246d28f2c865e2ef89e25f41103904416a55/acl/src/test/java/org/apache/rocketmq/acl/common/PermissionTest.java", "raw_url": "https://github.com/apache/rocketmq/raw/459b246d28f2c865e2ef89e25f41103904416a55/acl/src/test/java/org/apache/rocketmq/acl/common/PermissionTest.java", "contents_url": "https://api.github.com/repos/apache/rocketmq/contents/acl/src/test/java/org/apache/rocketmq/acl/common/PermissionTest.java?ref=459b246d28f2c865e2ef89e25f41103904416a55", "patch": "@@ -35,14 +35,11 @@ public void fromStringGetPermissionTest() {\n         perm = Permission.parsePermFromString(\"SUB\");\n         Assert.assertEquals(perm, Permission.SUB);\n \n-        perm = Permission.parsePermFromString(\"ANY\");\n-        Assert.assertEquals(perm, Permission.ANY);\n-\n         perm = Permission.parsePermFromString(\"PUB|SUB\");\n-        Assert.assertEquals(perm, Permission.ANY);\n+        Assert.assertEquals(perm, Permission.PUB|Permission.SUB);\n \n         perm = Permission.parsePermFromString(\"SUB|PUB\");\n-        Assert.assertEquals(perm, Permission.ANY);\n+        Assert.assertEquals(perm, Permission.PUB|Permission.SUB);\n \n         perm = Permission.parsePermFromString(\"DENY\");\n         Assert.assertEquals(perm, Permission.DENY);\n@@ -66,8 +63,14 @@ public void checkPermissionTest() {\n         boo = Permission.checkPermission(Permission.SUB, Permission.SUB);\n         Assert.assertTrue(boo);\n \n-        boo = Permission.checkPermission(Permission.ANY, Permission.ANY);\n-        Assert.assertFalse(boo);\n+        boo = Permission.checkPermission(Permission.PUB, (byte) (Permission.PUB|Permission.SUB));\n+        Assert.assertTrue(boo);\n+\n+        boo = Permission.checkPermission(Permission.SUB, (byte) (Permission.PUB|Permission.SUB));\n+        Assert.assertTrue(boo);\n+\n+        boo = Permission.checkPermission(Permission.ANY, (byte) (Permission.PUB|Permission.SUB));\n+        Assert.assertTrue(boo);\n \n         boo = Permission.checkPermission(Permission.ANY, Permission.SUB);\n         Assert.assertTrue(boo);\n@@ -108,7 +111,7 @@ public void setTopicPermTest() {\n         Assert.assertEquals(perm, Permission.DENY);\n \n         perm = resourcePermMap.get(PlainAccessResource.getRetryTopic(\"groupB\"));\n-        Assert.assertEquals(perm, Permission.ANY);\n+        Assert.assertEquals(perm,Permission.PUB|Permission.SUB);\n \n         perm = resourcePermMap.get(PlainAccessResource.getRetryTopic(\"groupC\"));\n         Assert.assertEquals(perm, Permission.PUB);\n@@ -124,7 +127,7 @@ public void setTopicPermTest() {\n         Assert.assertEquals(perm, Permission.DENY);\n \n         perm = resourcePermMap.get(\"topicB\");\n-        Assert.assertEquals(perm, Permission.ANY);\n+        Assert.assertEquals(perm, Permission.PUB|Permission.SUB);\n \n         perm = resourcePermMap.get(\"topicC\");\n         Assert.assertEquals(perm, Permission.PUB);"}, {"sha": "68f6e11986eb0e0bdcf3d0603a61d23e9e599930", "filename": "acl/src/test/java/org/apache/rocketmq/acl/plain/PlainPermissionLoaderTest.java", "status": "modified", "additions": 2, "deletions": 10, "changes": 12, "blob_url": "https://github.com/apache/rocketmq/blob/459b246d28f2c865e2ef89e25f41103904416a55/acl/src/test/java/org/apache/rocketmq/acl/plain/PlainPermissionLoaderTest.java", "raw_url": "https://github.com/apache/rocketmq/raw/459b246d28f2c865e2ef89e25f41103904416a55/acl/src/test/java/org/apache/rocketmq/acl/plain/PlainPermissionLoaderTest.java", "contents_url": "https://api.github.com/repos/apache/rocketmq/contents/acl/src/test/java/org/apache/rocketmq/acl/plain/PlainPermissionLoaderTest.java?ref=459b246d28f2c865e2ef89e25f41103904416a55", "patch": "@@ -108,14 +108,6 @@ public void getPlainAccessResourceTest() {\n         plainAccessResource = plainPermissionLoader.getPlainAccessResource(plainAccess);\n         Assert.assertEquals(plainAccessResource.isAdmin(), true);\n \n-        plainAccess.setDefaultGroupPerm(\"ANY\");\n-        plainAccessResource = plainPermissionLoader.getPlainAccessResource(plainAccess);\n-        Assert.assertEquals(plainAccessResource.getDefaultGroupPerm(), Permission.ANY);\n-\n-        plainAccess.setDefaultTopicPerm(\"ANY\");\n-        plainAccessResource = plainPermissionLoader.getPlainAccessResource(plainAccess);\n-        Assert.assertEquals(plainAccessResource.getDefaultTopicPerm(), Permission.ANY);\n-\n         List<String> groups = new ArrayList<String>();\n         groups.add(\"groupA=DENY\");\n         groups.add(\"groupB=PUB|SUB\");\n@@ -126,7 +118,7 @@ public void getPlainAccessResourceTest() {\n         Assert.assertEquals(resourcePermMap.size(), 3);\n \n         Assert.assertEquals(resourcePermMap.get(PlainAccessResource.getRetryTopic(\"groupA\")).byteValue(), Permission.DENY);\n-        Assert.assertEquals(resourcePermMap.get(PlainAccessResource.getRetryTopic(\"groupB\")).byteValue(), Permission.ANY);\n+        Assert.assertEquals(resourcePermMap.get(PlainAccessResource.getRetryTopic(\"groupB\")).byteValue(), Permission.PUB|Permission.SUB);\n         Assert.assertEquals(resourcePermMap.get(PlainAccessResource.getRetryTopic(\"groupC\")).byteValue(), Permission.PUB);\n \n         List<String> topics = new ArrayList<String>();\n@@ -139,7 +131,7 @@ public void getPlainAccessResourceTest() {\n         Assert.assertEquals(resourcePermMap.size(), 6);\n \n         Assert.assertEquals(resourcePermMap.get(\"topicA\").byteValue(), Permission.DENY);\n-        Assert.assertEquals(resourcePermMap.get(\"topicB\").byteValue(), Permission.ANY);\n+        Assert.assertEquals(resourcePermMap.get(\"topicB\").byteValue(), Permission.PUB|Permission.SUB);\n         Assert.assertEquals(resourcePermMap.get(\"topicC\").byteValue(), Permission.PUB);\n     }\n "}, {"sha": "b9096967082e295e7a69405574d1dd0d578f226e", "filename": "distribution/conf/tools.yml", "status": "added", "additions": 19, "deletions": 0, "changes": 19, "blob_url": "https://github.com/apache/rocketmq/blob/459b246d28f2c865e2ef89e25f41103904416a55/distribution/conf/tools.yml", "raw_url": "https://github.com/apache/rocketmq/raw/459b246d28f2c865e2ef89e25f41103904416a55/distribution/conf/tools.yml", "contents_url": "https://api.github.com/repos/apache/rocketmq/contents/distribution/conf/tools.yml?ref=459b246d28f2c865e2ef89e25f41103904416a55", "patch": "@@ -0,0 +1,19 @@\n+# Licensed to the Apache Software Foundation (ASF) under one or more\n+# contributor license agreements.  See the NOTICE file distributed with\n+# this work for additional information regarding copyright ownership.\n+# The ASF licenses this file to You under the Apache License, Version 2.0\n+# (the \"License\"); you may not use this file except in compliance with\n+# the License.  You may obtain a copy of the License at\n+#\n+#     http://www.apache.org/licenses/LICENSE-2.0\n+#\n+#  Unless required by applicable law or agreed to in writing, software\n+#  distributed under the License is distributed on an \"AS IS\" BASIS,\n+#  WITHOUT WARRANTIES OR CONDITIONS OF ANY KIND, either express or implied.\n+#  See the License for the specific language governing permissions and\n+#  limitations under the License.\n+\n+\n+accessKey: aliyun.com\n+secretKey: 12345678\n+    "}, {"sha": "a4a8630b13854211eba8630ab08a4b6b0e855ec4", "filename": "tools/pom.xml", "status": "modified", "additions": 4, "deletions": 0, "changes": 4, "blob_url": "https://github.com/apache/rocketmq/blob/459b246d28f2c865e2ef89e25f41103904416a55/tools/pom.xml", "raw_url": "https://github.com/apache/rocketmq/raw/459b246d28f2c865e2ef89e25f41103904416a55/tools/pom.xml", "contents_url": "https://api.github.com/repos/apache/rocketmq/contents/tools/pom.xml?ref=459b246d28f2c865e2ef89e25f41103904416a55", "patch": "@@ -37,6 +37,10 @@\n             <groupId>${project.groupId}</groupId>\n             <artifactId>rocketmq-client</artifactId>\n         </dependency>\n+        <dependency>\n+            <groupId>${project.groupId}</groupId>\n+            <artifactId>rocketmq-acl</artifactId>\n+        </dependency>\n         <dependency>\n             <groupId>${project.groupId}</groupId>\n             <artifactId>rocketmq-store</artifactId>"}, {"sha": "065e4175df7920a6973bf1442af899431a2d325a", "filename": "tools/src/main/java/org/apache/rocketmq/tools/command/MQAdminStartup.java", "status": "modified", "additions": 17, "deletions": 59, "changes": 76, "blob_url": "https://github.com/apache/rocketmq/blob/459b246d28f2c865e2ef89e25f41103904416a55/tools/src/main/java/org/apache/rocketmq/tools/command/MQAdminStartup.java", "raw_url": "https://github.com/apache/rocketmq/raw/459b246d28f2c865e2ef89e25f41103904416a55/tools/src/main/java/org/apache/rocketmq/tools/command/MQAdminStartup.java", "contents_url": "https://api.github.com/repos/apache/rocketmq/contents/tools/src/main/java/org/apache/rocketmq/tools/command/MQAdminStartup.java?ref=459b246d28f2c865e2ef89e25f41103904416a55", "patch": "@@ -19,17 +19,16 @@\n import ch.qos.logback.classic.LoggerContext;\n import ch.qos.logback.classic.joran.JoranConfigurator;\n import ch.qos.logback.core.joran.spi.JoranException;\n-import java.io.File;\n-import java.io.FileInputStream;\n-import java.io.IOException;\n import java.util.ArrayList;\n-import java.util.HashMap;\n import java.util.List;\n-import java.util.Map;\n+import com.alibaba.fastjson.JSONObject;\n import org.apache.commons.cli.CommandLine;\n import org.apache.commons.cli.Options;\n import org.apache.commons.cli.PosixParser;\n import org.apache.commons.lang3.StringUtils;\n+import org.apache.rocketmq.acl.common.AclClientRPCHook;\n+import org.apache.rocketmq.acl.common.AclUtils;\n+import org.apache.rocketmq.acl.common.SessionCredentials;\n import org.apache.rocketmq.common.MQVersion;\n import org.apache.rocketmq.common.MixAll;\n import org.apache.rocketmq.remoting.RPCHook;\n@@ -79,7 +78,6 @@\n import org.apache.rocketmq.tools.command.topic.UpdateTopicPermSubCommand;\n import org.apache.rocketmq.tools.command.topic.UpdateTopicSubCommand;\n import org.slf4j.LoggerFactory;\n-import org.yaml.snakeyaml.Yaml;\n \n public class MQAdminStartup {\n     protected static List<SubCommand> subCommandList = new ArrayList<SubCommand>();\n@@ -250,62 +248,22 @@ public static void initCommand(SubCommand command) {\n \n     public static RPCHook getAclRPCHook(CommandLine commandLine) {\n         String fileHome = System.getProperty(MixAll.ROCKETMQ_HOME_PROPERTY, System.getenv(MixAll.ROCKETMQ_HOME_ENV));\n-        File file = new File(fileHome + \"/conf/tools.yml\");\n-        if (!file.exists()) {\n-            System.out.printf(\"file %s is not exist \\n\", file.getPath());\n+        String fileName = \"/conf/tools.yml\";\n+        JSONObject yamlDataObject = AclUtils.getYamlDataObject(fileHome + fileName ,\n+                JSONObject.class);\n+\n+        if (yamlDataObject == null || yamlDataObject.isEmpty()) {\n+            System.out.printf(\" Cannot find conf file %s, acl is not be enabled.%n\" ,fileHome + fileName);\n             return null;\n         }\n-        Yaml ymal = new Yaml();\n-        FileInputStream fis = null;\n-        Map<String, Map<String, Object>> map = null;\n-        try {\n-            fis = new FileInputStream(file);\n-            map = ymal.loadAs(fis, Map.class);\n-        } catch (Exception e) {\n-            e.printStackTrace();\n-        } finally {\n-            if (fis != null) {\n-                try {\n-                    fis.close();\n-                } catch (IOException e) {\n-                    e.printStackTrace();\n-                }\n-            }\n-        }\n-        if (map == null || map.isEmpty()) {\n-            System.out.printf(\"file %s is no data\", file.getPath());\n+        // admin ak sk\n+        String accessKey = yamlDataObject.getString(\"accessKey\");\n+        String secretKey = yamlDataObject.getString(\"secretKey\");\n+\n+        if (StringUtils.isBlank(accessKey) || StringUtils.isBlank(secretKey)) {\n+            System.out.printf(\"AccessKey or secretKey is blank, the acl is not enabled.%n\");\n             return null;\n         }\n-\n-        final Map<String, Map<String, Object>> newMap = map;\n-        return new RPCHook() {\n-\n-            @Override\n-            public void doBeforeRequest(String remoteAddr, RemotingCommand request) {\n-                System.out.printf(\"remoteAddr is %s code %d \\n\", remoteAddr, request.getCode());\n-                String fastRemoteAddr = null;\n-                if (remoteAddr != null) {\n-                    String[] ipAndPost = StringUtils.split(remoteAddr, \":\");\n-                    Integer fastPost = Integer.valueOf(ipAndPost[1]) + 2;\n-                    fastRemoteAddr = ipAndPost[0] + \":\" + fastPost.toString();\n-                }\n-                Map<String, Object> map;\n-                if ((map = newMap.get(remoteAddr)) != null || (map = newMap.get(fastRemoteAddr)) != null || (map = newMap.get(\"all\")) != null) {\n-                    HashMap<String, String> ext = request.getExtFields();\n-                    if (ext == null) {\n-                        ext = new HashMap<>();\n-                        request.setExtFields(ext);\n-                    }\n-                    ext.put(\"account\", map.get(\"account\").toString());\n-                    ext.put(\"password\", map.get(\"password\").toString());\n-                }\n-\n-            }\n-\n-            @Override\n-            public void doAfterResponse(String remoteAddr, RemotingCommand request, RemotingCommand response) {\n-            }\n-        };\n-\n+        return new AclClientRPCHook(new SessionCredentials(accessKey,secretKey));\n     }\n }"}]}