{"sha": "f31d9dc349830c35189dc3cd2191e8f0443a4346", "node_id": "MDY6Q29tbWl0MTQyNDQ3MDpmMzFkOWRjMzQ5ODMwYzM1MTg5ZGMzY2QyMTkxZThmMDQ0M2E0MzQ2", "commit": {"author": {"name": "Malte Legenhausen", "email": "mlegenhausen@gmail.com", "date": "2012-01-11T21:51:49Z"}, "committer": {"name": "Malte Legenhausen", "email": "mlegenhausen@gmail.com", "date": "2012-01-11T21:51:49Z"}, "message": "RequireJS (AMD) support added", "tree": {"sha": "4386152cf4efacf662885f31ff650e39da035ab3", "url": "https://api.github.com/repos/moment/moment/git/trees/4386152cf4efacf662885f31ff650e39da035ab3"}, "url": "https://api.github.com/repos/moment/moment/git/commits/f31d9dc349830c35189dc3cd2191e8f0443a4346", "comment_count": 0, "verification": {"verified": false, "reason": "unsigned", "signature": null, "payload": null}}, "url": "https://api.github.com/repos/moment/moment/commits/f31d9dc349830c35189dc3cd2191e8f0443a4346", "html_url": "https://github.com/moment/moment/commit/f31d9dc349830c35189dc3cd2191e8f0443a4346", "comments_url": "https://api.github.com/repos/moment/moment/commits/f31d9dc349830c35189dc3cd2191e8f0443a4346/comments", "author": {"login": "mlegenhausen", "id": 424493, "node_id": "MDQ6VXNlcjQyNDQ5Mw==", "avatar_url": "https://avatars2.githubusercontent.com/u/424493?v=4", "gravatar_id": "", "url": "https://api.github.com/users/mlegenhausen", "html_url": "https://github.com/mlegenhausen", "followers_url": "https://api.github.com/users/mlegenhausen/followers", "following_url": "https://api.github.com/users/mlegenhausen/following{/other_user}", "gists_url": "https://api.github.com/users/mlegenhausen/gists{/gist_id}", "starred_url": "https://api.github.com/users/mlegenhausen/starred{/owner}{/repo}", "subscriptions_url": "https://api.github.com/users/mlegenhausen/subscriptions", "organizations_url": "https://api.github.com/users/mlegenhausen/orgs", "repos_url": "https://api.github.com/users/mlegenhausen/repos", "events_url": "https://api.github.com/users/mlegenhausen/events{/privacy}", "received_events_url": "https://api.github.com/users/mlegenhausen/received_events", "type": "User", "site_admin": false}, "committer": {"login": "mlegenhausen", "id": 424493, "node_id": "MDQ6VXNlcjQyNDQ5Mw==", "avatar_url": "https://avatars2.githubusercontent.com/u/424493?v=4", "gravatar_id": "", "url": "https://api.github.com/users/mlegenhausen", "html_url": "https://github.com/mlegenhausen", "followers_url": "https://api.github.com/users/mlegenhausen/followers", "following_url": "https://api.github.com/users/mlegenhausen/following{/other_user}", "gists_url": "https://api.github.com/users/mlegenhausen/gists{/gist_id}", "starred_url": "https://api.github.com/users/mlegenhausen/starred{/owner}{/repo}", "subscriptions_url": "https://api.github.com/users/mlegenhausen/subscriptions", "organizations_url": "https://api.github.com/users/mlegenhausen/orgs", "repos_url": "https://api.github.com/users/mlegenhausen/repos", "events_url": "https://api.github.com/users/mlegenhausen/events{/privacy}", "received_events_url": "https://api.github.com/users/mlegenhausen/received_events", "type": "User", "site_admin": false}, "parents": [{"sha": "846fb4b74599d6d4b3ba7b2252ae6cb67a916a33", "url": "https://api.github.com/repos/moment/moment/commits/846fb4b74599d6d4b3ba7b2252ae6cb67a916a33", "html_url": "https://github.com/moment/moment/commit/846fb4b74599d6d4b3ba7b2252ae6cb67a916a33"}], "stats": {"total": 6, "additions": 5, "deletions": 1}, "files": [{"sha": "f3db3e530da6c917215399a5d52a2a8cf62fb78f", "filename": "moment.js", "status": "modified", "additions": 5, "deletions": 1, "changes": 6, "blob_url": "https://github.com/moment/moment/blob/f31d9dc349830c35189dc3cd2191e8f0443a4346/moment.js", "raw_url": "https://github.com/moment/moment/raw/f31d9dc349830c35189dc3cd2191e8f0443a4346/moment.js", "contents_url": "https://api.github.com/repos/moment/moment/contents/moment.js?ref=f31d9dc349830c35189dc3cd2191e8f0443a4346", "patch": "@@ -620,5 +620,9 @@\n     if (typeof window !== 'undefined') {\n         window.moment = moment;\n     }\n-\n+    if (typeof define === \"function\" && define.amd) {\n+    \tdefine( \"moment\", [], function () {\n+            return moment;\n+        });\n+    }\n })(Date);"}]}