{"sha": "e63474a8242aabab38785567d53467dd825d956f", "node_id": "MDY6Q29tbWl0MTAwNDA5NjA6ZTYzNDc0YTgyNDJhYWJhYjM4Nzg1NTY3ZDUzNDY3ZGQ4MjVkOTU2Zg==", "commit": {"author": {"name": "Timur Alperovich", "email": "timur.alperovich@gmail.com", "date": "2015-06-25T23:35:59Z"}, "committer": {"name": "Andrew Gaul", "email": "gaul@apache.org", "date": "2015-06-26T21:04:43Z"}, "message": "JCLOUDS-931: Sleep only after creating containers.\n\njclouds should issue the requests to create all of the containers in\nthe container pool before sleeping. The patch modifies the\ncreateContainerAndEnsureEmpty() method to take an additional\nparameter, which specifies whether awaitConsistency() should be called\nor not.", "tree": {"sha": "9337595b5e72e294f84089782c4cea9712c36a87", "url": "https://api.github.com/repos/jclouds/jclouds/git/trees/9337595b5e72e294f84089782c4cea9712c36a87"}, "url": "https://api.github.com/repos/jclouds/jclouds/git/commits/e63474a8242aabab38785567d53467dd825d956f", "comment_count": 0, "verification": {"verified": false, "reason": "unsigned", "signature": null, "payload": null}}, "url": "https://api.github.com/repos/jclouds/jclouds/commits/e63474a8242aabab38785567d53467dd825d956f", "html_url": "https://github.com/jclouds/jclouds/commit/e63474a8242aabab38785567d53467dd825d956f", "comments_url": "https://api.github.com/repos/jclouds/jclouds/commits/e63474a8242aabab38785567d53467dd825d956f/comments", "author": {"login": "timuralp", "id": 703870, "node_id": "MDQ6VXNlcjcwMzg3MA==", "avatar_url": "https://avatars2.githubusercontent.com/u/703870?v=4", "gravatar_id": "", "url": "https://api.github.com/users/timuralp", "html_url": "https://github.com/timuralp", "followers_url": "https://api.github.com/users/timuralp/followers", "following_url": "https://api.github.com/users/timuralp/following{/other_user}", "gists_url": "https://api.github.com/users/timuralp/gists{/gist_id}", "starred_url": "https://api.github.com/users/timuralp/starred{/owner}{/repo}", "subscriptions_url": "https://api.github.com/users/timuralp/subscriptions", "organizations_url": "https://api.github.com/users/timuralp/orgs", "repos_url": "https://api.github.com/users/timuralp/repos", "events_url": "https://api.github.com/users/timuralp/events{/privacy}", "received_events_url": "https://api.github.com/users/timuralp/received_events", "type": "User", "site_admin": false}, "committer": {"login": "gaul", "id": 848247, "node_id": "MDQ6VXNlcjg0ODI0Nw==", "avatar_url": "https://avatars1.githubusercontent.com/u/848247?v=4", "gravatar_id": "", "url": "https://api.github.com/users/gaul", "html_url": "https://github.com/gaul", "followers_url": "https://api.github.com/users/gaul/followers", "following_url": "https://api.github.com/users/gaul/following{/other_user}", "gists_url": "https://api.github.com/users/gaul/gists{/gist_id}", "starred_url": "https://api.github.com/users/gaul/starred{/owner}{/repo}", "subscriptions_url": "https://api.github.com/users/gaul/subscriptions", "organizations_url": "https://api.github.com/users/gaul/orgs", "repos_url": "https://api.github.com/users/gaul/repos", "events_url": "https://api.github.com/users/gaul/events{/privacy}", "received_events_url": "https://api.github.com/users/gaul/received_events", "type": "User", "site_admin": false}, "parents": [{"sha": "aa64e0d3e2eb3edede2cbfc2fb1c5dc93d8b3458", "url": "https://api.github.com/repos/jclouds/jclouds/commits/aa64e0d3e2eb3edede2cbfc2fb1c5dc93d8b3458", "html_url": "https://github.com/jclouds/jclouds/commit/aa64e0d3e2eb3edede2cbfc2fb1c5dc93d8b3458"}], "stats": {"total": 13, "additions": 8, "deletions": 5}, "files": [{"sha": "790cd4ac1e5c54a3280d04dcdbfd01acfa0443ef", "filename": "blobstore/src/test/java/org/jclouds/blobstore/integration/internal/BaseBlobStoreIntegrationTest.java", "status": "modified", "additions": 8, "deletions": 5, "changes": 13, "blob_url": "https://github.com/jclouds/jclouds/blob/e63474a8242aabab38785567d53467dd825d956f/blobstore/src/test/java/org/jclouds/blobstore/integration/internal/BaseBlobStoreIntegrationTest.java", "raw_url": "https://github.com/jclouds/jclouds/raw/e63474a8242aabab38785567d53467dd825d956f/blobstore/src/test/java/org/jclouds/blobstore/integration/internal/BaseBlobStoreIntegrationTest.java", "contents_url": "https://api.github.com/repos/jclouds/jclouds/contents/blobstore/src/test/java/org/jclouds/blobstore/integration/internal/BaseBlobStoreIntegrationTest.java?ref=e63474a8242aabab38785567d53467dd825d956f", "patch": "@@ -156,7 +156,7 @@ protected void createContainersSharedByAllThreads(BlobStoreContext context, ITes\n                      containerCount++;\n                   } else {\n                      try {\n-                        createContainerAndEnsureEmpty(context, containerName);\n+                        createContainerAndEnsureEmpty(context, containerName, false);\n                         if (context.getBlobStore().containerExists(containerName))\n                            containerNames.put(containerName);\n                         else {\n@@ -172,6 +172,7 @@ protected void createContainersSharedByAllThreads(BlobStoreContext context, ITes\n                      }\n                   }\n                }\n+               awaitConsistency();\n                testContext.setAttribute(\"containerNames\", containerNames);\n                System.err.printf(\"*** containers to test: %s%n\", containerNames);\n                // careful not to keep too many files open\n@@ -252,15 +253,17 @@ protected void assertConsistencyAware(Runnable assertion) throws InterruptedExce\n       assertConsistencyAware(view, assertion);\n    }\n \n-   protected void createContainerAndEnsureEmpty(BlobStoreContext context, final String containerName)\n-         throws InterruptedException {\n+   protected void createContainerAndEnsureEmpty(BlobStoreContext context, final String containerName,\n+         boolean ensureConsistent) throws InterruptedException {\n       context.getBlobStore().createContainerInLocation(null, containerName);\n-      awaitConsistency();\n+      if (ensureConsistent) {\n+         awaitConsistency();\n+      }\n       context.getBlobStore().clearContainer(containerName);\n    }\n \n    protected void createContainerAndEnsureEmpty(String containerName) throws InterruptedException {\n-      createContainerAndEnsureEmpty(view, containerName);\n+      createContainerAndEnsureEmpty(view, containerName, true);\n    }\n \n    protected String addBlobToContainer(String sourceContainer, String key) {"}]}