{"sha": "d24d6e3d293ffd8e9b9a757652db58032c739bdb", "node_id": "MDY6Q29tbWl0NjEzNzQyOmQyNGQ2ZTNkMjkzZmZkOGU5YjlhNzU3NjUyZGI1ODAzMmM3MzliZGI=", "commit": {"author": {"name": "Greg Stein", "email": "gstein@gmail.com", "date": "2011-08-31T02:13:41Z"}, "committer": {"name": "Greg Stein", "email": "gstein@gmail.com", "date": "2011-08-31T02:13:41Z"}, "message": "Relax some dependencies:\n\n* if something cannot be imported, then simply disable the transport.\n* add a future import to enable \"with\" statements in pbc.py", "tree": {"sha": "b397e307e1fdf82aab2782a2b74798ff52724e67", "url": "https://api.github.com/repos/basho/riak-python-client/git/trees/b397e307e1fdf82aab2782a2b74798ff52724e67"}, "url": "https://api.github.com/repos/basho/riak-python-client/git/commits/d24d6e3d293ffd8e9b9a757652db58032c739bdb", "comment_count": 0, "verification": {"verified": false, "reason": "unsigned", "signature": null, "payload": null}}, "url": "https://api.github.com/repos/basho/riak-python-client/commits/d24d6e3d293ffd8e9b9a757652db58032c739bdb", "html_url": "https://github.com/basho/riak-python-client/commit/d24d6e3d293ffd8e9b9a757652db58032c739bdb", "comments_url": "https://api.github.com/repos/basho/riak-python-client/commits/d24d6e3d293ffd8e9b9a757652db58032c739bdb/comments", "author": {"login": "gstein", "id": 774172, "node_id": "MDQ6VXNlcjc3NDE3Mg==", "avatar_url": "https://avatars1.githubusercontent.com/u/774172?v=4", "gravatar_id": "", "url": "https://api.github.com/users/gstein", "html_url": "https://github.com/gstein", "followers_url": "https://api.github.com/users/gstein/followers", "following_url": "https://api.github.com/users/gstein/following{/other_user}", "gists_url": "https://api.github.com/users/gstein/gists{/gist_id}", "starred_url": "https://api.github.com/users/gstein/starred{/owner}{/repo}", "subscriptions_url": "https://api.github.com/users/gstein/subscriptions", "organizations_url": "https://api.github.com/users/gstein/orgs", "repos_url": "https://api.github.com/users/gstein/repos", "events_url": "https://api.github.com/users/gstein/events{/privacy}", "received_events_url": "https://api.github.com/users/gstein/received_events", "type": "User", "site_admin": false}, "committer": {"login": "gstein", "id": 774172, "node_id": "MDQ6VXNlcjc3NDE3Mg==", "avatar_url": "https://avatars1.githubusercontent.com/u/774172?v=4", "gravatar_id": "", "url": "https://api.github.com/users/gstein", "html_url": "https://github.com/gstein", "followers_url": "https://api.github.com/users/gstein/followers", "following_url": "https://api.github.com/users/gstein/following{/other_user}", "gists_url": "https://api.github.com/users/gstein/gists{/gist_id}", "starred_url": "https://api.github.com/users/gstein/starred{/owner}{/repo}", "subscriptions_url": "https://api.github.com/users/gstein/subscriptions", "organizations_url": "https://api.github.com/users/gstein/orgs", "repos_url": "https://api.github.com/users/gstein/repos", "events_url": "https://api.github.com/users/gstein/events{/privacy}", "received_events_url": "https://api.github.com/users/gstein/received_events", "type": "User", "site_admin": false}, "parents": [{"sha": "251542abcf5fedab4465e517117018041d64d9e2", "url": "https://api.github.com/repos/basho/riak-python-client/commits/251542abcf5fedab4465e517117018041d64d9e2", "html_url": "https://github.com/basho/riak-python-client/commit/251542abcf5fedab4465e517117018041d64d9e2"}], "stats": {"total": 22, "additions": 20, "deletions": 2}, "files": [{"sha": "57fba0cc4008a896be48e580142f0c1af7eccdad", "filename": "riak/transports/http.py", "status": "modified", "additions": 7, "deletions": 1, "changes": 8, "blob_url": "https://github.com/basho/riak-python-client/blob/d24d6e3d293ffd8e9b9a757652db58032c739bdb/riak/transports/http.py", "raw_url": "https://github.com/basho/riak-python-client/raw/d24d6e3d293ffd8e9b9a757652db58032c739bdb/riak/transports/http.py", "contents_url": "https://api.github.com/repos/basho/riak-python-client/contents/riak/transports/http.py?ref=d24d6e3d293ffd8e9b9a757652db58032c739bdb", "patch": "@@ -573,7 +573,10 @@ def httplib_request(cls, method, host, port, uri, headers, body=''):\n             if response is not None: response.close()\n             raise\n \n-import urllib3\n+try:\n+    import urllib3\n+except ImportError:\n+    urllib3 = None\n \n class RiakHttpPoolTransport(RiakHttpTransport):\n     \"\"\"\n@@ -585,6 +588,9 @@ class RiakHttpPoolTransport(RiakHttpTransport):\n     def __init__(self, host='127.0.0.1', port=8098, prefix='riak',\n                  mapred_prefix='mapred',\n                  client_id=None):\n+        if urllib3 is None:\n+            raise RiakError(\"this transport is not available (no urllib3)\")\n+\n         super(RiakHttpPoolTransport, self).__init__(host=host,\n                                                     port=port,\n                                                     prefix=prefix,"}, {"sha": "ce1a27b9257264954a56d13de0749c73882b1c62", "filename": "riak/transports/pbc.py", "status": "modified", "additions": 13, "deletions": 1, "changes": 14, "blob_url": "https://github.com/basho/riak-python-client/blob/d24d6e3d293ffd8e9b9a757652db58032c739bdb/riak/transports/pbc.py", "raw_url": "https://github.com/basho/riak-python-client/raw/d24d6e3d293ffd8e9b9a757652db58032c739bdb/riak/transports/pbc.py", "contents_url": "https://api.github.com/repos/basho/riak-python-client/contents/riak/transports/pbc.py?ref=d24d6e3d293ffd8e9b9a757652db58032c739bdb", "patch": "@@ -17,6 +17,8 @@\n specific language governing permissions and limitations\n under the License.\n \"\"\"\n+from __future__ import with_statement\n+\n import socket, struct\n \n try:\n@@ -28,7 +30,11 @@\n from riak.metadata import *\n from riak.mapreduce import RiakMapReduce, RiakLink\n from riak import RiakError\n-import riakclient_pb2\n+\n+try:\n+    import riakclient_pb2\n+except ImportError:\n+    riakclient_pb2 = None\n \n ## Protocol codes\n MSG_CODE_ERROR_RESP           =  0\n@@ -82,6 +88,9 @@ def __init__(self, host='127.0.0.1', port=8087, client_id=None):\n         @param string host - Hostname or IP address (default '127.0.0.1')\n         @param int port - Port number (default 8087)\n         \"\"\"\n+        if riakclient_pb2 is None:\n+            raise RiakError(\"this transport is not available (no protobuf)\")\n+\n         super(RiakPbcTransport, self).__init__()\n         self._host = host\n         self._port = port\n@@ -492,6 +501,9 @@ def pbify_content(self, metadata, data, rpb_content) :\n class RiakPbcCachedTransport(RiakTransport):\n     \"\"\"Threadsafe pool of PBC connections, based on urllib3's pool [aka Queue]\"\"\"\n     def __init__(self, host='127.0.0.1', port=8087, client_id=None, maxsize=0, block=False, timeout=None):\n+        if riakclient_pb2 is None:\n+            raise RiakError(\"this transport is not available (no protobuf)\")\n+\n         self.host = host\n         self.port = port\n         self.client_id = client_id"}]}