{"sha": "45a6ee9191c2ec96ab0e623055c7a625e1dbe861", "node_id": "MDY6Q29tbWl0MzM1NjA3NDQ6NDVhNmVlOTE5MWMyZWM5NmFiMGU2MjMwNTVjN2E2MjVlMWRiZTg2MQ==", "commit": {"author": {"name": "Lars Trieloff", "email": "lars@trieloff.net", "date": "2015-06-07T18:42:17Z"}, "committer": {"name": "Lars Trieloff", "email": "lars@trieloff.net", "date": "2015-06-07T18:42:17Z"}, "message": "Some light editing\n\nSome light editing, in the first 400 lines so far. Mainly spelling and grammar", "tree": {"sha": "d7827ace570eaba22392d81077f24664318a3b63", "url": "https://api.github.com/repos/funcool/catacumba/git/trees/d7827ace570eaba22392d81077f24664318a3b63"}, "url": "https://api.github.com/repos/funcool/catacumba/git/commits/45a6ee9191c2ec96ab0e623055c7a625e1dbe861", "comment_count": 0, "verification": {"verified": false, "reason": "unsigned", "signature": null, "payload": null}}, "url": "https://api.github.com/repos/funcool/catacumba/commits/45a6ee9191c2ec96ab0e623055c7a625e1dbe861", "html_url": "https://github.com/funcool/catacumba/commit/45a6ee9191c2ec96ab0e623055c7a625e1dbe861", "comments_url": "https://api.github.com/repos/funcool/catacumba/commits/45a6ee9191c2ec96ab0e623055c7a625e1dbe861/comments", "author": {"login": "trieloff", "id": 39613, "node_id": "MDQ6VXNlcjM5NjEz", "avatar_url": "https://avatars3.githubusercontent.com/u/39613?v=4", "gravatar_id": "", "url": "https://api.github.com/users/trieloff", "html_url": "https://github.com/trieloff", "followers_url": "https://api.github.com/users/trieloff/followers", "following_url": "https://api.github.com/users/trieloff/following{/other_user}", "gists_url": "https://api.github.com/users/trieloff/gists{/gist_id}", "starred_url": "https://api.github.com/users/trieloff/starred{/owner}{/repo}", "subscriptions_url": "https://api.github.com/users/trieloff/subscriptions", "organizations_url": "https://api.github.com/users/trieloff/orgs", "repos_url": "https://api.github.com/users/trieloff/repos", "events_url": "https://api.github.com/users/trieloff/events{/privacy}", "received_events_url": "https://api.github.com/users/trieloff/received_events", "type": "User", "site_admin": false}, "committer": {"login": "trieloff", "id": 39613, "node_id": "MDQ6VXNlcjM5NjEz", "avatar_url": "https://avatars3.githubusercontent.com/u/39613?v=4", "gravatar_id": "", "url": "https://api.github.com/users/trieloff", "html_url": "https://github.com/trieloff", "followers_url": "https://api.github.com/users/trieloff/followers", "following_url": "https://api.github.com/users/trieloff/following{/other_user}", "gists_url": "https://api.github.com/users/trieloff/gists{/gist_id}", "starred_url": "https://api.github.com/users/trieloff/starred{/owner}{/repo}", "subscriptions_url": "https://api.github.com/users/trieloff/subscriptions", "organizations_url": "https://api.github.com/users/trieloff/orgs", "repos_url": "https://api.github.com/users/trieloff/repos", "events_url": "https://api.github.com/users/trieloff/events{/privacy}", "received_events_url": "https://api.github.com/users/trieloff/received_events", "type": "User", "site_admin": false}, "parents": [{"sha": "beea8a6afd7e168d84d06b42a1917e33f63567ad", "url": "https://api.github.com/repos/funcool/catacumba/commits/beea8a6afd7e168d84d06b42a1917e33f63567ad", "html_url": "https://github.com/funcool/catacumba/commit/beea8a6afd7e168d84d06b42a1917e33f63567ad"}], "stats": {"total": 139, "additions": 69, "deletions": 70}, "files": [{"sha": "bdf63c33f89e71989c6e41ec61b26fdac3a0395a", "filename": "doc/content.adoc", "status": "modified", "additions": 69, "deletions": 70, "changes": 139, "blob_url": "https://github.com/funcool/catacumba/blob/45a6ee9191c2ec96ab0e623055c7a625e1dbe861/doc/content.adoc", "raw_url": "https://github.com/funcool/catacumba/raw/45a6ee9191c2ec96ab0e623055c7a625e1dbe861/doc/content.adoc", "contents_url": "https://api.github.com/repos/funcool/catacumba/contents/doc/content.adoc?ref=45a6ee9191c2ec96ab0e623055c7a625e1dbe861", "patch": "@@ -18,41 +18,41 @@ well known ring.\n \n === Rationale\n \n-I start writting this library as a research project for provide a simple an non obstructive\n+I start writting this library as a research project to provide a simple an non obstructive\n (a la ring) way to build asynchronous and non-blocking web services.\n \n-In clojure ecosystem there are several solutions for that purpose: pedestal, aleph, and jet.\n-All them are good clojure libraries/frameworks but them does not satisfies me for different reasons:\n+In the Clojure ecosystem there are several solutions for that purpose: Pedestal, Aleph, and Jet.\n+All them are good Clojure libraries/frameworks but none of them satisfies me for different reasons:\n \n * The pedestal approach is very opinionated and too much high level and I prefer something simple,\n   lightweight and maybe less opinionated.\n-* Aleph, seems a great library but lacks of good, readable, user friendly documentation and\n-  its generic approach (not only http) not helps much. If you want read more about differences with\n+* Aleph, seems like a great library but lacks good, readable, user friendly documentation and\n+  its generic approach (not only http) does not help much. If you want read more about differences with\n   aleph, see <<difference-with-aleph,this>> faq entry.\n-* Jet is a asynchronous ring addapter for jetty9. It is really great library that I have used in\n+* Jet is a asynchronous ring addapter for Jetty 9. It is really great library that I have used in\n   some projects, and fits very well on my idea of web toolkit but it has two drawbacks, it is build\n-  as ring adapter having all the good and all the bad of ring and it is using jetty (jetty is a\n+  as ring adapter having all the good and all the bad of ring and it is using Jetty (Jetty is a\n   servlet server that comes with optional async support, it isn't asynchronous from the ground up).\n \n \n === Goals\n \n-Here a incomplete list of things that _catacumba_ goals:\n+Here a incomplete list of things that _catacumba_ aims to achieve:\n \n * Have a flexible and extensible way to setup different kind of handlers\n-* Provide a simple and lightweight approach for define asynchronous web services with support for\n-  different abstractions, such as promise, future, core.async, manifold, reactive-streams, ...\n+* Provide a simple and lightweight approach for definining asynchronous web services with support for\n+  different abstractions, such as promises, futures, core.async, manifold, reactive-streams, ...\n * Build almost everything up on abstractions for simple and easy extensibility.\n-* Provide a builtin, data based routing.\n+* Provide a built-in, data-based routing.\n * To be flexible and not very opinionated.\n * Have backpressure support out of the box.\n \n _Catacumba_ goals are not:\n \n-* To by a fully integrated full stack solution like immutant or pedestal.\n-* Provide a opinionated way to structure your \"bussines logic\"\n-* Provide all possible features that you might need.\n-* Low level, ring based library.\n+* To be a fully integrated full stack solution like immutant or pedestal.\n+* To provide an opinionated way to structure your \"bussines logic\"\n+* To provide all possible features that you might need.\n+* To be a low level, ring based library.\n \n \n === Project Maturity\n@@ -89,15 +89,15 @@ If you are using gradle, this is a dependency line for gradle dsl:\n compile \"funcool:catacumba:0.2.0\"\n ----\n \n-\n+[[quickstart]]\n == Quick Start\n \n This section intends to explain how to get _catacumba_ up and running.\n \n \n === First handler\n \n-The handler consists in a function that accepts a \"context\" as first parameter and\n+The handler consists of a function that accepts a \"context\" as first parameter and\n returns something renderable. Let see an example:\n \n [source, clojure]\n@@ -107,15 +107,15 @@ returns something renderable. Let see an example:\n   \"Hello World\")\n ----\n \n-The handler maybe looks very familiar if you are previously have used ring, the main difference\n-is that it receives some kind of context object instead of request. And may return a string directly.\n+The handler may look very familiar if you have used ring previously. The main difference\n+is that it receives a context object instead of a request object. Additionally it may return a string directly.\n \n-All of related concepts and full introduction on how the handlers works are explained in below sections.\n+The following sections explain all related concepts and give a full introduction on how handlers work.\n \n \n-=== Run the server\n+=== Running the server\n \n-Now having defined the simple, hello world handler, it is time to run it. For it\n+Now having defined the simple, hello world handler, it is time to run it. To do it,\n import the `run-server` function from `catacumba.core` ns and execute it with\n handler as first parameter:\n \n@@ -126,13 +126,13 @@ handler as first parameter:\n (ct/run-server my-hello-world-handler)\n ----\n \n-TIP: The `run-server` function does not blocks and you can execute it in a repl without\n+TIP: The `run-server` function does not block and you can execute it in a repl without\n problems. It uses jvm not daemon threads for avoid shutdown the jvm.\n \n \n === Complete example\n \n-It there the complete source code of the example:\n+This is what the complete source code of the example looks like:\n \n [source, clojure]\n ----\n@@ -157,25 +157,25 @@ you setup your first project.\n == User Guide\n \n This section intends explain all the different parts of _catacumba_ and\n-how they are run together.\n+how they are playing together.\n \n \n === Handlers\n \n-The handlers is a fundamental piece of the _catacumba_ library and this chapter intends\n-to explain everything related to defult handlers.\n+The idea of handlers is a fundamental piece of the _catacumba_ library and this chapter intends\n+to explain everything related to default handlers.\n \n \n ==== What is a handler?\n \n-As we have viewed in \"Quick Start\" section, a handler mainly consists in a simple function\n+As we have seen int the \"<<Quick Start,quickstart>>\" section, a handler mainly consists of a simple function\n that acts on the handling context.\n \n-Do not worry about the context, it will be explained in below sections. The only thing that you\n-shoult known about it at this time, is that is the central part of the request and response\n+Do not worry about the context for now, it will be explained in later sections. The only thing that you\n+should known about it at this time, is that is the central part of the request and response\n lifetime. It stores the current state of the http request and everything related.\n \n-The hello world handler has this aspect:\n+The hello world handler has this source code:\n \n [source, clojure]\n ----\n@@ -190,8 +190,8 @@ handlers out of the box and allows to be extended with used defined ones.\n \n ==== Write to response\n \n-As you can observe from the previous example, no status code is provided, only the content. For\n-send a complete response you can use a builtin response type or ring like hashmap:\n+As you can observe from the previous example, no status code is being provided, only the body of the response. To\n+send a complete response you can use a builtin response type or a ring-like hashmap:\n \n [source, clojure]\n ----\n@@ -202,11 +202,11 @@ send a complete response you can use a builtin response type or ring like hashma\n   (http/ok \"Hello World\"))\n ----\n \n-This is a list of supported output values:\n+Following output data types are supported for a handler function:\n \n-- a *string*, that will result in a response with 200 status code and \"text/plain\" as content type.\n+- a *string*, will result in a response with status code 200 and \"text/plain\" as content type.\n - a *ring style* hash map.\n-- a *response* type (very similar to ring one)\n+- a *response* type (very similar to ring one).\n \n The handler's return value is implemented using clojure protocols and its behavior can be extended\n easily with user defined types.\n@@ -224,7 +224,7 @@ Let see an other example, using _catacumba_'s response type with additional head\n \n In the previous examples, we have seen how the return value is handled, but behind the scenes\n the context is the responsible of interactions with the request and the response. Let see the\n-same example but interacting directly with context:\n+same example but interacti directly with the context:\n \n [source, clojure]\n ----\n@@ -235,34 +235,33 @@ same example but interacting directly with context:\n   (ct/send! context \"hello world\"))\n ----\n \n-The return value handling is really a helper for people that comes from ring. Internally, the\n+The return value handling is really a helper for people coming from ring. Internally, the\n context is the main protagonist in IO operations.\n \n \n ==== Reading the request\n \n-As we mentioned previously, the request can be retrieved also from context instance. But in our case,\n-catacumpa provides helpers functions for access to the basic parts how the request body, incoming\n+As we mentioned previously, the request can also be retrieved from the context instance. But in our case,\n+_catacumba_ provides helpers functions to access the most essential data such as the request body, request\n headers, cookies and routing tokens.\n \n-You can access to the request object using `get-request` function. But, in almost all situations you\n-do not need it because the _catacumba_ api is polymorphic and you cann access to almost all basic\n-properties from request using a context as parameter, removing the repeating action of extracting\n-the request form context.\n+You can access to the request object using the `get-request` function. But, in almost all situations you\n+do not need it because the _catacumba_ api is polymorphic and you can get access to almost all basic\n+properties from request using a context as parameter, so you don't need to extract the request from context repeatedly.\n \n \n ===== Body\n \n-For access to the request body, _catacumba_ exposes a `get-body` function. That function returns a\n+For access to the request body, _catacumba_ exposes a `get-body` function. This function returns a\n ratpack link:http://ratpack.io/manual/current/api/ratpack/http/TypedData.html[internal type] that\n represents a body.\n \n-That object exposes through java interop methods for access to the conten type and the raw data. For\n-convenience it also implements necesarry protocols of `clojure.java.io` namespace for make it\n-compatible with clojure facilities for read data.\n+That object exposes through Java interop methods to access the content type and the raw data of the request body. For\n+convenience sake, it also implements the necesarry protocols of the `clojure.java.io` namespace to make it\n+compatible with Clojure's native facilities for reading data.\n \n-A good demostration of it, is using the clojure `slurp` function. It uses `clojure.java.io` abstractions\n-behind the scenes and serves as helper for read some resource as string:\n+A good demostration of this is using the clojure `slurp` function. It uses `clojure.java.io` abstractions\n+behind the scenes and serves as helper for reading a resource as a string:\n \n [source, clojure]\n ----\n@@ -275,14 +274,14 @@ behind the scenes and serves as helper for read some resource as string:\n If you don't know the behavior of slurp, it reads the content of the provided resource as string\n and return it.\n \n-Furthermore, _catacumba_ offers more flexible way to parsing body data based on the incoming\n-content type, but it is explained with more details in the <<body-parsing,handlers section>>.\n+Furthermore, _catacumba_ offers a more flexible way to parsing body data based on the incoming\n+content type, but it is explained with more details in the <<Body parsing section,body-parsing>> of this document.\n \n \n ===== Headers\n \n-For extract headers you should use the `get-headers` function. Like as usual, is a polymorphic function\n-and you could use it over context instance without problems. The return value is a clojure map.\n+In order to extract headers you should use the `get-headers` function. As usual, it is a polymorphic function\n+and you could use it with a context instance without problems. The return value is a clojure map.\n \n If a header has multiple values, the value will be a vector.\n \n@@ -295,7 +294,7 @@ If a header has multiple values, the value will be a vector.\n \n ===== Cookies\n \n-The cookies crud operations works very similiar to the headers one. It consists in two polymorphic\n+The cookies CRUD operations works very similiar to the headers one. It consists in two polymorphic\n functions (`get-cookies` and `set-cookies!`) that can be used directly with context or with request\n or response instances.\n \n@@ -306,13 +305,13 @@ or response instances.\n ;; => {:cookiename {:value \"value\" :path \"/\" :secure false}}\n ----\n \n-.Set cookies to the response\n+.Set cookies in the response\n [source, clojure]\n ----\n (ct/set-cookies context {:cookiename {:value \"foobar\" :max-age 3600}})\n ----\n \n-The cookies map is almost identical to that you can found in ring, and has the following possible\n+The cookies map is almost identical to the one that you can find in ring, and has the following possible\n properties:\n \n * `:domain` - restrict the cookie to a specific domain\n@@ -325,16 +324,16 @@ properties:\n \n === Routing\n \n-In difference to ring, _catacumba_ is a toolkit for web development and offers builtin support for\n-advanced routing that allows handlers chaining, partitioning, error handling, among others features.\n+In contrast to ring, _catacumba_ is a toolkit for web development and offers builtin support for\n+advanced routing that allows handlers chaining, partitioning, error handling, among other features.\n \n-NOTE: _Catacumba_ has polymorphic and extensible way to setup handlers, and routing is one of possible\n-implementations. Is completelly optional and you can use any other routing library if you want.\n+NOTE: _Catacumba_ has a polymorphic and extensible way to setup handlers, and routing is one of multiple possible\n+implementations. Is completely optional and you can use any other routing library if you want.\n \n \n ==== Basic syntax\n \n-The routes in _catacumba_ are defined using clojure data structures: vectors and keywords. Let\n+The routes in _catacumba_ are defined using clojure data structures: vectors and keywords. Let's\n see a little example of the aspect in a complete example:\n \n [source, clojure]\n@@ -346,18 +345,17 @@ see a little example of the aspect in a complete example:\n (ct/run-server routes)\n ----\n \n-The order of statemens is very important because the routing in _catacumba_ is a simple chain or in\n-other words: pipeline. The handlers has the ability to delegate the request handign to the next\n-handler in the pipeline.\n+The order of statements is very important because the routing in _catacumba_ is a simple chain or pipeline. \n+Each handler has the ability to delegate the request handling to the next handler in the pipeline.\n \n This is a complete list of route directives that you can use a part of `:get`:  `:any` (matches all\n routes, often used for add chain handlers), `:post`, `:put`, `:patch` and `:delete`.\n \n \n ==== Dispatch by method\n \n-In some circumstances you may want have different handlers depending on the http method used\n-for one concrete endpoint. For it exists the `:by-method` route directive:\n+In some circumstances you may want have different handlers depending on the HTTP method used\n+for one concrete endpoint. For this purpose there is the `:by-method` route directive:\n \n [source, clojure]\n ----\n@@ -370,8 +368,8 @@ for one concrete endpoint. For it exists the `:by-method` route directive:\n \n ==== Routing params\n \n-The _catacumba_'s routing also allows capture url parameters using special symbols. For example,\n-the path string \"foo/:val\" will match paths such as \"foo/bar\", \"foo/123\".  The matched parameters\n+The _catacumba_'s routing also allows to capture URL values encoded in the URL or as URL parameters using special symbols. \n+For example, the path string \"foo/:val\" will match paths such as \"foo/bar\", \"foo/123\".  The matched parameters\n are automatically populated to the context under the `:route-params` keys.\n \n [source, clojure]\n@@ -388,7 +386,7 @@ are automatically populated to the context under the `:route-params` keys.\n Additionally to the basic token for represent the url parameter, _catacumba_ also allows use of\n regular expressions for delimit the input or mark a url token optional.\n \n-See the following table for all supported url tokens:\n+See the following table for all supported URL tokens:\n \n .Supported url matching tokens\n [options=\"header\", cols=\"2,3,3,2\"]\n@@ -852,6 +850,7 @@ This section will cover different kind of builtin additional handlers for make t\n using _catacumba_ more pleasant.\n \n \n+[[body-parsing]]\n === Body parsing\n \n _Catacumba_ comes with builtin support for conditional body parsing depengin on the incoming"}]}