{"sha": "7d370d6df43aad026c7910dd24ec9d20fa1dfa0e", "node_id": "MDY6Q29tbWl0MzA0MzI5ODI6N2QzNzBkNmRmNDNhYWQwMjZjNzkxMGRkMjRlYzlkMjBmYTFkZmEwZQ==", "commit": {"author": {"name": "stianxin", "email": "stianxin@cisco.com", "date": "2016-06-21T07:41:37Z"}, "committer": {"name": "stianxin", "email": "stianxin@cisco.com", "date": "2016-06-21T07:41:37Z"}, "message": "adds Cisco github usernames to contributor list", "tree": {"sha": "57f78cfd6ff4b2ecd8db88ada133c9213e689138", "url": "https://api.github.com/repos/Comcast/traffic_control/git/trees/57f78cfd6ff4b2ecd8db88ada133c9213e689138"}, "url": "https://api.github.com/repos/Comcast/traffic_control/git/commits/7d370d6df43aad026c7910dd24ec9d20fa1dfa0e", "comment_count": 0, "verification": {"verified": false, "reason": "unsigned", "signature": null, "payload": null}}, "url": "https://api.github.com/repos/Comcast/traffic_control/commits/7d370d6df43aad026c7910dd24ec9d20fa1dfa0e", "html_url": "https://github.com/Comcast/traffic_control/commit/7d370d6df43aad026c7910dd24ec9d20fa1dfa0e", "comments_url": "https://api.github.com/repos/Comcast/traffic_control/commits/7d370d6df43aad026c7910dd24ec9d20fa1dfa0e/comments", "author": {"login": "stianxin", "id": 13325362, "node_id": "MDQ6VXNlcjEzMzI1MzYy", "avatar_url": "https://avatars3.githubusercontent.com/u/13325362?v=4", "gravatar_id": "", "url": "https://api.github.com/users/stianxin", "html_url": "https://github.com/stianxin", "followers_url": "https://api.github.com/users/stianxin/followers", "following_url": "https://api.github.com/users/stianxin/following{/other_user}", "gists_url": "https://api.github.com/users/stianxin/gists{/gist_id}", "starred_url": "https://api.github.com/users/stianxin/starred{/owner}{/repo}", "subscriptions_url": "https://api.github.com/users/stianxin/subscriptions", "organizations_url": "https://api.github.com/users/stianxin/orgs", "repos_url": "https://api.github.com/users/stianxin/repos", "events_url": "https://api.github.com/users/stianxin/events{/privacy}", "received_events_url": "https://api.github.com/users/stianxin/received_events", "type": "User", "site_admin": false}, "committer": {"login": "stianxin", "id": 13325362, "node_id": "MDQ6VXNlcjEzMzI1MzYy", "avatar_url": "https://avatars3.githubusercontent.com/u/13325362?v=4", "gravatar_id": "", "url": "https://api.github.com/users/stianxin", "html_url": "https://github.com/stianxin", "followers_url": "https://api.github.com/users/stianxin/followers", "following_url": "https://api.github.com/users/stianxin/following{/other_user}", "gists_url": "https://api.github.com/users/stianxin/gists{/gist_id}", "starred_url": "https://api.github.com/users/stianxin/starred{/owner}{/repo}", "subscriptions_url": "https://api.github.com/users/stianxin/subscriptions", "organizations_url": "https://api.github.com/users/stianxin/orgs", "repos_url": "https://api.github.com/users/stianxin/repos", "events_url": "https://api.github.com/users/stianxin/events{/privacy}", "received_events_url": "https://api.github.com/users/stianxin/received_events", "type": "User", "site_admin": false}, "parents": [{"sha": "43339dce77d778d5229a8a5070157ddb5f7acabb", "url": "https://api.github.com/repos/Comcast/traffic_control/commits/43339dce77d778d5229a8a5070157ddb5f7acabb", "html_url": "https://github.com/Comcast/traffic_control/commit/43339dce77d778d5229a8a5070157ddb5f7acabb"}], "stats": {"total": 6, "additions": 6, "deletions": 0}, "files": [{"sha": "cb7ff58f4f562362e6de266b6915b74acb85ea03", "filename": "CONTRIBUTORS.md", "status": "modified", "additions": 6, "deletions": 0, "changes": 6, "blob_url": "https://github.com/Comcast/traffic_control/blob/7d370d6df43aad026c7910dd24ec9d20fa1dfa0e/CONTRIBUTORS.md", "raw_url": "https://github.com/Comcast/traffic_control/raw/7d370d6df43aad026c7910dd24ec9d20fa1dfa0e/CONTRIBUTORS.md", "contents_url": "https://api.github.com/repos/Comcast/traffic_control/contents/CONTRIBUTORS.md?ref=7d370d6df43aad026c7910dd24ec9d20fa1dfa0e", "patch": "@@ -12,18 +12,24 @@ Sorted alphabetically\n * **[Jan van Doorn (knutsel)](https://github.com/knutsel)**\n * **[Jeff Elsloo (elsloo)](https://github.com/elsloo)**\n * **[Jeremy Mitchell (mitchell852)](https://github.com/mitchell852)**\n+* **[Jifeng Yang (jifyang)](https://github.com/jifyang)**\n * **[Joe Pappano (jpappa200)](https://github.com/jpappa200)**\n * **[John Benton (evergreentech)](https://github.com/evergreentech)**\n * **[John Rushford (jrushf1239k)](https://github.com/jrushf1239k)**\n+* **[John Shen (weifensh)](https://github.com/weifensh)**\n * **[Justin Laue (fp-x)](https://github.com/fp-x)**\n+* **[Kai Luo (kailuocisco)](https://github.com/kailuocisco)**\n * **[Lawrence Wickline (lwickline)](https://github.com/lwickline)**\n * **[Mark Torluemke (mtorluemke)](https://github.com/mtorluemke)**\n+* **[Neil Hao (nbaoping)](https://github.com/nbaoping)**\n * **[Petro, Christopher C. (petrocc)](https://github.com/petrocc)**\n * **[Phil Sorber (PSUdaemon)](https://github.com/PSUdaemon)**\n * **[Rob Butts (robert-butts)](https://github.com/robert-butts)**\n * **[Scott Radvan (sradvan)](https://github.com/sradvan)**\n * **[Stayman Hou (Vuuo)](https://github.com/Vuuo)**\n * **[Steve Malenfant (smalenfant)] (https://github.com/smalenfant)**\n * **[Trevor Ackerman (trevorackerman)] (https://github.com/trevorackerman)**\n+* **[Xiaodong Zhang (xiaodzha)] (https://github.com/xiaodzha)**\n * **[York Ma (yorma)] (https://github.com/yorma)**\n+* **[Zhilin Huang (zhilhuan)] (https://github.com/zhilhuan)**\n "}]}