{"sha": "63c028b9bffc25d03d6d63b9062c297b9b247c83", "node_id": "MDY6Q29tbWl0NTI3NjQ0OjYzYzAyOGI5YmZmYzI1ZDAzZDZkNjNiOTA2MmMyOTdiOWIyNDdjODM=", "commit": {"author": {"name": "revolunet", "email": "julien@bouquillon.com", "date": "2011-07-07T22:55:59Z"}, "committer": {"name": "revolunet", "email": "julien@bouquillon.com", "date": "2011-07-07T22:55:59Z"}, "message": "implement named color conversion", "tree": {"sha": "1ccfd289dcf5cca85e672f6ed6a5494521683d7f", "url": "https://api.github.com/repos/less/less.js/git/trees/1ccfd289dcf5cca85e672f6ed6a5494521683d7f"}, "url": "https://api.github.com/repos/less/less.js/git/commits/63c028b9bffc25d03d6d63b9062c297b9b247c83", "comment_count": 0, "verification": {"verified": false, "reason": "unsigned", "signature": null, "payload": null}}, "url": "https://api.github.com/repos/less/less.js/commits/63c028b9bffc25d03d6d63b9062c297b9b247c83", "html_url": "https://github.com/less/less.js/commit/63c028b9bffc25d03d6d63b9062c297b9b247c83", "comments_url": "https://api.github.com/repos/less/less.js/commits/63c028b9bffc25d03d6d63b9062c297b9b247c83/comments", "author": {"login": "revolunet", "id": 124937, "node_id": "MDQ6VXNlcjEyNDkzNw==", "avatar_url": "https://avatars0.githubusercontent.com/u/124937?v=4", "gravatar_id": "", "url": "https://api.github.com/users/revolunet", "html_url": "https://github.com/revolunet", "followers_url": "https://api.github.com/users/revolunet/followers", "following_url": "https://api.github.com/users/revolunet/following{/other_user}", "gists_url": "https://api.github.com/users/revolunet/gists{/gist_id}", "starred_url": "https://api.github.com/users/revolunet/starred{/owner}{/repo}", "subscriptions_url": "https://api.github.com/users/revolunet/subscriptions", "organizations_url": "https://api.github.com/users/revolunet/orgs", "repos_url": "https://api.github.com/users/revolunet/repos", "events_url": "https://api.github.com/users/revolunet/events{/privacy}", "received_events_url": "https://api.github.com/users/revolunet/received_events", "type": "User", "site_admin": false}, "committer": {"login": "revolunet", "id": 124937, "node_id": "MDQ6VXNlcjEyNDkzNw==", "avatar_url": "https://avatars0.githubusercontent.com/u/124937?v=4", "gravatar_id": "", "url": "https://api.github.com/users/revolunet", "html_url": "https://github.com/revolunet", "followers_url": "https://api.github.com/users/revolunet/followers", "following_url": "https://api.github.com/users/revolunet/following{/other_user}", "gists_url": "https://api.github.com/users/revolunet/gists{/gist_id}", "starred_url": "https://api.github.com/users/revolunet/starred{/owner}{/repo}", "subscriptions_url": "https://api.github.com/users/revolunet/subscriptions", "organizations_url": "https://api.github.com/users/revolunet/orgs", "repos_url": "https://api.github.com/users/revolunet/repos", "events_url": "https://api.github.com/users/revolunet/events{/privacy}", "received_events_url": "https://api.github.com/users/revolunet/received_events", "type": "User", "site_admin": false}, "parents": [{"sha": "afd599dcb5aaeb9bab04efa0430c2d34f01692c9", "url": "https://api.github.com/repos/less/less.js/commits/afd599dcb5aaeb9bab04efa0430c2d34f01692c9", "html_url": "https://github.com/less/less.js/commit/afd599dcb5aaeb9bab04efa0430c2d34f01692c9"}], "stats": {"total": 187, "additions": 186, "deletions": 1}, "files": [{"sha": "42af6cfd70b761af4507dbad9b5e753f5afb8b1e", "filename": "Makefile", "status": "modified", "additions": 1, "deletions": 0, "changes": 1, "blob_url": "https://github.com/less/less.js/blob/63c028b9bffc25d03d6d63b9062c297b9b247c83/Makefile", "raw_url": "https://github.com/less/less.js/raw/63c028b9bffc25d03d6d63b9062c297b9b247c83/Makefile", "contents_url": "https://api.github.com/repos/less/less.js/contents/Makefile?ref=63c028b9bffc25d03d6d63b9062c297b9b247c83", "patch": "@@ -29,6 +29,7 @@ less:\n \t      build/ecma-5.js\\\n \t      ${SRC}/parser.js\\\n \t      ${SRC}/functions.js\\\n+\t      ${SRC}/colors.js\\\n \t      ${SRC}/tree/*.js\\\n \t      ${SRC}/tree.js\\\n \t      ${SRC}/browser.js >> ${DIST}"}, {"sha": "3aac42a8d9c1d08c0f0fd4491d8693c217b508c2", "filename": "lib/less/colors.js", "status": "added", "additions": 151, "deletions": 0, "changes": 151, "blob_url": "https://github.com/less/less.js/blob/63c028b9bffc25d03d6d63b9062c297b9b247c83/lib/less/colors.js", "raw_url": "https://github.com/less/less.js/raw/63c028b9bffc25d03d6d63b9062c297b9b247c83/lib/less/colors.js", "contents_url": "https://api.github.com/repos/less/less.js/contents/lib/less/colors.js?ref=63c028b9bffc25d03d6d63b9062c297b9b247c83", "patch": "@@ -0,0 +1,151 @@\n+(function (tree) {\n+    tree.colors = {\n+        'aliceblue':'#f0f8ff',\n+        'antiquewhite':'#faebd7',\n+        'aqua':'#00ffff',\n+        'aquamarine':'#7fffd4',\n+        'azure':'#f0ffff',\n+        'beige':'#f5f5dc',\n+        'bisque':'#ffe4c4',\n+        'black':'#000000',\n+        'blanchedalmond':'#ffebcd',\n+        'blue':'#0000ff',\n+        'blueviolet':'#8a2be2',\n+        'brown':'#a52a2a',\n+        'burlywood':'#deb887',\n+        'cadetblue':'#5f9ea0',\n+        'chartreuse':'#7fff00',\n+        'chocolate':'#d2691e',\n+        'coral':'#ff7f50',\n+        'cornflowerblue':'#6495ed',\n+        'cornsilk':'#fff8dc',\n+        'crimson':'#dc143c',\n+        'cyan':'#00ffff',\n+        'darkblue':'#00008b',\n+        'darkcyan':'#008b8b',\n+        'darkgoldenrod':'#b8860b',\n+        'darkgray':'#a9a9a9',\n+        'darkgrey':'#a9a9a9',\n+        'darkgreen':'#006400',\n+        'darkkhaki':'#bdb76b',\n+        'darkmagenta':'#8b008b',\n+        'darkolivegreen':'#556b2f',\n+        'darkorange':'#ff8c00',\n+        'darkorchid':'#9932cc',\n+        'darkred':'#8b0000',\n+        'darksalmon':'#e9967a',\n+        'darkseagreen':'#8fbc8f',\n+        'darkslateblue':'#483d8b',\n+        'darkslategray':'#2f4f4f',\n+        'darkslategrey':'#2f4f4f',\n+        'darkturquoise':'#00ced1',\n+        'darkviolet':'#9400d3',\n+        'deeppink':'#ff1493',\n+        'deepskyblue':'#00bfff',\n+        'dimgray':'#696969',\n+        'dimgrey':'#696969',\n+        'dodgerblue':'#1e90ff',\n+        'firebrick':'#b22222',\n+        'floralwhite':'#fffaf0',\n+        'forestgreen':'#228b22',\n+        'fuchsia':'#ff00ff',\n+        'gainsboro':'#dcdcdc',\n+        'ghostwhite':'#f8f8ff',\n+        'gold':'#ffd700',\n+        'goldenrod':'#daa520',\n+        'gray':'#808080',\n+        'grey':'#808080',\n+        'green':'#008000',\n+        'greenyellow':'#adff2f',\n+        'honeydew':'#f0fff0',\n+        'hotpink':'#ff69b4',\n+        'indianred':'#cd5c5c',\n+        'indigo':'#4b0082',\n+        'ivory':'#fffff0',\n+        'khaki':'#f0e68c',\n+        'lavender':'#e6e6fa',\n+        'lavenderblush':'#fff0f5',\n+        'lawngreen':'#7cfc00',\n+        'lemonchiffon':'#fffacd',\n+        'lightblue':'#add8e6',\n+        'lightcoral':'#f08080',\n+        'lightcyan':'#e0ffff',\n+        'lightgoldenrodyellow':'#fafad2',\n+        'lightgray':'#d3d3d3',\n+        'lightgrey':'#d3d3d3',\n+        'lightgreen':'#90ee90',\n+        'lightpink':'#ffb6c1',\n+        'lightsalmon':'#ffa07a',\n+        'lightseagreen':'#20b2aa',\n+        'lightskyblue':'#87cefa',\n+        'lightslategray':'#778899',\n+        'lightslategrey':'#778899',\n+        'lightsteelblue':'#b0c4de',\n+        'lightyellow':'#ffffe0',\n+        'lime':'#00ff00',\n+        'limegreen':'#32cd32',\n+        'linen':'#faf0e6',\n+        'magenta':'#ff00ff',\n+        'maroon':'#800000',\n+        'mediumaquamarine':'#66cdaa',\n+        'mediumblue':'#0000cd',\n+        'mediumorchid':'#ba55d3',\n+        'mediumpurple':'#9370d8',\n+        'mediumseagreen':'#3cb371',\n+        'mediumslateblue':'#7b68ee',\n+        'mediumspringgreen':'#00fa9a',\n+        'mediumturquoise':'#48d1cc',\n+        'mediumvioletred':'#c71585',\n+        'midnightblue':'#191970',\n+        'mintcream':'#f5fffa',\n+        'mistyrose':'#ffe4e1',\n+        'moccasin':'#ffe4b5',\n+        'navajowhite':'#ffdead',\n+        'navy':'#000080',\n+        'oldlace':'#fdf5e6',\n+        'olive':'#808000',\n+        'olivedrab':'#6b8e23',\n+        'orange':'#ffa500',\n+        'orangered':'#ff4500',\n+        'orchid':'#da70d6',\n+        'palegoldenrod':'#eee8aa',\n+        'palegreen':'#98fb98',\n+        'paleturquoise':'#afeeee',\n+        'palevioletred':'#d87093',\n+        'papayawhip':'#ffefd5',\n+        'peachpuff':'#ffdab9',\n+        'peru':'#cd853f',\n+        'pink':'#ffc0cb',\n+        'plum':'#dda0dd',\n+        'powderblue':'#b0e0e6',\n+        'purple':'#800080',\n+        'red':'#ff0000',\n+        'rosybrown':'#bc8f8f',\n+        'royalblue':'#4169e1',\n+        'saddlebrown':'#8b4513',\n+        'salmon':'#fa8072',\n+        'sandybrown':'#f4a460',\n+        'seagreen':'#2e8b57',\n+        'seashell':'#fff5ee',\n+        'sienna':'#a0522d',\n+        'silver':'#c0c0c0',\n+        'skyblue':'#87ceeb',\n+        'slateblue':'#6a5acd',\n+        'slategray':'#708090',\n+        'slategrey':'#708090',\n+        'snow':'#fffafa',\n+        'springgreen':'#00ff7f',\n+        'steelblue':'#4682b4',\n+        'tan':'#d2b48c',\n+        'teal':'#008080',\n+        'thistle':'#d8bfd8',\n+        'tomato':'#ff6347',\n+        'turquoise':'#40e0d0',\n+        'violet':'#ee82ee',\n+        'wheat':'#f5deb3',\n+        'white':'#ffffff',\n+        'whitesmoke':'#f5f5f5',\n+        'yellow':'#ffff00',\n+        'yellowgreen':'#9acd32'\n+    }\n+})(require('less/tree'));\n\\ No newline at end of file"}, {"sha": "7b33f5c52f3b8541decbca435db5d5747b4ea051", "filename": "lib/less/index.js", "status": "modified", "additions": 1, "deletions": 0, "changes": 1, "blob_url": "https://github.com/less/less.js/blob/63c028b9bffc25d03d6d63b9062c297b9b247c83/lib/less/index.js", "raw_url": "https://github.com/less/less.js/raw/63c028b9bffc25d03d6d63b9062c297b9b247c83/lib/less/index.js", "contents_url": "https://api.github.com/repos/less/less.js/contents/lib/less/index.js?ref=63c028b9bffc25d03d6d63b9062c297b9b247c83", "patch": "@@ -117,6 +117,7 @@ less.Parser.importer = function (file, paths, callback) {\n }\n \n require('less/functions');\n+require('less/colors');\n \n for (var k in less) { exports[k] = less[k] }\n "}, {"sha": "11b86d7cb16c6fde46a1dfc1ed9ba3d8ee484e51", "filename": "lib/less/parser.js", "status": "modified", "additions": 10, "deletions": 1, "changes": 11, "blob_url": "https://github.com/less/less.js/blob/63c028b9bffc25d03d6d63b9062c297b9b247c83/lib/less/parser.js", "raw_url": "https://github.com/less/less.js/raw/63c028b9bffc25d03d6d63b9062c297b9b247c83/lib/less/parser.js", "contents_url": "https://api.github.com/repos/less/less.js/contents/lib/less/parser.js?ref=63c028b9bffc25d03d6d63b9062c297b9b247c83", "patch": "@@ -476,7 +476,16 @@ less.Parser = function Parser(env) {\n                 //\n                 keyword: function () {\n                     var k;\n-                    if (k = $(/^[A-Za-z-]+/)) { return new(tree.Keyword)(k) }\n+                    if (k = $(/^[A-Za-z-]+/)) { \n+                        if (tree.colors.hasOwnProperty(k)) {\n+                            // detect named color\n+                            rgb = tree.colors[k].substring(1);\n+                            return new(tree.Color)(rgb);\n+                        }\n+                        else {\n+                            return new(tree.Keyword)(k) \n+                        }\n+                    }\n                 },\n \n                 //"}, {"sha": "235a936134cbbcb881c9a2c6b2ec97d9242042ab", "filename": "test/css/colors.css", "status": "modified", "additions": 10, "deletions": 0, "changes": 10, "blob_url": "https://github.com/less/less.js/blob/63c028b9bffc25d03d6d63b9062c297b9b247c83/test/css/colors.css", "raw_url": "https://github.com/less/less.js/raw/63c028b9bffc25d03d6d63b9062c297b9b247c83/test/css/colors.css", "contents_url": "https://api.github.com/repos/less/less.js/contents/test/css/colors.css?ref=63c028b9bffc25d03d6d63b9062c297b9b247c83", "patch": "@@ -40,3 +40,13 @@\n #00ff00 {\n   color: #00ff00;\n }\n+.lightenblue {\n+  color: #3333ff;\n+}\n+.darkenblue {\n+  color: #0000cc;\n+}\n+.unknowncolors {\n+  color: blue2;\n+  border: 2px solid superred;\n+}\n\\ No newline at end of file"}, {"sha": "39cd18a83192b884464436c620939c43bd739377", "filename": "test/less/colors.less", "status": "modified", "additions": 13, "deletions": 0, "changes": 13, "blob_url": "https://github.com/less/less.js/blob/63c028b9bffc25d03d6d63b9062c297b9b247c83/test/less/colors.less", "raw_url": "https://github.com/less/less.js/raw/63c028b9bffc25d03d6d63b9062c297b9b247c83/test/less/colors.less", "contents_url": "https://api.github.com/repos/less/less.js/contents/test/less/colors.less?ref=63c028b9bffc25d03d6d63b9062c297b9b247c83", "patch": "@@ -44,3 +44,16 @@\n #00ff00 {\n   color: hsl(120, 100%, 50%);\n }\n+\n+.lightenblue {\n+    color: lighten(blue, 10%);\n+}\n+\n+.darkenblue {\n+    color: darken(blue, 10%);\n+}\n+\n+.unknowncolors {\n+    color: blue2;\n+    border: 2px solid superred;\n+}\n\\ No newline at end of file"}]}