{"sha": "248619c00c0c9aadd18eca9f50473dc67d58dac5", "node_id": "MDY6Q29tbWl0NDk4NzY0NzY6MjQ4NjE5YzAwYzBjOWFhZGQxOGVjYTlmNTA0NzNkYzY3ZDU4ZGFjNQ==", "commit": {"author": {"name": "gaohongtao", "email": "hanahmily@gmail.com", "date": "2016-01-19T12:11:31Z"}, "committer": {"name": "gaohongtao", "email": "hanahmily@gmail.com", "date": "2016-01-19T12:11:31Z"}, "message": "add doc of stress test", "tree": {"sha": "a44c06162d9fb910020a6e81ad4b8300893ccbc1", "url": "https://api.github.com/repos/apache/incubator-shardingsphere/git/trees/a44c06162d9fb910020a6e81ad4b8300893ccbc1"}, "url": "https://api.github.com/repos/apache/incubator-shardingsphere/git/commits/248619c00c0c9aadd18eca9f50473dc67d58dac5", "comment_count": 0, "verification": {"verified": false, "reason": "unsigned", "signature": null, "payload": null}}, "url": "https://api.github.com/repos/apache/incubator-shardingsphere/commits/248619c00c0c9aadd18eca9f50473dc67d58dac5", "html_url": "https://github.com/apache/incubator-shardingsphere/commit/248619c00c0c9aadd18eca9f50473dc67d58dac5", "comments_url": "https://api.github.com/repos/apache/incubator-shardingsphere/commits/248619c00c0c9aadd18eca9f50473dc67d58dac5/comments", "author": {"login": "hanahmily", "id": 1960537, "node_id": "MDQ6VXNlcjE5NjA1Mzc=", "avatar_url": "https://avatars2.githubusercontent.com/u/1960537?v=4", "gravatar_id": "", "url": "https://api.github.com/users/hanahmily", "html_url": "https://github.com/hanahmily", "followers_url": "https://api.github.com/users/hanahmily/followers", "following_url": "https://api.github.com/users/hanahmily/following{/other_user}", "gists_url": "https://api.github.com/users/hanahmily/gists{/gist_id}", "starred_url": "https://api.github.com/users/hanahmily/starred{/owner}{/repo}", "subscriptions_url": "https://api.github.com/users/hanahmily/subscriptions", "organizations_url": "https://api.github.com/users/hanahmily/orgs", "repos_url": "https://api.github.com/users/hanahmily/repos", "events_url": "https://api.github.com/users/hanahmily/events{/privacy}", "received_events_url": "https://api.github.com/users/hanahmily/received_events", "type": "User", "site_admin": false}, "committer": {"login": "hanahmily", "id": 1960537, "node_id": "MDQ6VXNlcjE5NjA1Mzc=", "avatar_url": "https://avatars2.githubusercontent.com/u/1960537?v=4", "gravatar_id": "", "url": "https://api.github.com/users/hanahmily", "html_url": "https://github.com/hanahmily", "followers_url": "https://api.github.com/users/hanahmily/followers", "following_url": "https://api.github.com/users/hanahmily/following{/other_user}", "gists_url": "https://api.github.com/users/hanahmily/gists{/gist_id}", "starred_url": "https://api.github.com/users/hanahmily/starred{/owner}{/repo}", "subscriptions_url": "https://api.github.com/users/hanahmily/subscriptions", "organizations_url": "https://api.github.com/users/hanahmily/orgs", "repos_url": "https://api.github.com/users/hanahmily/repos", "events_url": "https://api.github.com/users/hanahmily/events{/privacy}", "received_events_url": "https://api.github.com/users/hanahmily/received_events", "type": "User", "site_admin": false}, "parents": [{"sha": "57331dc46b80e6f86d4b0832acd9298331486655", "url": "https://api.github.com/repos/apache/incubator-shardingsphere/commits/57331dc46b80e6f86d4b0832acd9298331486655", "html_url": "https://github.com/apache/incubator-shardingsphere/commit/57331dc46b80e6f86d4b0832acd9298331486655"}], "stats": {"total": 217, "additions": 217, "deletions": 0}, "files": [{"sha": "9c9378530edbd9a1717a8d3725cf4f115bebf651", "filename": "sharding-jdbc-doc/content/data/chart.js", "status": "added", "additions": 108, "deletions": 0, "changes": 108, "blob_url": "https://github.com/apache/incubator-shardingsphere/blob/248619c00c0c9aadd18eca9f50473dc67d58dac5/sharding-jdbc-doc/content/data/chart.js", "raw_url": "https://github.com/apache/incubator-shardingsphere/raw/248619c00c0c9aadd18eca9f50473dc67d58dac5/sharding-jdbc-doc/content/data/chart.js", "contents_url": "https://api.github.com/repos/apache/incubator-shardingsphere/contents/sharding-jdbc-doc/content/data/chart.js?ref=248619c00c0c9aadd18eca9f50473dc67d58dac5", "patch": "@@ -0,0 +1,108 @@\n+var chartData = {\n+    \"compareQuery\": {\n+        labels: [\"50\", \"100\", \"200\", \"300\", \"600\"],\n+        datasets: [\n+           {\n+                label: \"JDBC\",\n+                data: [1812, 3828, 5217, 7239, 7169]\n+            }, {\n+                label: \"Sharding-JDBC\",\n+                data: [1591, 2547, 5062, 7284, 7151]\n+            }\n+        \n+        ]\n+    },\"compareInsert\": {\n+        labels: [\"50\", \"100\", \"200\", \"300\", \"600\"],\n+        datasets: [\n+            {\n+                label: \"JDBC\",\n+                data: [2520, 5860, 6420, 6200, 6250]\n+            },{\n+                label: \"Sharding-JDBC\",\n+                data: [2410, 4230, 5445, 5603, 5642]\n+            }\n+        \n+        ]\n+    },\"compareUpdate\": {\n+        labels: [\"50\", \"100\", \"200\", \"300\", \"600\"],\n+        datasets: [\n+            {\n+                label: \"JDBC\",\n+                data: [2430, 5712, 6557, 7773, 7561]\n+            },{\n+                label: \"Sharding-JDBC\",\n+                data: [2059, 2715, 4770, 7280, 7210]\n+            }\n+        \n+        ]\n+    }, \"singleAndDubbleQuery\": {\n+        labels: [\"50\", \"100\", \"200\", \"300\", \"600\"],\n+        datasets: [\n+            {\n+                label: \"\u53cc\u5e93\",\n+                data: [3724, 6246, 11480, 13107, 13960]\n+            },{\n+                label: \"\u5355\u5e93\",\n+                data: [1591, 2547, 5062, 7284, 7151]\n+            }\n+        \n+        ]\n+    },\"singleAndDubbleInsert\": {\n+        labels: [\"50\", \"100\", \"200\", \"300\", \"600\"],\n+        datasets: [\n+            {\n+                label: \"\u53cc\u5e93\",\n+                data: [4021, 6807, 7911, 8109, 7619]\n+            },{\n+                label: \"\u5355\u5e93\",\n+                data: [2410, 4230, 5445, 5603, 5642]\n+            }\n+        \n+        ]\n+    },\"singleAndDubbleUpdate\": {\n+        labels: [\"50\", \"100\", \"200\", \"300\", \"600\"],\n+        datasets: [\n+            {\n+                label: \"\u53cc\u5e93\",\n+                data: [2190, 4464, 9039, 10144, 11970]\n+            },{\n+                label: \"\u5355\u5e93\",\n+                data: [2059, 2715, 4770, 7280, 7210]\n+            }\n+        ]\n+    },\"fatigueTest\": {\n+        labels: [\"0\", \"1\u5c0f\u65f6\", \"2\u5c0f\u65f6\", \"3\u5c0f\u65f6\", \"4\u5c0f\u65f6\", \"5\u5c0f\u65f6\", \"6\u5c0f\u65f6\", \"7\u5c0f\u65f6\", \"8\u5c0f\u65f6\"],\n+        datasets: [\n+            {\n+                label: \"jvm\u5806\u5927\u5c0f\",\n+                data: [0, 567, 533, 587, 523, 546, 577 ,534,577]\n+            }\n+        ]\n+    }\n+}\n+\n+var charStyle = [\n+    \n+    {\n+        backgroundColor: \"rgba(246,179,107,0.2)\",\n+        borderColor: \"rgba(246,179,107,1)\",\n+        pointBorderColor: \"rgba(246,179,107,1)\",\n+        pointBackgroundColor: \"#fff\",\n+        pointBorderWidth: 1,\n+        pointHoverRadius: 5,\n+        pointHoverBackgroundColor: \"rgba(246,179,107,1)\",\n+        pointHoverBorderColor: \"rgba(246,179,107,1)\",\n+        pointHoverBorderWidth: 2,\n+    },\n+    {\n+        backgroundColor: \"rgba(61,134,198,0.2)\",\n+        borderColor: \"rgba(61,134,198,1)\",\n+        pointBorderColor: \"rgba(61,134,198,1)\",\n+        pointBackgroundColor: \"#fff\",\n+        pointBorderWidth: 1,\n+        pointHoverRadius: 5,\n+        pointHoverBackgroundColor: \"rgba(61,134,198,1)\",\n+        pointHoverBorderColor: \"rgba(61,134,198,1)\",\n+        pointHoverBorderWidth: 2,\n+    }\n+]\n\\ No newline at end of file"}, {"sha": "2220631535e2f2136d07ceb92606c2b18586d41c", "filename": "sharding-jdbc-doc/content/img/stress_test_arch.png", "status": "added", "additions": 0, "deletions": 0, "changes": 0, "blob_url": "https://github.com/apache/incubator-shardingsphere/blob/248619c00c0c9aadd18eca9f50473dc67d58dac5/sharding-jdbc-doc/content/img/stress_test_arch.png", "raw_url": "https://github.com/apache/incubator-shardingsphere/raw/248619c00c0c9aadd18eca9f50473dc67d58dac5/sharding-jdbc-doc/content/img/stress_test_arch.png", "contents_url": "https://api.github.com/repos/apache/incubator-shardingsphere/contents/sharding-jdbc-doc/content/img/stress_test_arch.png?ref=248619c00c0c9aadd18eca9f50473dc67d58dac5"}, {"sha": "5e3ab212b780d952cd5f8a78a5f2b1b29ff9c27e", "filename": "sharding-jdbc-doc/content/post/stress_test.md", "status": "added", "additions": 88, "deletions": 0, "changes": 88, "blob_url": "https://github.com/apache/incubator-shardingsphere/blob/248619c00c0c9aadd18eca9f50473dc67d58dac5/sharding-jdbc-doc/content/post/stress_test.md", "raw_url": "https://github.com/apache/incubator-shardingsphere/raw/248619c00c0c9aadd18eca9f50473dc67d58dac5/sharding-jdbc-doc/content/post/stress_test.md", "contents_url": "https://api.github.com/repos/apache/incubator-shardingsphere/contents/sharding-jdbc-doc/content/post/stress_test.md?ref=248619c00c0c9aadd18eca9f50473dc67d58dac5", "patch": "@@ -0,0 +1,88 @@\n++++\n+date = \"2016-01-08T16:14:21+08:00\"\n+title = \"\u538b\u529b\u6d4b\u8bd5\u62a5\u544a\"\n+weight = 6\n+chart = true\n++++\n+# \u538b\u529b\u6d4b\u8bd5\u62a5\u544a\n+## \u6d4b\u8bd5\u76ee\u7684\n+\u5bf9`Sharding-JDBC`\u8fdb\u884c\u6027\u80fd\u6d4b\u8bd5\uff0c\u5ba2\u89c2\u3001\u516c\u6b63\u8bc4\u4f30\u7cfb\u7edf\u7684\u6027\u80fd\uff0c\u76ee\u7684\u6709\u4e09:\n+\n+1. \u5bf9\u6bd4`Sharding-JDBC`\u548c`JDBC`\u7684\u6027\u80fd\u3002\n+1. `Sharding-JDBC`\u662f\u5426\u901a\u8fc7\u6269\u5c55\u6570\u636e\u5e93\u89e3\u51b3`JDBC`\u541e\u5410\u91cf\u4e0d\u8db3\u7684\u95ee\u9898\u3002\n+1. `Sharding-JDBC`\u7684\u7a33\u5b9a\u6027\u3002\n+\n+## \u6d4b\u8bd5\u6570\u636e\u5e93\u914d\u7f6e\n+\n+| \u6570\u636e\u5e93\u5b9e\u4f8b  | DB1                        | DB2                        |\n+| -----------|:--------------------------:| :-------------------------:|\n+| \u64cd\u4f5c\u7cfb\u7edf    | centOS5.4                  | centOS5.4                  |\n+| CPU        | 2C\u56db\u6838                      | 2C\u56db\u6838                     |\n+| \u5185\u5b58        | 32GB                       | 32GB                       |\n+| \u786c\u76d8        | 250G*2_RAID1+600G*4_RAID10 | 250G*2_RAID1+600G*4_RAID10 |\n+| Mysql\u7248\u672c   | 5.5.19                     | 5.5.19                     |\n+| \u6570\u636e\u8868\u5b57\u6bb5\u6570\u91cf   | 70                    | 70                  |\n+| \u6570\u636e\u8868\u884c\u6570   | 1000\u4e07                   | 1000\u4e07                   |\n+## \u7f51\u7edc\u62d3\u6251\n+\n+![\u7f51\u7edc\u62d3\u6251\u56fe](img/stress_test_arch.png)\n+## \u5355\u5e93\u60c5\u51b5\u4e0bSharding-JDBC\u4e0eJDBC\u6027\u80fd\u5bf9\u6bd4\n+\u6d4b\u8bd5\u7ed3\u8bba\uff1a\n+\n+- \u67e5\u8be2\u64cd\u4f5c\uff0cSharding-JDBC\u7684TPS\u4e3aJDBC\u7684TPS\u768499.8%\n+- \u63d2\u5165\u64cd\u4f5c\uff0cSharding-JDBC\u7684TPS\u4e3aJDBC\u7684TPS\u768490.2%\n+- \u66f4\u65b0\u64cd\u4f5c\uff0cSharding-JDBC\u7684TPS\u4e3aJDBC\u7684TPS\u768493.1%\n+\n+### \u67e5\u8be2\n+- \u6a2a\u5750\u6807\uff1a\u5e76\u53d1\u7528\u6237\u6570\n+- \u7eb5\u5750\u6807\uff1aTPS\n+\n+<canvas id=\"compareQuery\" width=\"400\" height=\"150\"></canvas>\n+\n+### \u63d2\u5165\n+\n+- \u6a2a\u5750\u6807\uff1a\u5e76\u53d1\u7528\u6237\u6570\n+- \u7eb5\u5750\u6807\uff1aTPS\n+\n+<canvas id=\"compareInsert\" width=\"400\" height=\"150\"></canvas>\n+\n+### \u66f4\u65b0\n+\n+- \u6a2a\u5750\u6807\uff1a\u5e76\u53d1\u7528\u6237\u6570\n+- \u7eb5\u5750\u6807\uff1aTPS\n+\n+<canvas id=\"compareUpdate\" width=\"400\" height=\"150\"></canvas>\n+\n+## Sharding-JDBC\u5355\u5e93\u4e0e\u53cc\u5e93\u6027\u80fd\u5bf9\u6bd4\n+\u5bf9\u6bd4\u6d4b\u8bd5\uff1a\n+\n+- \u5355\u5e93\u7528\u4f8b\u4e2d\u6240\u6709\u6570\u636e\u5168\u90e8\u5728DB1\u4e2d\n+- \u53cc\u5e93\u7528\u4f8b\u4e2d\u6240\u6709\u6570\u636e\u5747\u5300\u5206\u5e03\u5728DB1\u4e0eDB2\u4e2d\n+\n+\u7ed3\u8bba\uff1a\n+\n+- TPS\u53cc\u5e93\u6bd4\u5355\u5e93\u53ef\u4ee5\u589e\u52a0\u5927\u7ea694%\u7684\u6027\u80fd\n+- TPS\u53cc\u5e93\u6bd4\u5355\u5e93\u53ef\u4ee5\u589e\u52a0\u5927\u7ea650%\u7684\u6027\u80fd\n+\n+### \u67e5\u8be2\n+- \u6a2a\u5750\u6807\uff1a\u5e76\u53d1\u7528\u6237\u6570\n+- \u7eb5\u5750\u6807\uff1aTPS\n+\n+<canvas id=\"singleAndDubbleQuery\" width=\"400\" height=\"150\"></canvas>\n+\n+### \u63d2\u5165\n+- \u6a2a\u5750\u6807\uff1a\u5e76\u53d1\u7528\u6237\u6570\n+- \u7eb5\u5750\u6807\uff1aTPS\n+\n+<canvas id=\"singleAndDubbleInsert\" width=\"400\" height=\"150\"></canvas>\n+\n+### \u66f4\u65b0\n+- \u6a2a\u5750\u6807\uff1a\u5e76\u53d1\u7528\u6237\u6570\n+- \u7eb5\u5750\u6807\uff1aTPS\n+\n+<canvas id=\"singleAndDubbleUpdate\" width=\"400\" height=\"150\"></canvas>\n+\n+## Sharding-JDBC\u75b2\u52b3\u6d4b\u8bd5\n+\u7ecf\u8fc78\u4e2a\u5c0f\u65f6\u7684\u75b2\u52b3\u6d4b\u8bd5\uff0cjvm\u7684\u5806\u5927\u7ea6\u5360\u7528\u4e0d\u5230600MB\u7684\u5185\u5b58\uff0c\u4e14\u4f7f\u7528\u91cf\u6bd4\u8f83\u7a33\u5b9a\u3002\u6ca1\u6709\u53d1\u751ffullgc\u3002\n+<canvas id=\"fatigueTest\" width=\"400\" height=\"150\"></canvas>\n+"}, {"sha": "c146cacd54f4dbe6566a967a89274bebb4d23afc", "filename": "sharding-jdbc-doc/layouts/partials/js.html", "status": "modified", "additions": 21, "deletions": 0, "changes": 21, "blob_url": "https://github.com/apache/incubator-shardingsphere/blob/248619c00c0c9aadd18eca9f50473dc67d58dac5/sharding-jdbc-doc/layouts/partials/js.html", "raw_url": "https://github.com/apache/incubator-shardingsphere/raw/248619c00c0c9aadd18eca9f50473dc67d58dac5/sharding-jdbc-doc/layouts/partials/js.html", "contents_url": "https://api.github.com/repos/apache/incubator-shardingsphere/contents/sharding-jdbc-doc/layouts/partials/js.html?ref=248619c00c0c9aadd18eca9f50473dc67d58dac5", "patch": "@@ -9,3 +9,24 @@\n \n <!-- Custom Theme JavaScript -->\n <script src=\"js/prism.js\"></script>\n+\n+{{ if isset .Params \"chart\" }}\n+<script src=\"//cdn.bootcss.com/moment.js/2.11.1/moment.min.js\"></script>\n+<script src=\"//cdn.bootcss.com/Chart.js/2.0.0-beta2/Chart.min.js\"></script>\n+<script src=\"data/chart.js\"></script>\n+<script>\n+\n+    $(\"canvas\").each(function(){\n+        var data =  chartData[$(this).attr(\"id\")];\n+        $(data.datasets).each(function(index, obj){\n+            $.extend(obj, charStyle[index])\n+        })\n+        new Chart(this.getContext(\"2d\"),{\n+            type: 'line',\n+            data: data\n+        });\n+    })\n+</script>\n+\n+\n+{{ end }}"}]}