{"sha": "9326793ab23223e42d478dc952449ca3d17dc1e1", "node_id": "MDY6Q29tbWl0MzE5NzYyNjg6OTMyNjc5M2FiMjMyMjNlNDJkNDc4ZGM5NTI0NDljYTNkMTdkYzFlMQ==", "commit": {"author": {"name": "Raul Kripalani", "email": "raulk@apache.org", "date": "2015-08-20T00:24:31Z"}, "committer": {"name": "Raul Kripalani", "email": "raulk@apache.org", "date": "2015-08-20T00:24:39Z"}, "message": "SM-2651 jcache 1.0.0 bundle with complete package exports", "tree": {"sha": "da7de0f507dfae9499c4981afcde29c8753e011f", "url": "https://api.github.com/repos/apache/servicemix-bundles/git/trees/da7de0f507dfae9499c4981afcde29c8753e011f"}, "url": "https://api.github.com/repos/apache/servicemix-bundles/git/commits/9326793ab23223e42d478dc952449ca3d17dc1e1", "comment_count": 0, "verification": {"verified": false, "reason": "unsigned", "signature": null, "payload": null}}, "url": "https://api.github.com/repos/apache/servicemix-bundles/commits/9326793ab23223e42d478dc952449ca3d17dc1e1", "html_url": "https://github.com/apache/servicemix-bundles/commit/9326793ab23223e42d478dc952449ca3d17dc1e1", "comments_url": "https://api.github.com/repos/apache/servicemix-bundles/commits/9326793ab23223e42d478dc952449ca3d17dc1e1/comments", "author": {"login": "raulk", "id": 1101242, "node_id": "MDQ6VXNlcjExMDEyNDI=", "avatar_url": "https://avatars0.githubusercontent.com/u/1101242?v=4", "gravatar_id": "", "url": "https://api.github.com/users/raulk", "html_url": "https://github.com/raulk", "followers_url": "https://api.github.com/users/raulk/followers", "following_url": "https://api.github.com/users/raulk/following{/other_user}", "gists_url": "https://api.github.com/users/raulk/gists{/gist_id}", "starred_url": "https://api.github.com/users/raulk/starred{/owner}{/repo}", "subscriptions_url": "https://api.github.com/users/raulk/subscriptions", "organizations_url": "https://api.github.com/users/raulk/orgs", "repos_url": "https://api.github.com/users/raulk/repos", "events_url": "https://api.github.com/users/raulk/events{/privacy}", "received_events_url": "https://api.github.com/users/raulk/received_events", "type": "User", "site_admin": false}, "committer": {"login": "raulk", "id": 1101242, "node_id": "MDQ6VXNlcjExMDEyNDI=", "avatar_url": "https://avatars0.githubusercontent.com/u/1101242?v=4", "gravatar_id": "", "url": "https://api.github.com/users/raulk", "html_url": "https://github.com/raulk", "followers_url": "https://api.github.com/users/raulk/followers", "following_url": "https://api.github.com/users/raulk/following{/other_user}", "gists_url": "https://api.github.com/users/raulk/gists{/gist_id}", "starred_url": "https://api.github.com/users/raulk/starred{/owner}{/repo}", "subscriptions_url": "https://api.github.com/users/raulk/subscriptions", "organizations_url": "https://api.github.com/users/raulk/orgs", "repos_url": "https://api.github.com/users/raulk/repos", "events_url": "https://api.github.com/users/raulk/events{/privacy}", "received_events_url": "https://api.github.com/users/raulk/received_events", "type": "User", "site_admin": false}, "parents": [{"sha": "677ce9416520f1a5b05bd0c1b8901f5608332c13", "url": "https://api.github.com/repos/apache/servicemix-bundles/commits/677ce9416520f1a5b05bd0c1b8901f5608332c13", "html_url": "https://github.com/apache/servicemix-bundles/commit/677ce9416520f1a5b05bd0c1b8901f5608332c13"}], "stats": {"total": 116, "additions": 116, "deletions": 0}, "files": [{"sha": "b4e39efa5e87a40c19fb15da87327e6112f61141", "filename": "javax-cache-api-1.0.0/pom.xml", "status": "added", "additions": 106, "deletions": 0, "changes": 106, "blob_url": "https://github.com/apache/servicemix-bundles/blob/9326793ab23223e42d478dc952449ca3d17dc1e1/javax-cache-api-1.0.0/pom.xml", "raw_url": "https://github.com/apache/servicemix-bundles/raw/9326793ab23223e42d478dc952449ca3d17dc1e1/javax-cache-api-1.0.0/pom.xml", "contents_url": "https://api.github.com/repos/apache/servicemix-bundles/contents/javax-cache-api-1.0.0/pom.xml?ref=9326793ab23223e42d478dc952449ca3d17dc1e1", "patch": "@@ -0,0 +1,106 @@\n+<?xml version=\"1.0\" encoding=\"UTF-8\"?>\n+<project xmlns=\"http://maven.apache.org/POM/4.0.0\" xmlns:xsi=\"http://www.w3.org/2001/XMLSchema-instance\" xsi:schemaLocation=\"http://maven.apache.org/POM/4.0.0 http://maven.apache.org/xsd/maven-4.0.0.xsd\">\n+\n+    <!--\n+\n+        Licensed to the Apache Software Foundation (ASF) under one or more\n+        contributor license agreements.  See the NOTICE file distributed with\n+        this work for additional information regarding copyright ownership.\n+        The ASF licenses this file to You under the Apache License, Version 2.0\n+        (the \"License\"); you may not use this file except in compliance with\n+        the License.  You may obtain a copy of the License at\n+\n+           http://www.apache.org/licenses/LICENSE-2.0\n+\n+        Unless required by applicable law or agreed to in writing, software\n+        distributed under the License is distributed on an \"AS IS\" BASIS,\n+        WITHOUT WARRANTIES OR CONDITIONS OF ANY KIND, either express or implied.\n+        See the License for the specific language governing permissions and\n+        limitations under the License.\n+    -->\n+\n+    <modelVersion>4.0.0</modelVersion>\n+\n+    <parent>\n+        <groupId>org.apache.servicemix.bundles</groupId>\n+        <artifactId>bundles-pom</artifactId>\n+        <version>9-SNAPSHOT</version>\n+        <relativePath>../bundles-pom/pom.xml</relativePath>\n+    </parent>\n+\n+    <groupId>org.apache.servicemix.bundles</groupId>\n+    <artifactId>org.apache.servicemix.bundles.javax-cache-api</artifactId>\n+    <version>1.0.0_1-SNAPSHOT</version>\n+    <packaging>bundle</packaging>\n+    <name>Apache ServiceMix :: Bundles :: ${pkgArtifactId}</name>\n+    <description>This OSGi bundle wraps ${pkgArtifactId} ${pkgVersion} jar file.</description>\n+\n+    <properties>\n+        <pkgGroupId>javax.cache</pkgGroupId>\n+        <pkgArtifactId>cache-api</pkgArtifactId>\n+        <pkgVersion>1.0.0</pkgVersion>\n+        <servicemix.osgi.export.pkg>\n+            javax.cache\n+        </servicemix.osgi.export.pkg>\n+        <servicemix.osgi.import.pkg>\n+            javax.management,\n+            javax.enterprise.util;resolution:=optional\n+        </servicemix.osgi.import.pkg>\n+        <servicemix.osgi.private.pkg>\n+\n+        </servicemix.osgi.private.pkg>\n+    </properties>\n+\n+    <dependencies>\n+        <dependency>\n+            <groupId>${pkgGroupId}</groupId>\n+            <artifactId>${pkgArtifactId}</artifactId>\n+            <version>${pkgVersion}</version>\n+            <optional>true</optional>\n+        </dependency>\n+\n+        <!-- sources -->\n+        <dependency>\n+            <groupId>${pkgGroupId}</groupId>\n+            <artifactId>${pkgArtifactId}</artifactId>\n+            <version>${pkgVersion}</version>\n+            <classifier>sources</classifier>\n+            <optional>true</optional>\n+        </dependency>\n+    </dependencies>\n+\n+    <build>\n+        <plugins>\n+            <plugin>\n+                <groupId>org.apache.maven.plugins</groupId>\n+                <artifactId>maven-shade-plugin</artifactId>\n+                <executions>\n+                    <execution>\n+                        <phase>package</phase>\n+                        <goals>\n+                            <goal>shade</goal>\n+                        </goals>\n+                        <configuration>\n+                            <artifactSet>\n+                                <includes>\n+                                    <include>${pkgGroupId}:${pkgArtifactId}</include>\n+                                </includes>\n+                            </artifactSet>\n+                            <filters>\n+                                <filter>\n+                                    <artifact>${pkgGroupId}:${pkgArtifactId}</artifact>\n+                                    <excludes>\n+                                        <exclude>**</exclude>\n+                                    </excludes>\n+                                </filter>\n+                            </filters>\n+                            <promoteTransitiveDependencies>true</promoteTransitiveDependencies>\n+                            <createDependencyReducedPom>true</createDependencyReducedPom>\n+                        </configuration>\n+                    </execution>\n+                </executions>\n+            </plugin>\n+        </plugins>\n+    </build>\n+\n+</project>"}, {"sha": "bd4a5d6d7a7c7bb1a640bbe2e29d092a5fb54b79", "filename": "javax-cache-api-1.0.0/src/main/resources/OSGI-INF/bundle.info", "status": "added", "additions": 10, "deletions": 0, "changes": 10, "blob_url": "https://github.com/apache/servicemix-bundles/blob/9326793ab23223e42d478dc952449ca3d17dc1e1/javax-cache-api-1.0.0/src/main/resources/OSGI-INF/bundle.info", "raw_url": "https://github.com/apache/servicemix-bundles/raw/9326793ab23223e42d478dc952449ca3d17dc1e1/javax-cache-api-1.0.0/src/main/resources/OSGI-INF/bundle.info", "contents_url": "https://api.github.com/repos/apache/servicemix-bundles/contents/javax-cache-api-1.0.0/src/main/resources/OSGI-INF/bundle.info?ref=9326793ab23223e42d478dc952449ca3d17dc1e1", "patch": "@@ -0,0 +1,10 @@\n+\\u001B[1mSYNOPSIS\\u001B[0m\n+    ${project.description}\n+\n+    Original Maven URL:\n+        \\u001B[33mmvn:${pkgGroupId}/${pkgArtifactId}/${pkgVersion}\\u001B[0m\n+\n+\\u001B[1mDESCRIPTION\\u001B[0m\n+    JSR-107: JCACHE - Java Temporary Caching API\n+\\u001B[1mSEE ALSO\\u001B[0m\n+    \\u001B[36mhttps://jcp.org/en/jsr/detail?id=107\\u001B[0m"}]}