{"sha": "eeb1518c7efd8a853c5ced03740f406f068c7fcc", "node_id": "MDY6Q29tbWl0NDI5MDE4NzQ6ZWViMTUxOGM3ZWZkOGE4NTNjNWNlZDAzNzQwZjQwNmYwNjhjN2ZjYw==", "commit": {"author": {"name": "Cody Rank", "email": "codyr@metriv.com", "date": "2015-12-29T17:54:54Z"}, "committer": {"name": "Cody Rank", "email": "codyr@metriv.com", "date": "2015-12-29T17:54:54Z"}, "message": "fix the countdown and the hashtag", "tree": {"sha": "538aa6373980f70ff0207b47b5eeb061ae91d472", "url": "https://api.github.com/repos/drewrwilson/pizzaweek/git/trees/538aa6373980f70ff0207b47b5eeb061ae91d472"}, "url": "https://api.github.com/repos/drewrwilson/pizzaweek/git/commits/eeb1518c7efd8a853c5ced03740f406f068c7fcc", "comment_count": 0, "verification": {"verified": false, "reason": "unsigned", "signature": null, "payload": null}}, "url": "https://api.github.com/repos/drewrwilson/pizzaweek/commits/eeb1518c7efd8a853c5ced03740f406f068c7fcc", "html_url": "https://github.com/drewrwilson/pizzaweek/commit/eeb1518c7efd8a853c5ced03740f406f068c7fcc", "comments_url": "https://api.github.com/repos/drewrwilson/pizzaweek/commits/eeb1518c7efd8a853c5ced03740f406f068c7fcc/comments", "author": {"login": "cccCody", "id": 753031, "node_id": "MDQ6VXNlcjc1MzAzMQ==", "avatar_url": "https://avatars0.githubusercontent.com/u/753031?v=4", "gravatar_id": "", "url": "https://api.github.com/users/cccCody", "html_url": "https://github.com/cccCody", "followers_url": "https://api.github.com/users/cccCody/followers", "following_url": "https://api.github.com/users/cccCody/following{/other_user}", "gists_url": "https://api.github.com/users/cccCody/gists{/gist_id}", "starred_url": "https://api.github.com/users/cccCody/starred{/owner}{/repo}", "subscriptions_url": "https://api.github.com/users/cccCody/subscriptions", "organizations_url": "https://api.github.com/users/cccCody/orgs", "repos_url": "https://api.github.com/users/cccCody/repos", "events_url": "https://api.github.com/users/cccCody/events{/privacy}", "received_events_url": "https://api.github.com/users/cccCody/received_events", "type": "User", "site_admin": false}, "committer": {"login": "cccCody", "id": 753031, "node_id": "MDQ6VXNlcjc1MzAzMQ==", "avatar_url": "https://avatars0.githubusercontent.com/u/753031?v=4", "gravatar_id": "", "url": "https://api.github.com/users/cccCody", "html_url": "https://github.com/cccCody", "followers_url": "https://api.github.com/users/cccCody/followers", "following_url": "https://api.github.com/users/cccCody/following{/other_user}", "gists_url": "https://api.github.com/users/cccCody/gists{/gist_id}", "starred_url": "https://api.github.com/users/cccCody/starred{/owner}{/repo}", "subscriptions_url": "https://api.github.com/users/cccCody/subscriptions", "organizations_url": "https://api.github.com/users/cccCody/orgs", "repos_url": "https://api.github.com/users/cccCody/repos", "events_url": "https://api.github.com/users/cccCody/events{/privacy}", "received_events_url": "https://api.github.com/users/cccCody/received_events", "type": "User", "site_admin": false}, "parents": [{"sha": "e26844a23fa1d260862dd50fc25961cd8d94d3d9", "url": "https://api.github.com/repos/drewrwilson/pizzaweek/commits/e26844a23fa1d260862dd50fc25961cd8d94d3d9", "html_url": "https://github.com/drewrwilson/pizzaweek/commit/e26844a23fa1d260862dd50fc25961cd8d94d3d9"}], "stats": {"total": 4, "additions": 2, "deletions": 2}, "files": [{"sha": "9305fd6dc170a71421eb6fce64eafd4915c29677", "filename": "README.md", "status": "modified", "additions": 1, "deletions": 1, "changes": 2, "blob_url": "https://github.com/drewrwilson/pizzaweek/blob/eeb1518c7efd8a853c5ced03740f406f068c7fcc/README.md", "raw_url": "https://github.com/drewrwilson/pizzaweek/raw/eeb1518c7efd8a853c5ced03740f406f068c7fcc/README.md", "contents_url": "https://api.github.com/repos/drewrwilson/pizzaweek/contents/README.md?ref=eeb1518c7efd8a853c5ced03740f406f068c7fcc", "patch": "@@ -1 +1 @@\n-# pizzweek\n+# pizzaweek"}, {"sha": "8726424a3fd8073acf7ce0330b097da1bf4420ad", "filename": "index.html", "status": "modified", "additions": 1, "deletions": 1, "changes": 2, "blob_url": "https://github.com/drewrwilson/pizzaweek/blob/eeb1518c7efd8a853c5ced03740f406f068c7fcc/index.html", "raw_url": "https://github.com/drewrwilson/pizzaweek/raw/eeb1518c7efd8a853c5ced03740f406f068c7fcc/index.html", "contents_url": "https://api.github.com/repos/drewrwilson/pizzaweek/contents/index.html?ref=eeb1518c7efd8a853c5ced03740f406f068c7fcc", "patch": "@@ -1,7 +1,7 @@\n ---\n year: 2016\n month: 1\n-day: 4\n+day: 3\n ---\n \n <!DOCTYPE html>"}]}