{"sha": "641301b0c5a070ebf65b69cbf0a1dee9dcdb6b72", "node_id": "MDY6Q29tbWl0MTAwOTU1ODU6NjQxMzAxYjBjNWEwNzBlYmY2NWI2OWNiZjBhMWRlZTlkY2RiNmI3Mg==", "commit": {"author": {"name": "greg-dove", "email": "greg.dove@gmail.com", "date": "2016-07-22T08:01:38Z"}, "committer": {"name": "greg-dove", "email": "greg.dove@gmail.com", "date": "2016-07-22T08:01:38Z"}, "message": "[Improvement] Numerous updates to BinaryData to get closer to flash IDataInput and IDataOutput interfaces.\nEndian now detects default Endianness. IBinaryDataInput and IBinaryDataOutput interfaces added", "tree": {"sha": "5cb9347b2b0138e985cbcb9c9499dfe4f5fffb5f", "url": "https://api.github.com/repos/apache/royale-asjs/git/trees/5cb9347b2b0138e985cbcb9c9499dfe4f5fffb5f"}, "url": "https://api.github.com/repos/apache/royale-asjs/git/commits/641301b0c5a070ebf65b69cbf0a1dee9dcdb6b72", "comment_count": 0, "verification": {"verified": false, "reason": "unsigned", "signature": null, "payload": null}}, "url": "https://api.github.com/repos/apache/royale-asjs/commits/641301b0c5a070ebf65b69cbf0a1dee9dcdb6b72", "html_url": "https://github.com/apache/royale-asjs/commit/641301b0c5a070ebf65b69cbf0a1dee9dcdb6b72", "comments_url": "https://api.github.com/repos/apache/royale-asjs/commits/641301b0c5a070ebf65b69cbf0a1dee9dcdb6b72/comments", "author": {"login": "greg-dove", "id": 4569046, "node_id": "MDQ6VXNlcjQ1NjkwNDY=", "avatar_url": "https://avatars2.githubusercontent.com/u/4569046?v=4", "gravatar_id": "", "url": "https://api.github.com/users/greg-dove", "html_url": "https://github.com/greg-dove", "followers_url": "https://api.github.com/users/greg-dove/followers", "following_url": "https://api.github.com/users/greg-dove/following{/other_user}", "gists_url": "https://api.github.com/users/greg-dove/gists{/gist_id}", "starred_url": "https://api.github.com/users/greg-dove/starred{/owner}{/repo}", "subscriptions_url": "https://api.github.com/users/greg-dove/subscriptions", "organizations_url": "https://api.github.com/users/greg-dove/orgs", "repos_url": "https://api.github.com/users/greg-dove/repos", "events_url": "https://api.github.com/users/greg-dove/events{/privacy}", "received_events_url": "https://api.github.com/users/greg-dove/received_events", "type": "User", "site_admin": false}, "committer": {"login": "greg-dove", "id": 4569046, "node_id": "MDQ6VXNlcjQ1NjkwNDY=", "avatar_url": "https://avatars2.githubusercontent.com/u/4569046?v=4", "gravatar_id": "", "url": "https://api.github.com/users/greg-dove", "html_url": "https://github.com/greg-dove", "followers_url": "https://api.github.com/users/greg-dove/followers", "following_url": "https://api.github.com/users/greg-dove/following{/other_user}", "gists_url": "https://api.github.com/users/greg-dove/gists{/gist_id}", "starred_url": "https://api.github.com/users/greg-dove/starred{/owner}{/repo}", "subscriptions_url": "https://api.github.com/users/greg-dove/subscriptions", "organizations_url": "https://api.github.com/users/greg-dove/orgs", "repos_url": "https://api.github.com/users/greg-dove/repos", "events_url": "https://api.github.com/users/greg-dove/events{/privacy}", "received_events_url": "https://api.github.com/users/greg-dove/received_events", "type": "User", "site_admin": false}, "parents": [{"sha": "96364544f860c98e95482daa34bc192ad0222b32", "url": "https://api.github.com/repos/apache/royale-asjs/commits/96364544f860c98e95482daa34bc192ad0222b32", "html_url": "https://github.com/apache/royale-asjs/commit/96364544f860c98e95482daa34bc192ad0222b32"}], "stats": {"total": 1152, "additions": 803, "deletions": 349}, "files": [{"sha": "1260dae7b6e1aee50a164ea40705824acb61893d", "filename": "frameworks/projects/Core/src/main/flex/org/apache/flex/utils/BinaryData.as", "status": "modified", "additions": 673, "deletions": 346, "changes": 1019, "blob_url": "https://github.com/apache/royale-asjs/blob/641301b0c5a070ebf65b69cbf0a1dee9dcdb6b72/frameworks/projects/Core/src/main/flex/org/apache/flex/utils/BinaryData.as", "raw_url": "https://github.com/apache/royale-asjs/raw/641301b0c5a070ebf65b69cbf0a1dee9dcdb6b72/frameworks/projects/Core/src/main/flex/org/apache/flex/utils/BinaryData.as", "contents_url": "https://api.github.com/repos/apache/royale-asjs/contents/frameworks/projects/Core/src/main/flex/org/apache/flex/utils/BinaryData.as?ref=641301b0c5a070ebf65b69cbf0a1dee9dcdb6b72", "patch": "@@ -18,468 +18,763 @@\n ////////////////////////////////////////////////////////////////////////////////\n package org.apache.flex.utils\n {\n+\n COMPILE::SWF\n {\n     import flash.utils.ByteArray;\n }\n \n-    \n+\n /**\n  *  The BinaryData class is a class that represents binary data.  The way\n  *  browsers handle binary data varies.  This class abstracts those\n- *  differences..  \n- *  \n+ *  differences..\n+ *\n  *  @langversion 3.0\n  *  @playerversion Flash 10.2\n  *  @playerversion AIR 2.6\n  *  @productversion FlexJS 0.0\n  */\n-public class BinaryData\n+public class BinaryData implements IBinaryDataInput, IBinaryDataOutput\n {\n     /**\n      *  Constructor. The constructor takes an optional bytes argument.\n      *  In Flash this should be a ByteArray. In JS this should be an ArrayBuffer\n-     *  \n+     *\n      *  @langversion 3.0\n      *  @playerversion Flash 10.2\n      *  @playerversion AIR 2.6\n      *  @productversion FlexJS 0.0\n      */\n     COMPILE::SWF\n-\tpublic function BinaryData(bytes:ByteArray = null)\n-\t{\n+    public function BinaryData(bytes:ByteArray = null)\n+    {\n         ba = bytes ? bytes : new ByteArray();\n     }\n \n     COMPILE::JS\n     public function BinaryData(bytes:ArrayBuffer = null)\n-    {    \n+    {\n         ba = bytes ? bytes : new ArrayBuffer(0);\n     }\n-\t\n-\t/**\n-\t *  Utility method to create a BinaryData object from a string.\n-\t *  \n-\t *  @langversion 3.0\n-\t *  @playerversion Flash 10.2\n-\t *  @playerversion AIR 2.6\n-\t *  @productversion FlexJS 0.7.0\n-\t */        \n-\tpublic static function fromString(str:String):BinaryData\n-\t{\n-\t\tvar bd:BinaryData = new BinaryData();\n-\t\tbd.writeUTFBytes(str);\n-\t\treturn bd;\n-\t}\n+\n+    /**\n+     *  Utility method to create a BinaryData object from a string.\n+     *\n+     *  @langversion 3.0\n+     *  @playerversion Flash 10.2\n+     *  @playerversion AIR 2.6\n+     *  @productversion FlexJS 0.7.0\n+     */\n+    public static function fromString(str:String):BinaryData\n+    {\n+        var bd:BinaryData = new BinaryData();\n+        bd.writeUTFBytes(str);\n+        return bd;\n+    }\n \n     /**\n      *  Gets a reference to the internal array of bytes.\n      *  On the Flash side, this is  a ByteArray.\n      *  On the JS side, it's a Uint8Array.\n      *  This is primarily used for indexed access to the bytes, and internally\n      *  where the platform-specific implementation is significant.\n-     *  \n+     *\n      *  @langversion 3.0\n      *  @playerversion Flash 10.2\n      *  @playerversion AIR 2.6\n      *  @productversion FlexJS 0.7.0\n      */\n-     COMPILE::SWF\n-     public function get array():ByteArray\n-     {\n+    COMPILE::SWF\n+    public function get array():ByteArray\n+    {\n         return ba;\n-     }\n+    }\n \n     /**\n      *  Gets a reference to the internal array of bytes.\n      *  On the Flash side, this is  a ByteArray.\n      *  On the JS side, it's a Uint8Array.\n-     *  This is primarily used for indexed access to the bytes, and internally\n-     *  where the platform-specific implementation is significant.\n-     *  \n+     *  This is primarily used for indexed (Array) access to the bytes, particularly\n+     *  where platform-specific performance optimization is required.\n+     *  To maintain cross-target consistency, you should not alter the length\n+     *  of the ByteArray in any swf specific code, assume its length is fixed\n+     *  (even though it is not).\n+     *\n      *  @langversion 3.0\n      *  @playerversion Flash 10.2\n      *  @playerversion AIR 2.6\n      *  @productversion FlexJS 0.7.0\n      */\n-     COMPILE::JS\n-     public function get array():Uint8Array\n-     {\n+    COMPILE::JS\n+    public function get array():Uint8Array\n+    {\n         return getTypedArray();\n-     }\n-\n-\tprivate var _endian:String = Endian.DEFAULT;\n-\n-\t/**\n-\t *  Indicates the byte order for the data.\n-\t *  The default is \"default\" which in Javascript is machine dependent.\n-\t *  To ensure portable bytes, set the endian to big or little as appropriate.\n-\t *  \n-\t *  @langversion 3.0\n-\t *  @playerversion Flash 10.2\n-\t *  @playerversion AIR 2.6\n-\t *  @productversion FlexJS 0.7.0\n-\t */        \n-\tpublic function get endian():String\n-\t{\n-\t\treturn _endian;\n-\t}\n-\t\n-\tpublic function set endian(value:String):void\n-\t{\n-\t\t_endian = value;\n-\t\t\n-\t\tCOMPILE::SWF\n-\t\t{\n-\t\t\tif(value == Endian.DEFAULT)\n-\t\t\t\tba.endian = Endian.BIG_ENDIAN;\n-\t\t\telse\n-\t\t\t\tba.endian = value;\n-\t\t}\n-\t}\n+    }\n+    COMPILE::JS\n+    private var _endian:String = Endian.defaultEndian;\n+\n+    /**\n+     *  Indicates the byte order for the data.\n+     *  The default is the target default which in Javascript is machine dependent.\n+     *  It is possible to check the default Endianness of the target platform at runtime with\n+     *  <code>org.apache.flex.utils.Endian.defaultEndian</code>\n+     *  To ensure portable bytes, set the endian to Endian.BIG_ENDIAN or Endian.LITTLE_ENDIAN as appropriate.\n+     *  Setting to values other than Endian.BIG_ENDIAN or Endian.LITTLE_ENDIAN is ignored.\n+     *\n+     *  @langversion 3.0\n+     *  @playerversion Flash 10.2\n+     *  @playerversion AIR 2.6\n+     *  @productversion FlexJS 0.7.0\n+     */\n+    public function get endian():String\n+    {\n+        COMPILE::SWF {\n+            return ba.endian;\n+        }\n+        COMPILE::JS {\n+            return _endian;\n+        }\n+    }\n+\n+    public function set endian(value:String):void\n+    {\n+        if (value == Endian.BIG_ENDIAN || Endian.LITTLE_ENDIAN) {\n+            COMPILE::JS {\n+                _endian = value;\n+            }\n+            COMPILE::SWF {\n+                ba.endian = value;\n+            }\n+        }\n+    }\n \n     COMPILE::SWF\n-\tprivate var ba:ByteArray;\n-\t\n+    private var ba:ByteArray;\n+\n     COMPILE::JS\n     private var ba:ArrayBuffer;\n-    \n+\n     COMPILE::JS\n     private var _position:int = 0;\n-    \n-\t/**\n-\t * Get the platform-specific data for sending.\n-\t * Generally only used by the network services.\n-     *  \n+\n+    /**\n+     * Get the platform-specific data for sending.\n+     * Generally only used by the network services.\n+     *\n      *  @langversion 3.0\n      *  @playerversion Flash 10.2\n      *  @playerversion AIR 2.6\n      *  @productversion FlexJS 0.0\n-\t */\n-\tpublic function get data():Object\n-\t{\n-\t\treturn ba;\n-\t}\n-\t\n+     */\n+    public function get data():Object\n+    {\n+        return ba;\n+    }\n+\n+    /**\n+     *  Write a Boolean value (as a single byte) at the current position\n+     *\n+     *  @langversion 3.0\n+     *  @playerversion Flash 10.2\n+     *  @playerversion AIR 2.6\n+     *  @productversion FlexJS 0.0\n+     */\n+    public function writeBoolean(value:Boolean):void\n+    {\n+        COMPILE::SWF\n+        {\n+            ba.writeBoolean(value);\n+        }\n+\n+        COMPILE::JS\n+        {\n+            writeByte(value ? 1 :0);\n+        }\n+    }\n+\n     /**\n      *  Write a byte of binary data at the current position\n-     *  \n+     *\n      *  @langversion 3.0\n      *  @playerversion Flash 10.2\n      *  @playerversion AIR 2.6\n      *  @productversion FlexJS 0.0\n      */\n-\tpublic function writeByte(byte:int):void\n-\t{\n+    public function writeByte(byte:int):void\n+    {\n         COMPILE::SWF\n         {\n-            ba.writeByte(byte);                \n+            ba.writeByte(byte);\n         }\n         COMPILE::JS\n         {\n             var view:Uint8Array;\n-            \n-            growBuffer(1);\n-            \n+\n+            ensureWritableBytes(1);\n+\n             view = new Uint8Array(ba, _position, 1);\n             view[0] = byte;\n             _position++;\n         }\n-\t}\n-\t\n+    }\n+    /**\n+     *  Writes a sequence of <code>length</code> bytes from the <code>source</code> BinaryData, starting\n+     *  at <code>offset</code> (zero-based index) bytes into the source BinaryData. If length\n+     *  is omitted or is zero, it will represent the entire length of the source\n+     *  starting from offset. If offset is omitted also, it defaults to zero.\n+     *\n+     *  @langversion 3.0\n+     *  @playerversion Flash 10.2\n+     *  @playerversion AIR 2.6\n+     *  @productversion FlexJS 0.0\n+     */\n+    public function writeBytes(source:BinaryData, offset:uint = 0, length:uint = 0):void\n+    {\n+        COMPILE::SWF\n+        {\n+            ba.writeBytes(source.ba,offset,length);\n+        }\n+\n+        COMPILE::JS\n+        {\n+\n+            if (length == 0) length = source.length - offset ;\n+\n+            ensureWritableBytes(length);\n+\n+            var dest:Uint8Array = new Uint8Array(ba, _position, length);\n+            var src:Uint8Array = new Uint8Array(source.ba, offset,length);\n+            dest.set(src);\n+            _position += length;\n+        }\n+\n+    }\n+\n     /**\n      *  Write a short integer of binary data at the current position\n-     *  \n+     *\n      *  @langversion 3.0\n      *  @playerversion Flash 10.2\n      *  @playerversion AIR 2.6\n      *  @productversion FlexJS 0.0\n      */\n-\tpublic function writeShort(short:int):void\n-\t{\n+    public function writeShort(short:int):void\n+    {\n         COMPILE::SWF\n         {\n-            ba.writeShort(short);                \n+            ba.writeShort(short);\n         }\n         COMPILE::JS\n         {\n             var view:Int16Array;\n-            \n-            growBuffer(2);\n-\t\t\tif(_endian == Endian.DEFAULT)\n-\t\t\t{\n-\t            view = new Int16Array(ba, _position, 1);\n-    \t        view[0] = short;\n-\t\t\t}\n-\t\t\telse\n-\t\t\t{\n-\t\t\t\tvar dv:DataView = new DataView(ba);\n-\t\t\t\tdv.setInt16(_position,short,_endian == Endian.LITTLE_ENDIAN);\n-\t\t\t}\n+\n+            ensureWritableBytes(2);\n+            if(_endian == Endian.defaultEndian)\n+            {\n+                view = new Int16Array(ba, _position, 1);\n+                view[0] = short;\n+            }\n+            else\n+            {\n+                var dv:DataView = new DataView(ba);\n+                dv.setInt16(_position,short,_endian == Endian.LITTLE_ENDIAN);\n+            }\n             _position += 2;\n         }\n-\t}\n-\t\n+    }\n+\n     /**\n-     *  Write an unsigned int of binary data at the current position\n-     *  \n+     *  Write an unsigned int (32 bits) of binary data at the current position\n+     *\n      *  @langversion 3.0\n      *  @playerversion Flash 10.2\n      *  @playerversion AIR 2.6\n      *  @productversion FlexJS 0.0\n      */\n-\tpublic function writeUnsignedInt(unsigned:uint):void\n-\t{\n+    public function writeUnsignedInt(unsigned:uint):void\n+    {\n         COMPILE::SWF\n         {\n-            ba.writeUnsignedInt(unsigned);                \n+            ba.writeUnsignedInt(unsigned);\n         }\n         COMPILE::JS\n         {\n             var view:Uint32Array;\n-\t\t\t\n-            growBuffer(4);\n-            if(_endian == Endian.DEFAULT)\n-\t\t\t{\n-\t\t\t\tview = new Uint32Array(ba, _position, 1);\n-\t\t\t\tview[0] = unsigned;\n-\t\t\t}\n-\t\t\telse\n-\t\t\t{\n-\t\t\t\tvar dv:DataView = new DataView(ba);\n-\t\t\t\tdv.setUint32(_position,unsigned,_endian == Endian.LITTLE_ENDIAN);\n-\t\t\t}\n-\t\t\t_position += 4;\n+\n+            ensureWritableBytes(4);\n+            if(_endian == Endian.defaultEndian)\n+            {\n+                view = new Uint32Array(ba, _position, 1);\n+                view[0] = unsigned;\n+            }\n+            else\n+            {\n+                var dv:DataView = new DataView(ba);\n+                dv.setUint32(_position,unsigned,_endian == Endian.LITTLE_ENDIAN);\n+            }\n+            _position += 4;\n         }\n-\t}\n+    }\n \n     /**\n-     *  Write a signed int of binary data at the current position\n-     *  \n+     *  Write a signed int (32 bits) of binary data at the current position\n+     *\n      *  @langversion 3.0\n      *  @playerversion Flash 10.2\n      *  @playerversion AIR 2.6\n      *  @productversion FlexJS 0.0\n      */\n-\tpublic function writeInt(integer:int):void\n-\t{\n+    public function writeInt(integer:int):void\n+    {\n         COMPILE::SWF\n         {\n-            ba.writeInt(integer);                \n+            ba.writeInt(integer);\n         }\n         COMPILE::JS\n         {\n             var view:Int32Array;\n-\t\t\t\n-            growBuffer(4);\n-\t\t\t\n-\t\t\tif(_endian == Endian.DEFAULT)\n-\t\t\t{\n-            \tview = new Int32Array(ba, _position, 1);\n-            \tview[0] = integer;\n-\t\t\t}\n-\t\t\telse\n-\t\t\t{\n-\t\t\t\tvar dv:DataView = new DataView(ba);\n-\t\t\t\tdv.setInt32(_position,integer,_endian == Endian.LITTLE_ENDIAN);\n-\t\t\t}\n+\n+            ensureWritableBytes(4);\n+\n+            if(_endian == Endian.defaultEndian)\n+            {\n+                view = new Int32Array(ba, _position, 1);\n+                view[0] = integer;\n+            }\n+            else\n+            {\n+                var dv:DataView = new DataView(ba);\n+                dv.setInt32(_position,integer,_endian == Endian.LITTLE_ENDIAN);\n+            }\n             _position += 4;\n         }\n-\t}\n+    }\n \n     /**\n-     *  Read a byte of binary data at the current position\n-     *  \n+     *  Writes an IEEE 754 single-precision (32-bit) floating-point number to the\n+     *  BinaryData at the current position\n+     *\n      *  @langversion 3.0\n      *  @playerversion Flash 10.2\n      *  @playerversion AIR 2.6\n      *  @productversion FlexJS 0.0\n      */\n-\tpublic function readByte():int\n-\t{\n+    public function writeFloat(value:Number):void\n+    {\n+        COMPILE::SWF {\n+            return ba.writeFloat(value);\n+        }\n+        COMPILE::JS {\n+            var view:Float32Array;\n+\n+            ensureWritableBytes(4);\n+\n+            if(_endian == Endian.defaultEndian)\n+            {\n+                view = new Float32Array(ba, _position, 1);\n+                view[0] = value;\n+            }\n+            else\n+            {\n+                var dv:DataView = new DataView(ba);\n+                dv.setFloat32(_position,value,_endian == Endian.LITTLE_ENDIAN);\n+            }\n+            _position += 4;\n+        }\n+    }\n+    /**\n+     *  Writes an IEEE 754 double-precision (64-bit) floating-point number to the\n+     *  BinaryData at the current position\n+     *\n+     *  @langversion 3.0\n+     *  @playerversion Flash 10.2\n+     *  @playerversion AIR 2.6\n+     *  @productversion FlexJS 0.0\n+     */\n+    public function writeDouble(value:Number):void\n+    {\n+        COMPILE::SWF {\n+            return ba.writeDouble(value);\n+        }\n+        COMPILE::JS {\n+            var view:Float64Array;\n+\n+            ensureWritableBytes(8);\n+\n+            if(_endian == Endian.defaultEndian)\n+            {\n+                view = new Float64Array(ba, _position, 1);\n+                view[0] = value;\n+            }\n+            else\n+            {\n+                var dv:DataView = new DataView(ba);\n+                dv.setFloat64(_position,value,_endian == Endian.LITTLE_ENDIAN);\n+            }\n+            _position += 8;\n+        }\n+    }\n+    /**\n+     *  Reads a Boolean value (as a single byte) at the current position.\n+     *  returns true if the byte was non-zero, false otherwise\n+     *\n+     *  @langversion 3.0\n+     *  @playerversion Flash 10.2\n+     *  @playerversion AIR 2.6\n+     *  @productversion FlexJS 0.0\n+     */\n+\n+    public function readBoolean():Boolean\n+    {\n         COMPILE::SWF\n         {\n-            return ba.readByte();                \n+            return ba.readBoolean();\n+        }\n+        COMPILE::JS\n+        {\n+            return Boolean(readUnsignedByte());\n+        }\n+    }\n+\n+    /**\n+     *  Read a signed byte of binary data at the current position\n+     *\n+     *  @langversion 3.0\n+     *  @playerversion Flash 10.2\n+     *  @playerversion AIR 2.6\n+     *  @productversion FlexJS 0.0\n+     */\n+    public function readByte():int\n+    {\n+        COMPILE::SWF\n+        {\n+            return ba.readByte();\n+        }\n+        COMPILE::JS\n+        {\n+\n+            var view:Int8Array;\n+\n+            view = new Int8Array(ba, _position, 1);\n+            _position++;\n+            return view[0];\n+        }\n+    }\n+    /**\n+     *  Read an unsigned byte of binary data at the current position\n+     *\n+     *  @langversion 3.0\n+     *  @playerversion Flash 10.2\n+     *  @playerversion AIR 2.6\n+     *  @productversion FlexJS 0.0\n+     */\n+    public function readUnsignedByte():uint {\n+        COMPILE::SWF\n+        {\n+            return ba.readUnsignedByte();\n         }\n         COMPILE::JS\n         {\n             var view:Uint8Array;\n-            \n+\n             view = new Uint8Array(ba, _position, 1);\n             _position++;\n             return view[0];\n         }\n-\t}\n-\n-\t/**\n-\t *  Read a byte of binary data at the specified index. Does not change the <code>position</code> property.\n-\t *  \n-\t *  @langversion 3.0\n-\t *  @playerversion Flash 10.2\n-\t *  @playerversion AIR 2.6\n-\t *  @productversion FlexJS 0.0\n-\t */\n-\tpublic function readByteAt(idx:uint):int\n-\t{\n-\t\tCOMPILE::SWF\n-\t\t{\n-\t\t\treturn ba[idx];\n-\t\t}\n-\t\tCOMPILE::JS\n-\t\t{\n-\t\t\treturn getTypedArray()[idx];\n-\t\t}\n-\t}\n-\tCOMPILE::JS\n-\t{\n-\t\tprivate var _typedArray:Uint8Array;\n-\t}\n+    }\n+\n+    /**\n+     *  Reads the number of data bytes, specified by the length parameter, from the BinaryData.\n+     *  The bytes are read into the BinaryData object specified by the destination parameter,\n+     *  and the bytes are written into the destination BinaryData starting at the position specified by offset.\n+     *  If length is omitted or is zero, all bytes are read following offset to the end of this BinaryData.\n+     *  If offset is also omitted, it defaults to zero.\n+     *\n+     *  @langversion 3.0\n+     *  @playerversion Flash 10.2\n+     *  @playerversion AIR 2.6\n+     *  @productversion FlexJS 0.0\n+     */\n+    public function readBytes(destination:BinaryData, offset:uint = 0, length:uint = 0):void\n+    {\n+        COMPILE::SWF\n+        {\n+            ba.readBytes(destination.ba,offset,length);\n+        }\n+\n+        COMPILE::JS\n+        {\n+            //do we need to check offset and length and sanitize or throw an error?\n+\n+            if (length == 0) length = ba.byteLength - _position ;\n+            //extend the destination length if necessary\n+            var extra:int = offset + length - destination.ba.byteLength;\n+            if (extra > 0)\n+                destination.growBuffer(extra);\n+            var src:Uint8Array = new Uint8Array(ba, _position,length);\n+            var dest:Uint8Array = new Uint8Array(destination.ba, offset, length);\n+\n+            dest.set(src);\n+            //todo: check position behavior vs. flash implementation (do either or both advance their internal position) :\n+            _position+=length;\n+        }\n+\n+    }\n+\n+    /**\n+     *  Read a byte of binary data at the specified index. Does not change the <code>position</code> property.\n+     *\n+     *  @langversion 3.0\n+     *  @playerversion Flash 10.2\n+     *  @playerversion AIR 2.6\n+     *  @productversion FlexJS 0.0\n+     */\n+    public function readByteAt(idx:uint):int\n+    {\n+        COMPILE::SWF\n+        {\n+            return ba[idx];\n+        }\n+        COMPILE::JS\n+        {\n+            return getTypedArray()[idx];\n+        }\n+    }\n+\n+    COMPILE::JS\n+    private var _typedArray:Uint8Array;\n+\n     COMPILE::JS\n+    private function getTypedArray():Uint8Array\n     {\n-        private function getTypedArray():Uint8Array\n-        {\n-            if(_typedArray == null)\n-                _typedArray = new Uint8Array(ba);\n-                return _typedArray;\n-        }\n-    }\n-\n-\t/**\n-\t *  Writes a byte of binary data at the specified index. Does not change the <code>position</code> property.\n-\t *  This is a method for optimzed writes with no range checking.\n-\t *  If the specified index is out of range, it can throw an error.\n-\t *  \n-\t *  @langversion 3.0\n-\t *  @playerversion Flash 10.2\n-\t *  @playerversion AIR 2.6\n-\t *  @productversion FlexJS 0.0\n-\t */\n-\tpublic function writeByteAt(idx:uint,byte:int):void\n-\t{\n-\t\tCOMPILE::SWF\n-\t\t\t{\n-\t\t\t\tba[idx] = byte;\n-\t\t\t}\n-\t\t\tCOMPILE::JS\n-\t\t\t{\n-\t\t\t\tgetTypedArray()[idx] = byte;\n-\t\t\t}\n-\t}\n-\t\n+        if(_typedArray == null)\n+            _typedArray = new Uint8Array(ba);\n+        return _typedArray;\n+    }\n+\n+\n+    /**\n+     *  Writes a byte of binary data at the specified index. Does not change the <code>position</code> property.\n+     *  This is a method for optimzed writes with no range checking.\n+     *  If the specified index is out of range, it can throw an error.\n+     *\n+     *  @langversion 3.0\n+     *  @playerversion Flash 10.2\n+     *  @playerversion AIR 2.6\n+     *  @productversion FlexJS 0.0\n+     */\n+    public function writeByteAt(idx:uint,byte:int):void\n+    {\n+        COMPILE::SWF\n+        {\n+            ba[idx] = byte;\n+        }\n+        COMPILE::JS\n+        {\n+            if (idx >= ba.byteLength) {\n+                setBufferSize(idx+1);\n+            }\n+            getTypedArray()[idx] = byte;\n+        }\n+    }\n+\n     /**\n      *  Read a short int of binary data at the current position\n-     *  \n+     *\n      *  @langversion 3.0\n      *  @playerversion Flash 10.2\n      *  @playerversion AIR 2.6\n      *  @productversion FlexJS 0.0\n      */\n-\tpublic function readShort():int\n-\t{\n+    public function readShort():int\n+    {\n         COMPILE::SWF\n         {\n-            return ba.readShort();                \n+            return ba.readShort();\n         }\n         COMPILE::JS\n         {\n             var view:Int16Array;\n-            \n-\t\t\tif(_endian == Endian.DEFAULT)\n-\t\t\t{\n-\t            view = new Int16Array(ba, _position, 1);\n-    \t        _position += 2;\n-\t\t\t\treturn view[0];\n-\t\t\t}\n-\t\t\t\n-\t\t\tvar dv:DataView = new DataView(ba);\n-\t\t\tvar i:int = dv.getInt16(_position,_endian == Endian.LITTLE_ENDIAN);\n-\t\t\t_position += 2;\n-\t\t\treturn i;\n-        }\n-\t}\n-\t\n+\n+            if(_endian == Endian.defaultEndian)\n+            {\n+                view = new Int16Array(ba, _position, 1);\n+                _position += 2;\n+                return view[0];\n+            }\n+\n+            var dv:DataView = new DataView(ba);\n+            var i:int = dv.getInt16(_position,_endian == Endian.LITTLE_ENDIAN);\n+            _position += 2;\n+            return i;\n+        }\n+    }\n+\n     /**\n      *  Read an unsigned int of binary data at the current position\n-     *  \n+     *\n      *  @langversion 3.0\n      *  @playerversion Flash 10.2\n      *  @playerversion AIR 2.6\n      *  @productversion FlexJS 0.0\n      */\n-\tpublic function readUnsignedInt():uint\n-\t{\n+    public function readUnsignedInt():uint\n+    {\n         COMPILE::SWF\n         {\n-            return ba.readUnsignedInt();                \n+            return ba.readUnsignedInt();\n         }\n         COMPILE::JS\n         {\n             var view:Uint32Array;\n-            \n-\t\t\tif(_endian == Endian.DEFAULT)\n-\t\t\t{\n-\t\t\t\tview = new Uint32Array(ba, _position, 1);\n-\t\t\t\t_position += 4;\n-\t\t\t\treturn view[0];\n-\t\t\t}\n-\t\t\tvar dv:DataView = new DataView(ba);\n-\t\t\tvar i:uint = dv.getUint32(_position,_endian == Endian.LITTLE_ENDIAN);\n-\t\t\t_position += 4;\n-\t\t\treturn i;\n-        }\n-\t}\n-\t\n+\n+            if(_endian == Endian.defaultEndian)\n+            {\n+                view = new Uint32Array(ba, _position, 1);\n+                _position += 4;\n+                return view[0];\n+            }\n+            var dv:DataView = new DataView(ba);\n+            var i:uint = dv.getUint32(_position,_endian == Endian.LITTLE_ENDIAN);\n+            _position += 4;\n+            return i;\n+        }\n+    }\n+\n+    /**\n+     *  Read an unsigned short (16bit) of binary data at the current position\n+     *\n+     *  @langversion 3.0\n+     *  @playerversion Flash 10.2\n+     *  @playerversion AIR 2.6\n+     *  @productversion FlexJS 0.0\n+     */\n+    public function readUnsignedShort():uint {\n+        COMPILE::SWF\n+        {\n+            return ba.readUnsignedShort();\n+        }\n+        COMPILE::JS\n+        {\n+            var view:Uint16Array;\n+\n+            if(_endian == Endian.defaultEndian)\n+            {\n+                view = new Uint16Array(ba, _position, 1);\n+                _position += 2;\n+                return view[0];\n+            }\n+            var dv:DataView = new DataView(ba);\n+            var i:uint = dv.getUint16(_position,_endian == Endian.LITTLE_ENDIAN);\n+            _position += 2;\n+            return i;\n+        }\n+    }\n+\n     /**\n      *  Read a signed int of binary data at the current position\n-     *  \n+     *\n      *  @langversion 3.0\n      *  @playerversion Flash 10.2\n      *  @playerversion AIR 2.6\n      *  @productversion FlexJS 0.0\n      */\n     public function readInt():int\n-\t{\n+    {\n         COMPILE::SWF\n         {\n-            return ba.readInt();                \n+            return ba.readInt();\n         }\n         COMPILE::JS\n         {\n             var view:Int32Array;\n-\t\t\t\n-\t\t\tif(_endian == Endian.DEFAULT)\n-\t\t\t{\n-\t\t\t\tview = new Int32Array(ba, _position, 1);\n-\t\t\t\t_position += 4;\n-\t\t\t\treturn view[0];\n-\t\t\t}\n-\t\t\tvar dv:DataView = new DataView(ba);\n-\t\t\tvar i:uint = dv.getInt32(_position,_endian == Endian.LITTLE_ENDIAN);\n-\t\t\t_position += 4;\n-\t\t\treturn i;\n \n+            if(_endian == Endian.defaultEndian)\n+            {\n+                view = new Int32Array(ba, _position, 1);\n+                _position += 4;\n+                return view[0];\n+            }\n+            var dv:DataView = new DataView(ba);\n+            var i:uint = dv.getInt32(_position,_endian == Endian.LITTLE_ENDIAN);\n+            _position += 4;\n+            return i;\n+\n+        }\n+    }\n+\n+    /**\n+     *  Reads an IEEE 754 single-precision (32-bit) floating-point number from the BinaryData.\n+     *\n+     *  @langversion 3.0\n+     *  @playerversion Flash 10.2\n+     *  @playerversion AIR 2.6\n+     *  @productversion FlexJS 0.0\n+     */\n+    public function readFloat():Number\n+    {\n+        COMPILE::SWF {\n+            return ba.readFloat();\n+        }\n+        COMPILE::JS {\n+            var view:Float32Array;\n+\n+            if(_endian == Endian.defaultEndian)\n+            {\n+                view = new Float32Array(ba, _position, 1);\n+                _position += 4;\n+                return view[0];\n+            }\n+            var dv:DataView = new DataView(ba);\n+            var i:Number = dv.getFloat32(_position,_endian == Endian.LITTLE_ENDIAN);\n+            _position += 4;\n+            return i;\n         }\n-\t}\n+\n+    }\n \n     /**\n-     *  The total number of bytes of data.\n-     *  \n+     *  Reads an IEEE 754 double-precision (64-bit) floating-point number from the BinaryData.\n+     *\n      *  @langversion 3.0\n      *  @playerversion Flash 10.2\n      *  @playerversion AIR 2.6\n      *  @productversion FlexJS 0.0\n      */\n-\tpublic function get length():int\n-\t{\n+    public function readDouble():Number\n+    {\n+        COMPILE::SWF {\n+            return ba.readDouble();\n+        }\n+        COMPILE::JS {\n+            var view:Float64Array;\n+\n+            if(_endian == Endian.defaultEndian)\n+            {\n+                view = new Float64Array(ba, _position, 1);\n+                _position += 8;\n+                return view[0];\n+            }\n+            var dv:DataView = new DataView(ba);\n+            var i:Number = dv.getFloat64(_position,_endian == Endian.LITTLE_ENDIAN);\n+            _position += 8;\n+            return i;\n+        }\n+    }\n+\n+\n+    public function get length():int\n+    {\n         COMPILE::SWF\n         {\n-            return ba.length;                \n+            return ba.length;\n         }\n         COMPILE::JS\n         {\n             return ba.byteLength;\n         }\n-\t}\n+    }\n \n     public function set length(value:int):void\n     {\n@@ -495,62 +790,69 @@ public class BinaryData\n \n     }\n \n-\tCOMPILE::JS\n-    private function setBufferSize(newSize):void\n+    COMPILE::JS\n+    protected function setBufferSize(newSize):void\n     {\n-        var n:int = ba.byteLength;\n-        var newBuffer:ArrayBuffer = new ArrayBuffer(newSize);\n-        var newView:Uint8Array = new Uint8Array(newBuffer, 0, n);\n-        var view:Uint8Array = new Uint8Array(ba, 0, Math.min(newSize,n));\n-        newView.set(view);\n-        ba = newBuffer;\n-\t\t_typedArray = null;\n+        var n:uint = ba.byteLength;\n+        if (n != newSize) {\n+            //note: ArrayBuffer.slice could be better for buffer size reduction\n+            //looks like it is only IE11+, so not using it here\n+\n+            var newView:Uint8Array = new Uint8Array(newSize);\n+            var oldView:Uint8Array = new Uint8Array(ba, 0, Math.min(newSize,n));\n+            newView.set(oldView);\n+            ba = newView.buffer;\n+            if (_position > newSize) _position = newSize;\n+            _typedArray = newView;\n+        }\n     }\n     /**\n      *  The total number of bytes remaining to be read.\n-     *  \n+     *\n      *  @langversion 3.0\n      *  @playerversion Flash 10.2\n      *  @playerversion AIR 2.6\n      *  @productversion FlexJS 0.0\n      */\n-\tpublic function get bytesAvailable():int\n-\t{\n+    public function get bytesAvailable():uint\n+    {\n         COMPILE::SWF\n         {\n-            return ba.bytesAvailable;                \n+            return ba.bytesAvailable;\n         }\n         COMPILE::JS\n         {\n-            return ba.byteLength - position;\n+            return ba.byteLength - _position;\n         }\n-\t}\n+    }\n \n     /**\n-     *  The total number of bytes remaining to be read.\n-     *  \n+\n+     *  Moves, or returns the current position, in bytes, of the pointer into the BinaryData object.\n+     *  This is the point at which the next call to a read method starts reading or a write method starts writing.\n+     *\n      *  @langversion 3.0\n      *  @playerversion Flash 10.2\n      *  @playerversion AIR 2.6\n      *  @productversion FlexJS 0.0\n      */\n-\tpublic function get position():int\n-\t{\n+    public function get position():uint\n+    {\n         COMPILE::SWF\n         {\n-            return ba.position;                \n+            return ba.position;\n         }\n         COMPILE::JS\n         {\n             return _position;\n         }\n-\t}\n-\t\n+    }\n+\n     /**\n      *  @private\n      */\n-\tpublic function set position(value:int):void\n-\t{\n+    public function set position(value:uint):void\n+    {\n         COMPILE::SWF\n         {\n             ba.position = value;\n@@ -559,54 +861,48 @@ public class BinaryData\n         {\n             _position = value;\n         }\n-\t}\n-\t\n+    }\n+\n     /**\n-     *  A method to extend the size of the binary data\n-     *  so you can write more bytes to it.  Not all\n+     *  A convenience method to extend the length of the BinaryData\n+     *  so you can efficiently write more bytes to it. Not all\n      *  browsers have a way to auto-resize a binary\n      *  data as you write data to the binary data buffer\n-     *  and resizing in large chunks in generally more\n+     *  and resizing in large chunks is generally more\n      *  efficient anyway.\n-     * \n+     *\n      *  @param extra The number of additional bytes.\n-     *  \n+     *\n      *  @langversion 3.0\n      *  @playerversion Flash 10.2\n      *  @playerversion AIR 2.6\n      *  @productversion FlexJS 0.0\n      */\n-\tpublic function growBuffer(extra:int):void\n-\t{\n-\t\t// no need to do anything in AS\n+    public function growBuffer(extra:uint):void\n+    {\n+        COMPILE::SWF\n+        {\n+            ba.length += extra;\n+        }\n+\n         COMPILE::JS\n         {\n-            var newBuffer:ArrayBuffer;\n-            var newView:Uint8Array;\n-            var view:Uint8Array;\n-            var i:int;\n-            var n:int;\n-            \n-            if (_position >= ba.byteLength)\n-            {\n-                n = ba.byteLength;\n-                newBuffer = new ArrayBuffer(n + extra);\n-                newView = new Uint8Array(newBuffer, 0, n);\n-                view = new Uint8Array(ba, 0, n);\n-                for (i = 0; i < n; i++)\n-                {\n-                    newView[i] = view[i];\n-                }\n-                ba = newBuffer;\n-\t\t\t\t_typedArray = null;\n-            }\n+            setBufferSize(ba.byteLength + extra);\n         }\n-\t}\n+    }\n+\n+    COMPILE::JS\n+    protected function ensureWritableBytes(len:uint):void{\n+        if (_position + len > ba.byteLength) {\n+            setBufferSize( _position + len );\n+        }\n+    }\n+\n \n     /**\n      *  Reads a UTF-8 string from the byte stream.\n      *  The string is assumed to be prefixed with an unsigned short indicating the length in bytes.\n-     * \n+     *\n      *  @langversion 3.0\n      *  @playerversion Flash 10.2\n      *  @playerversion AIR 2.6\n@@ -618,19 +914,19 @@ public class BinaryData\n         {\n             return ba.readUTF();\n         }\n-        // no need to do anything in AS\n+\n         COMPILE::JS\n         {\n-            //TODO Doing nothing about the length for now\n-            return this.readUTFBytes(ba.byteLength);\n+            var bytes:uint = readUnsignedShort();\n+            return this.readUTFBytes(bytes);\n         }\n     }\n \n     /**\n      *  Reads a sequence of UTF-8 bytes specified by the length parameter from the byte stream and returns a string.\n-     * \n+     *\n      *  @param An unsigned short indicating the length of the UTF-8 bytes.\n-     *  \n+     *\n      *  @langversion 3.0\n      *  @playerversion Flash 10.2\n      *  @playerversion AIR 2.6\n@@ -651,6 +947,7 @@ public class BinaryData\n             if('TextDecoder' in window)\n             {\n                 var decoder:TextDecoder = new TextDecoder('utf-8');\n+                _position += length;\n                 return decoder.decode(bytes);\n             }\n \n@@ -689,18 +986,19 @@ public class BinaryData\n                     out[c++] = String.fromCharCode((c1 & 15) << 12 | (c2 & 63) << 6 | c3 & 63);\n                 }\n             }\n+            _position += length;\n             return out.join('');\n         }\n     }\n \n-\n+\t\n     /**\n      *  Writes a UTF-8 string to the byte stream.\n      *  The length of the UTF-8 string in bytes is written first, as a 16-bit integer,\n-     *  followed by the bytes representing the characters of the string. \n-     * \n+     *  followed by the bytes representing the characters of the string.\n+     *\n      *  @param The string value to be written.\n-     *  \n+     *\n      *  @langversion 3.0\n      *  @playerversion Flash 10.2\n      *  @playerversion AIR 2.6\n@@ -710,22 +1008,22 @@ public class BinaryData\n     {\n         COMPILE::SWF\n         {\n-            return ba.writeUTF(value);\n+            ba.writeUTF(value);\n         }\n \n         COMPILE::JS\n         {\n-            //TODO Doing nothing about the length for now\n-            return this.writeUTFBytes(value);\n+            var utcBytes:Uint8Array = getUTFBytes(value , true);\n+            _position =  mergeInToArrayBuffer (_position,utcBytes);\n         }\n     }\n \n     /**\n      *  Writes a UTF-8 string to the byte stream. Similar to the writeUTF() method,\n      *  but writeUTFBytes() does not prefix the string with a 16-bit length word.\n-     * \n+     *\n      *  @param The string value to be written.\n-     *  \n+     *\n      *  @langversion 3.0\n      *  @playerversion Flash 10.2\n      *  @playerversion AIR 2.6\n@@ -740,18 +1038,38 @@ public class BinaryData\n \n         COMPILE::JS\n         {\n-            // Code taken from GC\n-            // Use native implementations if/when available\n-            var bytes:Uint8Array;\n-            if('TextEncoder' in window)\n-            {\n-                var encoder:TextEncoder = new TextEncoder('utf-8');\n-                bytes = encoder.encode(str);\n-                ba = bytes.buffer;\n-\t\t\t\t_typedArray = null;\n-                return;\n-            }\n+            var utcBytes:Uint8Array = getUTFBytes(str , false);\n+            _position = mergeInToArrayBuffer (_position , utcBytes);\n+        }\n+    }\n \n+    COMPILE::JS\n+    private function mergeInToArrayBuffer(offset:uint, newBytes:Uint8Array):uint {\n+        var newContentLength:uint = newBytes.length;\n+        var dest:Uint8Array;\n+        if (offset + newContentLength > ba.byteLength) {\n+            dest = new Uint8Array(offset + newContentLength);\n+            dest.set(new Uint8Array(ba, 0, offset));\n+            dest.set(newBytes, offset);\n+            ba = dest.buffer;\n+            _typedArray = dest;\n+        } else {\n+            dest = new Uint8Array(ba, offset, newContentLength);\n+            dest.set(newBytes);\n+        }\n+        return offset + newContentLength;\n+    }\n+\n+    COMPILE::JS\n+    private function getUTFBytes(str:String, prependLength:Boolean):Uint8Array {\n+        // Code taken from GC\n+        // Use native implementations if/when available\n+        var bytes:Uint8Array;\n+        if('TextEncoder' in window)\n+        {\n+            var encoder:TextEncoder = new TextEncoder('utf-8');\n+            bytes = encoder.encode(str);\n+        } else {\n             var out:Array = [];\n             var p:int = 0;\n             var c:int;\n@@ -765,10 +1083,12 @@ public class BinaryData\n                 else if (c < 2048)\n                 {\n                     out[p++] = (c >> 6) | 192;\n+\n+\n                     out[p++] = (c & 63) | 128;\n                 }\n                 else if (((c & 0xFC00) == 0xD800) && (i + 1) < str.length &&\n-                    ((str.charCodeAt(i + 1) & 0xFC00) == 0xDC00))\n+                        ((str.charCodeAt(i + 1) & 0xFC00) == 0xDC00))\n                 {\n                     // Surrogate Pair\n                     c = 0x10000 + ((c & 0x03FF) << 10) + (str.charCodeAt(++i) & 0x03FF);\n@@ -784,10 +1104,17 @@ public class BinaryData\n                     out[p++] = (c & 63) | 128;\n                 }\n             }\n+\n             bytes = new Uint8Array(out);\n-            ba = bytes.buffer;\n-\t\t\t_typedArray = null;\n         }\n+        if (prependLength) {\n+            var temp:Uint8Array = new Uint8Array(bytes.length + 2);\n+            temp.set(bytes , 2);\n+            new Uint16Array(temp.buffer,0,2)[0] = bytes.length;\n+            bytes = temp;\n+        }\n+        return bytes;\n     }\n+\n }\n }"}, {"sha": "289d36380f34acd60b25809be703756eaa6890f5", "filename": "frameworks/projects/Core/src/main/flex/org/apache/flex/utils/Endian.as", "status": "modified", "additions": 41, "deletions": 3, "changes": 44, "blob_url": "https://github.com/apache/royale-asjs/blob/641301b0c5a070ebf65b69cbf0a1dee9dcdb6b72/frameworks/projects/Core/src/main/flex/org/apache/flex/utils/Endian.as", "raw_url": "https://github.com/apache/royale-asjs/raw/641301b0c5a070ebf65b69cbf0a1dee9dcdb6b72/frameworks/projects/Core/src/main/flex/org/apache/flex/utils/Endian.as", "contents_url": "https://api.github.com/repos/apache/royale-asjs/contents/frameworks/projects/Core/src/main/flex/org/apache/flex/utils/Endian.as?ref=641301b0c5a070ebf65b69cbf0a1dee9dcdb6b72", "patch": "@@ -49,14 +49,52 @@ package org.apache.flex.utils\n \t\tpublic static const LITTLE_ENDIAN:String = \"littleEndian\";\n \n \t\t/**\n-\t\t *  Uses the default endianness on the system.\n-\t\t *  \n+\t\t *  Indicates an unknown default endianness (when using BinaryData).\n+\t\t *  You cannot use this value to set the endian value of a BinaryData\n+\t\t *  It is used to check the defaultEndian value for an unexpected result\n+\t\t *\n+\t\t *\n \t\t *  @langversion 3.0\n \t\t *  @playerversion Flash 10.2\n \t\t *  @playerversion AIR 2.6\n \t\t *  @productversion FlexJS 0.7.0\n \t\t */\n-\t\tpublic static const DEFAULT:String = \"default\";\n+\t\tpublic static const UNKNOWN_ENDIAN:String = \"unknownEndian\";\n+\n+\n+\n+\t\t/**\n+\t\t *  Indicates the default endianness on the system.\n+\t\t *  In swf targets this is always BIG_ENDIAN. When targeting\n+\t\t *  javascript it may differ depending on the target environment.\n+\t\t *\n+\t\t *\n+\t\t *  @langversion 3.0\n+\t\t *  @playerversion Flash 10.2\n+\t\t *  @playerversion AIR 2.6\n+\t\t *  @productversion FlexJS 0.7.0\n+\t\t */\n+\t\tpublic static function get defaultEndian():String {\n+\t\t\tCOMPILE::SWF {\n+\t\t\t\treturn BIG_ENDIAN;\n+\t\t\t}\n+\t\t\tCOMPILE::JS {\n+\t\t\t\treturn _defaultEndian;\n+\t\t\t}\n+\t\t}\n+\n+\n+\t\tCOMPILE::JS\n+\t\tprivate static function _detectDefaultEndian():String{\n+            delete Endian[\"_detectDefaultEndian\"];\n+\t\t\tvar tester:Uint8Array = new Uint8Array([102,108,101,120]);\n+\t\t\tvar checker:Uint32Array = new Uint32Array(tester.buffer);\n+\t\t\tvar check:uint = checker[0];\n+\t\t\treturn (check == 1718379896) ? BIG_ENDIAN : (check == 2019912806) ? LITTLE_ENDIAN : UNKNOWN_ENDIAN;\n+\t\t}\n+\n+\t\tCOMPILE::JS\n+\t\tprivate static var _defaultEndian:String = _detectDefaultEndian();\n \n \t}\n }\n\\ No newline at end of file"}, {"sha": "49dda076ce942bc1014e2850638b75fd30e29612", "filename": "frameworks/projects/Core/src/main/flex/org/apache/flex/utils/IBinaryDataInput.as", "status": "added", "additions": 47, "deletions": 0, "changes": 47, "blob_url": "https://github.com/apache/royale-asjs/blob/641301b0c5a070ebf65b69cbf0a1dee9dcdb6b72/frameworks/projects/Core/src/main/flex/org/apache/flex/utils/IBinaryDataInput.as", "raw_url": "https://github.com/apache/royale-asjs/raw/641301b0c5a070ebf65b69cbf0a1dee9dcdb6b72/frameworks/projects/Core/src/main/flex/org/apache/flex/utils/IBinaryDataInput.as", "contents_url": "https://api.github.com/repos/apache/royale-asjs/contents/frameworks/projects/Core/src/main/flex/org/apache/flex/utils/IBinaryDataInput.as?ref=641301b0c5a070ebf65b69cbf0a1dee9dcdb6b72", "patch": "@@ -0,0 +1,47 @@\n+////////////////////////////////////////////////////////////////////////////////\n+//\n+//  Licensed to the Apache Software Foundation (ASF) under one or more\n+//  contributor license agreements.  See the NOTICE file distributed with\n+//  this work for additional information regarding copyright ownership.\n+//  The ASF licenses this file to You under the Apache License, Version 2.0\n+//  (the \"License\"); you may not use this file except in compliance with\n+//  the License.  You may obtain a copy of the License at\n+//\n+//      http://www.apache.org/licenses/LICENSE-2.0\n+//\n+//  Unless required by applicable law or agreed to in writing, software\n+//  distributed under the License is distributed on an \"AS IS\" BASIS,\n+//  WITHOUT WARRANTIES OR CONDITIONS OF ANY KIND, either express or implied.\n+//  See the License for the specific language governing permissions and\n+//  limitations under the License.\n+//\n+////////////////////////////////////////////////////////////////////////////////\n+package org.apache.flex.utils {\n+public interface IBinaryDataInput {\n+\n+    function readBytes(bytes:BinaryData, offset:uint = 0, length:uint = 0):void;\n+\n+    function readBoolean():Boolean;\n+    function readByte():int;\n+    function readUnsignedByte():uint;\n+    function readShort():int;\n+    function readUnsignedShort():uint;\n+    function readInt():int;\n+    function readUnsignedInt():uint;\n+\n+    function readFloat():Number;\n+    function readDouble():Number;\n+  //  function readMultiByte(length:uint, charSet:String):String;\n+    function readUTF():String;\n+    function readUTFBytes(length:uint):String;\n+\n+    function get bytesAvailable():uint;\n+\n+    // function readObject():*;\n+    // function get objectEncoding():uint;\n+    // function set objectEncoding(version:uint):void;\n+\n+    function get endian():String;\n+    function set endian(type:String):void;\n+}\n+}"}, {"sha": "2c447b0d07dafd6f0f5c69d34a90d0d68de0fbd8", "filename": "frameworks/projects/Core/src/main/flex/org/apache/flex/utils/IBinaryDataOutput.as", "status": "added", "additions": 42, "deletions": 0, "changes": 42, "blob_url": "https://github.com/apache/royale-asjs/blob/641301b0c5a070ebf65b69cbf0a1dee9dcdb6b72/frameworks/projects/Core/src/main/flex/org/apache/flex/utils/IBinaryDataOutput.as", "raw_url": "https://github.com/apache/royale-asjs/raw/641301b0c5a070ebf65b69cbf0a1dee9dcdb6b72/frameworks/projects/Core/src/main/flex/org/apache/flex/utils/IBinaryDataOutput.as", "contents_url": "https://api.github.com/repos/apache/royale-asjs/contents/frameworks/projects/Core/src/main/flex/org/apache/flex/utils/IBinaryDataOutput.as?ref=641301b0c5a070ebf65b69cbf0a1dee9dcdb6b72", "patch": "@@ -0,0 +1,42 @@\n+////////////////////////////////////////////////////////////////////////////////\n+//\n+//  Licensed to the Apache Software Foundation (ASF) under one or more\n+//  contributor license agreements.  See the NOTICE file distributed with\n+//  this work for additional information regarding copyright ownership.\n+//  The ASF licenses this file to You under the Apache License, Version 2.0\n+//  (the \"License\"); you may not use this file except in compliance with\n+//  the License.  You may obtain a copy of the License at\n+//\n+//      http://www.apache.org/licenses/LICENSE-2.0\n+//\n+//  Unless required by applicable law or agreed to in writing, software\n+//  distributed under the License is distributed on an \"AS IS\" BASIS,\n+//  WITHOUT WARRANTIES OR CONDITIONS OF ANY KIND, either express or implied.\n+//  See the License for the specific language governing permissions and\n+//  limitations under the License.\n+//\n+////////////////////////////////////////////////////////////////////////////////\n+package org.apache.flex.utils {\n+public interface IBinaryDataOutput {\n+    function writeBytes(bytes:BinaryData,offset:uint = 0,length:uint = 0):void;\n+\n+    function writeBoolean(value:Boolean):void;\n+    function writeByte(value:int):void;\n+    function writeShort(value:int):void;\n+    function writeInt(value:int):void;\n+    function writeUnsignedInt(value:uint):void;\n+\n+    function writeFloat(value:Number):void;\n+    function writeDouble(value:Number):void;\n+  //  function writeMultiByte(value:String,charSet:String):void;\n+    function writeUTF(value:String):void;\n+    function writeUTFBytes(value:String):void;\n+\n+    // function writeObject(object:*):void;\n+    // function get objectEncoding():uint;\n+    // function set objectEncoding(version:uint):void;\n+\n+    function get endian():String;\n+    function set endian(type:String):void;\n+}\n+}"}]}