{"sha": "baa3edf4c748136cb8128d80cd1388e05b46a09a", "node_id": "MDY6Q29tbWl0OTE2Nzc1MTQ6YmFhM2VkZjRjNzQ4MTM2Y2I4MTI4ZDgwY2QxMzg4ZTA1YjQ2YTA5YQ==", "commit": {"author": {"name": "jakcyzhou", "email": "30795013+jakcyzhou@users.noreply.github.com", "date": "2017-08-11T09:49:13Z"}, "committer": {"name": "Mohammad Asif Siddiqui", "email": "mohammad.asif.siddiqui1@huawei.com", "date": "2017-08-11T09:49:13Z"}, "message": "new feature (#50)\n\n* test\r\n\r\n* new feature : support batch delete services\r\n\r\n* \u66f4\u65b0yaml\u6587\u4ef6", "tree": {"sha": "18ee6e54d23c11484b5edef7e6ee426f4e8632cc", "url": "https://api.github.com/repos/apache/servicecomb-service-center/git/trees/18ee6e54d23c11484b5edef7e6ee426f4e8632cc"}, "url": "https://api.github.com/repos/apache/servicecomb-service-center/git/commits/baa3edf4c748136cb8128d80cd1388e05b46a09a", "comment_count": 0, "verification": {"verified": false, "reason": "unsigned", "signature": null, "payload": null}}, "url": "https://api.github.com/repos/apache/servicecomb-service-center/commits/baa3edf4c748136cb8128d80cd1388e05b46a09a", "html_url": "https://github.com/apache/servicecomb-service-center/commit/baa3edf4c748136cb8128d80cd1388e05b46a09a", "comments_url": "https://api.github.com/repos/apache/servicecomb-service-center/commits/baa3edf4c748136cb8128d80cd1388e05b46a09a/comments", "author": {"login": "jakcyzhou", "id": 30795013, "node_id": "MDQ6VXNlcjMwNzk1MDEz", "avatar_url": "https://avatars3.githubusercontent.com/u/30795013?v=4", "gravatar_id": "", "url": "https://api.github.com/users/jakcyzhou", "html_url": "https://github.com/jakcyzhou", "followers_url": "https://api.github.com/users/jakcyzhou/followers", "following_url": "https://api.github.com/users/jakcyzhou/following{/other_user}", "gists_url": "https://api.github.com/users/jakcyzhou/gists{/gist_id}", "starred_url": "https://api.github.com/users/jakcyzhou/starred{/owner}{/repo}", "subscriptions_url": "https://api.github.com/users/jakcyzhou/subscriptions", "organizations_url": "https://api.github.com/users/jakcyzhou/orgs", "repos_url": "https://api.github.com/users/jakcyzhou/repos", "events_url": "https://api.github.com/users/jakcyzhou/events{/privacy}", "received_events_url": "https://api.github.com/users/jakcyzhou/received_events", "type": "User", "site_admin": false}, "committer": {"login": "asifdxtreme", "id": 9736066, "node_id": "MDQ6VXNlcjk3MzYwNjY=", "avatar_url": "https://avatars0.githubusercontent.com/u/9736066?v=4", "gravatar_id": "", "url": "https://api.github.com/users/asifdxtreme", "html_url": "https://github.com/asifdxtreme", "followers_url": "https://api.github.com/users/asifdxtreme/followers", "following_url": "https://api.github.com/users/asifdxtreme/following{/other_user}", "gists_url": "https://api.github.com/users/asifdxtreme/gists{/gist_id}", "starred_url": "https://api.github.com/users/asifdxtreme/starred{/owner}{/repo}", "subscriptions_url": "https://api.github.com/users/asifdxtreme/subscriptions", "organizations_url": "https://api.github.com/users/asifdxtreme/orgs", "repos_url": "https://api.github.com/users/asifdxtreme/repos", "events_url": "https://api.github.com/users/asifdxtreme/events{/privacy}", "received_events_url": "https://api.github.com/users/asifdxtreme/received_events", "type": "User", "site_admin": false}, "parents": [{"sha": "57d85a0380af300871adec69f5de90a763b4b11a", "url": "https://api.github.com/repos/apache/servicecomb-service-center/commits/57d85a0380af300871adec69f5de90a763b4b11a", "html_url": "https://github.com/apache/servicecomb-service-center/commit/57d85a0380af300871adec69f5de90a763b4b11a"}], "stats": {"total": 971, "additions": 708, "deletions": 263}, "files": [{"sha": "ae8b4b8173e0bcf59a750fde80a29ba131f97e68", "filename": "server/core/proto/services.pb.go", "status": "modified", "additions": 304, "deletions": 186, "changes": 490, "blob_url": "https://github.com/apache/servicecomb-service-center/blob/baa3edf4c748136cb8128d80cd1388e05b46a09a/server/core/proto/services.pb.go", "raw_url": "https://github.com/apache/servicecomb-service-center/raw/baa3edf4c748136cb8128d80cd1388e05b46a09a/server/core/proto/services.pb.go", "contents_url": "https://api.github.com/repos/apache/servicecomb-service-center/contents/server/core/proto/services.pb.go?ref=baa3edf4c748136cb8128d80cd1388e05b46a09a", "patch": "@@ -1,6 +1,5 @@\n-// Code generated by protoc-gen-go.\n+// Code generated by protoc-gen-go. DO NOT EDIT.\n // source: services.proto\n-// DO NOT EDIT!\n \n /*\n Package proto is a generated protocol buffer package.\n@@ -88,6 +87,9 @@ It has these top-level messages:\n \tSchemaInfos\n \tServiceDetail\n \tGetServiceDetailResponse\n+\tDelServicesRequest\n+\tDelServicesRspInfo\n+\tDelServicesResponse\n */\n package proto\n \n@@ -2354,6 +2356,81 @@ func (m *GetServiceDetailResponse) GetService() *ServiceDetail {\n \treturn nil\n }\n \n+// \u5220\u9664\u670d\u52a1\u8bf7\u6c42\n+type DelServicesRequest struct {\n+\tServiceIds []string `protobuf:\"bytes,1,rep,name=serviceIds\" json:\"serviceIds,omitempty\"`\n+\tForce      bool     `protobuf:\"varint,2,opt,name=force\" json:\"force,omitempty\"`\n+}\n+\n+func (m *DelServicesRequest) Reset()                    { *m = DelServicesRequest{} }\n+func (m *DelServicesRequest) String() string            { return proto1.CompactTextString(m) }\n+func (*DelServicesRequest) ProtoMessage()               {}\n+func (*DelServicesRequest) Descriptor() ([]byte, []int) { return fileDescriptor0, []int{79} }\n+\n+func (m *DelServicesRequest) GetServiceIds() []string {\n+\tif m != nil {\n+\t\treturn m.ServiceIds\n+\t}\n+\treturn nil\n+}\n+\n+func (m *DelServicesRequest) GetForce() bool {\n+\tif m != nil {\n+\t\treturn m.Force\n+\t}\n+\treturn false\n+}\n+\n+// \u5220\u9664\u670d\u52a1\u54cd\u5e94\u5185\u5bb9\n+type DelServicesRspInfo struct {\n+\tErrMessage string `protobuf:\"bytes,1,opt,name=errMessage\" json:\"errMessage,omitempty\"`\n+\tServiceId  string `protobuf:\"bytes,2,opt,name=serviceId\" json:\"serviceId,omitempty\"`\n+}\n+\n+func (m *DelServicesRspInfo) Reset()                    { *m = DelServicesRspInfo{} }\n+func (m *DelServicesRspInfo) String() string            { return proto1.CompactTextString(m) }\n+func (*DelServicesRspInfo) ProtoMessage()               {}\n+func (*DelServicesRspInfo) Descriptor() ([]byte, []int) { return fileDescriptor0, []int{80} }\n+\n+func (m *DelServicesRspInfo) GetErrMessage() string {\n+\tif m != nil {\n+\t\treturn m.ErrMessage\n+\t}\n+\treturn \"\"\n+}\n+\n+func (m *DelServicesRspInfo) GetServiceId() string {\n+\tif m != nil {\n+\t\treturn m.ServiceId\n+\t}\n+\treturn \"\"\n+}\n+\n+// \u5220\u9664\u670d\u52a1\u54cd\u5e94\n+type DelServicesResponse struct {\n+\tResponse *Response             `protobuf:\"bytes,1,opt,name=response\" json:\"response,omitempty\"`\n+\tServices []*DelServicesRspInfo `protobuf:\"bytes,2,rep,name=services\" json:\"services,omitempty\"`\n+}\n+\n+func (m *DelServicesResponse) Reset()                    { *m = DelServicesResponse{} }\n+func (m *DelServicesResponse) String() string            { return proto1.CompactTextString(m) }\n+func (*DelServicesResponse) ProtoMessage()               {}\n+func (*DelServicesResponse) Descriptor() ([]byte, []int) { return fileDescriptor0, []int{81} }\n+\n+func (m *DelServicesResponse) GetResponse() *Response {\n+\tif m != nil {\n+\t\treturn m.Response\n+\t}\n+\treturn nil\n+}\n+\n+func (m *DelServicesResponse) GetServices() []*DelServicesRspInfo {\n+\tif m != nil {\n+\t\treturn m.Services\n+\t}\n+\treturn nil\n+}\n+\n func init() {\n \tproto1.RegisterType((*HeartbeatSetRequest)(nil), \"com.huawei.paas.cse.serviceregistry.api.HeartbeatSetRequest\")\n \tproto1.RegisterType((*HeartbeatSetElement)(nil), \"com.huawei.paas.cse.serviceregistry.api.HeartbeatSetElement\")\n@@ -2434,6 +2511,9 @@ func init() {\n \tproto1.RegisterType((*SchemaInfos)(nil), \"com.huawei.paas.cse.serviceregistry.api.SchemaInfos\")\n \tproto1.RegisterType((*ServiceDetail)(nil), \"com.huawei.paas.cse.serviceregistry.api.ServiceDetail\")\n \tproto1.RegisterType((*GetServiceDetailResponse)(nil), \"com.huawei.paas.cse.serviceregistry.api.GetServiceDetailResponse\")\n+\tproto1.RegisterType((*DelServicesRequest)(nil), \"com.huawei.paas.cse.serviceregistry.api.DelServicesRequest\")\n+\tproto1.RegisterType((*DelServicesRspInfo)(nil), \"com.huawei.paas.cse.serviceregistry.api.DelServicesRspInfo\")\n+\tproto1.RegisterType((*DelServicesResponse)(nil), \"com.huawei.paas.cse.serviceregistry.api.DelServicesResponse\")\n \tproto1.RegisterEnum(\"com.huawei.paas.cse.serviceregistry.api.Response_Code\", Response_Code_name, Response_Code_value)\n }\n \n@@ -2468,6 +2548,7 @@ type ServiceCtrlClient interface {\n \tCreateDependenciesForMircServices(ctx context.Context, in *CreateDependenciesRequest, opts ...grpc.CallOption) (*CreateDependenciesResponse, error)\n \tGetProviderDependencies(ctx context.Context, in *GetDependenciesRequest, opts ...grpc.CallOption) (*GetProDependenciesResponse, error)\n \tGetConsumerDependencies(ctx context.Context, in *GetDependenciesRequest, opts ...grpc.CallOption) (*GetConDependenciesResponse, error)\n+\tDeleteServices(ctx context.Context, in *DelServicesRequest, opts ...grpc.CallOption) (*DelServicesResponse, error)\n }\n \n type serviceCtrlClient struct {\n@@ -2658,6 +2739,15 @@ func (c *serviceCtrlClient) GetConsumerDependencies(ctx context.Context, in *Get\n \treturn out, nil\n }\n \n+func (c *serviceCtrlClient) DeleteServices(ctx context.Context, in *DelServicesRequest, opts ...grpc.CallOption) (*DelServicesResponse, error) {\n+\tout := new(DelServicesResponse)\n+\terr := grpc.Invoke(ctx, \"/com.huawei.paas.cse.serviceregistry.api.ServiceCtrl/deleteServices\", in, out, c.cc, opts...)\n+\tif err != nil {\n+\t\treturn nil, err\n+\t}\n+\treturn out, nil\n+}\n+\n // Server API for ServiceCtrl service\n \n type ServiceCtrlServer interface {\n@@ -2681,6 +2771,7 @@ type ServiceCtrlServer interface {\n \tCreateDependenciesForMircServices(context.Context, *CreateDependenciesRequest) (*CreateDependenciesResponse, error)\n \tGetProviderDependencies(context.Context, *GetDependenciesRequest) (*GetProDependenciesResponse, error)\n \tGetConsumerDependencies(context.Context, *GetDependenciesRequest) (*GetConDependenciesResponse, error)\n+\tDeleteServices(context.Context, *DelServicesRequest) (*DelServicesResponse, error)\n }\n \n func RegisterServiceCtrlServer(s *grpc.Server, srv ServiceCtrlServer) {\n@@ -3047,6 +3138,24 @@ func _ServiceCtrl_GetConsumerDependencies_Handler(srv interface{}, ctx context.C\n \treturn interceptor(ctx, in, info, handler)\n }\n \n+func _ServiceCtrl_DeleteServices_Handler(srv interface{}, ctx context.Context, dec func(interface{}) error, interceptor grpc.UnaryServerInterceptor) (interface{}, error) {\n+\tin := new(DelServicesRequest)\n+\tif err := dec(in); err != nil {\n+\t\treturn nil, err\n+\t}\n+\tif interceptor == nil {\n+\t\treturn srv.(ServiceCtrlServer).DeleteServices(ctx, in)\n+\t}\n+\tinfo := &grpc.UnaryServerInfo{\n+\t\tServer:     srv,\n+\t\tFullMethod: \"/com.huawei.paas.cse.serviceregistry.api.ServiceCtrl/DeleteServices\",\n+\t}\n+\thandler := func(ctx context.Context, req interface{}) (interface{}, error) {\n+\t\treturn srv.(ServiceCtrlServer).DeleteServices(ctx, req.(*DelServicesRequest))\n+\t}\n+\treturn interceptor(ctx, in, info, handler)\n+}\n+\n var _ServiceCtrl_serviceDesc = grpc.ServiceDesc{\n \tServiceName: \"com.huawei.paas.cse.serviceregistry.api.ServiceCtrl\",\n \tHandlerType: (*ServiceCtrlServer)(nil),\n@@ -3131,6 +3240,10 @@ var _ServiceCtrl_serviceDesc = grpc.ServiceDesc{\n \t\t\tMethodName: \"getConsumerDependencies\",\n \t\t\tHandler:    _ServiceCtrl_GetConsumerDependencies_Handler,\n \t\t},\n+\t\t{\n+\t\t\tMethodName: \"deleteServices\",\n+\t\t\tHandler:    _ServiceCtrl_DeleteServices_Handler,\n+\t\t},\n \t},\n \tStreams:  []grpc.StreamDesc{},\n \tMetadata: \"services.proto\",\n@@ -3625,188 +3738,193 @@ var _GovernServiceCtrl_serviceDesc = grpc.ServiceDesc{\n func init() { proto1.RegisterFile(\"services.proto\", fileDescriptor0) }\n \n var fileDescriptor0 = []byte{\n-\t// 2922 bytes of a gzipped FileDescriptorProto\n-\t0x1f, 0x8b, 0x08, 0x00, 0x00, 0x09, 0x6e, 0x88, 0x02, 0xff, 0xd4, 0x5c, 0xdf, 0x8f, 0xdb, 0xc6,\n-\t0xf1, 0xff, 0xae, 0x7e, 0xdc, 0x49, 0x23, 0x9f, 0x7d, 0xa6, 0x65, 0x1f, 0xad, 0x6f, 0x50, 0xb8,\n-\t0x44, 0x80, 0x06, 0x45, 0x20, 0x24, 0xd7, 0xe6, 0x47, 0x13, 0x3b, 0xf6, 0x9d, 0xec, 0xd8, 0x67,\n-\t0xfb, 0x6c, 0x97, 0x3a, 0x27, 0x48, 0x9a, 0x26, 0xe0, 0x89, 0x7b, 0x12, 0x63, 0x89, 0x54, 0xc8,\n-\t0xd5, 0x25, 0xea, 0x5b, 0x82, 0xf4, 0x77, 0x9b, 0x36, 0x68, 0xfa, 0x94, 0x02, 0x79, 0xf2, 0x5b,\n-\t0x1f, 0x5b, 0x14, 0x45, 0x80, 0xa0, 0x69, 0x5f, 0xfa, 0xd0, 0xf4, 0xb5, 0x45, 0xff, 0x86, 0xfe,\n-\t0x09, 0x05, 0x5a, 0xec, 0x0f, 0x92, 0x4b, 0x8a, 0x27, 0x8b, 0xa4, 0x98, 0x20, 0x4f, 0xe2, 0x2e,\n-\t0xb5, 0xb3, 0x9f, 0x9d, 0x99, 0x9d, 0x9d, 0x9d, 0x19, 0x10, 0x8e, 0x7b, 0xd8, 0x3d, 0xb4, 0x7a,\n-\t0xd8, 0x6b, 0x8f, 0x5d, 0x87, 0x38, 0xca, 0xd7, 0x7a, 0xce, 0xa8, 0x3d, 0x98, 0x18, 0x6f, 0x62,\n-\t0xab, 0x3d, 0x36, 0x0c, 0xaf, 0xdd, 0xf3, 0x70, 0x5b, 0xfc, 0xc7, 0xc5, 0x7d, 0xcb, 0x23, 0xee,\n-\t0xb4, 0x6d, 0x8c, 0x2d, 0xed, 0x0d, 0x38, 0x75, 0x0d, 0x1b, 0x2e, 0xd9, 0xc7, 0x06, 0xe9, 0x62,\n-\t0xa2, 0xe3, 0x37, 0x26, 0xd8, 0x23, 0xca, 0xcb, 0x50, 0xb7, 0x6c, 0x8f, 0x18, 0x76, 0x0f, 0x7b,\n-\t0x2a, 0x3a, 0x57, 0x7e, 0xa4, 0xb1, 0x79, 0xbe, 0xbd, 0x20, 0xcd, 0xb6, 0x4c, 0xf0, 0xca, 0x10,\n-\t0x8f, 0xb0, 0x4d, 0xf4, 0x90, 0x9c, 0xd6, 0x8d, 0x4e, 0x29, 0xfe, 0xa1, 0x3c, 0x04, 0x75, 0x41,\n-\t0x6c, 0xc7, 0x54, 0xd1, 0x39, 0xf4, 0x48, 0x5d, 0x0f, 0x3b, 0x94, 0xaf, 0x00, 0xf8, 0x14, 0x76,\n-\t0x4c, 0xb5, 0xc4, 0x5e, 0x4b, 0x3d, 0xda, 0xc7, 0x08, 0x9a, 0xd1, 0x85, 0x78, 0x63, 0xc7, 0xf6,\n-\t0xb0, 0xb2, 0x0b, 0x35, 0x57, 0x3c, 0x33, 0xaa, 0x8d, 0xcd, 0xc7, 0x17, 0x5e, 0x88, 0x4f, 0x44,\n-\t0x0f, 0x48, 0x28, 0x7b, 0x32, 0x63, 0x4a, 0x8c, 0x31, 0x4f, 0x2e, 0x4c, 0x6f, 0x47, 0x8c, 0xbc,\n-\t0xb6, 0xaf, 0x7b, 0x11, 0x96, 0x8c, 0x60, 0x2d, 0xf2, 0x2e, 0x1f, 0x33, 0xe8, 0x7b, 0xec, 0xba,\n-\t0xbb, 0xd8, 0xf3, 0x8c, 0x3e, 0x56, 0xcb, 0xfc, 0x7d, 0xd8, 0xa3, 0x6d, 0xc2, 0x99, 0xab, 0x98,\n-\t0x74, 0x85, 0xca, 0xec, 0xd8, 0x07, 0x8e, 0x2f, 0x77, 0x15, 0x56, 0x9d, 0x31, 0xb1, 0x1c, 0x9b,\n-\t0x4b, 0xbd, 0xae, 0xfb, 0x4d, 0xed, 0xef, 0x08, 0x36, 0x66, 0x06, 0x15, 0xc3, 0x63, 0x13, 0x4e,\n-\t0x1a, 0xc3, 0xa1, 0x3f, 0xd3, 0x65, 0x4c, 0x0c, 0x6b, 0x98, 0x9a, 0xd7, 0x62, 0x38, 0x1f, 0xad,\n-\t0xcf, 0x12, 0xd4, 0x3e, 0x45, 0x70, 0x62, 0xd7, 0xea, 0xb9, 0x8e, 0xe8, 0xbf, 0x81, 0xa7, 0xca,\n-\t0x19, 0x58, 0x21, 0xd8, 0x36, 0x6c, 0x22, 0x78, 0x2e, 0x5a, 0x94, 0x2d, 0x63, 0xd7, 0x79, 0x1d,\n-\t0xf7, 0x88, 0xe0, 0xb6, 0xdf, 0x54, 0x9a, 0x50, 0x35, 0xc6, 0xe3, 0x1d, 0x53, 0x70, 0x99, 0x37,\n-\t0x94, 0x73, 0xd0, 0x10, 0x98, 0x6e, 0x19, 0x23, 0xac, 0x56, 0xd8, 0x3b, 0xb9, 0x8b, 0x52, 0x3c,\n-\t0xc4, 0xae, 0x67, 0x39, 0xb6, 0x5a, 0xe5, 0x14, 0x45, 0x93, 0x52, 0xf4, 0x08, 0x95, 0xdb, 0x0a,\n-\t0xa7, 0xc8, 0x1a, 0x6c, 0x9e, 0xa1, 0x65, 0x78, 0xea, 0xaa, 0x98, 0x87, 0x36, 0xb4, 0x0f, 0x56,\n-\t0xe0, 0x98, 0xbc, 0x86, 0x07, 0xe8, 0x4d, 0x00, 0xb6, 0x34, 0x07, 0x6c, 0x79, 0x2e, 0xd8, 0x4a,\n-\t0x14, 0xec, 0x39, 0x68, 0x98, 0xd8, 0xeb, 0xb9, 0x16, 0xd3, 0x12, 0xb1, 0x14, 0xb9, 0x8b, 0xce,\n-\t0x39, 0xc4, 0x87, 0x78, 0xe8, 0x2f, 0x87, 0x35, 0x28, 0x45, 0xaf, 0x37, 0xc0, 0x23, 0xb6, 0x20,\n-\t0xa6, 0x67, 0xa2, 0xa9, 0x5c, 0x87, 0xea, 0xd8, 0x20, 0x03, 0x4f, 0x05, 0x26, 0xf0, 0x6f, 0xa6,\n-\t0x15, 0xf8, 0x1d, 0x83, 0x0c, 0x74, 0x4e, 0x82, 0x8a, 0xd3, 0x23, 0x06, 0x99, 0x78, 0x6a, 0x8d,\n-\t0x8b, 0x93, 0xb7, 0x14, 0x0c, 0x30, 0x76, 0x9d, 0x31, 0x76, 0x89, 0x85, 0x3d, 0xb5, 0xce, 0x26,\n-\t0xba, 0xb2, 0xf0, 0x44, 0x32, 0xc3, 0xdb, 0x77, 0x02, 0x3a, 0x57, 0x6c, 0xe2, 0x4e, 0x75, 0x89,\n-\t0x30, 0x15, 0x06, 0xb1, 0x46, 0xd8, 0x23, 0xc6, 0x68, 0xac, 0x36, 0xb8, 0x30, 0x82, 0x0e, 0xe5,\n-\t0x55, 0xa8, 0x8f, 0x5d, 0xe7, 0xd0, 0x32, 0xb1, 0xeb, 0xa9, 0xc7, 0x18, 0x86, 0x4b, 0x0b, 0x63,\n-\t0xb8, 0x8c, 0xc7, 0xd8, 0x36, 0xb1, 0xdd, 0x9b, 0xee, 0x5a, 0x6e, 0x08, 0x47, 0x0f, 0x49, 0x86,\n-\t0x1a, 0xb3, 0x26, 0x69, 0x0c, 0x5d, 0xfa, 0xcd, 0xed, 0x2e, 0x71, 0x0d, 0x82, 0xfb, 0x53, 0xf5,\n-\t0x78, 0x9e, 0xa5, 0x87, 0x74, 0xc4, 0xd2, 0xc3, 0x8e, 0xd6, 0x05, 0x38, 0x11, 0xe3, 0x8c, 0xb2,\n-\t0x0e, 0xe5, 0x7b, 0x78, 0x2a, 0x94, 0x92, 0x3e, 0x52, 0x84, 0x87, 0xc6, 0x70, 0x82, 0x7d, 0x75,\n-\t0x64, 0x8d, 0x67, 0x4a, 0x4f, 0x23, 0x3a, 0x3c, 0x46, 0x3d, 0xcd, 0x70, 0xed, 0x8f, 0x08, 0x1a,\n-\t0x3e, 0x47, 0x26, 0x43, 0x4c, 0xf5, 0xc0, 0x9d, 0x0c, 0xc3, 0x2d, 0x21, 0x5a, 0x4a, 0x0b, 0x6a,\n-\t0xf4, 0x69, 0x6f, 0x3a, 0xf6, 0x89, 0x04, 0x6d, 0x2a, 0x3c, 0x83, 0x10, 0xd7, 0xda, 0x9f, 0x10,\n-\t0x7f, 0x4f, 0x84, 0x1d, 0xcc, 0x20, 0x18, 0x84, 0x60, 0x37, 0xd8, 0x11, 0xa2, 0xb9, 0xc0, 0x8e,\n-\t0x88, 0xa8, 0xc5, 0x4a, 0x4c, 0x2d, 0xb4, 0xf7, 0x10, 0x9c, 0xd9, 0x32, 0xcd, 0xdb, 0xee, 0xdd,\n-\t0xb1, 0x69, 0x10, 0x2c, 0x2f, 0x43, 0x86, 0x8b, 0xe6, 0xc1, 0x2d, 0xcd, 0x81, 0x5b, 0x9e, 0x0b,\n-\t0xb7, 0x32, 0x03, 0x57, 0xfb, 0x24, 0x64, 0x26, 0xdd, 0x5b, 0x8a, 0x02, 0x15, 0xba, 0xbb, 0x04,\n-\t0x02, 0xf6, 0xac, 0xbc, 0x0a, 0x35, 0xa1, 0xf7, 0x53, 0x61, 0xa8, 0xb7, 0xb3, 0xec, 0x5b, 0x7f,\n-\t0x37, 0x09, 0x85, 0x0a, 0x68, 0xb6, 0x9e, 0x85, 0xb5, 0xc8, 0xab, 0x54, 0xda, 0xf0, 0x1b, 0x04,\n-\t0xb5, 0xe0, 0xa8, 0xba, 0x0e, 0x95, 0x9e, 0x63, 0x72, 0xfe, 0x1d, 0x4f, 0x71, 0x9c, 0xf8, 0x04,\n-\t0xda, 0x1d, 0xc7, 0xc4, 0x3a, 0xa3, 0x41, 0xb9, 0x3a, 0x12, 0x67, 0xac, 0x38, 0x15, 0x44, 0x53,\n-\t0xfb, 0x3a, 0x54, 0xe8, 0xff, 0x94, 0x06, 0xac, 0xde, 0xbd, 0x75, 0xe3, 0xd6, 0xed, 0x17, 0x6f,\n-\t0xad, 0xff, 0x1f, 0x6d, 0x74, 0xef, 0x76, 0x3a, 0x57, 0xba, 0xdd, 0x75, 0xa4, 0xd4, 0xa0, 0xf2,\n-\t0xfc, 0xd6, 0xce, 0xcd, 0xf5, 0x92, 0xf6, 0x7b, 0x04, 0xa7, 0xae, 0x62, 0x72, 0xe5, 0x2d, 0xcb,\n-\t0x23, 0xd8, 0xee, 0x61, 0xff, 0x28, 0x56, 0xa0, 0x42, 0x42, 0x49, 0xb3, 0xe7, 0x02, 0x0c, 0x78,\n-\t0xe4, 0xc0, 0xa8, 0xc6, 0x0f, 0x8c, 0x16, 0xd4, 0xb8, 0x5d, 0xde, 0x31, 0x85, 0xa6, 0x06, 0x6d,\n-\t0xed, 0x23, 0x04, 0xcd, 0x28, 0xee, 0x62, 0xbc, 0x81, 0x08, 0xc2, 0xd2, 0x3c, 0x84, 0xe5, 0x18,\n-\t0xc2, 0x3e, 0x34, 0x3b, 0x2e, 0x96, 0x36, 0x91, 0xe0, 0xec, 0x6d, 0x58, 0x15, 0x04, 0x04, 0xbe,\n-\t0x27, 0x32, 0x19, 0x40, 0xdd, 0xa7, 0xa2, 0xbd, 0x8b, 0xe0, 0x74, 0x6c, 0xa6, 0x2f, 0x80, 0x17,\n-\t0xda, 0x75, 0x68, 0x5e, 0xc6, 0x43, 0x3c, 0xb3, 0xde, 0x07, 0x3a, 0x05, 0x07, 0x8e, 0xdb, 0xe3,\n-\t0x3a, 0x5c, 0xd3, 0x79, 0x43, 0x3b, 0x80, 0xd3, 0x31, 0x5a, 0x85, 0xac, 0x48, 0x7b, 0x1c, 0x4e,\n-\t0x86, 0x5e, 0xe5, 0x42, 0x80, 0xb5, 0xdf, 0x21, 0x50, 0xe4, 0x31, 0xc5, 0xb0, 0x5a, 0x52, 0x92,\n-\t0xd2, 0x52, 0x94, 0xa4, 0x29, 0xa3, 0xf6, 0xc4, 0x52, 0xb5, 0x3f, 0xf0, 0xdd, 0x1f, 0x76, 0x17,\n-\t0xb3, 0x9a, 0x6f, 0x43, 0xcd, 0xbf, 0x21, 0x0a, 0x03, 0x9d, 0x71, 0x39, 0x01, 0x19, 0xed, 0xdf,\n-\t0x08, 0xce, 0x46, 0xce, 0x28, 0x6a, 0xa1, 0xbd, 0xc5, 0x74, 0xce, 0x8d, 0x38, 0x60, 0x1c, 0x90,\n-\t0xbe, 0x30, 0xa0, 0x23, 0x67, 0x9d, 0xe7, 0x8d, 0xe5, 0x74, 0x49, 0xb4, 0x7b, 0xd0, 0x4a, 0x9a,\n-\t0xb7, 0x98, 0x5d, 0xf1, 0xa4, 0x7c, 0x41, 0xa3, 0x67, 0xbf, 0xb7, 0xf0, 0xd6, 0xd8, 0x98, 0x19,\n-\t0x58, 0x8c, 0x46, 0x5d, 0x87, 0x2a, 0x75, 0x3e, 0x7c, 0xe9, 0xa5, 0xf6, 0xd3, 0x29, 0x38, 0x9d,\n-\t0x93, 0xd0, 0xee, 0x23, 0x50, 0x67, 0xdc, 0x9d, 0xc5, 0x34, 0x29, 0x74, 0xed, 0x4a, 0x11, 0xd7,\n-\t0xae, 0x0b, 0x15, 0xfa, 0xc4, 0xce, 0x84, 0xc6, 0xe6, 0xc5, 0x85, 0xd1, 0x25, 0xbb, 0x5e, 0x3a,\n-\t0x23, 0xa6, 0xbd, 0x1e, 0xd3, 0x78, 0x0e, 0xb3, 0x18, 0x15, 0xf8, 0x39, 0xf7, 0x03, 0x53, 0xeb,\n-\t0x80, 0x72, 0x37, 0x2a, 0x98, 0xdc, 0x4b, 0x17, 0x32, 0x7a, 0x07, 0xc1, 0xc6, 0x0c, 0x9e, 0x62,\n-\t0x54, 0x4b, 0x85, 0x55, 0x9d, 0x49, 0x91, 0xaf, 0xa1, 0xae, 0xfb, 0x4d, 0xad, 0x0b, 0x67, 0xa3,\n-\t0xa7, 0xd2, 0xe2, 0x6c, 0x51, 0x61, 0xd5, 0x8d, 0x12, 0x15, 0x4d, 0xba, 0xb3, 0x93, 0x88, 0x16,\n-\t0x23, 0xd6, 0x27, 0xe0, 0x74, 0xb8, 0x41, 0xf7, 0x8c, 0xfe, 0x82, 0x1b, 0xfb, 0xbf, 0x48, 0xb6,\n-\t0x08, 0x7c, 0x5c, 0x31, 0xcc, 0xff, 0x2e, 0x54, 0x88, 0xd1, 0xf7, 0xb5, 0x67, 0x67, 0x61, 0x52,\n-\t0xc9, 0xe8, 0xda, 0xb4, 0xc1, 0x6d, 0x31, 0x23, 0xdb, 0x7a, 0x0a, 0xea, 0x41, 0x57, 0x2a, 0xfb,\n-\t0xfb, 0x1a, 0x6c, 0x44, 0x74, 0x73, 0xcf, 0xe8, 0x2f, 0x26, 0x78, 0x31, 0x49, 0x29, 0x61, 0x92,\n-\t0xb2, 0x34, 0x89, 0x66, 0xc5, 0x6c, 0x10, 0x9b, 0xa0, 0x18, 0x25, 0xf8, 0x1b, 0x82, 0xd3, 0xe1,\n-\t0x5e, 0x5a, 0x58, 0x0b, 0x94, 0x57, 0x22, 0xb2, 0xb9, 0x96, 0x66, 0x67, 0xcf, 0xce, 0xb5, 0x3c,\n-\t0xd1, 0xf4, 0x65, 0x4b, 0x55, 0xa0, 0x6e, 0x6a, 0x37, 0x41, 0x8d, 0xec, 0xd4, 0xc5, 0x39, 0xa7,\n-\t0x40, 0xe5, 0x1e, 0x9e, 0xfa, 0x5b, 0x9f, 0x3d, 0x53, 0x6b, 0x9e, 0x40, 0xad, 0x18, 0xe4, 0x53,\n-\t0x68, 0x5c, 0xc3, 0xc6, 0x90, 0x0c, 0x3a, 0x03, 0xdc, 0xbb, 0x47, 0xe1, 0x8c, 0xfc, 0x5b, 0x68,\n-\t0x5d, 0x67, 0xcf, 0xec, 0x5e, 0xed, 0xb8, 0x3c, 0xc0, 0x58, 0xd5, 0xd9, 0x33, 0xbd, 0xdd, 0x58,\n-\t0x36, 0xc1, 0xee, 0xa1, 0x31, 0x64, 0xca, 0x5a, 0xd5, 0x83, 0x36, 0x95, 0x07, 0x8b, 0x1a, 0xb0,\n-\t0x1b, 0x5d, 0x55, 0xe7, 0x0d, 0x2a, 0xb7, 0x89, 0x3b, 0x14, 0x37, 0x39, 0xfa, 0xa8, 0x7d, 0x5a,\n-\t0x81, 0xa6, 0xec, 0xc2, 0xf9, 0x81, 0xe6, 0x58, 0x14, 0x19, 0xcd, 0x44, 0x91, 0xe7, 0x5f, 0xbc,\n-\t0x1e, 0x82, 0x3a, 0xb6, 0xcd, 0xb1, 0x63, 0xd9, 0xc4, 0x53, 0xcb, 0x8c, 0xad, 0x61, 0x07, 0x05,\n-\t0x3e, 0x70, 0x3c, 0x22, 0x45, 0x3f, 0x83, 0xb6, 0x14, 0x95, 0xab, 0x46, 0xa2, 0x72, 0xa3, 0x88,\n-\t0x53, 0xb8, 0xc2, 0x74, 0x7c, 0x37, 0x93, 0x97, 0xea, 0x2f, 0x71, 0x6e, 0x74, 0xee, 0x05, 0x68,\n-\t0x0c, 0x42, 0x91, 0xb0, 0xb8, 0x6a, 0x1a, 0x37, 0x46, 0x12, 0xa7, 0x2e, 0x13, 0x8a, 0x86, 0x77,\n-\t0x6a, 0xf1, 0xa8, 0xdf, 0x6b, 0x70, 0xdc, 0x34, 0x88, 0xd1, 0xc1, 0x54, 0x8c, 0x3b, 0xf6, 0x81,\n-\t0xa3, 0xd6, 0xd9, 0xc4, 0x4f, 0x2d, 0x1e, 0xfa, 0x8b, 0x0c, 0xd7, 0x63, 0xe4, 0xc2, 0xf0, 0x31,\n-\t0x48, 0xe1, 0xe3, 0xbc, 0xce, 0xef, 0x3e, 0x1c, 0x8f, 0x4e, 0x4b, 0xb5, 0xd5, 0xa6, 0xc2, 0x15,\n-\t0x1a, 0x6c, 0x0b, 0xc1, 0x52, 0xa4, 0x8e, 0x1d, 0xf8, 0x62, 0xac, 0xa5, 0x3c, 0x0c, 0x6b, 0xc6,\n-\t0xa1, 0x61, 0x0d, 0x8d, 0xfd, 0x21, 0x7e, 0xd9, 0xb1, 0x7d, 0xbb, 0x1b, 0xed, 0xd4, 0x5e, 0x84,\n-\t0x8d, 0x24, 0x19, 0xde, 0xc0, 0xd3, 0x7c, 0x9a, 0xaa, 0x11, 0xd8, 0xd0, 0x19, 0x03, 0x29, 0x74,\n-\t0x3e, 0xc6, 0x37, 0x1a, 0x2f, 0xd1, 0xfd, 0xc5, 0xbb, 0xc4, 0x2e, 0xbf, 0x90, 0x4b, 0xe1, 0xf4,\n-\t0x80, 0x9c, 0xf6, 0x63, 0x04, 0xea, 0xec, 0xb4, 0xc5, 0x9c, 0xd9, 0x0f, 0x4a, 0x8e, 0xbd, 0x04,\n-\t0x67, 0xef, 0xda, 0xee, 0x11, 0x3c, 0xc8, 0x97, 0x77, 0xa3, 0xd7, 0xa2, 0x04, 0xd2, 0xc5, 0x58,\n-\t0xd1, 0x3b, 0xb0, 0x1e, 0xe4, 0xf8, 0x96, 0x03, 0x7f, 0x1f, 0x4e, 0x4a, 0x14, 0x8b, 0x41, 0xfd,\n-\t0x57, 0x04, 0xcd, 0xe7, 0x2d, 0xdb, 0xf4, 0xb9, 0x13, 0x1c, 0x59, 0x8f, 0xc2, 0xc9, 0x9e, 0x63,\n-\t0x7b, 0x93, 0x11, 0x76, 0xbb, 0xb1, 0x25, 0xcc, 0xbe, 0xc8, 0x1c, 0xfb, 0x3b, 0x07, 0x0d, 0x11,\n-\t0xec, 0xa3, 0x8e, 0xad, 0x1f, 0xe1, 0x95, 0xba, 0x58, 0xa4, 0x91, 0xba, 0x15, 0x55, 0x7e, 0x38,\n-\t0xd2, 0xe7, 0xe4, 0x2c, 0x94, 0xf6, 0x17, 0x04, 0xa7, 0x63, 0x4b, 0x29, 0x46, 0xa3, 0xbf, 0x33,\n-\t0x9b, 0x66, 0xcd, 0xb9, 0x33, 0xa5, 0x6c, 0xeb, 0x67, 0x88, 0x39, 0xe1, 0xb7, 0x6d, 0x1c, 0xdf,\n-\t0x0b, 0xe9, 0x24, 0xf2, 0x28, 0x9c, 0xf4, 0xd3, 0x2d, 0xdd, 0x98, 0xf9, 0x99, 0x7d, 0xa1, 0xb4,\n-\t0x41, 0xf1, 0x3b, 0x77, 0x42, 0x95, 0xe4, 0x02, 0x4b, 0x78, 0x13, 0x48, 0xa5, 0x92, 0x24, 0x95,\n-\t0xaa, 0x2c, 0x95, 0x3f, 0xf3, 0xcb, 0x41, 0x64, 0x3d, 0xc5, 0x88, 0x45, 0xb6, 0x97, 0xa5, 0xe5,\n-\t0xda, 0xcb, 0x0f, 0x79, 0x20, 0x2c, 0xe7, 0x26, 0x49, 0x27, 0x12, 0x9f, 0xc5, 0xe5, 0x24, 0x16,\n-\t0x57, 0x62, 0x2c, 0x6e, 0x46, 0xd1, 0x7d, 0x09, 0xf5, 0xde, 0x83, 0xff, 0xe7, 0x37, 0x1c, 0xff,\n-\t0x65, 0x97, 0x39, 0x5e, 0x4b, 0xb1, 0xa4, 0x92, 0x57, 0x57, 0x96, 0xbd, 0x3a, 0x6d, 0x04, 0x0f,\n-\t0x25, 0x4f, 0x5a, 0x8c, 0xb1, 0x7d, 0xaf, 0xe4, 0xc7, 0xe9, 0xfc, 0xf9, 0x52, 0x84, 0x25, 0x1f,\n-\t0xb4, 0x46, 0x2f, 0xe2, 0xa1, 0x96, 0x99, 0x78, 0xba, 0x29, 0xc3, 0x96, 0x49, 0xb0, 0x8a, 0x8c,\n-\t0x5b, 0x0e, 0xe3, 0x42, 0x2f, 0x34, 0x70, 0x79, 0x1e, 0x9a, 0x2f, 0x1a, 0xa4, 0x37, 0x88, 0x1b,\n-\t0xd6, 0x87, 0x61, 0xcd, 0xc3, 0xc3, 0x83, 0xf8, 0x0e, 0x8e, 0x76, 0x6a, 0xf7, 0x4b, 0x70, 0x3a,\n-\t0x36, 0xbc, 0x98, 0x6d, 0x76, 0x06, 0x56, 0x8c, 0x1e, 0x91, 0x3c, 0x55, 0xde, 0x52, 0xae, 0x73,\n-\t0xc6, 0xf2, 0xa0, 0xe1, 0xd3, 0x99, 0x36, 0xde, 0x0d, 0x3c, 0xe5, 0x22, 0x91, 0x6d, 0x65, 0x65,\n-\t0xb9, 0xb6, 0xf2, 0x26, 0xac, 0x5f, 0xc5, 0xa4, 0xcb, 0xf2, 0x5c, 0x8b, 0x69, 0xb6, 0x9c, 0x26,\n-\t0x2b, 0xc5, 0xd2, 0x64, 0xdf, 0xe3, 0x29, 0x18, 0x41, 0xad, 0x30, 0x86, 0xf3, 0xf9, 0x7c, 0x86,\n-\t0xf3, 0x96, 0x76, 0x1b, 0x4e, 0x89, 0x3b, 0xf8, 0x92, 0x16, 0x83, 0x83, 0x1c, 0x58, 0x91, 0xeb,\n-\t0xd1, 0xfa, 0x70, 0x6a, 0xd7, 0x31, 0xad, 0x83, 0xe9, 0x92, 0x70, 0x4b, 0x0c, 0x2a, 0x47, 0x18,\n-\t0x84, 0xa1, 0x19, 0x9d, 0xa8, 0x98, 0xf5, 0xbc, 0x8d, 0xe0, 0x2c, 0xcf, 0x60, 0x06, 0x95, 0x25,\n-\t0x56, 0x78, 0x06, 0x9b, 0x70, 0xcc, 0x94, 0xba, 0x45, 0x41, 0xe0, 0xa5, 0x14, 0xea, 0x2c, 0xd5,\n-\t0xa8, 0x84, 0xa5, 0x2b, 0x7a, 0x84, 0x2a, 0xc5, 0xb0, 0x71, 0x44, 0x5d, 0x4b, 0xe8, 0xfc, 0xa2,\n-\t0x39, 0xce, 0x6f, 0x69, 0x6e, 0xe2, 0xbb, 0x7c, 0x44, 0x99, 0x55, 0xe4, 0x9c, 0xff, 0x07, 0xa2,\n-\t0xb7, 0xd0, 0x44, 0xb4, 0xca, 0x2b, 0x50, 0xf3, 0x1d, 0x0e, 0xc1, 0xf2, 0xfc, 0xf5, 0x3a, 0x01,\n-\t0xc5, 0x68, 0x39, 0x50, 0x69, 0xe9, 0xe5, 0x40, 0xf4, 0xa2, 0x96, 0x24, 0xe0, 0x22, 0xf3, 0x57,\n-\t0x49, 0xaa, 0x34, 0x3f, 0xcc, 0xfd, 0x27, 0x04, 0xad, 0xab, 0x98, 0x74, 0x1c, 0xfb, 0x73, 0x40,\n-\t0xa9, 0x74, 0x67, 0x59, 0x9e, 0x31, 0x2b, 0x2a, 0xf1, 0x59, 0x2c, 0xe1, 0x8e, 0xeb, 0x7c, 0x4e,\n-\t0x4b, 0xf0, 0x35, 0x28, 0xef, 0x12, 0x02, 0x3a, 0xda, 0xbf, 0x4a, 0x70, 0x42, 0x74, 0xdf, 0x3e,\n-\t0xa4, 0xbf, 0xf8, 0x4d, 0xe5, 0x25, 0x38, 0x36, 0x12, 0x7f, 0xb7, 0x0e, 0xf3, 0x16, 0x4e, 0x44,\n-\t0x48, 0x15, 0xea, 0xf3, 0x2a, 0x2f, 0x48, 0x2e, 0x7e, 0x86, 0xaa, 0x24, 0x7f, 0xfd, 0xcb, 0x0b,\n-\t0x96, 0x6f, 0x41, 0x83, 0x9b, 0xf2, 0x1d, 0xfb, 0xc0, 0xf1, 0x22, 0x67, 0x02, 0x3a, 0xf2, 0x4c,\n-\t0x88, 0x1e, 0x9a, 0xff, 0xac, 0xc2, 0x5a, 0xa4, 0xbc, 0xf5, 0x4b, 0x2c, 0x9d, 0x86, 0x17, 0x32,\n-\t0x43, 0x08, 0x29, 0x45, 0x2a, 0x39, 0x1c, 0xab, 0xcb, 0x84, 0xc2, 0xe4, 0x74, 0x25, 0x77, 0x72,\n-\t0x3a, 0x6a, 0x25, 0xaa, 0xcb, 0xb1, 0x12, 0xd1, 0x7d, 0xbb, 0xb2, 0x9c, 0x7d, 0xab, 0xec, 0x09,\n-\t0x5d, 0x5f, 0x4d, 0x79, 0x7a, 0x44, 0x74, 0x29, 0xae, 0xe9, 0xca, 0x26, 0x34, 0x47, 0xd2, 0x84,\n-\t0x2f, 0xf0, 0xf3, 0xd3, 0x53, 0x6b, 0xec, 0xd2, 0x9c, 0xf8, 0x2e, 0xfb, 0xee, 0xf8, 0x18, 0x81,\n-\t0x1a, 0x66, 0x12, 0x45, 0xf1, 0x76, 0x41, 0xb6, 0xf3, 0x4e, 0xbc, 0xc2, 0x27, 0x6b, 0x71, 0xb9,\n-\t0x4f, 0x66, 0xf3, 0x3f, 0x67, 0x82, 0x52, 0xc9, 0x0e, 0x71, 0x87, 0xca, 0xbb, 0x08, 0xaa, 0xf8,\n-\t0x2d, 0xcb, 0x23, 0xca, 0xf9, 0x34, 0x79, 0xd4, 0x78, 0x29, 0x60, 0xeb, 0x42, 0xc6, 0xd1, 0x62,\n-\t0xa1, 0x3f, 0x44, 0xb0, 0xd2, 0x63, 0x67, 0xbf, 0xb2, 0x38, 0xa5, 0xa4, 0xca, 0xb9, 0xd6, 0x73,\n-\t0x59, 0x87, 0x4b, 0x48, 0x4c, 0xe6, 0x9e, 0xa7, 0x40, 0x92, 0x54, 0xd3, 0x96, 0x02, 0x49, 0x72,\n-\t0x19, 0xdb, 0xdb, 0x08, 0x56, 0xfa, 0x2c, 0x66, 0xa6, 0x3c, 0x93, 0x21, 0xc7, 0xed, 0xc3, 0x78,\n-\t0x36, 0xd3, 0x58, 0x81, 0xe1, 0x47, 0x08, 0x1a, 0xfd, 0xb0, 0xf6, 0x4b, 0xc9, 0x42, 0xcc, 0x77,\n-\t0xac, 0x5a, 0xe7, 0xb3, 0x0d, 0x16, 0x50, 0x3e, 0x44, 0xb0, 0x3e, 0x61, 0x61, 0x82, 0x30, 0xd6,\n-\t0xa0, 0x6c, 0xe7, 0xaf, 0xc8, 0x6a, 0x75, 0x72, 0xd1, 0x10, 0xe8, 0x7e, 0x86, 0x60, 0xd5, 0x30,\n-\t0x4d, 0x16, 0xac, 0xbe, 0x98, 0x21, 0xeb, 0x2d, 0x97, 0x89, 0xb4, 0x2e, 0x65, 0x27, 0x20, 0xc1,\n-\t0xe9, 0x63, 0x92, 0x12, 0x4e, 0x72, 0x41, 0x57, 0x0a, 0x38, 0x47, 0x15, 0x76, 0xfd, 0x0a, 0x01,\n-\t0x70, 0xd9, 0x31, 0x44, 0x5b, 0xd9, 0x38, 0x2e, 0x95, 0x5c, 0xb5, 0xb6, 0xf3, 0x90, 0x10, 0xa8,\n-\t0x7e, 0x8d, 0x00, 0xf8, 0x56, 0x67, 0xa8, 0xb6, 0x33, 0xee, 0x57, 0x99, 0x55, 0x9d, 0x5c, 0x34,\n-\t0x04, 0xae, 0x9f, 0x70, 0x5d, 0xa2, 0xc7, 0x93, 0xf2, 0x5c, 0xbe, 0x0a, 0x8a, 0xd6, 0xc5, 0xcc,\n-\t0xe3, 0x25, 0x30, 0x7d, 0x4c, 0x52, 0x82, 0x49, 0x2c, 0x20, 0x6a, 0x5d, 0xcc, 0x59, 0xaa, 0xa3,\n-\t0xfc, 0x12, 0x41, 0x9d, 0xeb, 0xd1, 0x9e, 0xd1, 0x57, 0x2e, 0x65, 0xd3, 0x81, 0xb0, 0x2c, 0xa7,\n-\t0xb5, 0x95, 0x83, 0x82, 0xa4, 0xda, 0x5c, 0x89, 0x18, 0x8b, 0xb6, 0xb2, 0x29, 0x80, 0xcc, 0xa5,\n-\t0xed, 0x3c, 0x24, 0x04, 0xaa, 0x1f, 0x20, 0x58, 0xeb, 0xfb, 0x11, 0x33, 0x96, 0x0d, 0xff, 0x56,\n-\t0x2a, 0xde, 0xcb, 0x21, 0xa3, 0xd6, 0x33, 0x59, 0x86, 0x0a, 0x20, 0x3f, 0x45, 0x70, 0xcc, 0x94,\n-\t0xa2, 0x5d, 0x29, 0xdc, 0x8c, 0x84, 0xa8, 0x5b, 0xeb, 0x42, 0xc6, 0xd1, 0x12, 0x9a, 0x91, 0x14,\n-\t0xab, 0x4a, 0x81, 0x26, 0x21, 0x96, 0x96, 0x02, 0x4d, 0x62, 0x80, 0xec, 0xb7, 0x08, 0xbe, 0xda,\n-\t0x9b, 0x09, 0x78, 0x3c, 0xef, 0xb8, 0xbb, 0x96, 0xdb, 0x0b, 0x8e, 0xdc, 0xed, 0x94, 0x0e, 0x4d,\n-\t0x42, 0x48, 0x23, 0x85, 0x59, 0x9a, 0x13, 0x80, 0xf9, 0x08, 0xc1, 0x46, 0x9f, 0x85, 0x0d, 0xd8,\n-\t0x0d, 0x41, 0xfe, 0x4f, 0xba, 0x33, 0x26, 0x1f, 0xc2, 0x39, 0x91, 0x0b, 0x81, 0xb0, 0x23, 0xae,\n-\t0x1b, 0x5f, 0x20, 0xc2, 0x23, 0xc2, 0x43, 0x9b, 0x9f, 0x35, 0xe0, 0x54, 0xec, 0xb2, 0xc9, 0xdc,\n-\t0xf0, 0x5f, 0x20, 0x7a, 0x71, 0xe0, 0x25, 0x0a, 0x29, 0xec, 0xda, 0x11, 0x45, 0x23, 0x29, 0xec,\n-\t0xda, 0x91, 0xf5, 0x1f, 0xf4, 0x70, 0x9c, 0x04, 0x65, 0x13, 0x69, 0x1c, 0xad, 0xa3, 0xca, 0x38,\n-\t0xd2, 0x38, 0x5a, 0x47, 0xd7, 0x6b, 0xbc, 0x83, 0xa0, 0x3e, 0xf0, 0xeb, 0x21, 0x52, 0x58, 0xb5,\n-\t0x78, 0x55, 0x46, 0x0a, 0xab, 0x36, 0x5b, 0x7e, 0xf1, 0x7d, 0x04, 0x95, 0x03, 0xcb, 0x36, 0x53,\n-\t0x5c, 0x11, 0x92, 0xca, 0x2b, 0x52, 0x5c, 0x11, 0x92, 0x4b, 0x1a, 0xa8, 0x3d, 0xeb, 0x4b, 0x39,\n-\t0xdf, 0x74, 0x97, 0xb8, 0x19, 0x38, 0x17, 0x32, 0x8e, 0x16, 0x68, 0xde, 0x47, 0x70, 0xbc, 0x1f,\n-\t0x49, 0xf2, 0xa7, 0xf3, 0x18, 0x66, 0xab, 0x1d, 0xd2, 0x79, 0x0c, 0x49, 0xd5, 0x05, 0x1f, 0x22,\n-\t0x38, 0xc6, 0x3d, 0x06, 0x9e, 0xd4, 0x55, 0x2e, 0x67, 0x4c, 0x86, 0x46, 0x12, 0xd1, 0xad, 0x2b,\n-\t0x39, 0xa9, 0x08, 0x74, 0xf7, 0x11, 0xa8, 0x93, 0x99, 0xd4, 0xa7, 0xb8, 0xdb, 0x74, 0x96, 0x90,\n-\t0xb6, 0x6d, 0x5d, 0xce, 0x47, 0x24, 0xbc, 0x06, 0x56, 0xdf, 0x34, 0x48, 0x6f, 0x90, 0x42, 0xe1,\n-\t0x93, 0x92, 0xac, 0x29, 0x14, 0x3e, 0x31, 0xc9, 0xfa, 0x18, 0x62, 0x2a, 0x3f, 0x90, 0xbe, 0xa2,\n-\t0xa0, 0x64, 0xfb, 0xe8, 0x43, 0x7a, 0x95, 0x4f, 0xfa, 0x74, 0xc3, 0xe6, 0x27, 0x25, 0x38, 0x79,\n-\t0xd5, 0x39, 0xc4, 0xae, 0x2d, 0x07, 0x55, 0xde, 0x47, 0xb0, 0xde, 0x8f, 0x85, 0x88, 0x72, 0xdd,\n-\t0xe1, 0xb7, 0x32, 0x8c, 0x8d, 0x45, 0xa6, 0x3e, 0x40, 0x70, 0xa2, 0x1f, 0xfd, 0x38, 0x42, 0xa6,\n-\t0x9b, 0xa1, 0xfc, 0x2d, 0x86, 0x4c, 0x37, 0xc3, 0xc8, 0x77, 0x19, 0xb6, 0x1f, 0x83, 0x45, 0xbf,\n-\t0x03, 0xf2, 0x72, 0x95, 0x7d, 0x37, 0x64, 0x7f, 0x85, 0xfd, 0x7c, 0xe3, 0x7f, 0x01, 0x00, 0x00,\n-\t0xff, 0xff, 0xd5, 0xe7, 0xc0, 0xb1, 0x50, 0x44, 0x00, 0x00,\n+\t// 2997 bytes of a gzipped FileDescriptorProto\n+\t0x1f, 0x8b, 0x08, 0x00, 0x00, 0x00, 0x00, 0x00, 0x02, 0xff, 0xd4, 0x5c, 0x5b, 0x8f, 0xdb, 0xc6,\n+\t0xf5, 0xff, 0x8f, 0x2e, 0xbb, 0xab, 0x23, 0xef, 0x7a, 0x4d, 0xaf, 0xbd, 0xb4, 0xfe, 0x41, 0xe1,\n+\t0x12, 0x01, 0x1a, 0x14, 0x81, 0x90, 0x6c, 0x9b, 0x4b, 0x13, 0x3b, 0xf6, 0xae, 0xec, 0xd8, 0x6b,\n+\t0x7b, 0x6d, 0x97, 0x5a, 0xc7, 0x48, 0x9a, 0x26, 0xe0, 0x8a, 0xb3, 0x12, 0x63, 0x89, 0x54, 0xc8,\n+\t0xd1, 0x26, 0xea, 0x5b, 0x82, 0xf4, 0x96, 0xb4, 0x69, 0x83, 0xa6, 0x4f, 0x29, 0x90, 0x27, 0xbf,\n+\t0xf5, 0xb1, 0x45, 0x51, 0x04, 0x0d, 0x9a, 0xf6, 0xa5, 0x0f, 0x4d, 0x5f, 0x5b, 0xf4, 0x33, 0xf4,\n+\t0x3b, 0xb4, 0x98, 0x0b, 0xc9, 0x21, 0x45, 0xc9, 0x22, 0x29, 0x26, 0xc8, 0x93, 0x38, 0x43, 0xcd,\n+\t0x99, 0xdf, 0x9c, 0xdb, 0x9c, 0x39, 0x73, 0x40, 0x58, 0xf3, 0xb0, 0x7b, 0x64, 0x75, 0xb0, 0xd7,\n+\t0x1c, 0xba, 0x0e, 0x71, 0x94, 0x6f, 0x74, 0x9c, 0x41, 0xb3, 0x37, 0x32, 0xde, 0xc0, 0x56, 0x73,\n+\t0x68, 0x18, 0x5e, 0xb3, 0xe3, 0xe1, 0xa6, 0xf8, 0x8f, 0x8b, 0xbb, 0x96, 0x47, 0xdc, 0x71, 0xd3,\n+\t0x18, 0x5a, 0xda, 0xeb, 0x70, 0xf2, 0x2a, 0x36, 0x5c, 0x72, 0x80, 0x0d, 0xd2, 0xc6, 0x44, 0xc7,\n+\t0xaf, 0x8f, 0xb0, 0x47, 0x94, 0x97, 0xa0, 0x66, 0xd9, 0x1e, 0x31, 0xec, 0x0e, 0xf6, 0x54, 0x74,\n+\t0xb6, 0xfc, 0x48, 0x7d, 0xeb, 0x5c, 0x73, 0x4e, 0x9a, 0x4d, 0x99, 0xe0, 0xe5, 0x3e, 0x1e, 0x60,\n+\t0x9b, 0xe8, 0x21, 0x39, 0xad, 0x1d, 0x9d, 0x52, 0xfc, 0x43, 0x79, 0x08, 0x6a, 0x82, 0xd8, 0xae,\n+\t0xa9, 0xa2, 0xb3, 0xe8, 0x91, 0x9a, 0x1e, 0x76, 0x28, 0x5f, 0x03, 0xf0, 0x29, 0xec, 0x9a, 0x6a,\n+\t0x89, 0xbd, 0x96, 0x7a, 0xb4, 0x4f, 0x10, 0x6c, 0x44, 0x17, 0xe2, 0x0d, 0x1d, 0xdb, 0xc3, 0xca,\n+\t0x1e, 0xac, 0xb8, 0xe2, 0x99, 0x51, 0xad, 0x6f, 0x3d, 0x3e, 0xf7, 0x42, 0x7c, 0x22, 0x7a, 0x40,\n+\t0x42, 0xd9, 0x97, 0x19, 0x53, 0x62, 0x8c, 0x79, 0x72, 0x6e, 0x7a, 0xbb, 0x62, 0xe4, 0xd5, 0x03,\n+\t0xdd, 0x8b, 0xb0, 0x64, 0x00, 0xab, 0x91, 0x77, 0xf9, 0x98, 0x41, 0xdf, 0x63, 0xd7, 0xdd, 0xc3,\n+\t0x9e, 0x67, 0x74, 0xb1, 0x5a, 0xe6, 0xef, 0xc3, 0x1e, 0x6d, 0x0b, 0x4e, 0x5f, 0xc1, 0xa4, 0x2d,\n+\t0x54, 0x66, 0xd7, 0x3e, 0x74, 0x7c, 0xb9, 0xab, 0xb0, 0xec, 0x0c, 0x89, 0xe5, 0xd8, 0x5c, 0xea,\n+\t0x35, 0xdd, 0x6f, 0x6a, 0xff, 0x40, 0xb0, 0x39, 0x31, 0xa8, 0x18, 0x1e, 0x9b, 0x70, 0xc2, 0xe8,\n+\t0xf7, 0xfd, 0x99, 0x2e, 0x61, 0x62, 0x58, 0xfd, 0xd4, 0xbc, 0x16, 0xc3, 0xf9, 0x68, 0x7d, 0x92,\n+\t0xa0, 0xf6, 0x19, 0x82, 0xe3, 0x7b, 0x56, 0xc7, 0x75, 0x44, 0xff, 0x75, 0x3c, 0x56, 0x4e, 0xc3,\n+\t0x12, 0xc1, 0xb6, 0x61, 0x13, 0xc1, 0x73, 0xd1, 0xa2, 0x6c, 0x19, 0xba, 0xce, 0x6b, 0xb8, 0x43,\n+\t0x04, 0xb7, 0xfd, 0xa6, 0xb2, 0x01, 0x55, 0x63, 0x38, 0xdc, 0x35, 0x05, 0x97, 0x79, 0x43, 0x39,\n+\t0x0b, 0x75, 0x81, 0xe9, 0xa6, 0x31, 0xc0, 0x6a, 0x85, 0xbd, 0x93, 0xbb, 0x28, 0xc5, 0x23, 0xec,\n+\t0x7a, 0x96, 0x63, 0xab, 0x55, 0x4e, 0x51, 0x34, 0x29, 0x45, 0x8f, 0x50, 0xb9, 0x2d, 0x71, 0x8a,\n+\t0xac, 0xc1, 0xe6, 0xe9, 0x5b, 0x86, 0xa7, 0x2e, 0x8b, 0x79, 0x68, 0x43, 0xfb, 0x70, 0x09, 0x8e,\n+\t0xc9, 0x6b, 0x78, 0x80, 0xde, 0x04, 0x60, 0x4b, 0x33, 0xc0, 0x96, 0x67, 0x82, 0xad, 0x44, 0xc1,\n+\t0x9e, 0x85, 0xba, 0x89, 0xbd, 0x8e, 0x6b, 0x31, 0x2d, 0x11, 0x4b, 0x91, 0xbb, 0xe8, 0x9c, 0x7d,\n+\t0x7c, 0x84, 0xfb, 0xfe, 0x72, 0x58, 0x83, 0x52, 0xf4, 0x3a, 0x3d, 0x3c, 0x60, 0x0b, 0x62, 0x7a,\n+\t0x26, 0x9a, 0xca, 0x35, 0xa8, 0x0e, 0x0d, 0xd2, 0xf3, 0x54, 0x60, 0x02, 0xff, 0x76, 0x5a, 0x81,\n+\t0xdf, 0x36, 0x48, 0x4f, 0xe7, 0x24, 0xa8, 0x38, 0x3d, 0x62, 0x90, 0x91, 0xa7, 0xae, 0x70, 0x71,\n+\t0xf2, 0x96, 0x82, 0x01, 0x86, 0xae, 0x33, 0xc4, 0x2e, 0xb1, 0xb0, 0xa7, 0xd6, 0xd8, 0x44, 0x97,\n+\t0xe7, 0x9e, 0x48, 0x66, 0x78, 0xf3, 0x76, 0x40, 0xe7, 0xb2, 0x4d, 0xdc, 0xb1, 0x2e, 0x11, 0xa6,\n+\t0xc2, 0x20, 0xd6, 0x00, 0x7b, 0xc4, 0x18, 0x0c, 0xd5, 0x3a, 0x17, 0x46, 0xd0, 0xa1, 0xbc, 0x02,\n+\t0xb5, 0xa1, 0xeb, 0x1c, 0x59, 0x26, 0x76, 0x3d, 0xf5, 0x18, 0xc3, 0x70, 0x71, 0x6e, 0x0c, 0x97,\n+\t0xf0, 0x10, 0xdb, 0x26, 0xb6, 0x3b, 0xe3, 0x3d, 0xcb, 0x0d, 0xe1, 0xe8, 0x21, 0xc9, 0x50, 0x63,\n+\t0x56, 0x25, 0x8d, 0xa1, 0x4b, 0xbf, 0xb1, 0xd3, 0x26, 0xae, 0x41, 0x70, 0x77, 0xac, 0xae, 0xe5,\n+\t0x59, 0x7a, 0x48, 0x47, 0x2c, 0x3d, 0xec, 0x68, 0x9c, 0x87, 0xe3, 0x31, 0xce, 0x28, 0xeb, 0x50,\n+\t0xbe, 0x87, 0xc7, 0x42, 0x29, 0xe9, 0x23, 0x45, 0x78, 0x64, 0xf4, 0x47, 0xd8, 0x57, 0x47, 0xd6,\n+\t0x78, 0xa6, 0xf4, 0x34, 0xa2, 0xc3, 0x63, 0xd4, 0xd3, 0x0c, 0xd7, 0xfe, 0x88, 0xa0, 0xee, 0x73,\n+\t0x64, 0xd4, 0xc7, 0x54, 0x0f, 0xdc, 0x51, 0x3f, 0x34, 0x09, 0xd1, 0x52, 0x1a, 0xb0, 0x42, 0x9f,\n+\t0xf6, 0xc7, 0x43, 0x9f, 0x48, 0xd0, 0xa6, 0xc2, 0x33, 0x08, 0x71, 0xad, 0x83, 0x11, 0xf1, 0x6d,\n+\t0x22, 0xec, 0x60, 0x0e, 0xc1, 0x20, 0x04, 0xbb, 0x81, 0x45, 0x88, 0xe6, 0x1c, 0x16, 0x11, 0x51,\n+\t0x8b, 0xa5, 0x98, 0x5a, 0x68, 0xef, 0x23, 0x38, 0xbd, 0x6d, 0x9a, 0xb7, 0xdc, 0x3b, 0x43, 0xd3,\n+\t0x20, 0x58, 0x5e, 0x86, 0x0c, 0x17, 0xcd, 0x82, 0x5b, 0x9a, 0x01, 0xb7, 0x3c, 0x13, 0x6e, 0x65,\n+\t0x02, 0xae, 0xf6, 0x69, 0xc8, 0x4c, 0x6a, 0x5b, 0x8a, 0x02, 0x15, 0x6a, 0x5d, 0x02, 0x01, 0x7b,\n+\t0x56, 0x5e, 0x81, 0x15, 0xa1, 0xf7, 0x63, 0xe1, 0xa8, 0x77, 0xb2, 0xd8, 0xad, 0x6f, 0x4d, 0x42,\n+\t0xa1, 0x02, 0x9a, 0x8d, 0x67, 0x61, 0x35, 0xf2, 0x2a, 0x95, 0x36, 0xfc, 0x06, 0xc1, 0x4a, 0xb0,\n+\t0x55, 0x5d, 0x83, 0x4a, 0xc7, 0x31, 0x39, 0xff, 0xd6, 0x52, 0x6c, 0x27, 0x3e, 0x81, 0x66, 0xcb,\n+\t0x31, 0xb1, 0xce, 0x68, 0x50, 0xae, 0x0e, 0xc4, 0x1e, 0x2b, 0x76, 0x05, 0xd1, 0xd4, 0xbe, 0x09,\n+\t0x15, 0xfa, 0x3f, 0xa5, 0x0e, 0xcb, 0x77, 0x6e, 0x5e, 0xbf, 0x79, 0xeb, 0xee, 0xcd, 0xf5, 0xff,\n+\t0xa3, 0x8d, 0xf6, 0x9d, 0x56, 0xeb, 0x72, 0xbb, 0xbd, 0x8e, 0x94, 0x15, 0xa8, 0x3c, 0xbf, 0xbd,\n+\t0x7b, 0x63, 0xbd, 0xa4, 0xfd, 0x1e, 0xc1, 0xc9, 0x2b, 0x98, 0x5c, 0x7e, 0xd3, 0xf2, 0x08, 0xb6,\n+\t0x3b, 0xd8, 0xdf, 0x8a, 0x15, 0xa8, 0x90, 0x50, 0xd2, 0xec, 0xb9, 0x00, 0x07, 0x1e, 0xd9, 0x30,\n+\t0xaa, 0xf1, 0x0d, 0xa3, 0x01, 0x2b, 0xdc, 0x2f, 0xef, 0x9a, 0x42, 0x53, 0x83, 0xb6, 0xf6, 0x31,\n+\t0x82, 0x8d, 0x28, 0xee, 0x62, 0xa2, 0x81, 0x08, 0xc2, 0xd2, 0x2c, 0x84, 0xe5, 0x18, 0xc2, 0x2e,\n+\t0x6c, 0xb4, 0x5c, 0x2c, 0x19, 0x91, 0xe0, 0xec, 0x2d, 0x58, 0x16, 0x04, 0x04, 0xbe, 0x27, 0x32,\n+\t0x39, 0x40, 0xdd, 0xa7, 0xa2, 0xbd, 0x83, 0xe0, 0x54, 0x6c, 0xa6, 0x2f, 0x81, 0x17, 0xda, 0x35,\n+\t0xd8, 0xb8, 0x84, 0xfb, 0x78, 0x62, 0xbd, 0x0f, 0x0c, 0x0a, 0x0e, 0x1d, 0xb7, 0xc3, 0x75, 0x78,\n+\t0x45, 0xe7, 0x0d, 0xed, 0x10, 0x4e, 0xc5, 0x68, 0x15, 0xb2, 0x22, 0xed, 0x71, 0x38, 0x11, 0x46,\n+\t0x95, 0x73, 0x01, 0xd6, 0x7e, 0x87, 0x40, 0x91, 0xc7, 0x14, 0xc3, 0x6a, 0x49, 0x49, 0x4a, 0x0b,\n+\t0x51, 0x92, 0x0d, 0x19, 0xb5, 0x27, 0x96, 0xaa, 0xfd, 0x81, 0x5b, 0x7f, 0xd8, 0x5d, 0xcc, 0x6a,\n+\t0xbe, 0x0b, 0x2b, 0xfe, 0x09, 0x51, 0x38, 0xe8, 0x8c, 0xcb, 0x09, 0xc8, 0x68, 0xff, 0x41, 0x70,\n+\t0x26, 0xb2, 0x47, 0x51, 0x0f, 0xed, 0xcd, 0xa7, 0x73, 0x6e, 0x24, 0x00, 0xe3, 0x80, 0xf4, 0xb9,\n+\t0x01, 0x4d, 0x9d, 0x75, 0x56, 0x34, 0x96, 0x33, 0x24, 0xd1, 0xee, 0x41, 0x23, 0x69, 0xde, 0x62,\n+\t0xac, 0xe2, 0x49, 0xf9, 0x80, 0x46, 0xf7, 0x7e, 0x6f, 0x6e, 0xd3, 0xd8, 0x9c, 0x18, 0x58, 0x8c,\n+\t0x46, 0x5d, 0x83, 0x2a, 0x0d, 0x3e, 0x7c, 0xe9, 0xa5, 0x8e, 0xd3, 0x29, 0x38, 0x9d, 0x93, 0xd0,\n+\t0xee, 0x23, 0x50, 0x27, 0xc2, 0x9d, 0xf9, 0x34, 0x29, 0x0c, 0xed, 0x4a, 0x91, 0xd0, 0xae, 0x0d,\n+\t0x15, 0xfa, 0xc4, 0xf6, 0x84, 0xfa, 0xd6, 0x85, 0xb9, 0xd1, 0x25, 0x87, 0x5e, 0x3a, 0x23, 0xa6,\n+\t0xbd, 0x16, 0xd3, 0x78, 0x0e, 0xb3, 0x18, 0x15, 0xf8, 0x39, 0x8f, 0x03, 0x53, 0xeb, 0x80, 0x72,\n+\t0x27, 0x2a, 0x98, 0xdc, 0x4b, 0x17, 0x32, 0x7a, 0x1b, 0xc1, 0xe6, 0x04, 0x9e, 0x62, 0x54, 0x4b,\n+\t0x85, 0x65, 0x9d, 0x49, 0x91, 0xaf, 0xa1, 0xa6, 0xfb, 0x4d, 0xad, 0x0d, 0x67, 0xa2, 0xbb, 0xd2,\n+\t0xfc, 0x6c, 0x51, 0x61, 0xd9, 0x8d, 0x12, 0x15, 0x4d, 0x6a, 0xd9, 0x49, 0x44, 0x8b, 0x11, 0xeb,\n+\t0x13, 0x70, 0x2a, 0x34, 0xd0, 0x7d, 0xa3, 0x3b, 0xa7, 0x61, 0xff, 0x17, 0xc9, 0x1e, 0x81, 0x8f,\n+\t0x2b, 0x86, 0xf9, 0xdf, 0x87, 0x0a, 0x31, 0xba, 0xbe, 0xf6, 0xec, 0xce, 0x4d, 0x2a, 0x19, 0x5d,\n+\t0x93, 0x36, 0xb8, 0x2f, 0x66, 0x64, 0x1b, 0x4f, 0x41, 0x2d, 0xe8, 0x4a, 0xe5, 0x7f, 0x5f, 0x85,\n+\t0xcd, 0x88, 0x6e, 0xee, 0x1b, 0xdd, 0xf9, 0x04, 0x2f, 0x26, 0x29, 0x25, 0x4c, 0x52, 0x96, 0x26,\n+\t0xd1, 0xac, 0x98, 0x0f, 0x62, 0x13, 0x14, 0xa3, 0x04, 0x7f, 0x47, 0x70, 0x2a, 0xb4, 0xa5, 0xb9,\n+\t0xb5, 0x40, 0x79, 0x39, 0x22, 0x9b, 0xab, 0x69, 0x2c, 0x7b, 0x72, 0xae, 0xc5, 0x89, 0xa6, 0x2b,\n+\t0x7b, 0xaa, 0x02, 0x75, 0x53, 0xbb, 0x01, 0x6a, 0xc4, 0x52, 0xe7, 0xe7, 0x9c, 0x02, 0x95, 0x7b,\n+\t0x78, 0xec, 0x9b, 0x3e, 0x7b, 0xa6, 0xde, 0x3c, 0x81, 0x5a, 0x31, 0xc8, 0xc7, 0x50, 0xbf, 0x8a,\n+\t0x8d, 0x3e, 0xe9, 0xb5, 0x7a, 0xb8, 0x73, 0x8f, 0xc2, 0x19, 0xf8, 0xa7, 0xd0, 0x9a, 0xce, 0x9e,\n+\t0xd9, 0xb9, 0xda, 0x71, 0x79, 0x82, 0xb1, 0xaa, 0xb3, 0x67, 0x7a, 0xba, 0xb1, 0x6c, 0x82, 0xdd,\n+\t0x23, 0xa3, 0xcf, 0x94, 0xb5, 0xaa, 0x07, 0x6d, 0x2a, 0x0f, 0x96, 0x35, 0x60, 0x27, 0xba, 0xaa,\n+\t0xce, 0x1b, 0x54, 0x6e, 0x23, 0xb7, 0x2f, 0x4e, 0x72, 0xf4, 0x51, 0xfb, 0xac, 0x02, 0x1b, 0x72,\n+\t0x08, 0xe7, 0x27, 0x9a, 0x63, 0x59, 0x64, 0x34, 0x91, 0x45, 0x9e, 0x7d, 0xf0, 0x7a, 0x08, 0x6a,\n+\t0xd8, 0x36, 0x87, 0x8e, 0x65, 0x13, 0x4f, 0x2d, 0x33, 0xb6, 0x86, 0x1d, 0x14, 0x78, 0xcf, 0xf1,\n+\t0x88, 0x94, 0xfd, 0x0c, 0xda, 0x52, 0x56, 0xae, 0x1a, 0xc9, 0xca, 0x0d, 0x22, 0x41, 0xe1, 0x12,\n+\t0xd3, 0xf1, 0xbd, 0x4c, 0x51, 0xaa, 0xbf, 0xc4, 0x99, 0xd9, 0xb9, 0x17, 0xa0, 0xde, 0x0b, 0x45,\n+\t0xc2, 0xf2, 0xaa, 0x69, 0xc2, 0x18, 0x49, 0x9c, 0xba, 0x4c, 0x28, 0x9a, 0xde, 0x59, 0x89, 0x67,\n+\t0xfd, 0x5e, 0x85, 0x35, 0xd3, 0x20, 0x46, 0x0b, 0x53, 0x31, 0xee, 0xda, 0x87, 0x8e, 0x5a, 0x63,\n+\t0x13, 0x3f, 0x35, 0x7f, 0xea, 0x2f, 0x32, 0x5c, 0x8f, 0x91, 0x0b, 0xd3, 0xc7, 0x20, 0xa5, 0x8f,\n+\t0xf3, 0x06, 0xbf, 0x07, 0xb0, 0x16, 0x9d, 0x96, 0x6a, 0xab, 0x4d, 0x85, 0x2b, 0x34, 0xd8, 0x16,\n+\t0x82, 0xa5, 0x48, 0x1d, 0x3b, 0x88, 0xc5, 0x58, 0x4b, 0x79, 0x18, 0x56, 0x8d, 0x23, 0xc3, 0xea,\n+\t0x1b, 0x07, 0x7d, 0xfc, 0x92, 0x63, 0xfb, 0x7e, 0x37, 0xda, 0xa9, 0xdd, 0x85, 0xcd, 0x24, 0x19,\n+\t0x5e, 0xc7, 0xe3, 0x7c, 0x9a, 0xaa, 0x11, 0xd8, 0xd4, 0x19, 0x03, 0x29, 0x74, 0x3e, 0xc6, 0x77,\n+\t0x1a, 0x2f, 0x52, 0xfb, 0xe2, 0x5d, 0xc2, 0xca, 0xcf, 0xe7, 0x52, 0x38, 0x3d, 0x20, 0xa7, 0xfd,\n+\t0x14, 0x81, 0x3a, 0x39, 0x6d, 0x31, 0x7b, 0xf6, 0x83, 0x2e, 0xc7, 0x5e, 0x84, 0x33, 0x77, 0x6c,\n+\t0x77, 0x0a, 0x0f, 0xf2, 0xdd, 0xbb, 0xd1, 0x63, 0x51, 0x02, 0xe9, 0x62, 0xbc, 0xe8, 0x6d, 0x58,\n+\t0x0f, 0xee, 0xf8, 0x16, 0x03, 0xff, 0x00, 0x4e, 0x48, 0x14, 0x8b, 0x41, 0xfd, 0x37, 0x04, 0x1b,\n+\t0xcf, 0x5b, 0xb6, 0xe9, 0x73, 0x27, 0xd8, 0xb2, 0x1e, 0x85, 0x13, 0x1d, 0xc7, 0xf6, 0x46, 0x03,\n+\t0xec, 0xb6, 0x63, 0x4b, 0x98, 0x7c, 0x91, 0x39, 0xf7, 0x77, 0x16, 0xea, 0x22, 0xd9, 0x47, 0x03,\n+\t0x5b, 0x3f, 0xc3, 0x2b, 0x75, 0xb1, 0x4c, 0x23, 0x0d, 0x2b, 0xaa, 0x7c, 0x73, 0xa4, 0xcf, 0xc9,\n+\t0xb7, 0x50, 0xda, 0x5f, 0x11, 0x9c, 0x8a, 0x2d, 0xa5, 0x18, 0x8d, 0xfe, 0xde, 0xe4, 0x35, 0x6b,\n+\t0x4e, 0xcb, 0x94, 0x6e, 0x5b, 0x3f, 0x47, 0x2c, 0x08, 0xbf, 0x65, 0xe3, 0xb8, 0x2d, 0xa4, 0x93,\n+\t0xc8, 0xa3, 0x70, 0xc2, 0xbf, 0x6e, 0x69, 0xc7, 0xdc, 0xcf, 0xe4, 0x0b, 0xa5, 0x09, 0x8a, 0xdf,\n+\t0xb9, 0x1b, 0xaa, 0x24, 0x17, 0x58, 0xc2, 0x9b, 0x40, 0x2a, 0x95, 0x24, 0xa9, 0x54, 0x65, 0xa9,\n+\t0xfc, 0x85, 0x1f, 0x0e, 0x22, 0xeb, 0x29, 0x46, 0x2c, 0xb2, 0xbf, 0x2c, 0x2d, 0xd6, 0x5f, 0x7e,\n+\t0xc4, 0x13, 0x61, 0x39, 0x8d, 0x24, 0x9d, 0x48, 0x7c, 0x16, 0x97, 0x93, 0x58, 0x5c, 0x89, 0xb1,\n+\t0x78, 0x23, 0x8a, 0xee, 0x2b, 0xa8, 0xf7, 0x1e, 0xfc, 0x3f, 0x3f, 0xe1, 0xf8, 0x2f, 0xdb, 0x2c,\n+\t0xf0, 0x5a, 0x88, 0x27, 0x95, 0xa2, 0xba, 0xb2, 0x1c, 0xd5, 0x69, 0x03, 0x78, 0x28, 0x79, 0xd2,\n+\t0x62, 0x9c, 0xed, 0xfb, 0x25, 0x3f, 0x4f, 0xe7, 0xcf, 0x97, 0x22, 0x2d, 0xf9, 0xa0, 0x35, 0x7a,\n+\t0x91, 0x08, 0xb5, 0xcc, 0xc4, 0xd3, 0x4e, 0x99, 0xb6, 0x4c, 0x82, 0x55, 0x64, 0xde, 0xb2, 0x1f,\n+\t0x17, 0x7a, 0xa1, 0x89, 0xcb, 0x73, 0xb0, 0x71, 0xd7, 0x20, 0x9d, 0x5e, 0xdc, 0xb1, 0x3e, 0x0c,\n+\t0xab, 0x1e, 0xee, 0x1f, 0xc6, 0x2d, 0x38, 0xda, 0xa9, 0xdd, 0x2f, 0xc1, 0xa9, 0xd8, 0xf0, 0x62,\n+\t0xcc, 0xec, 0x34, 0x2c, 0x19, 0x1d, 0x22, 0x45, 0xaa, 0xbc, 0xa5, 0x5c, 0xe3, 0x8c, 0xe5, 0x49,\n+\t0xc3, 0xa7, 0x33, 0x19, 0xde, 0x75, 0x3c, 0xe6, 0x22, 0x91, 0x7d, 0x65, 0x65, 0xb1, 0xbe, 0xf2,\n+\t0x06, 0xac, 0x5f, 0xc1, 0xa4, 0xcd, 0xee, 0xb9, 0xe6, 0xd3, 0x6c, 0xf9, 0x9a, 0xac, 0x14, 0xbb,\n+\t0x26, 0xfb, 0x01, 0xbf, 0x82, 0x11, 0xd4, 0x0a, 0x63, 0x38, 0x9f, 0xcf, 0x67, 0x38, 0x6f, 0x69,\n+\t0xb7, 0xe0, 0xa4, 0x38, 0x83, 0x2f, 0x68, 0x31, 0x38, 0xb8, 0x03, 0x2b, 0x72, 0x3d, 0x5a, 0x17,\n+\t0x4e, 0xee, 0x39, 0xa6, 0x75, 0x38, 0x5e, 0x10, 0x6e, 0x89, 0x41, 0xe5, 0x08, 0x83, 0x30, 0x6c,\n+\t0x44, 0x27, 0x2a, 0x66, 0x3d, 0x6f, 0x21, 0x38, 0xc3, 0x6f, 0x30, 0x83, 0xca, 0x12, 0x2b, 0xdc,\n+\t0x83, 0x4d, 0x38, 0x66, 0x4a, 0xdd, 0xa2, 0x20, 0xf0, 0x62, 0x0a, 0x75, 0x96, 0x6a, 0x54, 0xc2,\n+\t0xd2, 0x15, 0x3d, 0x42, 0x95, 0x62, 0xd8, 0x9c, 0x52, 0xd7, 0x12, 0x06, 0xbf, 0x68, 0x46, 0xf0,\n+\t0x5b, 0x9a, 0x79, 0xf1, 0x5d, 0x9e, 0x52, 0x66, 0x15, 0xd9, 0xe7, 0xff, 0x89, 0xe8, 0x29, 0x34,\n+\t0x11, 0xad, 0xf2, 0x32, 0xac, 0xf8, 0x01, 0x87, 0x60, 0x79, 0xfe, 0x7a, 0x9d, 0x80, 0x62, 0xb4,\n+\t0x1c, 0xa8, 0xb4, 0xf0, 0x72, 0x20, 0x7a, 0x50, 0x4b, 0x12, 0x70, 0x91, 0xf7, 0x57, 0x49, 0xaa,\n+\t0x34, 0x3b, 0xcd, 0xfd, 0x67, 0x04, 0x8d, 0x2b, 0x98, 0xb4, 0x1c, 0xfb, 0x0b, 0x40, 0xa9, 0xb4,\n+\t0x27, 0x59, 0x9e, 0xf1, 0x56, 0x54, 0xe2, 0xb3, 0x58, 0xc2, 0x6d, 0xd7, 0xf9, 0x82, 0x96, 0xe0,\n+\t0x6b, 0x50, 0xde, 0x25, 0x04, 0x74, 0xb4, 0x7f, 0x97, 0xe0, 0xb8, 0xe8, 0xbe, 0x75, 0x44, 0x7f,\n+\t0xf1, 0x1b, 0xca, 0x8b, 0x70, 0x6c, 0x20, 0xfe, 0x6e, 0x1d, 0xe5, 0x2d, 0x9c, 0x88, 0x90, 0x2a,\n+\t0x34, 0xe6, 0x55, 0x5e, 0x90, 0x42, 0xfc, 0x0c, 0x55, 0x49, 0xfe, 0xfa, 0x17, 0x97, 0x2c, 0xdf,\n+\t0x86, 0x3a, 0x77, 0xe5, 0xbb, 0xf6, 0xa1, 0xe3, 0x45, 0xf6, 0x04, 0x34, 0x75, 0x4f, 0x88, 0x6e,\n+\t0x9a, 0xff, 0xaa, 0xc2, 0x6a, 0xa4, 0xbc, 0xf5, 0x2b, 0x2c, 0x9d, 0xba, 0x17, 0x32, 0x43, 0x08,\n+\t0x29, 0xc5, 0x55, 0x72, 0x38, 0x56, 0x97, 0x09, 0x85, 0x97, 0xd3, 0x95, 0xdc, 0x97, 0xd3, 0x51,\n+\t0x2f, 0x51, 0x5d, 0x8c, 0x97, 0x88, 0xda, 0xed, 0xd2, 0x62, 0xec, 0x56, 0xd9, 0x17, 0xba, 0xbe,\n+\t0x9c, 0x72, 0xf7, 0x88, 0xe8, 0x52, 0x5c, 0xd3, 0x95, 0x2d, 0xd8, 0x18, 0x48, 0x13, 0xbe, 0xc0,\n+\t0xf7, 0x4f, 0x4f, 0x5d, 0x61, 0x87, 0xe6, 0xc4, 0x77, 0xd9, 0xad, 0xe3, 0x13, 0x04, 0x6a, 0x78,\n+\t0x93, 0x28, 0x8a, 0xb7, 0x0b, 0xf2, 0x9d, 0xb7, 0xe3, 0x15, 0x3e, 0x59, 0x8b, 0xcb, 0x83, 0x12,\n+\t0x9f, 0x6b, 0xa0, 0x5c, 0xc2, 0xfd, 0x58, 0x89, 0x0f, 0x3d, 0x55, 0x06, 0x3b, 0x9c, 0x5f, 0x56,\n+\t0x2f, 0xf5, 0x4c, 0x29, 0xc0, 0xd2, 0xa3, 0xb4, 0xbc, 0x21, 0x4b, 0xbb, 0x47, 0x2b, 0xfb, 0x51,\n+\t0xbc, 0xb2, 0xff, 0x01, 0x99, 0xf0, 0x3f, 0x21, 0x16, 0x6e, 0x17, 0x5d, 0x6c, 0x74, 0x77, 0xa2,\n+\t0xd8, 0xe8, 0xd9, 0x14, 0x91, 0x4c, 0x7c, 0xcd, 0x61, 0xc9, 0xd1, 0xd6, 0xbb, 0x6a, 0x50, 0x8a,\n+\t0xda, 0x22, 0x6e, 0x5f, 0x79, 0x07, 0x41, 0x15, 0xbf, 0x69, 0x79, 0x44, 0x39, 0x97, 0xe6, 0x9e,\n+\t0x3a, 0x5e, 0x6a, 0xd9, 0x38, 0x9f, 0x71, 0xb4, 0x58, 0xef, 0x8f, 0x11, 0x2c, 0x75, 0x58, 0x6c,\n+\t0xa5, 0xcc, 0x4f, 0x29, 0xa9, 0x32, 0xb1, 0xf1, 0x5c, 0xd6, 0xe1, 0x12, 0x12, 0x93, 0x1d, 0x7f,\n+\t0x52, 0x20, 0x49, 0xaa, 0x19, 0x4c, 0x81, 0x24, 0xb9, 0x4c, 0xf0, 0x2d, 0x04, 0x4b, 0x5d, 0x96,\n+\t0x93, 0x54, 0x9e, 0xc9, 0x50, 0x43, 0xe0, 0xc3, 0x78, 0x36, 0xd3, 0x58, 0x81, 0xe1, 0x27, 0x08,\n+\t0xea, 0xdd, 0xb0, 0xb6, 0x4e, 0xc9, 0x42, 0xcc, 0xb7, 0xe2, 0xc6, 0xb9, 0x6c, 0x83, 0x05, 0x94,\n+\t0x8f, 0x10, 0xac, 0x8f, 0x58, 0x1a, 0x26, 0xcc, 0xe5, 0x28, 0x3b, 0xf9, 0x2b, 0xde, 0x1a, 0xad,\n+\t0x5c, 0x34, 0x04, 0xba, 0x9f, 0x21, 0x58, 0x36, 0x4c, 0x93, 0x5d, 0x06, 0x5c, 0xc8, 0x50, 0x55,\n+\t0x20, 0x97, 0xe1, 0x34, 0x2e, 0x66, 0x27, 0x20, 0xc1, 0xe9, 0x62, 0x92, 0x12, 0x4e, 0x72, 0xc1,\n+\t0x5c, 0x0a, 0x38, 0xd3, 0x0a, 0xe7, 0x7e, 0x85, 0x00, 0xb8, 0xec, 0x18, 0xa2, 0xed, 0x6c, 0x1c,\n+\t0x97, 0x4a, 0xda, 0x1a, 0x3b, 0x79, 0x48, 0x08, 0x54, 0xbf, 0x46, 0x00, 0xdc, 0xd4, 0x19, 0xaa,\n+\t0x9d, 0x8c, 0xf6, 0x2a, 0xb3, 0xaa, 0x95, 0x8b, 0x86, 0xc0, 0xf5, 0x2e, 0xd7, 0x25, 0xba, 0xfd,\n+\t0x2b, 0xcf, 0xe5, 0xab, 0x50, 0x69, 0x5c, 0xc8, 0x3c, 0x5e, 0x02, 0xd3, 0xc5, 0x24, 0x25, 0x98,\n+\t0xc4, 0x02, 0xad, 0xc6, 0x85, 0x9c, 0xa5, 0x50, 0xca, 0x2f, 0x11, 0xd4, 0xb8, 0x1e, 0xed, 0x1b,\n+\t0x5d, 0xe5, 0x62, 0x36, 0x1d, 0x08, 0xcb, 0x9e, 0x1a, 0xdb, 0x39, 0x28, 0x48, 0xaa, 0xcd, 0x95,\n+\t0x88, 0xb1, 0x68, 0x3b, 0x9b, 0x02, 0xc8, 0x5c, 0xda, 0xc9, 0x43, 0x42, 0xa0, 0xfa, 0x11, 0x82,\n+\t0xd5, 0xae, 0x9f, 0x91, 0x64, 0x61, 0xcf, 0x77, 0x52, 0xf1, 0x5e, 0x4e, 0xc9, 0x35, 0x9e, 0xc9,\n+\t0x32, 0x54, 0x00, 0x79, 0x0f, 0xc1, 0x31, 0x53, 0xca, 0x26, 0xa6, 0x08, 0x33, 0x12, 0xb2, 0x9a,\n+\t0x8d, 0xf3, 0x19, 0x47, 0x4b, 0x68, 0x06, 0x52, 0x2e, 0x30, 0x05, 0x9a, 0x84, 0x5c, 0x65, 0x0a,\n+\t0x34, 0x89, 0x09, 0xc8, 0xdf, 0x22, 0xf8, 0x7a, 0x67, 0x22, 0xa1, 0xf4, 0xbc, 0xe3, 0xee, 0x59,\n+\t0x6e, 0x27, 0xd8, 0x72, 0x77, 0x52, 0x06, 0x34, 0x09, 0x29, 0xa3, 0x14, 0x6e, 0x69, 0x46, 0x82,\n+\t0xeb, 0x63, 0x04, 0x9b, 0x5d, 0x96, 0x96, 0x61, 0x27, 0x30, 0xf9, 0x3f, 0xe9, 0xf6, 0x98, 0x7c,\n+\t0x08, 0x67, 0x64, 0x86, 0x04, 0xc2, 0x96, 0x38, 0xce, 0x7d, 0x89, 0x08, 0xa7, 0xa5, 0xdf, 0xde,\n+\t0x43, 0xb0, 0x66, 0xca, 0x56, 0x9b, 0x26, 0xa4, 0x9a, 0x3c, 0x18, 0x35, 0xce, 0x65, 0x1b, 0xcc,\n+\t0xd1, 0x6c, 0x7d, 0x5e, 0x87, 0x93, 0xb1, 0xd4, 0x02, 0x3b, 0x14, 0xfc, 0x02, 0xd1, 0xd3, 0x0c,\n+\t0x2f, 0x48, 0x49, 0xe1, 0x65, 0xa7, 0x94, 0x08, 0xa5, 0xf0, 0xb2, 0x53, 0xab, 0x7d, 0xe8, 0x56,\n+\t0x3d, 0x0a, 0x8a, 0x64, 0xd2, 0x84, 0x7d, 0xd3, 0x8a, 0x76, 0xd2, 0x84, 0x7d, 0xd3, 0xab, 0x73,\n+\t0xde, 0x46, 0x50, 0xeb, 0xf9, 0xd5, 0x2f, 0x29, 0x7c, 0x6c, 0xbc, 0x06, 0x27, 0x85, 0x8f, 0x9d,\n+\t0x2c, 0xb6, 0xf9, 0x21, 0x82, 0xca, 0xa1, 0x65, 0x9b, 0x29, 0x0e, 0x2c, 0x49, 0xc5, 0x34, 0x29,\n+\t0x0e, 0x2c, 0xc9, 0x05, 0x2c, 0xd4, 0xbb, 0x76, 0xa5, 0x1b, 0xfe, 0x74, 0x47, 0xca, 0x09, 0x38,\n+\t0xe7, 0x33, 0x8e, 0x16, 0x68, 0x3e, 0x40, 0xb0, 0xd6, 0x8d, 0x94, 0x74, 0xa4, 0x8b, 0x5f, 0x26,\n+\t0x6b, 0x5b, 0xd2, 0xc5, 0x2f, 0x49, 0xb5, 0x24, 0x1f, 0x21, 0x38, 0xc6, 0xe3, 0x17, 0x7e, 0x85,\n+\t0xaf, 0x5c, 0xca, 0x78, 0xf5, 0x1d, 0x29, 0x3b, 0x68, 0x5c, 0xce, 0x49, 0x45, 0xa0, 0xbb, 0x8f,\n+\t0x40, 0x1d, 0x4d, 0x5c, 0x74, 0x8b, 0x93, 0x56, 0x6b, 0x01, 0x97, 0xf4, 0x8d, 0x4b, 0xf9, 0x88,\n+\t0x84, 0x87, 0xd2, 0xea, 0x1b, 0x06, 0xe9, 0xf4, 0x52, 0x28, 0x7c, 0xd2, 0x95, 0x7a, 0x0a, 0x85,\n+\t0x4f, 0xbc, 0x52, 0x7f, 0x0c, 0x31, 0x95, 0xef, 0x49, 0xdf, 0xcc, 0x50, 0xb2, 0x7d, 0xe2, 0x23,\n+\t0xbd, 0xca, 0x27, 0x7d, 0xa8, 0x63, 0xeb, 0xd3, 0x12, 0x9c, 0xb8, 0xe2, 0x1c, 0x61, 0xd7, 0x96,\n+\t0x53, 0x3c, 0x1f, 0x20, 0x58, 0xef, 0xc6, 0x12, 0x82, 0xb9, 0x32, 0x0a, 0xdb, 0x19, 0xc6, 0xc6,\n+\t0xf2, 0x90, 0x1f, 0x22, 0x38, 0xde, 0x8d, 0x7e, 0x0a, 0x23, 0xd3, 0x39, 0x55, 0xfe, 0xf2, 0x46,\n+\t0xa6, 0x73, 0x6a, 0xe4, 0x2b, 0x1c, 0x3b, 0x8f, 0xc1, 0xbc, 0x5f, 0x7d, 0x79, 0xa9, 0xca, 0xbe,\n+\t0x12, 0x73, 0xb0, 0xc4, 0x7e, 0xbe, 0xf5, 0xbf, 0x00, 0x00, 0x00, 0xff, 0xff, 0x66, 0xb0, 0xdd,\n+\t0xeb, 0x3e, 0x46, 0x00, 0x00,\n }"}, {"sha": "164af719a5f80678ed252b6dee0bc43d703b6778", "filename": "server/core/proto/services.proto", "status": "modified", "additions": 21, "deletions": 0, "changes": 21, "blob_url": "https://github.com/apache/servicecomb-service-center/blob/baa3edf4c748136cb8128d80cd1388e05b46a09a/server/core/proto/services.proto", "raw_url": "https://github.com/apache/servicecomb-service-center/raw/baa3edf4c748136cb8128d80cd1388e05b46a09a/server/core/proto/services.proto", "contents_url": "https://api.github.com/repos/apache/servicecomb-service-center/contents/server/core/proto/services.proto?ref=baa3edf4c748136cb8128d80cd1388e05b46a09a", "patch": "@@ -30,6 +30,7 @@ service ServiceCtrl {\n     rpc createDependenciesForMircServices (CreateDependenciesRequest) returns (CreateDependenciesResponse);\n     rpc getProviderDependencies (GetDependenciesRequest) returns (GetProDependenciesResponse);\n     rpc getConsumerDependencies (GetDependenciesRequest) returns (GetConDependenciesResponse);\n+    rpc deleteServices (DelServicesRequest) returns (DelServicesResponse);\n }\n \n service ServiceInstanceCtrl {\n@@ -506,3 +507,23 @@ message GetServiceDetailResponse {\n     Response response = 1;\n     ServiceDetail service = 2;\n }\n+\n+\n+\n+//\u5220\u9664\u670d\u52a1\u8bf7\u6c42\n+message DelServicesRequest {\n+    repeated string serviceIds = 1;\n+    bool  force = 2;\n+}\n+//\u5220\u9664\u670d\u52a1\u54cd\u5e94\u5185\u5bb9\n+message DelServicesRspInfo {\n+    string  errMessage = 1;\n+    string  serviceId = 2;\n+}\n+\n+//\u5220\u9664\u670d\u52a1\u54cd\u5e94\n+message DelServicesResponse {\n+    Response response = 1;\n+    repeated DelServicesRspInfo  services = 2;\n+}\n+"}, {"sha": "979627cf3bd34e1d20562574e6e8dea96c3cc478", "filename": "server/core/swagger/services.yaml", "status": "modified", "additions": 53, "deletions": 0, "changes": 53, "blob_url": "https://github.com/apache/servicecomb-service-center/blob/baa3edf4c748136cb8128d80cd1388e05b46a09a/server/core/swagger/services.yaml", "raw_url": "https://github.com/apache/servicecomb-service-center/raw/baa3edf4c748136cb8128d80cd1388e05b46a09a/server/core/swagger/services.yaml", "contents_url": "https://api.github.com/repos/apache/servicecomb-service-center/contents/server/core/swagger/services.yaml?ref=baa3edf4c748136cb8128d80cd1388e05b46a09a", "patch": "@@ -170,6 +170,30 @@ paths:\n           description: \u5185\u90e8\u9519\u8bef\n           schema:\n             type: string\n+    delete:\n+      description: |\n+        \u6279\u91cf\u5220\u9664\u6307\u5b9a\u7684\u5fae\u670d\u52a1\u5b9a\u4e49\u53ca\u5176\u76f8\u5173\u4fe1\u606f\uff0c\u540c\u65f6\u6ce8\u9500\u5176\u6240\u6709\u5b9e\u4f8b\u4fe1\u606f\u3002\n+      operationId: deleteServices\n+      parameters:\n+        - name: serviceIds\n+          in: body\n+          description: \u6279\u91cf\u5220\u9664\u670d\u52a1\u7684\u670d\u52a1ID\u5217\u8868\n+          required: true\n+          schema:\n+            $ref: '#/definitions/DelServicesRequest'\n+      tags:\n+        - microservices\n+      responses:\n+        200:\n+          description: \u66f4\u65b0\u6210\u529f\n+        400:\n+          description: \u9519\u8bef\u7684\u8bf7\u6c42\n+          schema:\n+            $ref: '#/definitions/DelServicesResponse'\n+        500:\n+          description: \u5185\u90e8\u9519\u8bef\n+          schema:\n+            type: string\n   /registry/v3/microservices/{serviceId}/properties:\n     put:\n       description: |\n@@ -1569,6 +1593,35 @@ definitions:\n       instanceId:\n         description: \u5fae\u670d\u52a1\u5b9e\u4f8bid\n         type: string\n+      errMessage:\n+        description: \u9519\u8bef\u4fe1\u606f\uff0c\u6210\u529f\u4e3a\u7a7a\uff0c\u4e0d\u6210\u529f\uff0c\u5219\u4e3a\u9519\u8bef\uff0c\u5728\u90e8\u5206\u6210\u529f\u7684\u573a\u666f\u4f7f\u7528\n+        type: string\n+        \n+  DelServicesRequest:\n+    type: object\n+    properties:\n+      serviceIds:\n+        type: array\n+        items:\n+          type: string\n+      force:\n+        description: \u4e0d\u4f20\u5373\u9ed8\u8ba4\u4e3afalse\u3002 \u5f3a\u5236\u5220\u9664\uff0c\u5219\u4e0e\u8be5\u670d\u52a1\u76f8\u5173\u7684\u4fe1\u606f\u5220\u9664\uff0c\u975e\u5f3a\u5236\u5220\u9664\uff1a \u5982\u679c\u4f5c\u4e3a\u8be5\u88ab\u4f9d\u8d56\uff08\u4f5c\u4e3aprovider\uff0c\u63d0\u4f9b\u670d\u52a1,\u4e14\u4e0d\u662f\u53ea\u5b58\u5728\u81ea\u4f9d\u8d56\uff09\u6216\u8005\u5b58\u5728\u5b9e\u4f8b\uff0c\u5219\u4e0d\u80fd\u5220\u9664,\u5176\u5b83\u5747\u5220\u9664\u3002\n+        type: string\n+        \n+  DelServicesResponse:\n+    type: object\n+    properties:\n+      services:\n+        type: array\n+        items:\n+          $ref: \"#/definitions/DelServicesRspInfo\"\n+        \n+  DelServicesRspInfo:\n+    type: object\n+    properties:\n+      serviceId:\n+        description: \u5fae\u670d\u52a1id\n+        type: string\n       errMessage:\n         description: \u9519\u8bef\u4fe1\u606f\uff0c\u6210\u529f\u4e3a\u7a7a\uff0c\u4e0d\u6210\u529f\uff0c\u5219\u4e3a\u9519\u8bef\uff0c\u5728\u90e8\u5206\u6210\u529f\u7684\u573a\u666f\u4f7f\u7528\n         type: string\n\\ No newline at end of file"}, {"sha": "ae0f0f660862eebe0e9f64bc18ade3c3d283903d", "filename": "server/rest/microservice_controller.go", "status": "modified", "additions": 39, "deletions": 0, "changes": 39, "blob_url": "https://github.com/apache/servicecomb-service-center/blob/baa3edf4c748136cb8128d80cd1388e05b46a09a/server/rest/microservice_controller.go", "raw_url": "https://github.com/apache/servicecomb-service-center/raw/baa3edf4c748136cb8128d80cd1388e05b46a09a/server/rest/microservice_controller.go", "contents_url": "https://api.github.com/repos/apache/servicecomb-service-center/contents/server/rest/microservice_controller.go?ref=baa3edf4c748136cb8128d80cd1388e05b46a09a", "patch": "@@ -42,6 +42,7 @@ func (this *MicroServiceService) URLPatterns() []rest.Route {\n \t\t{rest.HTTP_METHOD_PUT, \"/registry/v3/dependencies\", this.CreateDependenciesForMicroServices},\n \t\t{rest.HTTP_METHOD_GET, \"/registry/v3/microservices/:consumerId/providers\", this.GetConProDependencies},\n \t\t{rest.HTTP_METHOD_GET, \"/registry/v3/microservices/:providerId/consumers\", this.GetProConDependencies},\n+\t\t{rest.HTTP_METHOD_DELETE, \"/registry/v3/microservices\", this.UnregisterServices},\n \t}\n }\n \n@@ -278,3 +279,41 @@ func (this *MicroServiceService) GetProConDependencies(w http.ResponseWriter, r\n \tresp.Response = nil\n \tWriteJsonObject(http.StatusOK, resp, w)\n }\n+\n+func (this *MicroServiceService) UnregisterServices(w http.ResponseWriter, r *http.Request) {\n+\trequest_body,err := ioutil.ReadAll(r.Body)\n+\tif err != nil{\n+\t\tutil.LOGGER.Error(\"body ,err\",err)\n+\t\tWriteText(http.StatusBadRequest, err.Error(), w)\n+\t\treturn\n+\t}\n+\n+\trequest := &pb.DelServicesRequest{}\n+\n+\terr = json.Unmarshal(request_body, request)\n+\tif err  != nil {\n+\t\tutil.LOGGER.Error(\"unmarshal ,err \", err)\n+\t\tWriteText(http.StatusBadRequest, err.Error(), w)\n+\t\treturn\n+\t}\n+\n+\tresp, err := ServiceAPI.DeleteServices(r.Context(), request)\n+\n+\tif resp.Response.Code == pb.Response_SUCCESS {\n+\t\tWriteText(http.StatusOK, \"\", w)\n+\t\treturn\n+\t}\n+\tif resp.Services == nil || len(resp.Services) == 0 {\n+\t\tWriteText(http.StatusBadRequest, resp.Response.Message, w)\n+\t\treturn\n+\t}\n+\tresp.Response = nil\n+\tobjJson, err := json.Marshal(resp)\n+\tif err != nil {\n+\t\tWriteText(http.StatusInternalServerError, err.Error(), w)\n+\t\treturn\n+\t}\n+\tWriteJson(http.StatusBadRequest, objJson, w)\n+\treturn\n+}\n+"}, {"sha": "26cf1bfcce87dd80848a75bb4639f07b569fbe0a", "filename": "server/service/microservices.go", "status": "modified", "additions": 135, "deletions": 75, "changes": 210, "blob_url": "https://github.com/apache/servicecomb-service-center/blob/baa3edf4c748136cb8128d80cd1388e05b46a09a/server/service/microservices.go", "raw_url": "https://github.com/apache/servicecomb-service-center/raw/baa3edf4c748136cb8128d80cd1388e05b46a09a/server/service/microservices.go", "contents_url": "https://api.github.com/repos/apache/servicecomb-service-center/contents/server/service/microservices.go?ref=baa3edf4c748136cb8128d80cd1388e05b46a09a", "patch": "@@ -184,77 +184,50 @@ func (s *ServiceController) Create(ctx context.Context, in *pb.CreateServiceRequ\n \t}, nil\n }\n \n-func (s *ServiceController) Delete(ctx context.Context, in *pb.DeleteServiceRequest) (*pb.DeleteServiceResponse, error) {\n-\tif in == nil || len(in.ServiceId) == 0 || in.ServiceId == apt.Service.ServiceId {\n-\t\tutil.LOGGER.Errorf(nil, \"delete microservice failed: service empty.\")\n-\t\treturn &pb.DeleteServiceResponse{\n-\t\t\tResponse: pb.CreateResponse(pb.Response_FAIL, \"request format invalid\"),\n-\t\t}, nil\n-\t}\n-\terr := apt.Validate(in)\n-\tif err != nil {\n-\t\tutil.LOGGER.Errorf(err, \"delete microservice failed, serviceId is %s: invalid parameters.\", in.ServiceId)\n-\t\treturn &pb.DeleteServiceResponse{\n-\t\t\tResponse: pb.CreateResponse(pb.Response_FAIL, err.Error()),\n-\t\t}, nil\n-\t}\n-\n-\tforce := in.Force\n+func (s *ServiceController) DeleteServicePri(ctx context.Context, ServiceId string, force bool) (*pb.Response, error) {\n \ttenant := util.ParseTenantProject(ctx)\n \n-\tservice, err := ms.GetServiceByServiceId(ctx, tenant, in.ServiceId)\n+\tservice, err := ms.GetServiceByServiceId(ctx, tenant, ServiceId)\n \tif err != nil {\n-\t\tutil.LOGGER.Errorf(err, \"delete microservice failed, serviceId is %s: get service failed.\", in.ServiceId)\n-\t\treturn &pb.DeleteServiceResponse{\n-\t\t\tResponse: pb.CreateResponse(pb.Response_FAIL, err.Error()),\n-\t\t}, err\n+\t\tutil.LOGGER.Errorf(err, \"delete microservice failed, serviceId is %s: get service failed.\", ServiceId)\n+\t\treturn pb.CreateResponse(pb.Response_FAIL, err.Error()), err\n \t}\n \n \tif service == nil {\n-\t\tutil.LOGGER.Errorf(err, \"delete microservice failed, serviceId is %s: service not exist.\", in.ServiceId)\n-\t\treturn &pb.DeleteServiceResponse{\n-\t\t\tResponse: pb.CreateResponse(pb.Response_FAIL, \"service not exist\"),\n-\t\t}, nil\n+\t\tutil.LOGGER.Errorf(err, \"delete microservice failed, serviceId is %s: service not exist.\", ServiceId)\n+\t\treturn  pb.CreateResponse(pb.Response_FAIL, \"service not exist\"), nil\n \t}\n \n-\tutil.LOGGER.Infof(\"start delete service %s\", in.ServiceId)\n+\tutil.LOGGER.Infof(\"start delete service %s\", ServiceId)\n \n \t// \u5f3a\u5236\u5220\u9664\uff0c\u5219\u4e0e\u8be5\u670d\u52a1\u76f8\u5173\u7684\u4fe1\u606f\u5220\u9664\uff0c\u975e\u5f3a\u5236\u5220\u9664\uff1a \u5982\u679c\u4f5c\u4e3a\u8be5\u88ab\u4f9d\u8d56\uff08\u4f5c\u4e3aprovider\uff0c\u63d0\u4f9b\u670d\u52a1,\u4e14\u4e0d\u662f\u53ea\u5b58\u5728\u81ea\u4f9d\u8d56\uff09\u6216\u8005\u5b58\u5728\u5b9e\u4f8b\uff0c\u5219\u4e0d\u80fd\u5220\u9664\n \tif !force {\n-\t\tkeyConDependency := apt.GenerateProviderDependencyKey(tenant, in.ServiceId, \"\")\n+\t\tkeyConDependency := apt.GenerateProviderDependencyKey(tenant, ServiceId, \"\")\n \t\tservices, err := dependency.GetDependencies(ctx, keyConDependency, tenant)\n \t\tif err != nil {\n-\t\t\tutil.LOGGER.Errorf(err, \"delete microservice failed, serviceId is %s:(unforce) inner err, get service dependency failed.\", in.ServiceId)\n-\t\t\treturn &pb.DeleteServiceResponse{\n-\t\t\t\tResponse: pb.CreateResponse(pb.Response_FAIL, \"Get dependency info failed.\"),\n-\t\t\t}, err\n+\t\t\tutil.LOGGER.Errorf(err, \"delete microservice failed, serviceId is %s:(unforce) inner err, get service dependency failed.\", ServiceId)\n+\t\t\treturn  pb.CreateResponse(pb.Response_FAIL, \"Get dependency info failed.\"), err\n \t\t}\n-\t\tif len(services) > 1 || (len(services) == 1 && services[0].ServiceId != in.ServiceId) {\n-\t\t\tutil.LOGGER.Errorf(nil, \"delete microservice failed, serviceId is %s:(unforce) can't delete, other services rely it.\", in.ServiceId)\n-\t\t\treturn &pb.DeleteServiceResponse{\n-\t\t\t\tResponse: pb.CreateResponse(pb.Response_FAIL, \"Can not delete this service, other service rely it.\"),\n-\t\t\t}, err\n+\t\tif len(services) > 1 || (len(services) == 1 && services[0].ServiceId != ServiceId) {\n+\t\t\tutil.LOGGER.Errorf(nil, \"delete microservice failed, serviceId is %s:(unforce) can't delete, other services rely it.\", ServiceId)\n+\t\t\treturn  pb.CreateResponse(pb.Response_FAIL, \"Can not delete this service, other service rely it.\"), err\n \t\t}\n \n-\t\tinstancesKey := apt.GenerateInstanceKey(tenant, in.ServiceId, \"\")\n+\t\tinstancesKey := apt.GenerateInstanceKey(tenant, ServiceId, \"\")\n \t\trsp, err := store.Store().Instance().Search(ctx, &registry.PluginOp{\n \t\t\tAction:     registry.GET,\n \t\t\tKey:        []byte(instancesKey),\n \t\t\tWithPrefix: true,\n \t\t\tCountOnly:  true,\n \t\t})\n \t\tif err != nil {\n-\t\t\tutil.LOGGER.Errorf(err, \"delete microservice failed, serviceId is %s:(unforce) inner err,get instances failed.\", in.ServiceId)\n-\t\t\treturn &pb.DeleteServiceResponse{\n-\t\t\t\tResponse: pb.CreateResponse(pb.Response_FAIL, \"Get instance failed.\"),\n-\t\t\t}, err\n+\t\t\tutil.LOGGER.Errorf(err, \"delete microservice failed, serviceId is %s:(unforce) inner err,get instances failed.\", ServiceId)\n+\t\t\treturn  pb.CreateResponse(pb.Response_FAIL, \"Get instance failed.\"), err\n \t\t}\n \n \t\tif rsp.Count > 0 {\n-\t\t\tutil.LOGGER.Errorf(nil, \"delete microservice failed, serviceId is %s:(unforce) can't delete, exist instance.\", in.ServiceId)\n-\t\t\treturn &pb.DeleteServiceResponse{\n-\t\t\t\tResponse: pb.CreateResponse(pb.Response_FAIL, \"Can not delete this service, exist instance.\"),\n-\t\t\t}, err\n+\t\t\tutil.LOGGER.Errorf(nil, \"delete microservice failed, serviceId is %s:(unforce) can't delete, exist instance.\", ServiceId)\n+\t\t\treturn  pb.CreateResponse(pb.Response_FAIL, \"Can not delete this service, exist instance.\"), err\n \t\t}\n \t}\n \n@@ -267,12 +240,10 @@ func (s *ServiceController) Delete(ctx context.Context, in *pb.DeleteServiceRequ\n \t}\n \n \t//refresh msCache consumerCache, ensure that watch can notify consumers when no cache.\n-\terr = dependency.RefreshDependencyCache(tenant, in.ServiceId, service)\n+\terr = dependency.RefreshDependencyCache(tenant, ServiceId, service)\n \tif err != nil {\n-\t\tutil.LOGGER.Errorf(err, \"delete microservice failed, serviceId is %s: inner err, refresh service dependency cache failed.\", in.ServiceId)\n-\t\treturn &pb.DeleteServiceResponse{\n-\t\t\tResponse: pb.CreateResponse(pb.Response_FAIL, \"Refresh dependency cache failed.\"),\n-\t\t}, err\n+\t\tutil.LOGGER.Errorf(err, \"delete microservice failed, serviceId is %s: inner err, refresh service dependency cache failed.\", ServiceId)\n+\t\treturn  pb.CreateResponse(pb.Response_FAIL, \"Refresh dependency cache failed.\"), err\n \t}\n \n \topts := []*registry.PluginOp{\n@@ -286,13 +257,13 @@ func (s *ServiceController) Delete(ctx context.Context, in *pb.DeleteServiceRequ\n \t\t},\n \t\t{\n \t\t\tAction: registry.DELETE,\n-\t\t\tKey:    []byte(apt.GenerateServiceKey(tenant, in.ServiceId)),\n+\t\t\tKey:    []byte(apt.GenerateServiceKey(tenant, ServiceId)),\n \t\t},\n \t\t{\n \t\t\tAction: registry.DELETE,\n \t\t\tKey: []byte(strings.Join([]string{\n \t\t\t\tapt.GetServiceRuleRootKey(tenant),\n-\t\t\t\tin.ServiceId,\n+\t\t\t\tServiceId,\n \t\t\t\t\"\",\n \t\t\t}, \"/\")),\n \t\t},\n@@ -301,38 +272,34 @@ func (s *ServiceController) Delete(ctx context.Context, in *pb.DeleteServiceRequ\n \t//\u5220\u9664\u4f9d\u8d56\u89c4\u5219\n \tlock, err := mux.Lock(mux.GLOBAL_LOCK)\n \tif err != nil {\n-\t\tutil.LOGGER.Errorf(err, \"delete microservice failed, serviceId is %s: inner err, create lock failed.\", in.ServiceId)\n-\t\treturn &pb.DeleteServiceResponse{\n-\t\t\tResponse: pb.CreateResponse(pb.Response_FAIL, err.Error()),\n-\t\t}, err\n+\t\tutil.LOGGER.Errorf(err, \"delete microservice failed, serviceId is %s: inner err, create lock failed.\", ServiceId)\n+\t\treturn  pb.CreateResponse(pb.Response_FAIL, err.Error()), err\n \t}\n-\toptsTmp, err := dependency.DeleteDependencyForService(ctx, consumer, in.ServiceId)\n+\toptsTmp, err := dependency.DeleteDependencyForService(ctx, consumer, ServiceId)\n \tlock.Unlock()\n \tif err != nil {\n-\t\tutil.LOGGER.Errorf(err, \"delete microservice failed, serviceId is %s: inner err, delete dependency failed.\", in.ServiceId)\n-\t\treturn &pb.DeleteServiceResponse{\n-\t\t\tResponse: pb.CreateResponse(pb.Response_FAIL, err.Error()),\n-\t\t}, err\n+\t\tutil.LOGGER.Errorf(err, \"delete microservice failed, serviceId is %s: inner err, delete dependency failed.\", ServiceId)\n+\t\treturn  pb.CreateResponse(pb.Response_FAIL, err.Error()), err\n \t}\n \topts = append(opts, optsTmp...)\n \n \t//\u5220\u9664\u9ed1\u767d\u540d\u5355\n-\trulekey := apt.GenerateServiceRuleKey(tenant, in.ServiceId, \"\")\n+\trulekey := apt.GenerateServiceRuleKey(tenant, ServiceId, \"\")\n \topt := &registry.PluginOp{\n \t\tAction:     registry.DELETE,\n \t\tKey:        []byte(rulekey),\n \t\tWithPrefix: true,\n \t}\n \topts = append(opts, opt)\n-\tindexKey := apt.GenerateRuleIndexKey(tenant, in.ServiceId, \"\", \"\")\n+\tindexKey := apt.GenerateRuleIndexKey(tenant, ServiceId, \"\", \"\")\n \topts = append(opts, &registry.PluginOp{\n \t\tAction: registry.DELETE,\n \t\tKey:    []byte(indexKey),\n \t})\n \topts = append(opts, opt)\n \n \t//\u5220\u9664shemas\n-\tschemaKey := apt.GenerateServiceSchemaKey(tenant, in.ServiceId, \"\")\n+\tschemaKey := apt.GenerateServiceSchemaKey(tenant, ServiceId, \"\")\n \topt = &registry.PluginOp{\n \t\tAction:     registry.DELETE,\n \t\tKey:        []byte(schemaKey),\n@@ -341,34 +308,127 @@ func (s *ServiceController) Delete(ctx context.Context, in *pb.DeleteServiceRequ\n \topts = append(opts, opt)\n \n \t//\u5220\u9664tags\n-\ttagsKey := apt.GenerateServiceTagKey(tenant, in.ServiceId)\n+\ttagsKey := apt.GenerateServiceTagKey(tenant, ServiceId)\n \topt = &registry.PluginOp{\n \t\tAction: registry.DELETE,\n \t\tKey:    []byte(tagsKey),\n \t}\n \topts = append(opts, opt)\n \n \t//\u5220\u9664\u5b9e\u4f8b\n-\terr = serviceUtil.DeleteServiceAllInstances(ctx, in)\n+\terr = serviceUtil.DeleteServiceAllInstances(ctx, ServiceId)\n \tif err != nil {\n-\t\tutil.LOGGER.Errorf(err, \"delete microservice failed, serviceId is %s: delete all instances failed.\", in.ServiceId)\n-\t\treturn &pb.DeleteServiceResponse{\n-\t\t\tResponse: pb.CreateResponse(pb.Response_FAIL, \"Delete all instances failed for service.\"),\n-\t\t}, err\n+\t\tutil.LOGGER.Errorf(err, \"delete microservice failed, serviceId is %s: delete all instances failed.\", ServiceId)\n+\t\treturn  pb.CreateResponse(pb.Response_FAIL, \"Delete all instances failed for service.\"), err\n \t}\n \n \t_, err = registry.GetRegisterCenter().Txn(ctx, opts)\n \tif err != nil {\n-\t\tutil.LOGGER.Errorf(err, \"delete microservice failed, serviceId is %s: commit data into etcd failed.\", in.ServiceId)\n+\t\tutil.LOGGER.Errorf(err, \"delete microservice failed, serviceId is %s: commit data into etcd failed.\", ServiceId)\n+\t\treturn  pb.CreateResponse(pb.Response_FAIL, \"commit operations failed\"), nil\n+\t}\n+\n+\tutil.LOGGER.Infof(\"delete microservice successful: serviceid is %s,operator is %s.\", ServiceId, util.GetIPFromContext(ctx))\n+\treturn pb.CreateResponse(pb.Response_SUCCESS, \"unregister service successfully\"), nil\n+}\n+\n+func (s *ServiceController) Delete(ctx context.Context, in *pb.DeleteServiceRequest) (*pb.DeleteServiceResponse, error) {\n+\tif in == nil || len(in.ServiceId) == 0 || in.ServiceId == apt.Service.ServiceId {\n+\t\tutil.LOGGER.Errorf(nil, \"delete microservice failed: service empty.\")\n+\t\treturn &pb.DeleteServiceResponse{\n+\t\t\tResponse: pb.CreateResponse(pb.Response_FAIL, \"request format invalid\"),\n+\t\t}, nil\n+\t}\n+\terr := apt.Validate(in)\n+\tif err != nil {\n+\t\tutil.LOGGER.Errorf(err, \"delete microservice failed, serviceId is %s: invalid parameters.\", in.ServiceId)\n \t\treturn &pb.DeleteServiceResponse{\n-\t\t\tResponse: pb.CreateResponse(pb.Response_FAIL, \"commit operations failed\"),\n+\t\t\tResponse: pb.CreateResponse(pb.Response_FAIL, err.Error()),\n \t\t}, nil\n \t}\n \n-\tutil.LOGGER.Infof(\"delete microservice successful: serviceid is %s,operator is %s.\", in.ServiceId, util.GetIPFromContext(ctx))\n+\tresp, err := s.DeleteServicePri(ctx, in.ServiceId,in.Force)\n+\n \treturn &pb.DeleteServiceResponse{\n-\t\tResponse: pb.CreateResponse(pb.Response_SUCCESS, \"unregister service successfully\"),\n-\t}, nil\n+\t\tResponse:resp,\n+\t},err\n+}\n+\n+func (s *ServiceController)DeleteServices(ctx context.Context, request *pb.DelServicesRequest)(*pb.DelServicesResponse, error){\n+\t// \u5408\u6cd5\u6027\u68c0\u67e5\n+\tif request == nil || request.ServiceIds == nil || len(request.ServiceIds) == 0 {\n+\t\treturn &pb.DelServicesResponse{\n+\t\t\tResponse: pb.CreateResponse(pb.Response_FAIL, \"Invalid request param\"),\n+\t\t\tServices:nil,\n+\t\t},nil\n+\t}\n+\n+\texistFlag := map[string]bool{}\n+\tnuoMultilCount := 0\n+\t// \u6279\u91cf\u5220\u9664\u670d\u52a1\n+\tserviceRespChan := make(chan *pb.DelServicesRspInfo , len(request.ServiceIds))\n+\tfor _, serviceId := range request.ServiceIds{\n+\t\t//ServiceId\u91cd\u590d\u6027\u68c0\u67e5\n+\t\tif _ ,ok := existFlag[serviceId]; ok {\n+\t\t\tutil.LOGGER.Warnf(nil, \"delete microservice %s , multiple.\", serviceId)\n+\t\t\tcontinue\n+\t\t} else {\n+\t\t\texistFlag[serviceId] = true\n+\t\t\tnuoMultilCount++\n+\t\t}\n+\n+\t        serviceRst := &pb.DelServicesRspInfo{\n+\t\t\tServiceId : serviceId,\n+\t\t\tErrMessage:\"\",\n+\t\t}\n+\n+\t\t//\u68c0\u67e5\u670d\u52a1ID\u5408\u6cd5\u6027\n+\t\tin := &pb.DeleteServiceRequest{\n+\t\t\tServiceId : serviceId,\n+\t\t\tForce : request.Force,\n+\t\t}\n+\t\terr := apt.Validate(in)\n+\t\tif err != nil {\n+\t\t\tutil.LOGGER.Errorf(err, \"delete microservice failed, serviceId is %s: invalid parameters.\", in.ServiceId)\n+\t\t\tserviceRst.ErrMessage = err.Error()\n+\t\t\tserviceRespChan <- serviceRst\n+\t\t\tcontinue\n+\t\t}\n+\n+\t\t//\u6267\u884c\u5220\u9664\u670d\u52a1\u64cd\u4f5c\n+\t\tgo func(serviceItem string){\n+\t\t\t resp , err := s.DeleteServicePri(ctx, serviceItem, request.Force)\n+\t\t\tif err != nil {\n+\t\t\t\tserviceRst.ErrMessage = err.Error()\n+\t\t\t}else if resp.Code != pb.Response_SUCCESS{\n+\t\t\t\tserviceRst.ErrMessage  = resp.Message\n+\t\t\t}\n+\n+\t\t\tserviceRespChan <- serviceRst\n+\t\t}(serviceId)\n+\t}\n+\n+\t//\u83b7\u53d6\u6279\u91cf\u5220\u9664\u670d\u52a1\u7684\u7ed3\u679c\n+\tcount := 0\n+\tresponseCode  := pb.Response_SUCCESS\n+        delServiceRspInfo := []*pb.DelServicesRspInfo{}\n+\tfor serviceRespItem := range serviceRespChan{\n+\t\tcount++\n+\t\tif len(serviceRespItem.ErrMessage) != 0{\n+\t\t\tresponseCode = pb.Response_FAIL\n+\t\t}\n+\t\tdelServiceRspInfo = append(delServiceRspInfo, serviceRespItem)\n+\t\t//\u7ed3\u679c\u6536\u96c6over\uff0c\u5173\u95ed\u901a\u9053\n+\t\tif count == nuoMultilCount{\n+\t\t\tclose(serviceRespChan)\n+\t\t}\n+\t}\n+\n+\tutil.LOGGER.Infof(\"Batch DeleteServices servicid = %v , result = %d, \", request.ServiceIds, responseCode)\n+        return &pb.DelServicesResponse{\n+\t\tResponse: pb.CreateResponse(responseCode, \"Delservices\"),\n+\t\tServices: delServiceRspInfo,\n+\t},nil\n }\n \n func (s *ServiceController) GetOne(ctx context.Context, in *pb.GetServiceRequest) (*pb.GetServiceResponse, error) {"}, {"sha": "efa84530f28d15774a75aeb294b69079182992a6", "filename": "server/service/microservices_test.go", "status": "modified", "additions": 154, "deletions": 0, "changes": 154, "blob_url": "https://github.com/apache/servicecomb-service-center/blob/baa3edf4c748136cb8128d80cd1388e05b46a09a/server/service/microservices_test.go", "raw_url": "https://github.com/apache/servicecomb-service-center/raw/baa3edf4c748136cb8128d80cd1388e05b46a09a/server/service/microservices_test.go", "contents_url": "https://api.github.com/repos/apache/servicecomb-service-center/contents/server/service/microservices_test.go?ref=baa3edf4c748136cb8128d80cd1388e05b46a09a", "patch": "@@ -670,4 +670,158 @@ var _ = Describe(\"ServiceController\", func() {\n \t\t\t})\n \t\t})\n \t})\n+\n+\tDescribe(\"DeleteServices\", func() {\n+\t\tContext(\"normal\", func() {\n+\t\t\tvar serviceId3 string\n+\t\t\tvar serviceId4 string\n+\t\t\tvar serviceId5 string\n+\t\t\tvar serviceId6 string\n+\t\t\tvar instanceId6 string\n+\t\t\t// \u521b\u5efa\u670d\u52a14\uff0c\u670d\u52a15\uff0c\u670d\u52a16\uff0c\u5176\u4e2d\u670d\u52a16\u521b\u5efa\u4e86\u5b9e\u4f8b\u5173\u7cfb\n+\t\t\tIt(\"\u6279\u91cf\u5220\u9664\u670d\u52a1\uff0c\u521b\u5efa\u4f9d\u8d56\u7684\u670d\u52a14\", func() {\n+\t\t\t\tresp, err := serviceResource.Create(getContext(), &pb.CreateServiceRequest{\n+\t\t\t\t\tService: &pb.MicroService{\n+\t\t\t\t\t\tServiceName: \"test-services-03\",\n+\t\t\t\t\t\tAlias:       \"ts_03\",\n+\t\t\t\t\t\tAppId:       \"default_03\",\n+\t\t\t\t\t\tVersion:     \"1.0.0\",\n+\t\t\t\t\t\tLevel:       \"FRONT\",\n+\t\t\t\t\t\tSchemas: []string{\n+\t\t\t\t\t\t\t\"xxxxxxxxxx\",\n+\t\t\t\t\t\t},\n+\t\t\t\t\t\tStatus: \"UP\",\n+\t\t\t\t\t},\n+\t\t\t\t})\n+\t\t\t\tExpect(err).To(BeNil())\n+\t\t\t\tserviceId3 = resp.ServiceId\n+\t\t\t\tfmt.Println(\"UT=========ServiceId\" + serviceId3)\n+\t\t\t\tExpect(resp.GetResponse().Code).To(Equal(pb.Response_SUCCESS))\n+\t\t\t})\n+\n+\t\t\tIt(\"\u6279\u91cf\u5220\u9664\u670d\u52a1\uff0c\u521b\u5efa\u4f9d\u8d56\u7684\u670d\u52a14\", func() {\n+\t\t\t\tresp, err := serviceResource.Create(getContext(), &pb.CreateServiceRequest{\n+\t\t\t\t\tService: &pb.MicroService{\n+\t\t\t\t\t\tServiceName: \"test-services-04\",\n+\t\t\t\t\t\tAlias:       \"ts_04\",\n+\t\t\t\t\t\tAppId:       \"default_04\",\n+\t\t\t\t\t\tVersion:     \"1.0.0\",\n+\t\t\t\t\t\tLevel:       \"FRONT\",\n+\t\t\t\t\t\tSchemas: []string{\n+\t\t\t\t\t\t\t\"xxxxxxxxxx\",\n+\t\t\t\t\t\t},\n+\t\t\t\t\t\tStatus: \"UP\",\n+\t\t\t\t\t},\n+\t\t\t\t})\n+\t\t\t\tExpect(err).To(BeNil())\n+\t\t\t\tserviceId4 = resp.ServiceId\n+\t\t\t\tfmt.Println(\"UT=========ServiceId\" + serviceId4)\n+\t\t\t\tExpect(resp.GetResponse().Code).To(Equal(pb.Response_SUCCESS))\n+\t\t\t})\n+\t\t\tIt(\"\u6279\u91cf\u5220\u9664\u670d\u52a1\uff0c\u521b\u5efa\u4f9d\u8d56\u7684\u670d\u52a15\", func() {\n+\t\t\t\tresp, err := serviceResource.Create(getContext(), &pb.CreateServiceRequest{\n+\t\t\t\t\tService: &pb.MicroService{\n+\t\t\t\t\t\tServiceName: \"test-services-05\",\n+\t\t\t\t\t\tAlias:       \"ts_05\",\n+\t\t\t\t\t\tAppId:       \"default_05\",\n+\t\t\t\t\t\tVersion:     \"1.0.0\",\n+\t\t\t\t\t\tLevel:       \"FRONT\",\n+\t\t\t\t\t\tSchemas: []string{\n+\t\t\t\t\t\t\t\"xxxxxxxx11\",\n+\t\t\t\t\t\t},\n+\t\t\t\t\t\tStatus: \"UP\",\n+\t\t\t\t\t},\n+\t\t\t\t})\n+\t\t\t\tExpect(err).To(BeNil())\n+\t\t\t\tserviceId5 = resp.ServiceId\n+\t\t\t\tfmt.Println(\"UT=========ServiceId5 \" + serviceId5)\n+\t\t\t\tfmt.Printf(\"TEST CREATE service %d\", resp.GetResponse().Code)\n+\t\t\t\tExpect(resp.GetResponse().Code).To(Equal(pb.Response_SUCCESS))\n+\t\t\t})\n+\t\t\tIt(\"\u6279\u91cf\u5220\u9664\u670d\u52a1\uff0c\u521b\u5efa\u4f9d\u8d56\u7684\u670d\u52a16\", func() {\n+\t\t\t\tresp, err := serviceResource.Create(getContext(), &pb.CreateServiceRequest{\n+\t\t\t\t\tService: &pb.MicroService{\n+\t\t\t\t\t\tServiceName: \"test-services-06\",\n+\t\t\t\t\t\tAlias:       \"ts_06\",\n+\t\t\t\t\t\tAppId:       \"default_06\",\n+\t\t\t\t\t\tVersion:     \"1.0.0\",\n+\t\t\t\t\t\tLevel:       \"FRONT\",\n+\t\t\t\t\t\tSchemas: []string{\n+\t\t\t\t\t\t\t\"xxxxxxxxxxxxx\",\n+\t\t\t\t\t\t},\n+\t\t\t\t\t\tStatus: \"UP\",\n+\t\t\t\t\t},\n+\t\t\t\t})\n+\t\t\t\tExpect(err).To(BeNil())\n+\t\t\t\tserviceId6 = resp.ServiceId\n+\t\t\t\tfmt.Println(\"UT=========ServiceId\" + serviceId6)\n+\t\t\t\tExpect(resp.GetResponse().Code).To(Equal(pb.Response_SUCCESS))\n+\t\t\t})\n+\n+\t\t\tIt(\"\u6279\u91cf\u5220\u9664\u670d\u52a1\uff0c\u521b\u5efa\u4f9d\u8d56\u7684\u670d\u52a16\", func() {\n+\t\t\t\trespReg, err := insResource.Register(getContext(), &pb.RegisterInstanceRequest{\n+\t\t\t\t\tInstance: &pb.MicroServiceInstance{\n+\t\t\t\t\t\tServiceId: serviceId6,\n+\t\t\t\t\t\tEndpoints: []string{\n+\t\t\t\t\t\t\t\"rest:127.0.0.1:8081\",\n+\t\t\t\t\t\t},\n+\t\t\t\t\t\tHostName: \"UT-HOST\",\n+\t\t\t\t\t\tStatus:   pb.MSI_UP,\n+\t\t\t\t\t\tStage:    \"prod\",\n+\t\t\t\t\t},\n+\t\t\t\t})\n+\t\t\t\tinstanceId6  = respReg.InstanceId\n+\t\t\t\tExpect(err).To(BeNil())\n+\t\t\t\tfmt.Println(\"UT============\" + respReg.GetResponse().Message)\n+\t\t\t\tExpect(respReg.GetResponse().Code).To(Equal(pb.Response_SUCCESS))\n+\t\t\t})\n+\n+\t\t\tIt(\"\u6279\u91cf\u5220\u9664\u670d\u52a13\u548c\u670d\u52a14\", func() {\n+\t\t\t\tresp, err := serviceResource.DeleteServices(getContext(), &pb.DelServicesRequest{\n+\t\t\t\t\tServiceIds: []string{serviceId3,serviceId4},\n+\t\t\t\t\tForce: false ,\n+\t\t\t\t\t},\n+\t\t\t\t)\n+\t\t\t\tExpect(err).To(BeNil())\n+\t\t\t\tfmt.Println(\"UT============\" + resp.GetResponse().Message)\n+\t\t\t\tExpect(resp.GetResponse().Code).To(Equal(pb.Response_SUCCESS))\n+\t\t\t})\n+\n+\t\t\tIt(\"\u6279\u91cf\u5220\u9664\u670d\u52a15\u548c\u670d\u52a16\", func() {\n+\t\t\t\tresp, err := serviceResource.DeleteServices(getContext(), &pb.DelServicesRequest{\n+\t\t\t\t\tServiceIds: []string{serviceId5,serviceId6},\n+\t\t\t\t\tForce: false ,\n+\t\t\t\t},\n+\t\t\t\t)\n+\t\t\t\tExpect(err).To(BeNil())\n+\t\t\t\t//\u671f\u5f85\u7ed3\u679c\u5931\u8d25\n+\t\t\t\tfmt.Println(\"UT============\" + resp.GetResponse().Message)\n+\t\t\t\tExpect(resp.GetResponse().Code).To(Equal(pb.Response_FAIL))\n+\t\t\t})\n+\n+\t\t\tIt(\"\u5220\u9664\u670d\u52a16\u7684\u5b9e\u4f8b\uff0c\u5220\u9664\u670d\u52a15\u548c\u670d\u52a16\", func() {\n+\n+\t\t\t\trespReg, err := insResource.Unregister(getContext(), &pb.UnregisterInstanceRequest{\n+\t\t\t\t\t\tServiceId: serviceId6,\n+\t\t\t\t\t        InstanceId:instanceId6,\n+\t\t\t\t})\n+\n+\t\t\t\tExpect(err).To(BeNil())\n+\t\t\t\tExpect(respReg.GetResponse().Code).To(Equal(pb.Response_SUCCESS))\n+\n+\t\t\t\tresp, err := serviceResource.DeleteServices(getContext(), &pb.DelServicesRequest{\n+\t\t\t\t\tServiceIds: []string{serviceId6},\n+\t\t\t\t\tForce: false ,\n+\t\t\t\t},\n+\t\t\t\t)\n+\t\t\t\tExpect(err).To(BeNil())\n+\t\t\t\t//\u671f\u5f85\u7ed3\u679c\u5931\u8d25\n+\t\t\t\tfmt.Println(\"UT============\" + resp.GetResponse().Message)\n+\t\t\t\tExpect(resp.GetResponse().Code).To(Equal(pb.Response_SUCCESS))\n+\t\t\t})\n+\n+\n+\n+\t\t})\n+\t})\n })"}, {"sha": "43452d74178e8913dc4a610c567ceef745affeeb", "filename": "server/service/util/instance_util.go", "status": "modified", "additions": 2, "deletions": 2, "changes": 4, "blob_url": "https://github.com/apache/servicecomb-service-center/blob/baa3edf4c748136cb8128d80cd1388e05b46a09a/server/service/util/instance_util.go", "raw_url": "https://github.com/apache/servicecomb-service-center/raw/baa3edf4c748136cb8128d80cd1388e05b46a09a/server/service/util/instance_util.go", "contents_url": "https://api.github.com/repos/apache/servicecomb-service-center/contents/server/service/util/instance_util.go?ref=baa3edf4c748136cb8128d80cd1388e05b46a09a", "patch": "@@ -136,10 +136,10 @@ func isContain(endpoints []string, endpoint string) bool {\n \treturn false\n }\n \n-func DeleteServiceAllInstances(ctx context.Context, in *pb.DeleteServiceRequest) error {\n+func DeleteServiceAllInstances(ctx context.Context, ServiceId string) error {\n \ttenant := util.ParseTenantProject(ctx)\n \n-\tinstanceLeaseKey := apt.GenerateInstanceLeaseKey(tenant, in.ServiceId, \"\")\n+\tinstanceLeaseKey := apt.GenerateInstanceLeaseKey(tenant, ServiceId, \"\")\n \tresp, err := store.Store().Lease().Search(ctx, &registry.PluginOp{\n \t\tAction:      registry.GET,\n \t\tKey:         []byte(instanceLeaseKey),"}]}