{"sha": "0a1c3d99f1198ecc6444fbdd16021272c4702cc4", "node_id": "MDY6Q29tbWl0MzA4MzY2MTA6MGExYzNkOTlmMTE5OGVjYzY0NDRmYmRkMTYwMjEyNzJjNDcwMmNjNA==", "commit": {"author": {"name": "Sam Hiatt", "email": "samhiatt@gmail.com", "date": "2017-09-29T02:02:38Z"}, "committer": {"name": "GitHub", "email": "noreply@github.com", "date": "2017-09-29T02:02:38Z"}, "message": "Adds support for sending sysex commands.", "tree": {"sha": "070e76e1d46723371168eb73ddb4d48a54c0409c", "url": "https://api.github.com/repos/dinchak/node-easymidi/git/trees/070e76e1d46723371168eb73ddb4d48a54c0409c"}, "url": "https://api.github.com/repos/dinchak/node-easymidi/git/commits/0a1c3d99f1198ecc6444fbdd16021272c4702cc4", "comment_count": 0, "verification": {"verified": false, "reason": "unsigned", "signature": null, "payload": null}}, "url": "https://api.github.com/repos/dinchak/node-easymidi/commits/0a1c3d99f1198ecc6444fbdd16021272c4702cc4", "html_url": "https://github.com/dinchak/node-easymidi/commit/0a1c3d99f1198ecc6444fbdd16021272c4702cc4", "comments_url": "https://api.github.com/repos/dinchak/node-easymidi/commits/0a1c3d99f1198ecc6444fbdd16021272c4702cc4/comments", "author": {"login": "samhiatt", "id": 258128, "node_id": "MDQ6VXNlcjI1ODEyOA==", "avatar_url": "https://avatars2.githubusercontent.com/u/258128?v=4", "gravatar_id": "", "url": "https://api.github.com/users/samhiatt", "html_url": "https://github.com/samhiatt", "followers_url": "https://api.github.com/users/samhiatt/followers", "following_url": "https://api.github.com/users/samhiatt/following{/other_user}", "gists_url": "https://api.github.com/users/samhiatt/gists{/gist_id}", "starred_url": "https://api.github.com/users/samhiatt/starred{/owner}{/repo}", "subscriptions_url": "https://api.github.com/users/samhiatt/subscriptions", "organizations_url": "https://api.github.com/users/samhiatt/orgs", "repos_url": "https://api.github.com/users/samhiatt/repos", "events_url": "https://api.github.com/users/samhiatt/events{/privacy}", "received_events_url": "https://api.github.com/users/samhiatt/received_events", "type": "User", "site_admin": false}, "committer": {"login": "web-flow", "id": 19864447, "node_id": "MDQ6VXNlcjE5ODY0NDQ3", "avatar_url": "https://avatars3.githubusercontent.com/u/19864447?v=4", "gravatar_id": "", "url": "https://api.github.com/users/web-flow", "html_url": "https://github.com/web-flow", "followers_url": "https://api.github.com/users/web-flow/followers", "following_url": "https://api.github.com/users/web-flow/following{/other_user}", "gists_url": "https://api.github.com/users/web-flow/gists{/gist_id}", "starred_url": "https://api.github.com/users/web-flow/starred{/owner}{/repo}", "subscriptions_url": "https://api.github.com/users/web-flow/subscriptions", "organizations_url": "https://api.github.com/users/web-flow/orgs", "repos_url": "https://api.github.com/users/web-flow/repos", "events_url": "https://api.github.com/users/web-flow/events{/privacy}", "received_events_url": "https://api.github.com/users/web-flow/received_events", "type": "User", "site_admin": false}, "parents": [{"sha": "9f685e5d1da545c68a231bdac7a430ba13838b5d", "url": "https://api.github.com/repos/dinchak/node-easymidi/commits/9f685e5d1da545c68a231bdac7a430ba13838b5d", "html_url": "https://github.com/dinchak/node-easymidi/commit/9f685e5d1da545c68a231bdac7a430ba13838b5d"}], "stats": {"total": 7, "additions": 7, "deletions": 0}, "files": [{"sha": "d2cd0929a646f4fbf5eb3a2692e0aa96542aee93", "filename": "index.js", "status": "modified", "additions": 7, "deletions": 0, "changes": 7, "blob_url": "https://github.com/dinchak/node-easymidi/blob/0a1c3d99f1198ecc6444fbdd16021272c4702cc4/index.js", "raw_url": "https://github.com/dinchak/node-easymidi/raw/0a1c3d99f1198ecc6444fbdd16021272c4702cc4/index.js", "contents_url": "https://api.github.com/repos/dinchak/node-easymidi/contents/index.js?ref=0a1c3d99f1198ecc6444fbdd16021272c4702cc4", "patch": "@@ -202,6 +202,13 @@ Output.prototype.parseMessage = function (type, args) {\n   if (type == 'select') {\n     bytes.push(args.song);\n   }\n+  if (type == 'sysex') {  \n+    // sysex commands should start with 0xf0 and end with 0xf7. Throw an error if it doesn't.\n+    if (args.length<=3 || args[0]!=0xf0 || args[args.length-1]!=0xf7) { //\n+      throw new Error(\"sysex commands should be an array that starts with 0xf0 and end with 0xf7\");\n+    }\n+    args.slice(1).forEach(function(arg){bytes.push(arg);}); // 0xf0 was already added at the beginning of parseMessage.\n+  }\n   return bytes;\n };\n "}]}