{"sha": "5966817941b57251fbd1cf8b9b458ec389c071a0", "node_id": "MDY6Q29tbWl0MTcxNjU2NTg6NTk2NjgxNzk0MWI1NzI1MWZiZDFjZjhiOWI0NThlYzM4OWMwNzFhMA==", "commit": {"author": {"name": "Rishabh Bhardwaj", "email": "rbnext29@gmail.com", "date": "2015-10-19T21:38:49Z"}, "committer": {"name": "Reynold Xin", "email": "rxin@databricks.com", "date": "2015-10-19T21:38:58Z"}, "message": "[SPARK-11180][SQL] Support BooleanType in DataFrame.na.fill\n\nAdded support for boolean types in fill and replace methods\n\nAuthor: Rishabh Bhardwaj <rbnext29@gmail.com>\n\nCloses #9166 from rishabhbhardwaj/master.", "tree": {"sha": "8ed7175fa4ed6dffba1e7ca673abf84fcd12448e", "url": "https://api.github.com/repos/apache/spark/git/trees/8ed7175fa4ed6dffba1e7ca673abf84fcd12448e"}, "url": "https://api.github.com/repos/apache/spark/git/commits/5966817941b57251fbd1cf8b9b458ec389c071a0", "comment_count": 0, "verification": {"verified": false, "reason": "unsigned", "signature": null, "payload": null}}, "url": "https://api.github.com/repos/apache/spark/commits/5966817941b57251fbd1cf8b9b458ec389c071a0", "html_url": "https://github.com/apache/spark/commit/5966817941b57251fbd1cf8b9b458ec389c071a0", "comments_url": "https://api.github.com/repos/apache/spark/commits/5966817941b57251fbd1cf8b9b458ec389c071a0/comments", "author": {"login": "rishabhbhardwaj", "id": 4653910, "node_id": "MDQ6VXNlcjQ2NTM5MTA=", "avatar_url": "https://avatars0.githubusercontent.com/u/4653910?v=4", "gravatar_id": "", "url": "https://api.github.com/users/rishabhbhardwaj", "html_url": "https://github.com/rishabhbhardwaj", "followers_url": "https://api.github.com/users/rishabhbhardwaj/followers", "following_url": "https://api.github.com/users/rishabhbhardwaj/following{/other_user}", "gists_url": "https://api.github.com/users/rishabhbhardwaj/gists{/gist_id}", "starred_url": "https://api.github.com/users/rishabhbhardwaj/starred{/owner}{/repo}", "subscriptions_url": "https://api.github.com/users/rishabhbhardwaj/subscriptions", "organizations_url": "https://api.github.com/users/rishabhbhardwaj/orgs", "repos_url": "https://api.github.com/users/rishabhbhardwaj/repos", "events_url": "https://api.github.com/users/rishabhbhardwaj/events{/privacy}", "received_events_url": "https://api.github.com/users/rishabhbhardwaj/received_events", "type": "User", "site_admin": false}, "committer": {"login": "rxin", "id": 323388, "node_id": "MDQ6VXNlcjMyMzM4OA==", "avatar_url": "https://avatars0.githubusercontent.com/u/323388?v=4", "gravatar_id": "", "url": "https://api.github.com/users/rxin", "html_url": "https://github.com/rxin", "followers_url": "https://api.github.com/users/rxin/followers", "following_url": "https://api.github.com/users/rxin/following{/other_user}", "gists_url": "https://api.github.com/users/rxin/gists{/gist_id}", "starred_url": "https://api.github.com/users/rxin/starred{/owner}{/repo}", "subscriptions_url": "https://api.github.com/users/rxin/subscriptions", "organizations_url": "https://api.github.com/users/rxin/orgs", "repos_url": "https://api.github.com/users/rxin/repos", "events_url": "https://api.github.com/users/rxin/events{/privacy}", "received_events_url": "https://api.github.com/users/rxin/received_events", "type": "User", "site_admin": false}, "parents": [{"sha": "7893cd95db5f2caba59ff5c859d7e4964ad7938d", "url": "https://api.github.com/repos/apache/spark/commits/7893cd95db5f2caba59ff5c859d7e4964ad7938d", "html_url": "https://github.com/apache/spark/commit/7893cd95db5f2caba59ff5c859d7e4964ad7938d"}], "stats": {"total": 43, "additions": 27, "deletions": 16}, "files": [{"sha": "f7be5f6b370ab29bdf6923e656a10b77ae7a8f35", "filename": "sql/core/src/main/scala/org/apache/spark/sql/DataFrameNaFunctions.scala", "status": "modified", "additions": 19, "deletions": 10, "changes": 29, "blob_url": "https://github.com/apache/spark/blob/5966817941b57251fbd1cf8b9b458ec389c071a0/sql/core/src/main/scala/org/apache/spark/sql/DataFrameNaFunctions.scala", "raw_url": "https://github.com/apache/spark/raw/5966817941b57251fbd1cf8b9b458ec389c071a0/sql/core/src/main/scala/org/apache/spark/sql/DataFrameNaFunctions.scala", "contents_url": "https://api.github.com/repos/apache/spark/contents/sql/core/src/main/scala/org/apache/spark/sql/DataFrameNaFunctions.scala?ref=5966817941b57251fbd1cf8b9b458ec389c071a0", "patch": "@@ -198,7 +198,8 @@ final class DataFrameNaFunctions private[sql](df: DataFrame) {\n    * Returns a new [[DataFrame]] that replaces null values.\n    *\n    * The key of the map is the column name, and the value of the map is the replacement value.\n-   * The value must be of the following type: `Integer`, `Long`, `Float`, `Double`, `String`.\n+   * The value must be of the following type:\n+   * `Integer`, `Long`, `Float`, `Double`, `String`, `Boolean`.\n    *\n    * For example, the following replaces null values in column \"A\" with string \"unknown\", and\n    * null values in column \"B\" with numeric value 1.0.\n@@ -215,7 +216,7 @@ final class DataFrameNaFunctions private[sql](df: DataFrame) {\n    * (Scala-specific) Returns a new [[DataFrame]] that replaces null values.\n    *\n    * The key of the map is the column name, and the value of the map is the replacement value.\n-   * The value must be of the following type: `Int`, `Long`, `Float`, `Double`, `String`.\n+   * The value must be of the following type: `Int`, `Long`, `Float`, `Double`, `String`, `Boolean`.\n    *\n    * For example, the following replaces null values in column \"A\" with string \"unknown\", and\n    * null values in column \"B\" with numeric value 1.0.\n@@ -232,7 +233,8 @@ final class DataFrameNaFunctions private[sql](df: DataFrame) {\n \n   /**\n    * Replaces values matching keys in `replacement` map with the corresponding values.\n-   * Key and value of `replacement` map must have the same type, and can only be doubles or strings.\n+   * Key and value of `replacement` map must have the same type, and\n+   * can only be doubles, strings or booleans.\n    * If `col` is \"*\", then the replacement is applied on all string columns or numeric columns.\n    *\n    * {{{\n@@ -259,7 +261,8 @@ final class DataFrameNaFunctions private[sql](df: DataFrame) {\n \n   /**\n    * Replaces values matching keys in `replacement` map with the corresponding values.\n-   * Key and value of `replacement` map must have the same type, and can only be doubles or strings.\n+   * Key and value of `replacement` map must have the same type, and\n+   * can only be doubles, strings or booleans.\n    *\n    * {{{\n    *   import com.google.common.collect.ImmutableMap;\n@@ -282,8 +285,10 @@ final class DataFrameNaFunctions private[sql](df: DataFrame) {\n \n   /**\n    * (Scala-specific) Replaces values matching keys in `replacement` map.\n-   * Key and value of `replacement` map must have the same type, and can only be doubles or strings.\n-   * If `col` is \"*\", then the replacement is applied on all string columns or numeric columns.\n+   * Key and value of `replacement` map must have the same type, and\n+   * can only be doubles, strings or booleans.\n+   * If `col` is \"*\",\n+   * then the replacement is applied on all string columns , numeric columns or boolean columns.\n    *\n    * {{{\n    *   // Replaces all occurrences of 1.0 with 2.0 in column \"height\".\n@@ -311,7 +316,8 @@ final class DataFrameNaFunctions private[sql](df: DataFrame) {\n \n   /**\n    * (Scala-specific) Replaces values matching keys in `replacement` map.\n-   * Key and value of `replacement` map must have the same type, and can only be doubles or strings.\n+   * Key and value of `replacement` map must have the same type, and\n+   * can only be doubles , strings or booleans.\n    *\n    * {{{\n    *   // Replaces all occurrences of 1.0 with 2.0 in column \"height\" and \"weight\".\n@@ -333,15 +339,17 @@ final class DataFrameNaFunctions private[sql](df: DataFrame) {\n       return df\n     }\n \n-    // replacementMap is either Map[String, String] or Map[Double, Double]\n+    // replacementMap is either Map[String, String] or Map[Double, Double] or Map[Boolean,Boolean]\n     val replacementMap: Map[_, _] = replacement.head._2 match {\n       case v: String => replacement\n+      case v: Boolean => replacement\n       case _ => replacement.map { case (k, v) => (convertToDouble(k), convertToDouble(v)) }\n     }\n \n-    // targetColumnType is either DoubleType or StringType\n+    // targetColumnType is either DoubleType or StringType or BooleanType\n     val targetColumnType = replacement.head._1 match {\n       case _: jl.Double | _: jl.Float | _: jl.Integer | _: jl.Long => DoubleType\n+      case _: jl.Boolean => BooleanType\n       case _: String => StringType\n     }\n \n@@ -367,7 +375,7 @@ final class DataFrameNaFunctions private[sql](df: DataFrame) {\n \n       // Check data type\n       replaceValue match {\n-        case _: jl.Double | _: jl.Float | _: jl.Integer | _: jl.Long | _: String =>\n+        case _: jl.Double | _: jl.Float | _: jl.Integer | _: jl.Long | _: jl.Boolean | _: String =>\n           // This is good\n         case _ => throw new IllegalArgumentException(\n           s\"Unsupported value type ${replaceValue.getClass.getName} ($replaceValue).\")\n@@ -382,6 +390,7 @@ final class DataFrameNaFunctions private[sql](df: DataFrame) {\n           case v: jl.Double => fillCol[Double](f, v)\n           case v: jl.Long => fillCol[Double](f, v.toDouble)\n           case v: jl.Integer => fillCol[Double](f, v.toDouble)\n+          case v: jl.Boolean => fillCol[Boolean](f, v.booleanValue())\n           case v: String => fillCol[String](f, v)\n         }\n       }.getOrElse(df.col(f.name))"}, {"sha": "e34875471f0930c784fcc960ee17d962648fa9f5", "filename": "sql/core/src/test/scala/org/apache/spark/sql/DataFrameNaFunctionsSuite.scala", "status": "modified", "additions": 8, "deletions": 6, "changes": 14, "blob_url": "https://github.com/apache/spark/blob/5966817941b57251fbd1cf8b9b458ec389c071a0/sql/core/src/test/scala/org/apache/spark/sql/DataFrameNaFunctionsSuite.scala", "raw_url": "https://github.com/apache/spark/raw/5966817941b57251fbd1cf8b9b458ec389c071a0/sql/core/src/test/scala/org/apache/spark/sql/DataFrameNaFunctionsSuite.scala", "contents_url": "https://api.github.com/repos/apache/spark/contents/sql/core/src/test/scala/org/apache/spark/sql/DataFrameNaFunctionsSuite.scala?ref=5966817941b57251fbd1cf8b9b458ec389c071a0", "patch": "@@ -141,24 +141,26 @@ class DataFrameNaFunctionsSuite extends QueryTest with SharedSQLContext {\n   }\n \n   test(\"fill with map\") {\n-    val df = Seq[(String, String, java.lang.Long, java.lang.Double)](\n-      (null, null, null, null)).toDF(\"a\", \"b\", \"c\", \"d\")\n+    val df = Seq[(String, String, java.lang.Long, java.lang.Double, java.lang.Boolean)](\n+      (null, null, null, null, null)).toDF(\"a\", \"b\", \"c\", \"d\", \"e\")\n     checkAnswer(\n       df.na.fill(Map(\n         \"a\" -> \"test\",\n         \"c\" -> 1,\n-        \"d\" -> 2.2\n+        \"d\" -> 2.2,\n+        \"e\" -> false\n       )),\n-      Row(\"test\", null, 1, 2.2))\n+      Row(\"test\", null, 1, 2.2, false))\n \n     // Test Java version\n     checkAnswer(\n       df.na.fill(Map(\n         \"a\" -> \"test\",\n         \"c\" -> 1,\n-        \"d\" -> 2.2\n+        \"d\" -> 2.2,\n+        \"e\" -> false\n       ).asJava),\n-      Row(\"test\", null, 1, 2.2))\n+      Row(\"test\", null, 1, 2.2, false))\n   }\n \n   test(\"replace\") {"}]}