{"sha": "cba023e81c2683e62a6fa5c4fdfeb1d608610728", "node_id": "MDY6Q29tbWl0MjMyNzY2NDc6Y2JhMDIzZTgxYzI2ODNlNjJhNmZhNWM0ZmRmZWIxZDYwODYxMDcyOA==", "commit": {"author": {"name": "Karen", "email": "karenpenglabs@gmail.com", "date": "2014-09-09T05:41:43Z"}, "committer": {"name": "Karen", "email": "karenpenglabs@gmail.com", "date": "2014-09-09T05:41:43Z"}, "message": "add rotate", "tree": {"sha": "1d16e91b9f98399430cd683f66b8730641bad5c6", "url": "https://api.github.com/repos/dead-horse/pvector/git/trees/1d16e91b9f98399430cd683f66b8730641bad5c6"}, "url": "https://api.github.com/repos/dead-horse/pvector/git/commits/cba023e81c2683e62a6fa5c4fdfeb1d608610728", "comment_count": 0, "verification": {"verified": false, "reason": "unsigned", "signature": null, "payload": null}}, "url": "https://api.github.com/repos/dead-horse/pvector/commits/cba023e81c2683e62a6fa5c4fdfeb1d608610728", "html_url": "https://github.com/dead-horse/pvector/commit/cba023e81c2683e62a6fa5c4fdfeb1d608610728", "comments_url": "https://api.github.com/repos/dead-horse/pvector/commits/cba023e81c2683e62a6fa5c4fdfeb1d608610728/comments", "author": {"login": "karenpeng", "id": 1695075, "node_id": "MDQ6VXNlcjE2OTUwNzU=", "avatar_url": "https://avatars3.githubusercontent.com/u/1695075?v=4", "gravatar_id": "", "url": "https://api.github.com/users/karenpeng", "html_url": "https://github.com/karenpeng", "followers_url": "https://api.github.com/users/karenpeng/followers", "following_url": "https://api.github.com/users/karenpeng/following{/other_user}", "gists_url": "https://api.github.com/users/karenpeng/gists{/gist_id}", "starred_url": "https://api.github.com/users/karenpeng/starred{/owner}{/repo}", "subscriptions_url": "https://api.github.com/users/karenpeng/subscriptions", "organizations_url": "https://api.github.com/users/karenpeng/orgs", "repos_url": "https://api.github.com/users/karenpeng/repos", "events_url": "https://api.github.com/users/karenpeng/events{/privacy}", "received_events_url": "https://api.github.com/users/karenpeng/received_events", "type": "User", "site_admin": false}, "committer": {"login": "karenpeng", "id": 1695075, "node_id": "MDQ6VXNlcjE2OTUwNzU=", "avatar_url": "https://avatars3.githubusercontent.com/u/1695075?v=4", "gravatar_id": "", "url": "https://api.github.com/users/karenpeng", "html_url": "https://github.com/karenpeng", "followers_url": "https://api.github.com/users/karenpeng/followers", "following_url": "https://api.github.com/users/karenpeng/following{/other_user}", "gists_url": "https://api.github.com/users/karenpeng/gists{/gist_id}", "starred_url": "https://api.github.com/users/karenpeng/starred{/owner}{/repo}", "subscriptions_url": "https://api.github.com/users/karenpeng/subscriptions", "organizations_url": "https://api.github.com/users/karenpeng/orgs", "repos_url": "https://api.github.com/users/karenpeng/repos", "events_url": "https://api.github.com/users/karenpeng/events{/privacy}", "received_events_url": "https://api.github.com/users/karenpeng/received_events", "type": "User", "site_admin": false}, "parents": [{"sha": "c71ec4eea391a7cac9076a98e3634925dc697f13", "url": "https://api.github.com/repos/dead-horse/pvector/commits/c71ec4eea391a7cac9076a98e3634925dc697f13", "html_url": "https://github.com/dead-horse/pvector/commit/c71ec4eea391a7cac9076a98e3634925dc697f13"}], "stats": {"total": 13, "additions": 10, "deletions": 3}, "files": [{"sha": "24e037e05daf293e844ab1ecdd9c9b44877aad6e", "filename": "lib/pvector.js", "status": "modified", "additions": 10, "deletions": 3, "changes": 13, "blob_url": "https://github.com/dead-horse/pvector/blob/cba023e81c2683e62a6fa5c4fdfeb1d608610728/lib/pvector.js", "raw_url": "https://github.com/dead-horse/pvector/raw/cba023e81c2683e62a6fa5c4fdfeb1d608610728/lib/pvector.js", "contents_url": "https://api.github.com/repos/dead-horse/pvector/contents/lib/pvector.js?ref=cba023e81c2683e62a6fa5c4fdfeb1d608610728", "patch": "@@ -39,8 +39,7 @@ PVector.random2D = function (vector) {\n   return vector;\n };\n \n-\n-PVector.prototype.set = function(x, y) {\n+PVector.prototype.set = function (x, y) {\n   this.x = x || 0;\n   this.y = y || 0;\n };\n@@ -156,6 +155,14 @@ PVector.prototype.heading = function () {\n   }\n };\n \n+PVector.prototype.rotate = function (a) {\n+  var newHeading = this.heading() + a;\n+  var mag = this.mag();\n+  this.x = Math.cos(newHeading) * mag;\n+  this.y = Math.sin(newHeading) * mag;\n+  return this;\n+};\n+\n PVector.angleBetween = function (a, b) {\n   // A dot B = (magnitude of A)*(magnitude of B)*cos(theta)\n   var dot = a.dot(b);\n@@ -165,4 +172,4 @@ PVector.angleBetween = function (a, b) {\n PVector.prototype.angleBetween = function (other) {\n   var dot = this.dot(other);\n   return Math.acos(dot / (this.mag() * other.mag()));\n-};\n+};\n\\ No newline at end of file"}]}