{"sha": "40e19f153236a761d974521c1c72ef534ce6409a", "node_id": "MDY6Q29tbWl0NzczMTc3NDg6NDBlMTlmMTUzMjM2YTc2MWQ5NzQ1MjFjMWM3MmVmNTM0Y2U2NDA5YQ==", "commit": {"author": {"name": "Bennet Schulz", "email": "mail@bennet-schulz.de", "date": "2017-10-07T10:20:07Z"}, "committer": {"name": "Bennet Schulz", "email": "mail@bennet-schulz.de", "date": "2017-10-07T10:20:07Z"}, "message": "migrate from junit 3 to 4", "tree": {"sha": "6c20abeafb2f35e3196da3e79f12d64f65fb831e", "url": "https://api.github.com/repos/camel-tooling/camel-idea-plugin/git/trees/6c20abeafb2f35e3196da3e79f12d64f65fb831e"}, "url": "https://api.github.com/repos/camel-tooling/camel-idea-plugin/git/commits/40e19f153236a761d974521c1c72ef534ce6409a", "comment_count": 0, "verification": {"verified": false, "reason": "unsigned", "signature": null, "payload": null}}, "url": "https://api.github.com/repos/camel-tooling/camel-idea-plugin/commits/40e19f153236a761d974521c1c72ef534ce6409a", "html_url": "https://github.com/camel-tooling/camel-idea-plugin/commit/40e19f153236a761d974521c1c72ef534ce6409a", "comments_url": "https://api.github.com/repos/camel-tooling/camel-idea-plugin/commits/40e19f153236a761d974521c1c72ef534ce6409a/comments", "author": {"login": "bennetelli", "id": 8372856, "node_id": "MDQ6VXNlcjgzNzI4NTY=", "avatar_url": "https://avatars1.githubusercontent.com/u/8372856?v=4", "gravatar_id": "", "url": "https://api.github.com/users/bennetelli", "html_url": "https://github.com/bennetelli", "followers_url": "https://api.github.com/users/bennetelli/followers", "following_url": "https://api.github.com/users/bennetelli/following{/other_user}", "gists_url": "https://api.github.com/users/bennetelli/gists{/gist_id}", "starred_url": "https://api.github.com/users/bennetelli/starred{/owner}{/repo}", "subscriptions_url": "https://api.github.com/users/bennetelli/subscriptions", "organizations_url": "https://api.github.com/users/bennetelli/orgs", "repos_url": "https://api.github.com/users/bennetelli/repos", "events_url": "https://api.github.com/users/bennetelli/events{/privacy}", "received_events_url": "https://api.github.com/users/bennetelli/received_events", "type": "User", "site_admin": false}, "committer": {"login": "bennetelli", "id": 8372856, "node_id": "MDQ6VXNlcjgzNzI4NTY=", "avatar_url": "https://avatars1.githubusercontent.com/u/8372856?v=4", "gravatar_id": "", "url": "https://api.github.com/users/bennetelli", "html_url": "https://github.com/bennetelli", "followers_url": "https://api.github.com/users/bennetelli/followers", "following_url": "https://api.github.com/users/bennetelli/following{/other_user}", "gists_url": "https://api.github.com/users/bennetelli/gists{/gist_id}", "starred_url": "https://api.github.com/users/bennetelli/starred{/owner}{/repo}", "subscriptions_url": "https://api.github.com/users/bennetelli/subscriptions", "organizations_url": "https://api.github.com/users/bennetelli/orgs", "repos_url": "https://api.github.com/users/bennetelli/repos", "events_url": "https://api.github.com/users/bennetelli/events{/privacy}", "received_events_url": "https://api.github.com/users/bennetelli/received_events", "type": "User", "site_admin": false}, "parents": [{"sha": "8149615749f520a2faf8ab7780f591c5e20a6bfe", "url": "https://api.github.com/repos/camel-tooling/camel-idea-plugin/commits/8149615749f520a2faf8ab7780f591c5e20a6bfe", "html_url": "https://github.com/camel-tooling/camel-idea-plugin/commit/8149615749f520a2faf8ab7780f591c5e20a6bfe"}], "stats": {"total": 7, "additions": 5, "deletions": 2}, "files": [{"sha": "c967da9c29e176fc684bd614c0212fb8dcf4d650", "filename": "camel-idea-plugin/src/test/java/org/apache/camel/idea/util/StringUtilsTest.java", "status": "modified", "additions": 5, "deletions": 2, "changes": 7, "blob_url": "https://github.com/camel-tooling/camel-idea-plugin/blob/40e19f153236a761d974521c1c72ef534ce6409a/camel-idea-plugin/src/test/java/org/apache/camel/idea/util/StringUtilsTest.java", "raw_url": "https://github.com/camel-tooling/camel-idea-plugin/raw/40e19f153236a761d974521c1c72ef534ce6409a/camel-idea-plugin/src/test/java/org/apache/camel/idea/util/StringUtilsTest.java", "contents_url": "https://api.github.com/repos/camel-tooling/camel-idea-plugin/contents/camel-idea-plugin/src/test/java/org/apache/camel/idea/util/StringUtilsTest.java?ref=40e19f153236a761d974521c1c72ef534ce6409a", "patch": "@@ -21,10 +21,13 @@\n import java.util.List;\n import java.util.Map;\n \n-import junit.framework.TestCase;\n import org.junit.Test;\n \n-public class StringUtilsTest extends TestCase {\n+import static org.junit.Assert.assertTrue;\n+import static org.junit.Assert.assertFalse;\n+import static org.junit.Assert.assertEquals;\n+\n+public class StringUtilsTest {\n \n     @Test\n     public void testHasQuestionMark() {"}]}