{"sha": "f78421d67d4c35ce7c098105efd3688d8abd3765", "node_id": "MDY6Q29tbWl0Nzk1ODQ1ODc6Zjc4NDIxZDY3ZDRjMzVjZTdjMDk4MTA1ZWZkMzY4OGQ4YWJkMzc2NQ==", "commit": {"author": {"name": "Zhe Zhang", "email": "zhz@apache.org", "date": "2017-06-05T17:19:51Z"}, "committer": {"name": "Zhe Zhang", "email": "zhz@apache.org", "date": "2017-06-05T17:19:51Z"}, "message": "Fix README.md nested list formatting.", "tree": {"sha": "78246c2f203a51afaef2b14597893fcb7466af4c", "url": "https://api.github.com/repos/yahoo/TensorFlowOnSpark/git/trees/78246c2f203a51afaef2b14597893fcb7466af4c"}, "url": "https://api.github.com/repos/yahoo/TensorFlowOnSpark/git/commits/f78421d67d4c35ce7c098105efd3688d8abd3765", "comment_count": 0, "verification": {"verified": false, "reason": "unsigned", "signature": null, "payload": null}}, "url": "https://api.github.com/repos/yahoo/TensorFlowOnSpark/commits/f78421d67d4c35ce7c098105efd3688d8abd3765", "html_url": "https://github.com/yahoo/TensorFlowOnSpark/commit/f78421d67d4c35ce7c098105efd3688d8abd3765", "comments_url": "https://api.github.com/repos/yahoo/TensorFlowOnSpark/commits/f78421d67d4c35ce7c098105efd3688d8abd3765/comments", "author": {"login": "zhe-thoughts", "id": 10713559, "node_id": "MDQ6VXNlcjEwNzEzNTU5", "avatar_url": "https://avatars3.githubusercontent.com/u/10713559?v=4", "gravatar_id": "", "url": "https://api.github.com/users/zhe-thoughts", "html_url": "https://github.com/zhe-thoughts", "followers_url": "https://api.github.com/users/zhe-thoughts/followers", "following_url": "https://api.github.com/users/zhe-thoughts/following{/other_user}", "gists_url": "https://api.github.com/users/zhe-thoughts/gists{/gist_id}", "starred_url": "https://api.github.com/users/zhe-thoughts/starred{/owner}{/repo}", "subscriptions_url": "https://api.github.com/users/zhe-thoughts/subscriptions", "organizations_url": "https://api.github.com/users/zhe-thoughts/orgs", "repos_url": "https://api.github.com/users/zhe-thoughts/repos", "events_url": "https://api.github.com/users/zhe-thoughts/events{/privacy}", "received_events_url": "https://api.github.com/users/zhe-thoughts/received_events", "type": "User", "site_admin": false}, "committer": {"login": "zhe-thoughts", "id": 10713559, "node_id": "MDQ6VXNlcjEwNzEzNTU5", "avatar_url": "https://avatars3.githubusercontent.com/u/10713559?v=4", "gravatar_id": "", "url": "https://api.github.com/users/zhe-thoughts", "html_url": "https://github.com/zhe-thoughts", "followers_url": "https://api.github.com/users/zhe-thoughts/followers", "following_url": "https://api.github.com/users/zhe-thoughts/following{/other_user}", "gists_url": "https://api.github.com/users/zhe-thoughts/gists{/gist_id}", "starred_url": "https://api.github.com/users/zhe-thoughts/starred{/owner}{/repo}", "subscriptions_url": "https://api.github.com/users/zhe-thoughts/subscriptions", "organizations_url": "https://api.github.com/users/zhe-thoughts/orgs", "repos_url": "https://api.github.com/users/zhe-thoughts/repos", "events_url": "https://api.github.com/users/zhe-thoughts/events{/privacy}", "received_events_url": "https://api.github.com/users/zhe-thoughts/received_events", "type": "User", "site_admin": false}, "parents": [{"sha": "0657403b59208dd138981adfb9a7fef582e20314", "url": "https://api.github.com/repos/yahoo/TensorFlowOnSpark/commits/0657403b59208dd138981adfb9a7fef582e20314", "html_url": "https://github.com/yahoo/TensorFlowOnSpark/commit/0657403b59208dd138981adfb9a7fef582e20314"}], "stats": {"total": 4, "additions": 2, "deletions": 2}, "files": [{"sha": "547dc9bae412c1d52b9290bc8d52002ef5601662", "filename": "README.md", "status": "modified", "additions": 2, "deletions": 2, "changes": 4, "blob_url": "https://github.com/yahoo/TensorFlowOnSpark/blob/f78421d67d4c35ce7c098105efd3688d8abd3765/README.md", "raw_url": "https://github.com/yahoo/TensorFlowOnSpark/raw/f78421d67d4c35ce7c098105efd3688d8abd3765/README.md", "contents_url": "https://api.github.com/repos/yahoo/TensorFlowOnSpark/contents/README.md?ref=f78421d67d4c35ce7c098105efd3688d8abd3765", "patch": "@@ -21,8 +21,8 @@ cluster with the following steps:\n \n 1. **Startup** - launches the Tensorflow main function on the executors, along with listeners for data/control messages.\n 1. **Data ingestion**\n-  - **Readers & QueueRunners** - leverages TensorFlow's [Reader](https://www.tensorflow.org/how_tos/reading_data/#reading_from_files) mechanism to read data files directly from HDFS.\n-  - **Feeding** - sends Spark RDD data into the TensorFlow nodes using the [feed_dict](https://www.tensorflow.org/how_tos/reading_data/#feeding) mechanism.  Note that we leverage the [Hadoop Input/Output Format](https://github.com/tensorflow/ecosystem/tree/master/hadoop) for access to TFRecords on HDFS.\n+   - **Readers & QueueRunners** - leverages TensorFlow's [Reader](https://www.tensorflow.org/how_tos/reading_data/#reading_from_files) mechanism to read data files directly from HDFS.\n+   - **Feeding** - sends Spark RDD data into the TensorFlow nodes using the [feed_dict](https://www.tensorflow.org/how_tos/reading_data/#feeding) mechanism.  Note that we leverage the [Hadoop Input/Output Format](https://github.com/tensorflow/ecosystem/tree/master/hadoop) for access to TFRecords on HDFS.\n 1. **Shutdown** - shuts down the Tensorflow workers and PS nodes on the executors.\n \n We have also"}]}