{"sha": "3c55c802ac4553467d8fa109ac4601f4935d2766", "node_id": "MDY6Q29tbWl0NDcxMDkyMDozYzU1YzgwMmFjNDU1MzQ2N2Q4ZmExMDlhYzQ2MDFmNDkzNWQyNzY2", "commit": {"author": {"name": "Lei Wei", "email": "leiwei2094@gmail.com", "date": "2018-05-17T08:21:30Z"}, "committer": {"name": "ken.lj", "email": "ken.lj.hz@gmail.com", "date": "2018-05-17T08:21:30Z"}, "message": "Merge pull request #1808, fix URL parsing problem when user filed contains '@' characters.\n\nFixed #1470", "tree": {"sha": "b7766b681584ad33223c1c2be2e381edaa726114", "url": "https://api.github.com/repos/apache/dubbo/git/trees/b7766b681584ad33223c1c2be2e381edaa726114"}, "url": "https://api.github.com/repos/apache/dubbo/git/commits/3c55c802ac4553467d8fa109ac4601f4935d2766", "comment_count": 0, "verification": {"verified": false, "reason": "unsigned", "signature": null, "payload": null}}, "url": "https://api.github.com/repos/apache/dubbo/commits/3c55c802ac4553467d8fa109ac4601f4935d2766", "html_url": "https://github.com/apache/dubbo/commit/3c55c802ac4553467d8fa109ac4601f4935d2766", "comments_url": "https://api.github.com/repos/apache/dubbo/commits/3c55c802ac4553467d8fa109ac4601f4935d2766/comments", "author": {"login": "vangoleo", "id": 2031602, "node_id": "MDQ6VXNlcjIwMzE2MDI=", "avatar_url": "https://avatars3.githubusercontent.com/u/2031602?v=4", "gravatar_id": "", "url": "https://api.github.com/users/vangoleo", "html_url": "https://github.com/vangoleo", "followers_url": "https://api.github.com/users/vangoleo/followers", "following_url": "https://api.github.com/users/vangoleo/following{/other_user}", "gists_url": "https://api.github.com/users/vangoleo/gists{/gist_id}", "starred_url": "https://api.github.com/users/vangoleo/starred{/owner}{/repo}", "subscriptions_url": "https://api.github.com/users/vangoleo/subscriptions", "organizations_url": "https://api.github.com/users/vangoleo/orgs", "repos_url": "https://api.github.com/users/vangoleo/repos", "events_url": "https://api.github.com/users/vangoleo/events{/privacy}", "received_events_url": "https://api.github.com/users/vangoleo/received_events", "type": "User", "site_admin": false}, "committer": {"login": "chickenlj", "id": 18097545, "node_id": "MDQ6VXNlcjE4MDk3NTQ1", "avatar_url": "https://avatars1.githubusercontent.com/u/18097545?v=4", "gravatar_id": "", "url": "https://api.github.com/users/chickenlj", "html_url": "https://github.com/chickenlj", "followers_url": "https://api.github.com/users/chickenlj/followers", "following_url": "https://api.github.com/users/chickenlj/following{/other_user}", "gists_url": "https://api.github.com/users/chickenlj/gists{/gist_id}", "starred_url": "https://api.github.com/users/chickenlj/starred{/owner}{/repo}", "subscriptions_url": "https://api.github.com/users/chickenlj/subscriptions", "organizations_url": "https://api.github.com/users/chickenlj/orgs", "repos_url": "https://api.github.com/users/chickenlj/repos", "events_url": "https://api.github.com/users/chickenlj/events{/privacy}", "received_events_url": "https://api.github.com/users/chickenlj/received_events", "type": "User", "site_admin": false}, "parents": [{"sha": "b48e8bac049e41e43e982b115e91c4f0c5a6775c", "url": "https://api.github.com/repos/apache/dubbo/commits/b48e8bac049e41e43e982b115e91c4f0c5a6775c", "html_url": "https://github.com/apache/dubbo/commit/b48e8bac049e41e43e982b115e91c4f0c5a6775c"}], "stats": {"total": 17, "additions": 16, "deletions": 1}, "files": [{"sha": "f8a111967b7f949acd0ff190c449ebc6f02f1a84", "filename": "dubbo-common/src/main/java/com/alibaba/dubbo/common/URL.java", "status": "modified", "additions": 1, "deletions": 1, "changes": 2, "blob_url": "https://github.com/apache/dubbo/blob/3c55c802ac4553467d8fa109ac4601f4935d2766/dubbo-common/src/main/java/com/alibaba/dubbo/common/URL.java", "raw_url": "https://github.com/apache/dubbo/raw/3c55c802ac4553467d8fa109ac4601f4935d2766/dubbo-common/src/main/java/com/alibaba/dubbo/common/URL.java", "contents_url": "https://api.github.com/repos/apache/dubbo/contents/dubbo-common/src/main/java/com/alibaba/dubbo/common/URL.java?ref=3c55c802ac4553467d8fa109ac4601f4935d2766", "patch": "@@ -224,7 +224,7 @@ public static URL valueOf(String url) {\n             path = url.substring(i + 1);\r\n             url = url.substring(0, i);\r\n         }\r\n-        i = url.indexOf(\"@\");\r\n+        i = url.lastIndexOf(\"@\");\r\n         if (i >= 0) {\r\n             username = url.substring(0, i);\r\n             int j = username.indexOf(\":\");\r"}, {"sha": "0a19b7abb038a90f269a7b3bea7f4d5bfc751a62", "filename": "dubbo-common/src/test/java/com/alibaba/dubbo/common/URLTest.java", "status": "modified", "additions": 15, "deletions": 0, "changes": 15, "blob_url": "https://github.com/apache/dubbo/blob/3c55c802ac4553467d8fa109ac4601f4935d2766/dubbo-common/src/test/java/com/alibaba/dubbo/common/URLTest.java", "raw_url": "https://github.com/apache/dubbo/raw/3c55c802ac4553467d8fa109ac4601f4935d2766/dubbo-common/src/test/java/com/alibaba/dubbo/common/URLTest.java", "contents_url": "https://api.github.com/repos/apache/dubbo/contents/dubbo-common/src/test/java/com/alibaba/dubbo/common/URLTest.java?ref=3c55c802ac4553467d8fa109ac4601f4935d2766", "patch": "@@ -637,4 +637,19 @@ public void testAddParameters() throws Exception {\n         parameters.put(\"version\", null);\r\n         url.addParameters(parameters);\r\n     }\r\n+\r\n+    @Test\r\n+    public void testUserNamePasswordContainsAt(){\r\n+        // Test username or password contains \"@\"\r\n+        URL url = URL.valueOf(\"ad@min:hello@1234@10.20.130.230:20880/context/path?version=1.0.0&application=morgan\");\r\n+        assertNull(url.getProtocol());\r\n+        assertEquals(\"ad@min\", url.getUsername());\r\n+        assertEquals(\"hello@1234\", url.getPassword());\r\n+        assertEquals(\"10.20.130.230\", url.getHost());\r\n+        assertEquals(20880, url.getPort());\r\n+        assertEquals(\"context/path\", url.getPath());\r\n+        assertEquals(2, url.getParameters().size());\r\n+        assertEquals(\"1.0.0\", url.getParameter(\"version\"));\r\n+        assertEquals(\"morgan\", url.getParameter(\"application\"));\r\n+    }\r\n }\n\\ No newline at end of file"}]}