{"sha": "1136f153c5d3ee52ddd6dd02325c12194e236a1b", "node_id": "MDY6Q29tbWl0MzQ0NzI3ODoxMTM2ZjE1M2M1ZDNlZTUyZGRkNmRkMDIzMjVjMTIxOTRlMjM2YTFi", "commit": {"author": {"name": "fxbonnet", "email": "francois-xavier.bonnet@centraliens.net", "date": "2013-08-19T17:27:20Z"}, "committer": {"name": "fxbonnet", "email": "francois-xavier.bonnet@centraliens.net", "date": "2013-08-19T17:27:20Z"}, "message": "Added missing maven goals: dbDoc, diff, generateChangeLog and help", "tree": {"sha": "ad06daefb908d523046a1813726fd31606a59162", "url": "https://api.github.com/repos/liquibase/liquibase.github.com/git/trees/ad06daefb908d523046a1813726fd31606a59162"}, "url": "https://api.github.com/repos/liquibase/liquibase.github.com/git/commits/1136f153c5d3ee52ddd6dd02325c12194e236a1b", "comment_count": 0, "verification": {"verified": false, "reason": "unsigned", "signature": null, "payload": null}}, "url": "https://api.github.com/repos/liquibase/liquibase.github.com/commits/1136f153c5d3ee52ddd6dd02325c12194e236a1b", "html_url": "https://github.com/liquibase/liquibase.github.com/commit/1136f153c5d3ee52ddd6dd02325c12194e236a1b", "comments_url": "https://api.github.com/repos/liquibase/liquibase.github.com/commits/1136f153c5d3ee52ddd6dd02325c12194e236a1b/comments", "author": {"login": "fxbonnet", "id": 491802, "node_id": "MDQ6VXNlcjQ5MTgwMg==", "avatar_url": "https://avatars3.githubusercontent.com/u/491802?v=4", "gravatar_id": "", "url": "https://api.github.com/users/fxbonnet", "html_url": "https://github.com/fxbonnet", "followers_url": "https://api.github.com/users/fxbonnet/followers", "following_url": "https://api.github.com/users/fxbonnet/following{/other_user}", "gists_url": "https://api.github.com/users/fxbonnet/gists{/gist_id}", "starred_url": "https://api.github.com/users/fxbonnet/starred{/owner}{/repo}", "subscriptions_url": "https://api.github.com/users/fxbonnet/subscriptions", "organizations_url": "https://api.github.com/users/fxbonnet/orgs", "repos_url": "https://api.github.com/users/fxbonnet/repos", "events_url": "https://api.github.com/users/fxbonnet/events{/privacy}", "received_events_url": "https://api.github.com/users/fxbonnet/received_events", "type": "User", "site_admin": false}, "committer": {"login": "fxbonnet", "id": 491802, "node_id": "MDQ6VXNlcjQ5MTgwMg==", "avatar_url": "https://avatars3.githubusercontent.com/u/491802?v=4", "gravatar_id": "", "url": "https://api.github.com/users/fxbonnet", "html_url": "https://github.com/fxbonnet", "followers_url": "https://api.github.com/users/fxbonnet/followers", "following_url": "https://api.github.com/users/fxbonnet/following{/other_user}", "gists_url": "https://api.github.com/users/fxbonnet/gists{/gist_id}", "starred_url": "https://api.github.com/users/fxbonnet/starred{/owner}{/repo}", "subscriptions_url": "https://api.github.com/users/fxbonnet/subscriptions", "organizations_url": "https://api.github.com/users/fxbonnet/orgs", "repos_url": "https://api.github.com/users/fxbonnet/repos", "events_url": "https://api.github.com/users/fxbonnet/events{/privacy}", "received_events_url": "https://api.github.com/users/fxbonnet/received_events", "type": "User", "site_admin": false}, "parents": [{"sha": "bb5b3ccef5e792cd08e43a9e9acd1eb287f69f4b", "url": "https://api.github.com/repos/liquibase/liquibase.github.com/commits/bb5b3ccef5e792cd08e43a9e9acd1eb287f69f4b", "html_url": "https://github.com/liquibase/liquibase.github.com/commit/bb5b3ccef5e792cd08e43a9e9acd1eb287f69f4b"}], "stats": {"total": 32, "additions": 32, "deletions": 0}, "files": [{"sha": "b03277d14403d9e635156eebaeb2fe70d9897aa7", "filename": "documentation/maven/index.md", "status": "modified", "additions": 4, "deletions": 0, "changes": 4, "blob_url": "https://github.com/liquibase/liquibase.github.com/blob/1136f153c5d3ee52ddd6dd02325c12194e236a1b/documentation/maven/index.md", "raw_url": "https://github.com/liquibase/liquibase.github.com/raw/1136f153c5d3ee52ddd6dd02325c12194e236a1b/documentation/maven/index.md", "contents_url": "https://api.github.com/repos/liquibase/liquibase.github.com/contents/documentation/maven/index.md?ref=1136f153c5d3ee52ddd6dd02325c12194e236a1b", "patch": "@@ -18,7 +18,11 @@ You can find the all the versions of the Liquibase-core and Maven plugins in the\n * [liquibase:changeLogSync](maven_changelogsync.html)\n * [liquibase:changeLogSyncSQL](maven_changelogsyncsql.html)\n * [liquibase:clearCheckSums](maven_clearchecksums.html)\n+* [liquibase:dbDoc](maven_dbDoc.html)\n+* [liquibase:diff](maven_diff.html)\n * [liquibase:dropAll](maven_dropall.html)\n+* [liquibase:generateChangeLog](maven_generateChangeLog.html)\n+* [liquibase:help](maven_help.html)\n * [liquibase:listLocks](maven_listlocks.html)\n * [liquibase:releaseLocks](maven_releaselocks.html)\n * [liquibase:rollback](maven_rollback.html)"}, {"sha": "61d7caf64e444a1095f63fc1d86977bb98ba4a25", "filename": "documentation/maven/maven_dbDoc.md", "status": "added", "additions": 7, "deletions": 0, "changes": 7, "blob_url": "https://github.com/liquibase/liquibase.github.com/blob/1136f153c5d3ee52ddd6dd02325c12194e236a1b/documentation/maven/maven_dbDoc.md", "raw_url": "https://github.com/liquibase/liquibase.github.com/raw/1136f153c5d3ee52ddd6dd02325c12194e236a1b/documentation/maven/maven_dbDoc.md", "contents_url": "https://api.github.com/repos/liquibase/liquibase.github.com/contents/documentation/maven/maven_dbDoc.md?ref=1136f153c5d3ee52ddd6dd02325c12194e236a1b", "patch": "@@ -0,0 +1,7 @@\n+---\n+layout: default\n+title: Maven dbDoc\n+subnav: subnav_documentation.md\n+---\n+\n+<iframe class=\"maven\" src=\"generated/dbDoc-mojo.html\"></iframe>\n\\ No newline at end of file"}, {"sha": "20008c7b1896fd00709dba88abf1e4516de1282d", "filename": "documentation/maven/maven_diff.md", "status": "added", "additions": 7, "deletions": 0, "changes": 7, "blob_url": "https://github.com/liquibase/liquibase.github.com/blob/1136f153c5d3ee52ddd6dd02325c12194e236a1b/documentation/maven/maven_diff.md", "raw_url": "https://github.com/liquibase/liquibase.github.com/raw/1136f153c5d3ee52ddd6dd02325c12194e236a1b/documentation/maven/maven_diff.md", "contents_url": "https://api.github.com/repos/liquibase/liquibase.github.com/contents/documentation/maven/maven_diff.md?ref=1136f153c5d3ee52ddd6dd02325c12194e236a1b", "patch": "@@ -0,0 +1,7 @@\n+---\n+layout: default\n+title: Maven diff\n+subnav: subnav_documentation.md\n+---\n+\n+<iframe class=\"maven\" src=\"generated/diff-mojo.html\"></iframe>\n\\ No newline at end of file"}, {"sha": "da1e03e1a941add587b89de84156fdfc476c6007", "filename": "documentation/maven/maven_generateChangeLog.md", "status": "added", "additions": 7, "deletions": 0, "changes": 7, "blob_url": "https://github.com/liquibase/liquibase.github.com/blob/1136f153c5d3ee52ddd6dd02325c12194e236a1b/documentation/maven/maven_generateChangeLog.md", "raw_url": "https://github.com/liquibase/liquibase.github.com/raw/1136f153c5d3ee52ddd6dd02325c12194e236a1b/documentation/maven/maven_generateChangeLog.md", "contents_url": "https://api.github.com/repos/liquibase/liquibase.github.com/contents/documentation/maven/maven_generateChangeLog.md?ref=1136f153c5d3ee52ddd6dd02325c12194e236a1b", "patch": "@@ -0,0 +1,7 @@\n+---\n+layout: default\n+title: Maven generateChangeLog\n+subnav: subnav_documentation.md\n+---\n+\n+<iframe class=\"maven\" src=\"generated/generateChangeLog-mojo.html\"></iframe>\n\\ No newline at end of file"}, {"sha": "7a785c82db90f75d180f0c5089aa9220d47a4b66", "filename": "documentation/maven/maven_help.md", "status": "added", "additions": 7, "deletions": 0, "changes": 7, "blob_url": "https://github.com/liquibase/liquibase.github.com/blob/1136f153c5d3ee52ddd6dd02325c12194e236a1b/documentation/maven/maven_help.md", "raw_url": "https://github.com/liquibase/liquibase.github.com/raw/1136f153c5d3ee52ddd6dd02325c12194e236a1b/documentation/maven/maven_help.md", "contents_url": "https://api.github.com/repos/liquibase/liquibase.github.com/contents/documentation/maven/maven_help.md?ref=1136f153c5d3ee52ddd6dd02325c12194e236a1b", "patch": "@@ -0,0 +1,7 @@\n+---\n+layout: default\n+title: Maven help\n+subnav: subnav_documentation.md\n+---\n+\n+<iframe class=\"maven\" src=\"generated/help-mojo.html\"></iframe>\n\\ No newline at end of file"}]}