{"sha": "8371f0e772e4776491c7517db57ef43c0ae1271b", "node_id": "MDY6Q29tbWl0NDU3MTcyNTA6ODM3MWYwZTc3MmU0Nzc2NDkxYzc1MTdkYjU3ZWY0M2MwYWUxMjcxYg==", "commit": {"author": {"name": "Skye Wanderman-Milne", "email": "skyewm@google.com", "date": "2016-11-29T21:39:28Z"}, "committer": {"name": "TensorFlower Gardener", "email": "gardener@tensorflow.org", "date": "2016-11-29T21:45:03Z"}, "message": "Add optional custom_getter_ param to make_template().\nChange: 140520520", "tree": {"sha": "009bbdf85cf04b4ca72eb1b8217c0f71a6fea145", "url": "https://api.github.com/repos/tensorflow/tensorflow/git/trees/009bbdf85cf04b4ca72eb1b8217c0f71a6fea145"}, "url": "https://api.github.com/repos/tensorflow/tensorflow/git/commits/8371f0e772e4776491c7517db57ef43c0ae1271b", "comment_count": 0, "verification": {"verified": false, "reason": "unsigned", "signature": null, "payload": null}}, "url": "https://api.github.com/repos/tensorflow/tensorflow/commits/8371f0e772e4776491c7517db57ef43c0ae1271b", "html_url": "https://github.com/tensorflow/tensorflow/commit/8371f0e772e4776491c7517db57ef43c0ae1271b", "comments_url": "https://api.github.com/repos/tensorflow/tensorflow/commits/8371f0e772e4776491c7517db57ef43c0ae1271b/comments", "author": {"login": "skye", "id": 88808, "node_id": "MDQ6VXNlcjg4ODA4", "avatar_url": "https://avatars1.githubusercontent.com/u/88808?v=4", "gravatar_id": "", "url": "https://api.github.com/users/skye", "html_url": "https://github.com/skye", "followers_url": "https://api.github.com/users/skye/followers", "following_url": "https://api.github.com/users/skye/following{/other_user}", "gists_url": "https://api.github.com/users/skye/gists{/gist_id}", "starred_url": "https://api.github.com/users/skye/starred{/owner}{/repo}", "subscriptions_url": "https://api.github.com/users/skye/subscriptions", "organizations_url": "https://api.github.com/users/skye/orgs", "repos_url": "https://api.github.com/users/skye/repos", "events_url": "https://api.github.com/users/skye/events{/privacy}", "received_events_url": "https://api.github.com/users/skye/received_events", "type": "User", "site_admin": false}, "committer": {"login": "tensorflower-gardener", "id": 17151892, "node_id": "MDQ6VXNlcjE3MTUxODky", "avatar_url": "https://avatars0.githubusercontent.com/u/17151892?v=4", "gravatar_id": "", "url": "https://api.github.com/users/tensorflower-gardener", "html_url": "https://github.com/tensorflower-gardener", "followers_url": "https://api.github.com/users/tensorflower-gardener/followers", "following_url": "https://api.github.com/users/tensorflower-gardener/following{/other_user}", "gists_url": "https://api.github.com/users/tensorflower-gardener/gists{/gist_id}", "starred_url": "https://api.github.com/users/tensorflower-gardener/starred{/owner}{/repo}", "subscriptions_url": "https://api.github.com/users/tensorflower-gardener/subscriptions", "organizations_url": "https://api.github.com/users/tensorflower-gardener/orgs", "repos_url": "https://api.github.com/users/tensorflower-gardener/repos", "events_url": "https://api.github.com/users/tensorflower-gardener/events{/privacy}", "received_events_url": "https://api.github.com/users/tensorflower-gardener/received_events", "type": "User", "site_admin": false}, "parents": [{"sha": "aa66b49deb904456537144cdb46e38eda9e92bf1", "url": "https://api.github.com/repos/tensorflow/tensorflow/commits/aa66b49deb904456537144cdb46e38eda9e92bf1", "html_url": "https://github.com/tensorflow/tensorflow/commit/aa66b49deb904456537144cdb46e38eda9e92bf1"}], "stats": {"total": 47, "additions": 42, "deletions": 5}, "files": [{"sha": "f9508d4709badb0d00159e340f4793ce358d75b6", "filename": "tensorflow/python/kernel_tests/template_test.py", "status": "modified", "additions": 29, "deletions": 0, "changes": 29, "blob_url": "https://github.com/tensorflow/tensorflow/blob/8371f0e772e4776491c7517db57ef43c0ae1271b/tensorflow/python/kernel_tests/template_test.py", "raw_url": "https://github.com/tensorflow/tensorflow/raw/8371f0e772e4776491c7517db57ef43c0ae1271b/tensorflow/python/kernel_tests/template_test.py", "contents_url": "https://api.github.com/repos/tensorflow/tensorflow/contents/tensorflow/python/kernel_tests/template_test.py?ref=8371f0e772e4776491c7517db57ef43c0ae1271b", "patch": "@@ -272,5 +272,34 @@ def test_scope_access(self):\n     # Template is called at the top level, so there is no preceding \"foo_2\".\n     self.assertEqual(tc.var_scope.name, \"blah\")\n \n+  def test_custom_getter(self):\n+    # Custom getter that maintains call count and forwards to true getter\n+    custom_getter_count = [0]\n+    def custom_getter(getter, name, *args, **kwargs):\n+      custom_getter_count[0] += 1\n+      return getter(name, *args, **kwargs)\n+\n+    # Test that custom getter is called both when variables are created and\n+    # subsequently accessed\n+    tmpl1 = template.make_template(\"s1\", var_scoped_function,\n+                                   custom_getter_=custom_getter)\n+    self.assertEqual(custom_getter_count[0], 0)\n+    tmpl1()\n+    self.assertEqual(custom_getter_count[0], 1)\n+    tmpl1()\n+    self.assertEqual(custom_getter_count[0], 2)\n+\n+    # Test that custom getter is called when the variable scope is created\n+    # during construction\n+    custom_getter_count[0] = 0\n+    tmpl2 = template.make_template(\"s2\", var_scoped_function,\n+                                   custom_getter_=custom_getter,\n+                                   create_scope_now_=True)\n+    self.assertEqual(custom_getter_count[0], 0)\n+    tmpl2()\n+    self.assertEqual(custom_getter_count[0], 1)\n+    tmpl2()\n+    self.assertEqual(custom_getter_count[0], 2)\n+\n if __name__ == \"__main__\":\n   tf.test.main()"}, {"sha": "09955e690c3a72301f89a0e562a1e664c988d3b2", "filename": "tensorflow/python/ops/template.py", "status": "modified", "additions": 13, "deletions": 5, "changes": 18, "blob_url": "https://github.com/tensorflow/tensorflow/blob/8371f0e772e4776491c7517db57ef43c0ae1271b/tensorflow/python/ops/template.py", "raw_url": "https://github.com/tensorflow/tensorflow/raw/8371f0e772e4776491c7517db57ef43c0ae1271b/tensorflow/python/ops/template.py", "contents_url": "https://api.github.com/repos/tensorflow/tensorflow/contents/tensorflow/python/ops/template.py?ref=8371f0e772e4776491c7517db57ef43c0ae1271b", "patch": "@@ -30,7 +30,7 @@\n \n \n def make_template(name_, func_, create_scope_now_=False, unique_name_=None,\n-                  **kwargs):\n+                  custom_getter_=None, **kwargs):\n   \"\"\"Given an arbitrary function, wrap it so that it does variable sharing.\n \n   This wraps `func_` in a Template and partially evaluates it. Templates are\n@@ -118,6 +118,9 @@ def my_op(x, scalar_name):\n     unique_name_: When used, it overrides name_ and is not made unique. If a\n       template of the same scope/unique_name already exists and reuse is false,\n       an error is raised. Defaults to None.\n+    custom_getter_: Optional custom getter for variables used in `func_`. See\n+      the [`get_variable`](#get_variable) `custom_getter` documentation for\n+      more information.\n     **kwargs: Keyword arguments to apply to `func_`.\n \n   Returns:\n@@ -136,7 +139,7 @@ def my_op(x, scalar_name):\n     func_ = functools.partial(func_, **kwargs)\n   return Template(\n       name_, func_, create_scope_now=create_scope_now_,\n-      unique_name=unique_name_)\n+      unique_name=unique_name_, custom_getter=custom_getter_)\n \n \n def _skip_common_stack_elements(stacktrace, base_case):\n@@ -159,7 +162,8 @@ class Template(object):\n   call.\n   \"\"\"\n \n-  def __init__(self, name, func, create_scope_now=False, unique_name=None):\n+  def __init__(self, name, func, create_scope_now=False, unique_name=None,\n+               custom_getter=None):\n     \"\"\"Creates a template for the given function.\n \n     Args:\n@@ -179,6 +183,7 @@ def __init__(self, name, func, create_scope_now=False, unique_name=None):\n       unique_name: When used, it overrides name_ and is not made unique. If a\n         template of the same scope/unique_name already exists and reuse is\n         false, an error is raised. Defaults to None.\n+      custom_getter: optional custom getter to pass to variable_scope()\n \n     Raises:\n       ValueError: if the name is None.\n@@ -187,11 +192,13 @@ def __init__(self, name, func, create_scope_now=False, unique_name=None):\n     self._stacktrace = traceback.format_stack()[:-2]\n     self._name = name\n     self._unique_name = unique_name\n+    self._custom_getter = custom_getter\n     if name is None:\n       raise ValueError(\"name cannot be None.\")\n     if create_scope_now:\n       with variable_scope.variable_scope(\n-          self._unique_name, self._name) as vs:\n+          self._unique_name, self._name,\n+          custom_getter=self._custom_getter) as vs:\n         self._var_scope = vs\n     else:\n       self._var_scope = None\n@@ -262,7 +269,8 @@ def __call__(self, *args, **kwargs):\n       # Subsequent calls should reuse variables.\n       self._variables_created = True\n       with variable_scope.variable_scope(\n-          self._unique_name, self._name) as vs:\n+          self._unique_name, self._name,\n+          custom_getter=self._custom_getter) as vs:\n         self._var_scope = vs\n         return self._call_func(args, kwargs, check_for_new_variables=False)\n "}]}