{"sha": "6e17157cf1cb768c0c621942ecc2a54739850c69", "node_id": "MDY6Q29tbWl0MjE4NDI5Mzo2ZTE3MTU3Y2YxY2I3NjhjMGM2MjE5NDJlY2MyYTU0NzM5ODUwYzY5", "commit": {"author": {"name": "Bilal Amarni", "email": "bilal.amarni@gmail.com", "date": "2012-02-18T21:01:26Z"}, "committer": {"name": "Bilal Amarni", "email": "bilal.amarni@gmail.com", "date": "2012-02-18T21:01:26Z"}, "message": "added the possibility to hardcode the captcha value through the configuration", "tree": {"sha": "03a043e0f69914024591649177b3059f1984cab1", "url": "https://api.github.com/repos/genemu/GenemuFormBundle/git/trees/03a043e0f69914024591649177b3059f1984cab1"}, "url": "https://api.github.com/repos/genemu/GenemuFormBundle/git/commits/6e17157cf1cb768c0c621942ecc2a54739850c69", "comment_count": 0, "verification": {"verified": false, "reason": "unsigned", "signature": null, "payload": null}}, "url": "https://api.github.com/repos/genemu/GenemuFormBundle/commits/6e17157cf1cb768c0c621942ecc2a54739850c69", "html_url": "https://github.com/genemu/GenemuFormBundle/commit/6e17157cf1cb768c0c621942ecc2a54739850c69", "comments_url": "https://api.github.com/repos/genemu/GenemuFormBundle/commits/6e17157cf1cb768c0c621942ecc2a54739850c69/comments", "author": {"login": "bamarni", "id": 1205386, "node_id": "MDQ6VXNlcjEyMDUzODY=", "avatar_url": "https://avatars2.githubusercontent.com/u/1205386?v=4", "gravatar_id": "", "url": "https://api.github.com/users/bamarni", "html_url": "https://github.com/bamarni", "followers_url": "https://api.github.com/users/bamarni/followers", "following_url": "https://api.github.com/users/bamarni/following{/other_user}", "gists_url": "https://api.github.com/users/bamarni/gists{/gist_id}", "starred_url": "https://api.github.com/users/bamarni/starred{/owner}{/repo}", "subscriptions_url": "https://api.github.com/users/bamarni/subscriptions", "organizations_url": "https://api.github.com/users/bamarni/orgs", "repos_url": "https://api.github.com/users/bamarni/repos", "events_url": "https://api.github.com/users/bamarni/events{/privacy}", "received_events_url": "https://api.github.com/users/bamarni/received_events", "type": "User", "site_admin": false}, "committer": {"login": "bamarni", "id": 1205386, "node_id": "MDQ6VXNlcjEyMDUzODY=", "avatar_url": "https://avatars2.githubusercontent.com/u/1205386?v=4", "gravatar_id": "", "url": "https://api.github.com/users/bamarni", "html_url": "https://github.com/bamarni", "followers_url": "https://api.github.com/users/bamarni/followers", "following_url": "https://api.github.com/users/bamarni/following{/other_user}", "gists_url": "https://api.github.com/users/bamarni/gists{/gist_id}", "starred_url": "https://api.github.com/users/bamarni/starred{/owner}{/repo}", "subscriptions_url": "https://api.github.com/users/bamarni/subscriptions", "organizations_url": "https://api.github.com/users/bamarni/orgs", "repos_url": "https://api.github.com/users/bamarni/repos", "events_url": "https://api.github.com/users/bamarni/events{/privacy}", "received_events_url": "https://api.github.com/users/bamarni/received_events", "type": "User", "site_admin": false}, "parents": [{"sha": "8c6e255e66104f266673f24b261bdc63d76d7788", "url": "https://api.github.com/repos/genemu/GenemuFormBundle/commits/8c6e255e66104f266673f24b261bdc63d76d7788", "html_url": "https://github.com/genemu/GenemuFormBundle/commit/8c6e255e66104f266673f24b261bdc63d76d7788"}], "stats": {"total": 15, "additions": 10, "deletions": 5}, "files": [{"sha": "57814c7195e65889a47d7fab30022e796396b27e", "filename": "DependencyInjection/Configuration.php", "status": "modified", "additions": 1, "deletions": 0, "changes": 1, "blob_url": "https://github.com/genemu/GenemuFormBundle/blob/6e17157cf1cb768c0c621942ecc2a54739850c69/DependencyInjection/Configuration.php", "raw_url": "https://github.com/genemu/GenemuFormBundle/raw/6e17157cf1cb768c0c621942ecc2a54739850c69/DependencyInjection/Configuration.php", "contents_url": "https://api.github.com/repos/genemu/GenemuFormBundle/contents/DependencyInjection/Configuration.php?ref=6e17157cf1cb768c0c621942ecc2a54739850c69", "patch": "@@ -108,6 +108,7 @@ private function addCaptcha(ArrayNodeDefinition $rootNode)\n                         ->end()\n                         ->scalarNode('background_color')->defaultValue('DDDDDD')->end()\n                         ->scalarNode('border_color')->defaultValue('000000')->end()\n+                        ->scalarNode('code')->defaultNull()->end()\n                     ->end()\n                 ->end()\n             ->end()"}, {"sha": "243c714fcd8e56abca0bb704ff98df86452e7191", "filename": "Form/Core/Type/CaptchaType.php", "status": "modified", "additions": 1, "deletions": 1, "changes": 2, "blob_url": "https://github.com/genemu/GenemuFormBundle/blob/6e17157cf1cb768c0c621942ecc2a54739850c69/Form/Core/Type/CaptchaType.php", "raw_url": "https://github.com/genemu/GenemuFormBundle/raw/6e17157cf1cb768c0c621942ecc2a54739850c69/Form/Core/Type/CaptchaType.php", "contents_url": "https://api.github.com/repos/genemu/GenemuFormBundle/contents/Form/Core/Type/CaptchaType.php?ref=6e17157cf1cb768c0c621942ecc2a54739850c69", "patch": "@@ -65,7 +65,7 @@ public function buildView(FormView $view, FormInterface $form)\n         $view\n             ->set('value', '')\n             ->set('position', $form->getAttribute('position'))\n-            ->set('src', $captcha->getBase64($form->getAttribute('format')))\n+            ->set('src', $captcha->getBase64($this->options['code'], $form->getAttribute('format')))\n             ->set('width', $captcha->getWidth())\n             ->set('height', $captcha->getHeight());\n     }"}, {"sha": "b9e02d039bb974a69e2b0d93a0caedaf05e7f206", "filename": "Gd/Type/Captcha.php", "status": "modified", "additions": 8, "deletions": 4, "changes": 12, "blob_url": "https://github.com/genemu/GenemuFormBundle/blob/6e17157cf1cb768c0c621942ecc2a54739850c69/Gd/Type/Captcha.php", "raw_url": "https://github.com/genemu/GenemuFormBundle/raw/6e17157cf1cb768c0c621942ecc2a54739850c69/Gd/Type/Captcha.php", "contents_url": "https://api.github.com/repos/genemu/GenemuFormBundle/contents/Gd/Type/Captcha.php?ref=6e17157cf1cb768c0c621942ecc2a54739850c69", "patch": "@@ -99,17 +99,21 @@ public function setOptions(array $options)\n     /**\n      * {@inheritdoc}\n      */\n-    public function getBase64($format = 'png')\n+    public function getBase64($code, $format = 'png')\n     {\n         $this->create($this->width, $this->height);\n-        \n-        $code = $this->newCode($this->chars, $this->length);\n+\n+        if (!$code) {\n+            $code = $this->newCode($this->chars, $this->length);\n+        } else {\n+            $this->setCode($code);\n+        }\n \n         $this->addFilters(array(\n             new Background($this->backgroundColor),\n             new Border($this->borderColor),\n             new Strip($this->fontColor),\n-            new Text($code, $this->fontSize, $this->fonts, $this->fontColor),\n+            new Text((string) $code, $this->fontSize, $this->fonts, $this->fontColor),\n         ));\n \n         return parent::getBase64($format);"}]}