{"sha": "0705e1c693cd79450fd6b6a31d4e97f6e350aeb2", "node_id": "MDY6Q29tbWl0Njc2MDM0MzowNzA1ZTFjNjkzY2Q3OTQ1MGZkNmI2YTMxZDRlOTdmNmUzNTBhZWIy", "commit": {"author": {"name": "Tim Underwood", "email": "timunderwood@gmail.com", "date": "2017-04-14T18:17:42Z"}, "committer": {"name": "Tim Underwood", "email": "timunderwood@gmail.com", "date": "2017-04-14T18:17:42Z"}, "message": "Attribute.parseAttributes need to call super.parseAttributes in order for arrayType to be initialized.  Fixes #238", "tree": {"sha": "5b0150d30cfafbd3496be422a844e34d25479fd7", "url": "https://api.github.com/repos/membrane/soa-model/git/trees/5b0150d30cfafbd3496be422a844e34d25479fd7"}, "url": "https://api.github.com/repos/membrane/soa-model/git/commits/0705e1c693cd79450fd6b6a31d4e97f6e350aeb2", "comment_count": 0, "verification": {"verified": false, "reason": "unsigned", "signature": null, "payload": null}}, "url": "https://api.github.com/repos/membrane/soa-model/commits/0705e1c693cd79450fd6b6a31d4e97f6e350aeb2", "html_url": "https://github.com/membrane/soa-model/commit/0705e1c693cd79450fd6b6a31d4e97f6e350aeb2", "comments_url": "https://api.github.com/repos/membrane/soa-model/commits/0705e1c693cd79450fd6b6a31d4e97f6e350aeb2/comments", "author": {"login": "tpunder", "id": 34375, "node_id": "MDQ6VXNlcjM0Mzc1", "avatar_url": "https://avatars0.githubusercontent.com/u/34375?v=4", "gravatar_id": "", "url": "https://api.github.com/users/tpunder", "html_url": "https://github.com/tpunder", "followers_url": "https://api.github.com/users/tpunder/followers", "following_url": "https://api.github.com/users/tpunder/following{/other_user}", "gists_url": "https://api.github.com/users/tpunder/gists{/gist_id}", "starred_url": "https://api.github.com/users/tpunder/starred{/owner}{/repo}", "subscriptions_url": "https://api.github.com/users/tpunder/subscriptions", "organizations_url": "https://api.github.com/users/tpunder/orgs", "repos_url": "https://api.github.com/users/tpunder/repos", "events_url": "https://api.github.com/users/tpunder/events{/privacy}", "received_events_url": "https://api.github.com/users/tpunder/received_events", "type": "User", "site_admin": false}, "committer": {"login": "tpunder", "id": 34375, "node_id": "MDQ6VXNlcjM0Mzc1", "avatar_url": "https://avatars0.githubusercontent.com/u/34375?v=4", "gravatar_id": "", "url": "https://api.github.com/users/tpunder", "html_url": "https://github.com/tpunder", "followers_url": "https://api.github.com/users/tpunder/followers", "following_url": "https://api.github.com/users/tpunder/following{/other_user}", "gists_url": "https://api.github.com/users/tpunder/gists{/gist_id}", "starred_url": "https://api.github.com/users/tpunder/starred{/owner}{/repo}", "subscriptions_url": "https://api.github.com/users/tpunder/subscriptions", "organizations_url": "https://api.github.com/users/tpunder/orgs", "repos_url": "https://api.github.com/users/tpunder/repos", "events_url": "https://api.github.com/users/tpunder/events{/privacy}", "received_events_url": "https://api.github.com/users/tpunder/received_events", "type": "User", "site_admin": false}, "parents": [{"sha": "3470f5b70dd3630d07bab076c898a574bcbfc093", "url": "https://api.github.com/repos/membrane/soa-model/commits/3470f5b70dd3630d07bab076c898a574bcbfc093", "html_url": "https://github.com/membrane/soa-model/commit/3470f5b70dd3630d07bab076c898a574bcbfc093"}], "stats": {"total": 3, "additions": 3, "deletions": 0}, "files": [{"sha": "e4efdd2ebadf2014fbb287aa1a67ea1a43bb9136", "filename": "core/src/main/groovy/com/predic8/schema/Attribute.groovy", "status": "modified", "additions": 1, "deletions": 0, "changes": 1, "blob_url": "https://github.com/membrane/soa-model/blob/0705e1c693cd79450fd6b6a31d4e97f6e350aeb2/core/src/main/groovy/com/predic8/schema/Attribute.groovy", "raw_url": "https://github.com/membrane/soa-model/raw/0705e1c693cd79450fd6b6a31d4e97f6e350aeb2/core/src/main/groovy/com/predic8/schema/Attribute.groovy", "contents_url": "https://api.github.com/repos/membrane/soa-model/contents/core/src/main/groovy/com/predic8/schema/Attribute.groovy?ref=0705e1c693cd79450fd6b6a31d4e97f6e350aeb2", "patch": "@@ -43,6 +43,7 @@ class Attribute extends Declaration {\n \t\t\r\n   \r\n   protected parseAttributes(token, params){\r\n+\t\tsuper.parseAttributes(token, params)\r\n \t\tname = token.getAttributeValue( null , 'name')\r\n \t\tdefaultValue = token.getAttributeValue( null , 'default')\r\n \t\tfixedValue = token.getAttributeValue( null , 'fixed')\r"}, {"sha": "28430efae0c6aacae993088eaeb69dc495edfef3", "filename": "core/src/test/groovy/com/predic8/schema/AttributeTest.groovy", "status": "modified", "additions": 2, "deletions": 0, "changes": 2, "blob_url": "https://github.com/membrane/soa-model/blob/0705e1c693cd79450fd6b6a31d4e97f6e350aeb2/core/src/test/groovy/com/predic8/schema/AttributeTest.groovy", "raw_url": "https://github.com/membrane/soa-model/raw/0705e1c693cd79450fd6b6a31d4e97f6e350aeb2/core/src/test/groovy/com/predic8/schema/AttributeTest.groovy", "contents_url": "https://api.github.com/repos/membrane/soa-model/contents/core/src/test/groovy/com/predic8/schema/AttributeTest.groovy?ref=0705e1c693cd79450fd6b6a31d4e97f6e350aeb2", "patch": "@@ -36,6 +36,8 @@ class AttributeTest extends GroovyTestCase{\n   \r\n   void testParsing() {\r\n     assertEquals('id', schema.getType('CarType').getAttribute('id').name)\r\n+    assertEquals('xsd:integer[]', schema.getType('CarType').getAttribute('id').arrayType)\r\n+    assertEquals('xsd:integer[]', schema.getElement('MyCar').arrayType)\r\n     assertEquals('speed', schema.getType('CarType').getAttribute('speed').name)\r\n     assertEquals('door',schema.getType('SmallCarType').model.derivation.attributes[0].name)\r\n //\tprintln schema.getType('SmallCarType').model.derivation.attributes[0].annotation.contents.content\r"}]}