{"sha": "a437425a091cfe63b6127e65370457e8e8bbdb83", "node_id": "MDY6Q29tbWl0NjIxMTc4MTg6YTQzNzQyNWEwOTFjZmU2M2I2MTI3ZTY1MzcwNDU3ZThlOGJiZGI4Mw==", "commit": {"author": {"name": "shivamasn", "email": "shivamasn17@gmail.com", "date": "2018-12-12T09:39:17Z"}, "committer": {"name": "kunal642", "email": "kunalkapoor642@gmail.com", "date": "2018-12-18T04:35:49Z"}, "message": "[CARBONDATA-3119] Fixed SDK Write for Complex Array Type when Array is Empty\n\nWhat was the issue?\nFor SDK Write , it was going into bad record by returning null on passing empty array for Complex Type.\n\nWhat has been changed?\nAdded a check for empty array. This will return an empty array.\n\nThis closes #2983", "tree": {"sha": "080aeacdfa496eb0f91a901eaa28974ebbdb7360", "url": "https://api.github.com/repos/apache/carbondata/git/trees/080aeacdfa496eb0f91a901eaa28974ebbdb7360"}, "url": "https://api.github.com/repos/apache/carbondata/git/commits/a437425a091cfe63b6127e65370457e8e8bbdb83", "comment_count": 0, "verification": {"verified": false, "reason": "unsigned", "signature": null, "payload": null}}, "url": "https://api.github.com/repos/apache/carbondata/commits/a437425a091cfe63b6127e65370457e8e8bbdb83", "html_url": "https://github.com/apache/carbondata/commit/a437425a091cfe63b6127e65370457e8e8bbdb83", "comments_url": "https://api.github.com/repos/apache/carbondata/commits/a437425a091cfe63b6127e65370457e8e8bbdb83/comments", "author": {"login": "shivamasn", "id": 20994509, "node_id": "MDQ6VXNlcjIwOTk0NTA5", "avatar_url": "https://avatars2.githubusercontent.com/u/20994509?v=4", "gravatar_id": "", "url": "https://api.github.com/users/shivamasn", "html_url": "https://github.com/shivamasn", "followers_url": "https://api.github.com/users/shivamasn/followers", "following_url": "https://api.github.com/users/shivamasn/following{/other_user}", "gists_url": "https://api.github.com/users/shivamasn/gists{/gist_id}", "starred_url": "https://api.github.com/users/shivamasn/starred{/owner}{/repo}", "subscriptions_url": "https://api.github.com/users/shivamasn/subscriptions", "organizations_url": "https://api.github.com/users/shivamasn/orgs", "repos_url": "https://api.github.com/users/shivamasn/repos", "events_url": "https://api.github.com/users/shivamasn/events{/privacy}", "received_events_url": "https://api.github.com/users/shivamasn/received_events", "type": "User", "site_admin": false}, "committer": {"login": "kunal642", "id": 11694130, "node_id": "MDQ6VXNlcjExNjk0MTMw", "avatar_url": "https://avatars3.githubusercontent.com/u/11694130?v=4", "gravatar_id": "", "url": "https://api.github.com/users/kunal642", "html_url": "https://github.com/kunal642", "followers_url": "https://api.github.com/users/kunal642/followers", "following_url": "https://api.github.com/users/kunal642/following{/other_user}", "gists_url": "https://api.github.com/users/kunal642/gists{/gist_id}", "starred_url": "https://api.github.com/users/kunal642/starred{/owner}{/repo}", "subscriptions_url": "https://api.github.com/users/kunal642/subscriptions", "organizations_url": "https://api.github.com/users/kunal642/orgs", "repos_url": "https://api.github.com/users/kunal642/repos", "events_url": "https://api.github.com/users/kunal642/events{/privacy}", "received_events_url": "https://api.github.com/users/kunal642/received_events", "type": "User", "site_admin": false}, "parents": [{"sha": "eb52c37c38b474c48e620a5bdd3f1cf9d68ffda6", "url": "https://api.github.com/repos/apache/carbondata/commits/eb52c37c38b474c48e620a5bdd3f1cf9d68ffda6", "html_url": "https://github.com/apache/carbondata/commit/eb52c37c38b474c48e620a5bdd3f1cf9d68ffda6"}], "stats": {"total": 61, "additions": 61, "deletions": 0}, "files": [{"sha": "9cbd84201ace1789dfd6c3ddaeec5a6603db71f3", "filename": "integration/spark-common-test/src/test/scala/org/apache/carbondata/integration/spark/testsuite/complexType/TestComplexDataType.scala", "status": "modified", "additions": 25, "deletions": 0, "changes": 25, "blob_url": "https://github.com/apache/carbondata/blob/a437425a091cfe63b6127e65370457e8e8bbdb83/integration/spark-common-test/src/test/scala/org/apache/carbondata/integration/spark/testsuite/complexType/TestComplexDataType.scala", "raw_url": "https://github.com/apache/carbondata/raw/a437425a091cfe63b6127e65370457e8e8bbdb83/integration/spark-common-test/src/test/scala/org/apache/carbondata/integration/spark/testsuite/complexType/TestComplexDataType.scala", "contents_url": "https://api.github.com/repos/apache/carbondata/contents/integration/spark-common-test/src/test/scala/org/apache/carbondata/integration/spark/testsuite/complexType/TestComplexDataType.scala?ref=a437425a091cfe63b6127e65370457e8e8bbdb83", "patch": "@@ -106,6 +106,31 @@ class TestComplexDataType extends QueryTest with BeforeAndAfterAll {\n       Seq(Row(1, \"abc\", Row(mutable.WrappedArray.make(Array(\"abc\", \"bcd\"))), \"bcd\")))\n   }\n \n+  test(\"test Projection PushDown for Array - String type when Array is Empty\") {\n+    CarbonProperties.getInstance()\n+      .addProperty(CarbonCommonConstants.CARBON_BAD_RECORDS_ACTION, \"FAIL\")\n+    sql(\"drop table if exists table1\")\n+    sql(\"create table table1 (detail array<string>) stored by 'carbondata'\")\n+    sql(\"insert into table1 values('')\")\n+    checkAnswer(sql(\"select detail[0] from table1\"), Seq(Row(\"\")))\n+    sql(\"drop table if exists table1\")\n+    CarbonProperties.getInstance()\n+      .addProperty(CarbonCommonConstants.CARBON_BAD_RECORDS_ACTION, badRecordAction)\n+  }\n+\n+  test(\"test Projection PushDown for Struct - Array type when Array is Empty\") {\n+    CarbonProperties.getInstance()\n+      .addProperty(CarbonCommonConstants.CARBON_BAD_RECORDS_ACTION, \"FAIL\")\n+    sql(\"drop table if exists table1\")\n+    sql(\"create table table1 (person struct<detail:array<string>,age:int>) stored by 'carbondata'\")\n+    sql(\"insert into table1 values ('\\0011')\")\n+    checkAnswer(sql(\"select person.detail[0] from table1\"), Seq(Row(\"\")))\n+    checkAnswer(sql(\"select person.age from table1\"), Seq(Row(1)))\n+    sql(\"drop table if exists table1\")\n+    CarbonProperties.getInstance()\n+      .addProperty(CarbonCommonConstants.CARBON_BAD_RECORDS_ACTION, badRecordAction)\n+  }\n+\n   test(\"test Projection PushDown for Struct - Double type\") {\n     sql(\"DROP TABLE IF EXISTS table1\")\n     sql("}, {"sha": "3f4fc4a5cce962f98a6b9e2b6257672648501de0", "filename": "processing/src/main/java/org/apache/carbondata/processing/loading/parser/impl/ArrayParserImpl.java", "status": "modified", "additions": 4, "deletions": 0, "changes": 4, "blob_url": "https://github.com/apache/carbondata/blob/a437425a091cfe63b6127e65370457e8e8bbdb83/processing/src/main/java/org/apache/carbondata/processing/loading/parser/impl/ArrayParserImpl.java", "raw_url": "https://github.com/apache/carbondata/raw/a437425a091cfe63b6127e65370457e8e8bbdb83/processing/src/main/java/org/apache/carbondata/processing/loading/parser/impl/ArrayParserImpl.java", "contents_url": "https://api.github.com/repos/apache/carbondata/contents/processing/src/main/java/org/apache/carbondata/processing/loading/parser/impl/ArrayParserImpl.java?ref=a437425a091cfe63b6127e65370457e8e8bbdb83", "patch": "@@ -56,6 +56,10 @@ public ArrayObject parse(Object data) {\n           }\n           return new ArrayObject(array);\n         }\n+      } else if (value.isEmpty()) {\n+        Object[] array = new Object[1];\n+        array[0] = child.parse(value);\n+        return new ArrayObject(array);\n       }\n     }\n     return null;"}, {"sha": "a3624b030565af532e4ac9e527e37a93219272ad", "filename": "store/sdk/src/test/java/org/apache/carbondata/sdk/file/CarbonReaderTest.java", "status": "modified", "additions": 32, "deletions": 0, "changes": 32, "blob_url": "https://github.com/apache/carbondata/blob/a437425a091cfe63b6127e65370457e8e8bbdb83/store/sdk/src/test/java/org/apache/carbondata/sdk/file/CarbonReaderTest.java", "raw_url": "https://github.com/apache/carbondata/raw/a437425a091cfe63b6127e65370457e8e8bbdb83/store/sdk/src/test/java/org/apache/carbondata/sdk/file/CarbonReaderTest.java", "contents_url": "https://api.github.com/repos/apache/carbondata/contents/store/sdk/src/test/java/org/apache/carbondata/sdk/file/CarbonReaderTest.java?ref=a437425a091cfe63b6127e65370457e8e8bbdb83", "patch": "@@ -2072,4 +2072,36 @@ public void testReadingNullValues() {\n     }\n   }\n \n+  @Test\n+  public void testSdkWriteWhenArrayOfStringIsEmpty() throws IOException, InvalidLoadOptionException {\n+    String badRecordAction =\n+        CarbonProperties.getInstance().getProperty(CarbonCommonConstants.CARBON_BAD_RECORDS_ACTION);\n+    CarbonProperties.getInstance()\n+        .addProperty(CarbonCommonConstants.CARBON_BAD_RECORDS_ACTION, \"FAIL\");\n+\n+    String path = \"./testSdkWriteWhenArrayOfStringIsEmpty\";\n+    String[] rec = { \"aaa\", \"bbb\", \"aaa@cdf.com\", \"\", \"\", \"mmm\", \"\" };\n+    Field[] fields = new Field[7];\n+    fields[0] = new Field(\"stringField\", DataTypes.STRING);\n+    fields[1] = new Field(\"varcharField\", DataTypes.VARCHAR);\n+    fields[2] = new Field(\"stringField1\", DataTypes.STRING);\n+    fields[3] = new Field(\"arrayField\", DataTypes.createArrayType(DataTypes.STRING));\n+    fields[4] = new Field(\"arrayField1\", DataTypes.createArrayType(DataTypes.STRING));\n+    fields[5] = new Field(\"arrayField2\", DataTypes.createArrayType(DataTypes.STRING));\n+    fields[6] = new Field(\"varcharField1\", DataTypes.VARCHAR);\n+    Schema schema = new Schema(fields);\n+    Map map = new HashMap();\n+    map.put(\"complex_delimiter_level_1\", \"#\");\n+    map.put(\"bad_records_logger_enable\", \"TRUE\");\n+    map.put(\"bad_record_path\", path + \"/badrec\");\n+    CarbonWriterBuilder builder = CarbonWriter.builder().outputPath(path);\n+    builder.withLoadOptions(map).withCsvInput(schema).enableLocalDictionary(false)\n+        .writtenBy(\"CarbonReaderTest\");\n+    CarbonWriter writer = builder.build();\n+    writer.write(rec);\n+    writer.close();\n+    CarbonProperties.getInstance()\n+        .addProperty(CarbonCommonConstants.CARBON_BAD_RECORDS_ACTION, badRecordAction);\n+  }\n+\n }"}]}