{"sha": "30e78fa00650b258f3ab5ef6c9bdf5ca137289c0", "node_id": "MDY6Q29tbWl0MjIxMTI0MzozMGU3OGZhMDA2NTBiMjU4ZjNhYjVlZjZjOWJkZjVjYTEzNzI4OWMw", "commit": {"author": {"name": "edoardo", "email": "ecomar@uk.ibm.com", "date": "2016-03-17T19:33:47Z"}, "committer": {"name": "Gwen Shapira", "email": "cshapi@gmail.com", "date": "2016-03-17T19:33:47Z"}, "message": "KAFKA-2832: Add a consumer config option to exclude internal topics\n\nA new consumer config option 'exclude.internal.topics' was added to\nallow excluding internal topics when wildcards are used to specify\nconsumers.\nThe new option takes a boolean value, with a default 'false' value (i.e.\nno exclusion).\n\nThis patch is co-authored with rajinisivaram edoardocomar mimaison\n\nAuthor: edoardo <ecomar@uk.ibm.com>\nAuthor: Vahid Hashemian <vahidhashemian@us.ibm.com>\n\nReviewers: Ismael Juma, Jun Rao, Gwen Shapira\n\nCloses #1082 from edoardocomar/KAFKA-2832", "tree": {"sha": "d34848631e3c343ba6e05ea05afb5580ed79ba64", "url": "https://api.github.com/repos/apache/kafka/git/trees/d34848631e3c343ba6e05ea05afb5580ed79ba64"}, "url": "https://api.github.com/repos/apache/kafka/git/commits/30e78fa00650b258f3ab5ef6c9bdf5ca137289c0", "comment_count": 0, "verification": {"verified": false, "reason": "unsigned", "signature": null, "payload": null}}, "url": "https://api.github.com/repos/apache/kafka/commits/30e78fa00650b258f3ab5ef6c9bdf5ca137289c0", "html_url": "https://github.com/apache/kafka/commit/30e78fa00650b258f3ab5ef6c9bdf5ca137289c0", "comments_url": "https://api.github.com/repos/apache/kafka/commits/30e78fa00650b258f3ab5ef6c9bdf5ca137289c0/comments", "author": {"login": "edoardocomar", "id": 6661532, "node_id": "MDQ6VXNlcjY2NjE1MzI=", "avatar_url": "https://avatars2.githubusercontent.com/u/6661532?v=4", "gravatar_id": "", "url": "https://api.github.com/users/edoardocomar", "html_url": "https://github.com/edoardocomar", "followers_url": "https://api.github.com/users/edoardocomar/followers", "following_url": "https://api.github.com/users/edoardocomar/following{/other_user}", "gists_url": "https://api.github.com/users/edoardocomar/gists{/gist_id}", "starred_url": "https://api.github.com/users/edoardocomar/starred{/owner}{/repo}", "subscriptions_url": "https://api.github.com/users/edoardocomar/subscriptions", "organizations_url": "https://api.github.com/users/edoardocomar/orgs", "repos_url": "https://api.github.com/users/edoardocomar/repos", "events_url": "https://api.github.com/users/edoardocomar/events{/privacy}", "received_events_url": "https://api.github.com/users/edoardocomar/received_events", "type": "User", "site_admin": false}, "committer": {"login": "gwenshap", "id": 1189030, "node_id": "MDQ6VXNlcjExODkwMzA=", "avatar_url": "https://avatars0.githubusercontent.com/u/1189030?v=4", "gravatar_id": "", "url": "https://api.github.com/users/gwenshap", "html_url": "https://github.com/gwenshap", "followers_url": "https://api.github.com/users/gwenshap/followers", "following_url": "https://api.github.com/users/gwenshap/following{/other_user}", "gists_url": "https://api.github.com/users/gwenshap/gists{/gist_id}", "starred_url": "https://api.github.com/users/gwenshap/starred{/owner}{/repo}", "subscriptions_url": "https://api.github.com/users/gwenshap/subscriptions", "organizations_url": "https://api.github.com/users/gwenshap/orgs", "repos_url": "https://api.github.com/users/gwenshap/repos", "events_url": "https://api.github.com/users/gwenshap/events{/privacy}", "received_events_url": "https://api.github.com/users/gwenshap/received_events", "type": "User", "site_admin": false}, "parents": [{"sha": "dce06766da245ca95951c9c7e82d6a113db7cb13", "url": "https://api.github.com/repos/apache/kafka/commits/dce06766da245ca95951c9c7e82d6a113db7cb13", "html_url": "https://github.com/apache/kafka/commit/dce06766da245ca95951c9c7e82d6a113db7cb13"}], "stats": {"total": 208, "additions": 135, "deletions": 73}, "files": [{"sha": "9101307cc0c5a02903069dffbedb724241955ff4", "filename": "clients/src/main/java/org/apache/kafka/clients/consumer/ConsumerConfig.java", "status": "modified", "additions": 11, "deletions": 0, "changes": 11, "blob_url": "https://github.com/apache/kafka/blob/30e78fa00650b258f3ab5ef6c9bdf5ca137289c0/clients/src/main/java/org/apache/kafka/clients/consumer/ConsumerConfig.java", "raw_url": "https://github.com/apache/kafka/raw/30e78fa00650b258f3ab5ef6c9bdf5ca137289c0/clients/src/main/java/org/apache/kafka/clients/consumer/ConsumerConfig.java", "contents_url": "https://api.github.com/repos/apache/kafka/contents/clients/src/main/java/org/apache/kafka/clients/consumer/ConsumerConfig.java?ref=30e78fa00650b258f3ab5ef6c9bdf5ca137289c0", "patch": "@@ -172,6 +172,12 @@\n     public static final String MAX_POLL_RECORDS_CONFIG = \"max.poll.records\";\n     private static final String MAX_POLL_RECORDS_DOC = \"The maximum number of records returned in a single call to poll().\";\n \n+    /** <code>exclude.internal.topics</code> */\n+    public static final String EXCLUDE_INTERNAL_TOPICS_CONFIG = \"exclude.internal.topics\";\n+    private static final String EXCLUDE_INTERNAL_TOPICS_DOC = \"Whether records from internal topics (such as offsets) should be exposed to the consumer. \"\n+                                                            + \"If set to <code>true</code> the only way to receive records from an internal topic is subscribing to it.\";\n+    public static final boolean EXCLUDE_INTERNAL_TOPICS_DEFAULT = true;\n+    \n     static {\n         CONFIG = new ConfigDef().define(BOOTSTRAP_SERVERS_CONFIG,\n                                         Type.LIST,\n@@ -316,6 +322,11 @@\n                                         atLeast(1),\n                                         Importance.MEDIUM,\n                                         MAX_POLL_RECORDS_DOC)\n+                                .define(EXCLUDE_INTERNAL_TOPICS_CONFIG,\n+                                        Type.BOOLEAN,\n+                                        EXCLUDE_INTERNAL_TOPICS_DEFAULT,\n+                                        Importance.MEDIUM,\n+                                        EXCLUDE_INTERNAL_TOPICS_DOC)\n \n                                 // security support\n                                 .define(CommonClientConfigs.SECURITY_PROTOCOL_CONFIG,"}, {"sha": "804a16036101e77192cd5292b2f8f469276b3bc8", "filename": "clients/src/main/java/org/apache/kafka/clients/consumer/KafkaConsumer.java", "status": "modified", "additions": 2, "deletions": 1, "changes": 3, "blob_url": "https://github.com/apache/kafka/blob/30e78fa00650b258f3ab5ef6c9bdf5ca137289c0/clients/src/main/java/org/apache/kafka/clients/consumer/KafkaConsumer.java", "raw_url": "https://github.com/apache/kafka/raw/30e78fa00650b258f3ab5ef6c9bdf5ca137289c0/clients/src/main/java/org/apache/kafka/clients/consumer/KafkaConsumer.java", "contents_url": "https://api.github.com/repos/apache/kafka/contents/clients/src/main/java/org/apache/kafka/clients/consumer/KafkaConsumer.java?ref=30e78fa00650b258f3ab5ef6c9bdf5ca137289c0", "patch": "@@ -612,7 +612,8 @@ private KafkaConsumer(ConsumerConfig config,\n                     new ConsumerCoordinator.DefaultOffsetCommitCallback(),\n                     config.getBoolean(ConsumerConfig.ENABLE_AUTO_COMMIT_CONFIG),\n                     config.getLong(ConsumerConfig.AUTO_COMMIT_INTERVAL_MS_CONFIG),\n-                    this.interceptors);\n+                    this.interceptors,\n+                    config.getBoolean(ConsumerConfig.EXCLUDE_INTERNAL_TOPICS_CONFIG));\n             if (keyDeserializer == null) {\n                 this.keyDeserializer = config.getConfiguredInstance(ConsumerConfig.KEY_DESERIALIZER_CLASS_CONFIG,\n                         Deserializer.class);"}, {"sha": "cf935309cd383a715e4861232551c55de353b7be", "filename": "clients/src/main/java/org/apache/kafka/clients/consumer/internals/ConsumerCoordinator.java", "status": "modified", "additions": 7, "deletions": 2, "changes": 9, "blob_url": "https://github.com/apache/kafka/blob/30e78fa00650b258f3ab5ef6c9bdf5ca137289c0/clients/src/main/java/org/apache/kafka/clients/consumer/internals/ConsumerCoordinator.java", "raw_url": "https://github.com/apache/kafka/raw/30e78fa00650b258f3ab5ef6c9bdf5ca137289c0/clients/src/main/java/org/apache/kafka/clients/consumer/internals/ConsumerCoordinator.java", "contents_url": "https://api.github.com/repos/apache/kafka/contents/clients/src/main/java/org/apache/kafka/clients/consumer/internals/ConsumerCoordinator.java?ref=30e78fa00650b258f3ab5ef6c9bdf5ca137289c0", "patch": "@@ -26,6 +26,7 @@\n import org.apache.kafka.common.errors.GroupAuthorizationException;\n import org.apache.kafka.common.errors.TopicAuthorizationException;\n import org.apache.kafka.common.errors.WakeupException;\n+import org.apache.kafka.common.internals.TopicConstants;\n import org.apache.kafka.common.metrics.Measurable;\n import org.apache.kafka.common.metrics.MetricConfig;\n import org.apache.kafka.common.metrics.Metrics;\n@@ -69,6 +70,7 @@\n     private final boolean autoCommitEnabled;\n     private final AutoCommitTask autoCommitTask;\n     private final ConsumerInterceptors<?, ?> interceptors;\n+    private final boolean excludeInternalTopics;\n \n     /**\n      * Initialize the coordination manager.\n@@ -87,7 +89,8 @@ public ConsumerCoordinator(ConsumerNetworkClient client,\n                                OffsetCommitCallback defaultOffsetCommitCallback,\n                                boolean autoCommitEnabled,\n                                long autoCommitIntervalMs,\n-                               ConsumerInterceptors<?, ?> interceptors) {\n+                               ConsumerInterceptors<?, ?> interceptors,\n+                               boolean excludeInternalTopics) {\n         super(client,\n                 groupId,\n                 sessionTimeoutMs,\n@@ -110,6 +113,7 @@ public ConsumerCoordinator(ConsumerNetworkClient client,\n         this.autoCommitTask = autoCommitEnabled ? new AutoCommitTask(autoCommitIntervalMs) : null;\n         this.sensors = new ConsumerCoordinatorMetrics(metrics, metricGrpPrefix);\n         this.interceptors = interceptors;\n+        this.excludeInternalTopics = excludeInternalTopics;\n     }\n \n     @Override\n@@ -140,7 +144,8 @@ public void onMetadataUpdate(Cluster cluster) {\n                     final List<String> topicsToSubscribe = new ArrayList<>();\n \n                     for (String topic : cluster.topics())\n-                        if (subscriptions.getSubscribedPattern().matcher(topic).matches())\n+                        if (subscriptions.getSubscribedPattern().matcher(topic).matches() &&\n+                                !(excludeInternalTopics && TopicConstants.INTERNAL_TOPICS.contains(topic)))\n                             topicsToSubscribe.add(topic);\n \n                     subscriptions.changeSubscription(topicsToSubscribe);"}, {"sha": "5d6b9928fff9854a5b1dd618a4183a814ac8d2c2", "filename": "clients/src/main/java/org/apache/kafka/common/internals/TopicConstants.java", "status": "added", "additions": 33, "deletions": 0, "changes": 33, "blob_url": "https://github.com/apache/kafka/blob/30e78fa00650b258f3ab5ef6c9bdf5ca137289c0/clients/src/main/java/org/apache/kafka/common/internals/TopicConstants.java", "raw_url": "https://github.com/apache/kafka/raw/30e78fa00650b258f3ab5ef6c9bdf5ca137289c0/clients/src/main/java/org/apache/kafka/common/internals/TopicConstants.java", "contents_url": "https://api.github.com/repos/apache/kafka/contents/clients/src/main/java/org/apache/kafka/common/internals/TopicConstants.java?ref=30e78fa00650b258f3ab5ef6c9bdf5ca137289c0", "patch": "@@ -0,0 +1,33 @@\n+/**\n+ * Licensed to the Apache Software Foundation (ASF) under one or more\n+ * contributor license agreements.  See the NOTICE file distributed with\n+ * this work for additional information regarding copyright ownership.\n+ * The ASF licenses this file to You under the Apache License, Version 2.0\n+ * (the \"License\"); you may not use this file except in compliance with\n+ * the License.  You may obtain a copy of the License at\n+ *\n+ *    http://www.apache.org/licenses/LICENSE-2.0\n+ *\n+ * Unless required by applicable law or agreed to in writing, software\n+ * distributed under the License is distributed on an \"AS IS\" BASIS,\n+ * WITHOUT WARRANTIES OR CONDITIONS OF ANY KIND, either express or implied.\n+ * See the License for the specific language governing permissions and\n+ * limitations under the License.\n+ */\n+package org.apache.kafka.common.internals;\n+\n+import java.util.Arrays;\n+import java.util.Collection;\n+import java.util.Collections;\n+import java.util.HashSet;\n+\n+public final class TopicConstants {\n+\n+    //avoid instantiation\n+    private TopicConstants() {\n+    }\n+\n+    // TODO: we store both group metadata and offset data here despite the topic name being offsets only\n+    public static final String GROUP_METADATA_TOPIC_NAME = \"__consumer_offsets\";\n+    public static final Collection<String> INTERNAL_TOPICS = Collections.unmodifiableSet(new HashSet<String>(Arrays.asList(GROUP_METADATA_TOPIC_NAME)));\n+}"}, {"sha": "260ee7a081ed11a1632db3bfd9b6b797ad1a00a8", "filename": "clients/src/test/java/org/apache/kafka/clients/consumer/internals/ConsumerCoordinatorTest.java", "status": "modified", "additions": 30, "deletions": 7, "changes": 37, "blob_url": "https://github.com/apache/kafka/blob/30e78fa00650b258f3ab5ef6c9bdf5ca137289c0/clients/src/test/java/org/apache/kafka/clients/consumer/internals/ConsumerCoordinatorTest.java", "raw_url": "https://github.com/apache/kafka/raw/30e78fa00650b258f3ab5ef6c9bdf5ca137289c0/clients/src/test/java/org/apache/kafka/clients/consumer/internals/ConsumerCoordinatorTest.java", "contents_url": "https://api.github.com/repos/apache/kafka/contents/clients/src/test/java/org/apache/kafka/clients/consumer/internals/ConsumerCoordinatorTest.java?ref=30e78fa00650b258f3ab5ef6c9bdf5ca137289c0", "patch": "@@ -20,6 +20,7 @@\n import org.apache.kafka.clients.Metadata;\n import org.apache.kafka.clients.MockClient;\n import org.apache.kafka.clients.consumer.CommitFailedException;\n+import org.apache.kafka.clients.consumer.ConsumerConfig;\n import org.apache.kafka.clients.consumer.ConsumerRebalanceListener;\n import org.apache.kafka.clients.consumer.OffsetAndMetadata;\n import org.apache.kafka.clients.consumer.OffsetCommitCallback;\n@@ -34,6 +35,7 @@\n import org.apache.kafka.common.errors.DisconnectException;\n import org.apache.kafka.common.errors.GroupAuthorizationException;\n import org.apache.kafka.common.errors.OffsetMetadataTooLarge;\n+import org.apache.kafka.common.internals.TopicConstants;\n import org.apache.kafka.common.metrics.Metrics;\n import org.apache.kafka.common.protocol.Errors;\n import org.apache.kafka.common.protocol.types.Struct;\n@@ -63,6 +65,7 @@\n import java.util.List;\n import java.util.Map;\n import java.util.concurrent.atomic.AtomicBoolean;\n+import java.util.regex.Pattern;\n \n import static org.junit.Assert.assertEquals;\n import static org.junit.Assert.assertFalse;\n@@ -107,7 +110,7 @@ public void setup() {\n         this.partitionAssignor.clear();\n \n         client.setNode(node);\n-        this.coordinator = buildCoordinator(metrics, assignors);\n+        this.coordinator = buildCoordinator(metrics, assignors, ConsumerConfig.EXCLUDE_INTERNAL_TOPICS_DEFAULT);\n     }\n \n     @After\n@@ -263,7 +266,7 @@ public void testCoordinatorDisconnect() {\n     }\n \n     @Test(expected = ApiException.class)\n-    public void testJoinGroupInvalidGroupId() {\n+    public void testJoinGroupInvalidGroupId() { \n         final String consumerId = \"leader\";\n \n         subscriptions.subscribe(Arrays.asList(topicName), rebalanceListener);\n@@ -509,7 +512,7 @@ public boolean matches(ClientRequest request) {\n     }\n \n     @Test\n-    public void testMetadataChangeTriggersRebalance() {\n+    public void testMetadataChangeTriggersRebalance() { \n         final String consumerId = \"consumer\";\n \n         subscriptions.subscribe(Arrays.asList(topicName), rebalanceListener);\n@@ -532,6 +535,25 @@ public void testMetadataChangeTriggersRebalance() {\n         assertTrue(subscriptions.partitionAssignmentNeeded());\n     }\n \n+    @Test\n+    public void testExcludeInternalTopicsConfigOption() { \n+        subscriptions.subscribe(Pattern.compile(\".*\"), rebalanceListener);\n+\n+        metadata.update(TestUtils.singletonCluster(TopicConstants.GROUP_METADATA_TOPIC_NAME, 2), time.milliseconds());\n+\n+        assertFalse(subscriptions.partitionAssignmentNeeded());\n+    }\n+\n+    @Test\n+    public void testIncludeInternalTopicsConfigOption() {\n+        coordinator = buildCoordinator(new Metrics(), assignors, false);\n+        subscriptions.subscribe(Pattern.compile(\".*\"), rebalanceListener);\n+\n+        metadata.update(TestUtils.singletonCluster(TopicConstants.GROUP_METADATA_TOPIC_NAME, 2), time.milliseconds());\n+\n+        assertTrue(subscriptions.partitionAssignmentNeeded());\n+    }\n+    \n     @Test\n     public void testRejoinGroup() {\n         subscriptions.subscribe(Arrays.asList(topicName), rebalanceListener);\n@@ -882,23 +904,23 @@ public void testProtocolMetadataOrder() {\n         RangeAssignor range = new RangeAssignor();\n \n         try (Metrics metrics = new Metrics(time)) {\n-            ConsumerCoordinator coordinator = buildCoordinator(metrics, Arrays.<PartitionAssignor>asList(roundRobin, range));\n+            ConsumerCoordinator coordinator = buildCoordinator(metrics, Arrays.<PartitionAssignor>asList(roundRobin, range), ConsumerConfig.EXCLUDE_INTERNAL_TOPICS_DEFAULT);\n             List<ProtocolMetadata> metadata = coordinator.metadata();\n             assertEquals(2, metadata.size());\n             assertEquals(roundRobin.name(), metadata.get(0).name());\n             assertEquals(range.name(), metadata.get(1).name());\n         }\n \n         try (Metrics metrics = new Metrics(time)) {\n-            ConsumerCoordinator coordinator = buildCoordinator(metrics, Arrays.<PartitionAssignor>asList(range, roundRobin));\n+            ConsumerCoordinator coordinator = buildCoordinator(metrics, Arrays.<PartitionAssignor>asList(range, roundRobin), ConsumerConfig.EXCLUDE_INTERNAL_TOPICS_DEFAULT);\n             List<ProtocolMetadata> metadata = coordinator.metadata();\n             assertEquals(2, metadata.size());\n             assertEquals(range.name(), metadata.get(0).name());\n             assertEquals(roundRobin.name(), metadata.get(1).name());\n         }\n     }\n \n-    private ConsumerCoordinator buildCoordinator(Metrics metrics, List<PartitionAssignor> assignors) {\n+    private ConsumerCoordinator buildCoordinator(Metrics metrics, List<PartitionAssignor> assignors, boolean excludeInternalTopics) {\n         return new ConsumerCoordinator(\n                 consumerClient,\n                 groupId,\n@@ -914,7 +936,8 @@ private ConsumerCoordinator buildCoordinator(Metrics metrics, List<PartitionAssi\n                 defaultOffsetCommitCallback,\n                 autoCommitEnabled,\n                 autoCommitIntervalMs,\n-                null);\n+                null,\n+                excludeInternalTopics);\n     }\n \n     private Struct consumerMetadataResponse(Node node, short error) {"}, {"sha": "b3b06351da796e99c8542eb3d26552fd15f828e6", "filename": "core/src/main/scala/kafka/admin/TopicCommand.scala", "status": "modified", "additions": 3, "deletions": 4, "changes": 7, "blob_url": "https://github.com/apache/kafka/blob/30e78fa00650b258f3ab5ef6c9bdf5ca137289c0/core/src/main/scala/kafka/admin/TopicCommand.scala", "raw_url": "https://github.com/apache/kafka/raw/30e78fa00650b258f3ab5ef6c9bdf5ca137289c0/core/src/main/scala/kafka/admin/TopicCommand.scala", "contents_url": "https://api.github.com/repos/apache/kafka/contents/core/src/main/scala/kafka/admin/TopicCommand.scala?ref=30e78fa00650b258f3ab5ef6c9bdf5ca137289c0", "patch": "@@ -18,7 +18,6 @@\n package kafka.admin\n \n import java.util.Properties\n-\n import joptsimple._\n import kafka.common.{AdminCommandFailedException, Topic, TopicExistsException}\n import kafka.consumer.{ConsumerConfig, Whitelist}\n@@ -30,9 +29,9 @@ import kafka.utils._\n import org.I0Itec.zkclient.exception.ZkNodeExistsException\n import org.apache.kafka.common.security.JaasUtils\n import org.apache.kafka.common.utils.Utils\n-\n import scala.collection.JavaConversions._\n import scala.collection._\n+import org.apache.kafka.common.internals.TopicConstants\n \n \n object TopicCommand extends Logging {\n@@ -138,7 +137,7 @@ object TopicCommand extends Logging {\n       }\n \n       if(opts.options.has(opts.partitionsOpt)) {\n-        if (topic == GroupCoordinator.GroupMetadataTopicName) {\n+        if (topic == TopicConstants.GROUP_METADATA_TOPIC_NAME) {\n           throw new IllegalArgumentException(\"The number of partitions for the offsets topic cannot be changed.\")\n         }\n         println(\"WARNING: If partitions are increased for a topic that has a key, the partition \" +\n@@ -171,7 +170,7 @@ object TopicCommand extends Logging {\n     }\n     topics.foreach { topic =>\n       try {\n-        if (Topic.InternalTopics.contains(topic)) {\n+        if (TopicConstants.INTERNAL_TOPICS.contains(topic)) {\n           throw new AdminOperationException(\"Topic %s is a kafka internal topic and is not allowed to be marked for deletion.\".format(topic))\n         } else {\n           zkUtils.createPersistentPath(getDeleteTopicPath(topic))"}, {"sha": "930d0e441568cc735b46f9feb04da474d0027852", "filename": "core/src/main/scala/kafka/common/Topic.scala", "status": "modified", "additions": 0, "deletions": 2, "changes": 2, "blob_url": "https://github.com/apache/kafka/blob/30e78fa00650b258f3ab5ef6c9bdf5ca137289c0/core/src/main/scala/kafka/common/Topic.scala", "raw_url": "https://github.com/apache/kafka/raw/30e78fa00650b258f3ab5ef6c9bdf5ca137289c0/core/src/main/scala/kafka/common/Topic.scala", "contents_url": "https://api.github.com/repos/apache/kafka/contents/core/src/main/scala/kafka/common/Topic.scala?ref=30e78fa00650b258f3ab5ef6c9bdf5ca137289c0", "patch": "@@ -25,8 +25,6 @@ object Topic {\n   private val maxNameLength = 255\n   private val rgx = new Regex(legalChars + \"+\")\n \n-  val InternalTopics = Set(GroupCoordinator.GroupMetadataTopicName)\n-\n   def validate(topic: String) {\n     if (topic.length <= 0)\n       throw new org.apache.kafka.common.errors.InvalidTopicException(\"topic name is illegal, can't be empty\")"}, {"sha": "b89968e86cddec9e0edf6041a5d47bf473bc500e", "filename": "core/src/main/scala/kafka/consumer/TopicFilter.scala", "status": "modified", "additions": 3, "deletions": 2, "changes": 5, "blob_url": "https://github.com/apache/kafka/blob/30e78fa00650b258f3ab5ef6c9bdf5ca137289c0/core/src/main/scala/kafka/consumer/TopicFilter.scala", "raw_url": "https://github.com/apache/kafka/raw/30e78fa00650b258f3ab5ef6c9bdf5ca137289c0/core/src/main/scala/kafka/consumer/TopicFilter.scala", "contents_url": "https://api.github.com/repos/apache/kafka/contents/core/src/main/scala/kafka/consumer/TopicFilter.scala?ref=30e78fa00650b258f3ab5ef6c9bdf5ca137289c0", "patch": "@@ -21,6 +21,7 @@ package kafka.consumer\n import kafka.utils.Logging\n import java.util.regex.{PatternSyntaxException, Pattern}\n import kafka.common.Topic\n+import org.apache.kafka.common.internals.TopicConstants\n \n \n sealed abstract class TopicFilter(rawRegex: String) extends Logging {\n@@ -47,7 +48,7 @@ sealed abstract class TopicFilter(rawRegex: String) extends Logging {\n \n case class Whitelist(rawRegex: String) extends TopicFilter(rawRegex) {\n   override def isTopicAllowed(topic: String, excludeInternalTopics: Boolean) = {\n-    val allowed = topic.matches(regex) && !(Topic.InternalTopics.contains(topic) && excludeInternalTopics)\n+    val allowed = topic.matches(regex) && !(TopicConstants.INTERNAL_TOPICS.contains(topic) && excludeInternalTopics)\n \n     debug(\"%s %s\".format(\n       topic, if (allowed) \"allowed\" else \"filtered\"))\n@@ -60,7 +61,7 @@ case class Whitelist(rawRegex: String) extends TopicFilter(rawRegex) {\n \n case class Blacklist(rawRegex: String) extends TopicFilter(rawRegex) {\n   override def isTopicAllowed(topic: String, excludeInternalTopics: Boolean) = {\n-    val allowed = (!topic.matches(regex)) && !(Topic.InternalTopics.contains(topic) && excludeInternalTopics)\n+    val allowed = (!topic.matches(regex)) && !(TopicConstants.INTERNAL_TOPICS.contains(topic) && excludeInternalTopics)\n \n     debug(\"%s %s\".format(\n       topic, if (allowed) \"allowed\" else \"filtered\"))"}, {"sha": "30a3a78f6b131d1d0e3961a07cb6513fe7df659d", "filename": "core/src/main/scala/kafka/coordinator/GroupCoordinator.scala", "status": "modified", "additions": 0, "deletions": 3, "changes": 3, "blob_url": "https://github.com/apache/kafka/blob/30e78fa00650b258f3ab5ef6c9bdf5ca137289c0/core/src/main/scala/kafka/coordinator/GroupCoordinator.scala", "raw_url": "https://github.com/apache/kafka/raw/30e78fa00650b258f3ab5ef6c9bdf5ca137289c0/core/src/main/scala/kafka/coordinator/GroupCoordinator.scala", "contents_url": "https://api.github.com/repos/apache/kafka/contents/core/src/main/scala/kafka/coordinator/GroupCoordinator.scala?ref=30e78fa00650b258f3ab5ef6c9bdf5ca137289c0", "patch": "@@ -725,9 +725,6 @@ object GroupCoordinator {\n   val EmptyGroup = GroupSummary(NoState, NoProtocolType, NoProtocol, NoMembers)\n   val DeadGroup = GroupSummary(Dead.toString, NoProtocolType, NoProtocol, NoMembers)\n \n-  // TODO: we store both group metadata and offset data here despite the topic name being offsets only\n-  val GroupMetadataTopicName = \"__consumer_offsets\"\n-\n   def apply(config: KafkaConfig,\n             zkUtils: ZkUtils,\n             replicaManager: ReplicaManager,"}, {"sha": "c6bc44ef5efb5254db267828298ebff9f68112b7", "filename": "core/src/main/scala/kafka/coordinator/GroupMetadataManager.scala", "status": "modified", "additions": 14, "deletions": 16, "changes": 30, "blob_url": "https://github.com/apache/kafka/blob/30e78fa00650b258f3ab5ef6c9bdf5ca137289c0/core/src/main/scala/kafka/coordinator/GroupMetadataManager.scala", "raw_url": "https://github.com/apache/kafka/raw/30e78fa00650b258f3ab5ef6c9bdf5ca137289c0/core/src/main/scala/kafka/coordinator/GroupMetadataManager.scala", "contents_url": "https://api.github.com/repos/apache/kafka/contents/core/src/main/scala/kafka/coordinator/GroupMetadataManager.scala?ref=30e78fa00650b258f3ab5ef6c9bdf5ca137289c0", "patch": "@@ -18,7 +18,6 @@\n package kafka.coordinator\n \n import java.util.concurrent.locks.ReentrantReadWriteLock\n-\n import kafka.utils.CoreUtils._\n import org.apache.kafka.common.TopicPartition\n import org.apache.kafka.common.protocol.Errors\n@@ -40,14 +39,13 @@ import kafka.metrics.KafkaMetricsGroup\n import kafka.common.TopicAndPartition\n import kafka.common.MessageFormatter\n import kafka.server.ReplicaManager\n-\n import scala.collection._\n import java.io.PrintStream\n import java.nio.ByteBuffer\n import java.util.concurrent.atomic.AtomicBoolean\n import java.util.concurrent.TimeUnit\n-\n import com.yammer.metrics.core.Gauge\n+import org.apache.kafka.common.internals.TopicConstants\n \n case class DelayedStore(messageSet: Map[TopicPartition, MessageSet],\n                         callback: Map[TopicPartition, PartitionResponse] => Unit)\n@@ -147,9 +145,9 @@ class GroupMetadataManager(val brokerId: Int,\n       val tombstone = new Message(bytes = null, key = GroupMetadataManager.groupMetadataKey(group.groupId),\n         timestamp = timestamp, magicValue = magicValue)\n \n-      val partitionOpt = replicaManager.getPartition(GroupCoordinator.GroupMetadataTopicName, groupPartition)\n+      val partitionOpt = replicaManager.getPartition(TopicConstants.GROUP_METADATA_TOPIC_NAME, groupPartition)\n       partitionOpt.foreach { partition =>\n-        val appendPartition = TopicAndPartition(GroupCoordinator.GroupMetadataTopicName, groupPartition)\n+        val appendPartition = TopicAndPartition(TopicConstants.GROUP_METADATA_TOPIC_NAME, groupPartition)\n \n         trace(\"Marking group %s as deleted.\".format(group.groupId))\n \n@@ -177,7 +175,7 @@ class GroupMetadataManager(val brokerId: Int,\n       timestamp = timestamp,\n       magicValue = magicValue)\n \n-    val groupMetadataPartition = new TopicPartition(GroupCoordinator.GroupMetadataTopicName, partitionFor(group.groupId))\n+    val groupMetadataPartition = new TopicPartition(TopicConstants.GROUP_METADATA_TOPIC_NAME, partitionFor(group.groupId))\n \n     val groupMetadataMessageSet = Map(groupMetadataPartition ->\n       new ByteBufferMessageSet(config.offsetsTopicCompressionCodec, message))\n@@ -263,7 +261,7 @@ class GroupMetadataManager(val brokerId: Int,\n       )\n     }.toSeq\n \n-    val offsetTopicPartition = new TopicPartition(GroupCoordinator.GroupMetadataTopicName, partitionFor(groupId))\n+    val offsetTopicPartition = new TopicPartition(TopicConstants.GROUP_METADATA_TOPIC_NAME, partitionFor(groupId))\n \n     val offsetsAndMetadataMessageSet = Map(offsetTopicPartition ->\n       new ByteBufferMessageSet(config.offsetsTopicCompressionCodec, messages:_*))\n@@ -351,7 +349,7 @@ class GroupMetadataManager(val brokerId: Int,\n    */\n   def loadGroupsForPartition(offsetsPartition: Int,\n                              onGroupLoaded: GroupMetadata => Unit) {\n-    val topicPartition = TopicAndPartition(GroupCoordinator.GroupMetadataTopicName, offsetsPartition)\n+    val topicPartition = TopicAndPartition(TopicConstants.GROUP_METADATA_TOPIC_NAME, offsetsPartition)\n     scheduler.schedule(topicPartition.toString, loadGroupsAndOffsets)\n \n     def loadGroupsAndOffsets() {\n@@ -470,7 +468,7 @@ class GroupMetadataManager(val brokerId: Int,\n    */\n   def removeGroupsForPartition(offsetsPartition: Int,\n                                onGroupUnloaded: GroupMetadata => Unit) {\n-    val topicPartition = TopicAndPartition(GroupCoordinator.GroupMetadataTopicName, offsetsPartition)\n+    val topicPartition = TopicAndPartition(TopicConstants.GROUP_METADATA_TOPIC_NAME, offsetsPartition)\n     scheduler.schedule(topicPartition.toString, removeGroupsAndOffsets)\n \n     def removeGroupsAndOffsets() {\n@@ -507,10 +505,10 @@ class GroupMetadataManager(val brokerId: Int,\n       }\n \n       if (numOffsetsRemoved > 0) info(\"Removed %d cached offsets for %s on follower transition.\"\n-        .format(numOffsetsRemoved, TopicAndPartition(GroupCoordinator.GroupMetadataTopicName, offsetsPartition)))\n+        .format(numOffsetsRemoved, TopicAndPartition(TopicConstants.GROUP_METADATA_TOPIC_NAME, offsetsPartition)))\n \n       if (numGroupsRemoved > 0) info(\"Removed %d cached groups for %s on follower transition.\"\n-        .format(numGroupsRemoved, TopicAndPartition(GroupCoordinator.GroupMetadataTopicName, offsetsPartition)))\n+        .format(numGroupsRemoved, TopicAndPartition(TopicConstants.GROUP_METADATA_TOPIC_NAME, offsetsPartition)))\n     }\n   }\n \n@@ -566,9 +564,9 @@ class GroupMetadataManager(val brokerId: Int,\n       // Append the tombstone messages to the offset partitions. It is okay if the replicas don't receive these (say,\n       // if we crash or leaders move) since the new leaders will get rid of expired offsets during their own purge cycles.\n       tombstonesForPartition.flatMap { case (offsetsPartition, tombstones) =>\n-        val partitionOpt = replicaManager.getPartition(GroupCoordinator.GroupMetadataTopicName, offsetsPartition)\n+        val partitionOpt = replicaManager.getPartition(TopicConstants.GROUP_METADATA_TOPIC_NAME, offsetsPartition)\n         partitionOpt.map { partition =>\n-          val appendPartition = TopicAndPartition(GroupCoordinator.GroupMetadataTopicName, offsetsPartition)\n+          val appendPartition = TopicAndPartition(TopicConstants.GROUP_METADATA_TOPIC_NAME, offsetsPartition)\n           val messages = tombstones.map(_._2).toSeq\n \n           trace(\"Marked %d offsets in %s for deletion.\".format(messages.size, appendPartition))\n@@ -593,7 +591,7 @@ class GroupMetadataManager(val brokerId: Int,\n   }\n \n   private def getHighWatermark(partitionId: Int): Long = {\n-    val partitionOpt = replicaManager.getPartition(GroupCoordinator.GroupMetadataTopicName, partitionId)\n+    val partitionOpt = replicaManager.getPartition(TopicConstants.GROUP_METADATA_TOPIC_NAME, partitionId)\n \n     val hw = partitionOpt.map { partition =>\n       partition.leaderReplicaIfLocal().map(_.highWatermark.messageOffset).getOrElse(-1L)\n@@ -621,7 +619,7 @@ class GroupMetadataManager(val brokerId: Int,\n    * If the topic does not exist, the configured partition count is returned.\n    */\n   private def getOffsetsTopicPartitionCount = {\n-    val topic = GroupCoordinator.GroupMetadataTopicName\n+    val topic = TopicConstants.GROUP_METADATA_TOPIC_NAME\n     val topicData = zkUtils.getPartitionAssignmentForTopics(Seq(topic))\n     if (topicData(topic).nonEmpty)\n       topicData(topic).size\n@@ -630,7 +628,7 @@ class GroupMetadataManager(val brokerId: Int,\n   }\n \n   private def getMessageFormatVersionAndTimestamp(partition: Int): (Byte, Long) = {\n-    val groupMetadataTopicAndPartition = new TopicAndPartition(GroupCoordinator.GroupMetadataTopicName, partition)\n+    val groupMetadataTopicAndPartition = new TopicAndPartition(TopicConstants.GROUP_METADATA_TOPIC_NAME, partition)\n     val messageFormatVersion = replicaManager.getMessageFormatVersion(groupMetadataTopicAndPartition).getOrElse {\n       throw new IllegalArgumentException(s\"Message format version for partition $groupMetadataTopicPartitionCount not found\")\n     }"}, {"sha": "0fb4d74cab5763fe8720ce81896fddb2054aa1c0", "filename": "core/src/main/scala/kafka/server/KafkaApis.scala", "status": "modified", "additions": 6, "deletions": 5, "changes": 11, "blob_url": "https://github.com/apache/kafka/blob/30e78fa00650b258f3ab5ef6c9bdf5ca137289c0/core/src/main/scala/kafka/server/KafkaApis.scala", "raw_url": "https://github.com/apache/kafka/raw/30e78fa00650b258f3ab5ef6c9bdf5ca137289c0/core/src/main/scala/kafka/server/KafkaApis.scala", "contents_url": "https://api.github.com/repos/apache/kafka/contents/core/src/main/scala/kafka/server/KafkaApis.scala?ref=30e78fa00650b258f3ab5ef6c9bdf5ca137289c0", "patch": "@@ -45,6 +45,7 @@ MetadataRequest, MetadataResponse, OffsetCommitRequest, OffsetCommitResponse, Of\n import org.apache.kafka.common.requests.ProduceResponse.PartitionResponse\n import org.apache.kafka.common.utils.Utils\n import org.apache.kafka.common.{TopicPartition, Node}\n+import org.apache.kafka.common.internals.TopicConstants\n \n import scala.collection._\n import scala.collection.JavaConverters._\n@@ -129,11 +130,11 @@ class KafkaApis(val requestChannel: RequestChannel,\n         // this callback is invoked under the replica state change lock to ensure proper order of\n         // leadership changes\n         updatedLeaders.foreach { partition =>\n-          if (partition.topic == GroupCoordinator.GroupMetadataTopicName)\n+          if (partition.topic == TopicConstants.GROUP_METADATA_TOPIC_NAME)\n             coordinator.handleGroupImmigration(partition.partitionId)\n         }\n         updatedFollowers.foreach { partition =>\n-          if (partition.topic == GroupCoordinator.GroupMetadataTopicName)\n+          if (partition.topic == TopicConstants.GROUP_METADATA_TOPIC_NAME)\n             coordinator.handleGroupEmigration(partition.partitionId)\n         }\n       }\n@@ -643,12 +644,12 @@ class KafkaApis(val requestChannel: RequestChannel,\n         Math.min(config.offsetsTopicReplicationFactor.toInt, aliveBrokers.length)\n       else\n         config.offsetsTopicReplicationFactor.toInt\n-    createTopic(GroupCoordinator.GroupMetadataTopicName, config.offsetsTopicPartitions,\n+    createTopic(TopicConstants.GROUP_METADATA_TOPIC_NAME, config.offsetsTopicPartitions,\n       offsetsTopicReplicationFactor, coordinator.offsetsTopicConfigs)\n   }\n \n   private def getOrCreateGroupMetadataTopic(securityProtocol: SecurityProtocol): MetadataResponse.TopicMetadata = {\n-    val topicMetadata = metadataCache.getTopicMetadata(Set(GroupCoordinator.GroupMetadataTopicName), securityProtocol)\n+    val topicMetadata = metadataCache.getTopicMetadata(Set(TopicConstants.GROUP_METADATA_TOPIC_NAME), securityProtocol)\n     topicMetadata.headOption.getOrElse(createGroupMetadataTopic())\n   }\n \n@@ -659,7 +660,7 @@ class KafkaApis(val requestChannel: RequestChannel,\n     } else {\n       val nonExistentTopics = topics -- topicResponses.map(_.topic).toSet\n       val responsesForNonExistentTopics = nonExistentTopics.map { topic =>\n-        if (topic == GroupCoordinator.GroupMetadataTopicName) {\n+        if (topic == TopicConstants.GROUP_METADATA_TOPIC_NAME) {\n           createGroupMetadataTopic()\n         } else if (config.autoCreateTopicsEnable) {\n           createTopic(topic, config.numPartitions, config.defaultReplicationFactor)"}, {"sha": "f050e27c7e13ff44ce3d2480a59a93c9ae61c657", "filename": "core/src/main/scala/kafka/server/ReplicaManager.scala", "status": "modified", "additions": 2, "deletions": 3, "changes": 5, "blob_url": "https://github.com/apache/kafka/blob/30e78fa00650b258f3ab5ef6c9bdf5ca137289c0/core/src/main/scala/kafka/server/ReplicaManager.scala", "raw_url": "https://github.com/apache/kafka/raw/30e78fa00650b258f3ab5ef6c9bdf5ca137289c0/core/src/main/scala/kafka/server/ReplicaManager.scala", "contents_url": "https://api.github.com/repos/apache/kafka/contents/core/src/main/scala/kafka/server/ReplicaManager.scala?ref=30e78fa00650b258f3ab5ef6c9bdf5ca137289c0", "patch": "@@ -19,7 +19,6 @@ package kafka.server\n import java.io.{File, IOException}\n import java.util.concurrent.TimeUnit\n import java.util.concurrent.atomic.{AtomicBoolean, AtomicLong}\n-\n import com.yammer.metrics.core.Gauge\n import kafka.api._\n import kafka.cluster.{Partition, Replica}\n@@ -38,9 +37,9 @@ import org.apache.kafka.common.protocol.Errors\n import org.apache.kafka.common.requests.{LeaderAndIsrRequest, StopReplicaRequest, UpdateMetadataRequest}\n import org.apache.kafka.common.requests.ProduceResponse.PartitionResponse\n import org.apache.kafka.common.utils.{Time => JTime}\n-\n import scala.collection._\n import scala.collection.JavaConverters._\n+import org.apache.kafka.common.internals.TopicConstants\n \n /*\n  * Result metadata of a log append operation on the log\n@@ -395,7 +394,7 @@ class ReplicaManager(val config: KafkaConfig,\n       BrokerTopicStats.getBrokerAllTopicsStats().totalProduceRequestRate.mark()\n \n       // reject appending to internal topics if it is not allowed\n-      if (Topic.InternalTopics.contains(topicPartition.topic) && !internalTopicsAllowed) {\n+      if (TopicConstants.INTERNAL_TOPICS.contains(topicPartition.topic) && !internalTopicsAllowed) {\n         (topicPartition, LogAppendResult(\n           LogAppendInfo.UnknownLogAppendInfo,\n           Some(new InvalidTopicException(\"Cannot append to internal topic %s\".format(topicPartition.topic)))))"}, {"sha": "fad76575939d6abb55d3d4349a9d0b095bfe4730", "filename": "core/src/test/scala/integration/kafka/api/AuthorizerIntegrationTest.scala", "status": "modified", "additions": 2, "deletions": 3, "changes": 5, "blob_url": "https://github.com/apache/kafka/blob/30e78fa00650b258f3ab5ef6c9bdf5ca137289c0/core/src/test/scala/integration/kafka/api/AuthorizerIntegrationTest.scala", "raw_url": "https://github.com/apache/kafka/raw/30e78fa00650b258f3ab5ef6c9bdf5ca137289c0/core/src/test/scala/integration/kafka/api/AuthorizerIntegrationTest.scala", "contents_url": "https://api.github.com/repos/apache/kafka/contents/core/src/test/scala/integration/kafka/api/AuthorizerIntegrationTest.scala?ref=30e78fa00650b258f3ab5ef6c9bdf5ca137289c0", "patch": "@@ -17,7 +17,6 @@ import java.net.Socket\n import java.nio.ByteBuffer\n import java.util.concurrent.ExecutionException\n import java.util.{ArrayList, Collections, Properties}\n-\n import kafka.cluster.EndPoint\n import kafka.common.TopicAndPartition\n import kafka.coordinator.GroupCoordinator\n@@ -34,10 +33,10 @@ import org.apache.kafka.common.security.auth.KafkaPrincipal\n import org.apache.kafka.common.{BrokerEndPoint, TopicPartition, requests}\n import org.junit.Assert._\n import org.junit.{After, Assert, Before, Test}\n-\n import scala.collection.JavaConverters._\n import scala.collection.mutable\n import scala.collection.mutable.Buffer\n+import org.apache.kafka.common.internals.TopicConstants\n \n class AuthorizerIntegrationTest extends KafkaServerTestHarness {\n   val topic = \"topic\"\n@@ -143,7 +142,7 @@ class AuthorizerIntegrationTest extends KafkaServerTestHarness {\n       consumers += TestUtils.createNewConsumer(TestUtils.getBrokerListStrFromServers(servers), groupId = group, securityProtocol = SecurityProtocol.PLAINTEXT)\n \n     // create the consumer offset topic\n-    TestUtils.createTopic(zkUtils, GroupCoordinator.GroupMetadataTopicName,\n+    TestUtils.createTopic(zkUtils, TopicConstants.GROUP_METADATA_TOPIC_NAME,\n       1,\n       1,\n       servers,"}, {"sha": "f576be575c377d96e81eb7009a9ffae8321e07c6", "filename": "core/src/test/scala/integration/kafka/api/BaseConsumerTest.scala", "status": "modified", "additions": 2, "deletions": 5, "changes": 7, "blob_url": "https://github.com/apache/kafka/blob/30e78fa00650b258f3ab5ef6c9bdf5ca137289c0/core/src/test/scala/integration/kafka/api/BaseConsumerTest.scala", "raw_url": "https://github.com/apache/kafka/raw/30e78fa00650b258f3ab5ef6c9bdf5ca137289c0/core/src/test/scala/integration/kafka/api/BaseConsumerTest.scala", "contents_url": "https://api.github.com/repos/apache/kafka/contents/core/src/test/scala/integration/kafka/api/BaseConsumerTest.scala?ref=30e78fa00650b258f3ab5ef6c9bdf5ca137289c0", "patch": "@@ -13,23 +13,20 @@\n package kafka.api\n \n import java.util\n-\n import kafka.coordinator.GroupCoordinator\n import org.apache.kafka.clients.consumer._\n import org.apache.kafka.clients.producer.{ProducerConfig, ProducerRecord}\n import org.apache.kafka.common.record.TimestampType\n import org.apache.kafka.common.serialization.ByteArrayDeserializer\n import org.apache.kafka.common.{PartitionInfo, TopicPartition}\n-\n import kafka.utils.{TestUtils, Logging, ShutdownableThread}\n import kafka.server.KafkaConfig\n-\n import java.util.ArrayList\n import org.junit.Assert._\n import org.junit.{Before, Test}\n-\n import scala.collection.JavaConverters._\n import scala.collection.mutable.Buffer\n+import org.apache.kafka.common.internals.TopicConstants\n \n /**\n  * Integration tests for the new consumer that cover basic usage as well as server failures\n@@ -196,7 +193,7 @@ abstract class BaseConsumerTest extends IntegrationTestHarness with Logging {\n     // get metadata for the topic\n     var parts: Seq[PartitionInfo] = null\n     while (parts == null)\n-      parts = consumer0.partitionsFor(GroupCoordinator.GroupMetadataTopicName).asScala\n+      parts = consumer0.partitionsFor(TopicConstants.GROUP_METADATA_TOPIC_NAME).asScala\n     assertEquals(1, parts.size)\n     assertNotNull(parts(0).leader())\n "}, {"sha": "d0680b8309bc6acb7cf887e803f0c5270d67dffa", "filename": "core/src/test/scala/integration/kafka/api/IntegrationTestHarness.scala", "status": "modified", "additions": 2, "deletions": 2, "changes": 4, "blob_url": "https://github.com/apache/kafka/blob/30e78fa00650b258f3ab5ef6c9bdf5ca137289c0/core/src/test/scala/integration/kafka/api/IntegrationTestHarness.scala", "raw_url": "https://github.com/apache/kafka/raw/30e78fa00650b258f3ab5ef6c9bdf5ca137289c0/core/src/test/scala/integration/kafka/api/IntegrationTestHarness.scala", "contents_url": "https://api.github.com/repos/apache/kafka/contents/core/src/test/scala/integration/kafka/api/IntegrationTestHarness.scala?ref=30e78fa00650b258f3ab5ef6c9bdf5ca137289c0", "patch": "@@ -24,10 +24,10 @@ import java.util.Properties\n import org.apache.kafka.clients.producer.KafkaProducer\n import kafka.server.KafkaConfig\n import kafka.integration.KafkaServerTestHarness\n-\n import org.junit.{After, Before}\n import scala.collection.mutable.Buffer\n import kafka.coordinator.GroupCoordinator\n+import org.apache.kafka.common.internals.TopicConstants\n \n /**\n  * A helper class for writing integration tests that involve producers, consumers, and servers\n@@ -75,7 +75,7 @@ trait IntegrationTestHarness extends KafkaServerTestHarness {\n     }\n \n     // create the consumer offset topic\n-    TestUtils.createTopic(zkUtils, GroupCoordinator.GroupMetadataTopicName,\n+    TestUtils.createTopic(zkUtils, TopicConstants.GROUP_METADATA_TOPIC_NAME,\n       serverConfig.getProperty(KafkaConfig.OffsetsTopicPartitionsProp).toInt,\n       serverConfig.getProperty(KafkaConfig.OffsetsTopicReplicationFactorProp).toInt,\n       servers,"}, {"sha": "2bb203db4d91b7ca2bea926727dccf887b006116", "filename": "core/src/test/scala/integration/kafka/api/ProducerFailureHandlingTest.scala", "status": "modified", "additions": 2, "deletions": 2, "changes": 4, "blob_url": "https://github.com/apache/kafka/blob/30e78fa00650b258f3ab5ef6c9bdf5ca137289c0/core/src/test/scala/integration/kafka/api/ProducerFailureHandlingTest.scala", "raw_url": "https://github.com/apache/kafka/raw/30e78fa00650b258f3ab5ef6c9bdf5ca137289c0/core/src/test/scala/integration/kafka/api/ProducerFailureHandlingTest.scala", "contents_url": "https://api.github.com/repos/apache/kafka/contents/core/src/test/scala/integration/kafka/api/ProducerFailureHandlingTest.scala?ref=30e78fa00650b258f3ab5ef6c9bdf5ca137289c0", "patch": "@@ -19,7 +19,6 @@ package kafka.api\n \n import java.util.concurrent.{ExecutionException, TimeUnit, TimeoutException}\n import java.util.{Properties, Random}\n-\n import kafka.common.Topic\n import kafka.consumer.SimpleConsumer\n import kafka.integration.KafkaServerTestHarness\n@@ -31,6 +30,7 @@ import org.apache.kafka.common.KafkaException\n import org.apache.kafka.common.errors.{InvalidTopicException, NotEnoughReplicasAfterAppendException, NotEnoughReplicasException}\n import org.junit.Assert._\n import org.junit.{After, Before, Test}\n+import org.apache.kafka.common.internals.TopicConstants\n \n class ProducerFailureHandlingTest extends KafkaServerTestHarness {\n   private val producerBufferSize = 30000\n@@ -198,7 +198,7 @@ class ProducerFailureHandlingTest extends KafkaServerTestHarness {\n   @Test\n   def testCannotSendToInternalTopic() {\n     val thrown = intercept[ExecutionException] {\n-      producer2.send(new ProducerRecord[Array[Byte],Array[Byte]](Topic.InternalTopics.head, \"test\".getBytes, \"test\".getBytes)).get\n+      producer2.send(new ProducerRecord[Array[Byte],Array[Byte]](TopicConstants.INTERNAL_TOPICS.iterator.next, \"test\".getBytes, \"test\".getBytes)).get\n     }\n     assertTrue(\"Unexpected exception while sending to an invalid topic \" + thrown.getCause, thrown.getCause.isInstanceOf[InvalidTopicException])\n   }"}, {"sha": "e0107da4f3c37d52ef9820843d56a6973dd336da", "filename": "core/src/test/scala/unit/kafka/admin/TopicCommandTest.scala", "status": "modified", "additions": 5, "deletions": 4, "changes": 9, "blob_url": "https://github.com/apache/kafka/blob/30e78fa00650b258f3ab5ef6c9bdf5ca137289c0/core/src/test/scala/unit/kafka/admin/TopicCommandTest.scala", "raw_url": "https://github.com/apache/kafka/raw/30e78fa00650b258f3ab5ef6c9bdf5ca137289c0/core/src/test/scala/unit/kafka/admin/TopicCommandTest.scala", "contents_url": "https://api.github.com/repos/apache/kafka/contents/core/src/test/scala/unit/kafka/admin/TopicCommandTest.scala?ref=30e78fa00650b258f3ab5ef6c9bdf5ca137289c0", "patch": "@@ -26,6 +26,7 @@ import kafka.server.ConfigType\n import kafka.admin.TopicCommand.TopicCommandOptions\n import kafka.utils.ZkUtils._\n import kafka.coordinator.GroupCoordinator\n+import org.apache.kafka.common.internals.TopicConstants\n \n class TopicCommandTest extends ZooKeeperTestHarness with Logging with RackAwareTest {\n \n@@ -86,12 +87,12 @@ class TopicCommandTest extends ZooKeeperTestHarness with Logging with RackAwareT\n     // create the offset topic\n     val createOffsetTopicOpts = new TopicCommandOptions(Array(\"--partitions\", numPartitionsOriginal.toString,\n       \"--replication-factor\", \"1\",\n-      \"--topic\", GroupCoordinator.GroupMetadataTopicName))\n+      \"--topic\", TopicConstants.GROUP_METADATA_TOPIC_NAME))\n     TopicCommand.createTopic(zkUtils, createOffsetTopicOpts)\n \n-    // try to delete the GroupCoordinator.GroupMetadataTopicName and make sure it doesn't\n-    val deleteOffsetTopicOpts = new TopicCommandOptions(Array(\"--topic\", GroupCoordinator.GroupMetadataTopicName))\n-    val deleteOffsetTopicPath = getDeleteTopicPath(GroupCoordinator.GroupMetadataTopicName)\n+    // try to delete the TopicConstants.GROUP_METADATA_TOPIC_NAME and make sure it doesn't\n+    val deleteOffsetTopicOpts = new TopicCommandOptions(Array(\"--topic\", TopicConstants.GROUP_METADATA_TOPIC_NAME))\n+    val deleteOffsetTopicPath = getDeleteTopicPath(TopicConstants.GROUP_METADATA_TOPIC_NAME)\n     assertFalse(\"Delete path for topic shouldn't exist before deletion.\", zkUtils.zkClient.exists(deleteOffsetTopicPath))\n     intercept[AdminOperationException] {\n         TopicCommand.deleteTopic(zkUtils, deleteOffsetTopicOpts)"}, {"sha": "0e0a06a6daf729bbe5e2dba41cb7a0637ddf7bfc", "filename": "core/src/test/scala/unit/kafka/consumer/TopicFilterTest.scala", "status": "modified", "additions": 5, "deletions": 4, "changes": 9, "blob_url": "https://github.com/apache/kafka/blob/30e78fa00650b258f3ab5ef6c9bdf5ca137289c0/core/src/test/scala/unit/kafka/consumer/TopicFilterTest.scala", "raw_url": "https://github.com/apache/kafka/raw/30e78fa00650b258f3ab5ef6c9bdf5ca137289c0/core/src/test/scala/unit/kafka/consumer/TopicFilterTest.scala", "contents_url": "https://api.github.com/repos/apache/kafka/contents/core/src/test/scala/unit/kafka/consumer/TopicFilterTest.scala?ref=30e78fa00650b258f3ab5ef6c9bdf5ca137289c0", "patch": "@@ -22,6 +22,7 @@ import org.junit.Assert._\n import org.scalatest.junit.JUnitSuite\n import org.junit.Test\n import kafka.coordinator.GroupCoordinator\n+import org.apache.kafka.common.internals.TopicConstants\n \n \n class TopicFilterTest extends JUnitSuite {\n@@ -37,8 +38,8 @@ class TopicFilterTest extends JUnitSuite {\n \n     val topicFilter2 = new Whitelist(\".+\")\n     assertTrue(topicFilter2.isTopicAllowed(\"alltopics\", excludeInternalTopics = true))\n-    assertFalse(topicFilter2.isTopicAllowed(GroupCoordinator.GroupMetadataTopicName, excludeInternalTopics = true))\n-    assertTrue(topicFilter2.isTopicAllowed(GroupCoordinator.GroupMetadataTopicName, excludeInternalTopics = false))\n+    assertFalse(topicFilter2.isTopicAllowed(TopicConstants.GROUP_METADATA_TOPIC_NAME, excludeInternalTopics = true))\n+    assertTrue(topicFilter2.isTopicAllowed(TopicConstants.GROUP_METADATA_TOPIC_NAME, excludeInternalTopics = false))\n \n     val topicFilter3 = new Whitelist(\"white_listed-topic.+\")\n     assertTrue(topicFilter3.isTopicAllowed(\"white_listed-topic1\", excludeInternalTopics = true))\n@@ -57,8 +58,8 @@ class TopicFilterTest extends JUnitSuite {\n     assertFalse(topicFilter1.isTopicAllowed(\"black1\", excludeInternalTopics = true))\n     assertFalse(topicFilter1.isTopicAllowed(\"black1\", excludeInternalTopics = false))\n \n-    assertFalse(topicFilter1.isTopicAllowed(GroupCoordinator.GroupMetadataTopicName, excludeInternalTopics = true))\n-    assertTrue(topicFilter1.isTopicAllowed(GroupCoordinator.GroupMetadataTopicName, excludeInternalTopics = false))\n+    assertFalse(topicFilter1.isTopicAllowed(TopicConstants.GROUP_METADATA_TOPIC_NAME, excludeInternalTopics = true))\n+    assertTrue(topicFilter1.isTopicAllowed(TopicConstants.GROUP_METADATA_TOPIC_NAME, excludeInternalTopics = false))\n   }\n \n   @Test"}, {"sha": "acdb660ca687eeb3c744319c918a9c236aa6e88f", "filename": "core/src/test/scala/unit/kafka/coordinator/GroupCoordinatorResponseTest.scala", "status": "modified", "additions": 6, "deletions": 8, "changes": 14, "blob_url": "https://github.com/apache/kafka/blob/30e78fa00650b258f3ab5ef6c9bdf5ca137289c0/core/src/test/scala/unit/kafka/coordinator/GroupCoordinatorResponseTest.scala", "raw_url": "https://github.com/apache/kafka/raw/30e78fa00650b258f3ab5ef6c9bdf5ca137289c0/core/src/test/scala/unit/kafka/coordinator/GroupCoordinatorResponseTest.scala", "contents_url": "https://api.github.com/repos/apache/kafka/contents/core/src/test/scala/unit/kafka/coordinator/GroupCoordinatorResponseTest.scala?ref=30e78fa00650b258f3ab5ef6c9bdf5ca137289c0", "patch": "@@ -19,7 +19,6 @@ package kafka.coordinator\n \n import org.apache.kafka.common.record.Record\n import org.junit.Assert._\n-\n import kafka.common.{OffsetAndMetadata, TopicAndPartition}\n import kafka.message.{Message, MessageSet}\n import kafka.server.{ReplicaManager, KafkaConfig}\n@@ -32,12 +31,11 @@ import org.apache.kafka.common.requests.ProduceResponse.PartitionResponse\n import org.easymock.{Capture, IAnswer, EasyMock}\n import org.junit.{After, Before, Test}\n import org.scalatest.junit.JUnitSuite\n-\n import java.util.concurrent.TimeUnit\n-\n import scala.collection._\n import scala.concurrent.duration.Duration\n import scala.concurrent.{Await, Future, Promise}\n+import org.apache.kafka.common.internals.TopicConstants\n \n /**\n  * Test GroupCoordinator responses\n@@ -81,12 +79,12 @@ class GroupCoordinatorResponseTest extends JUnitSuite {\n \n     // make two partitions of the group topic to make sure some partitions are not owned by the coordinator\n     val ret = mutable.Map[String, Map[Int, Seq[Int]]]()\n-    ret += (GroupCoordinator.GroupMetadataTopicName -> Map(0 -> Seq(1), 1 -> Seq(1)))\n+    ret += (TopicConstants.GROUP_METADATA_TOPIC_NAME -> Map(0 -> Seq(1), 1 -> Seq(1)))\n \n     replicaManager = EasyMock.createNiceMock(classOf[ReplicaManager])\n \n     zkUtils = EasyMock.createNiceMock(classOf[ZkUtils])\n-    EasyMock.expect(zkUtils.getPartitionAssignmentForTopics(Seq(GroupCoordinator.GroupMetadataTopicName))).andReturn(ret)\n+    EasyMock.expect(zkUtils.getPartitionAssignmentForTopics(Seq(TopicConstants.GROUP_METADATA_TOPIC_NAME))).andReturn(ret)\n     EasyMock.replay(zkUtils)\n \n     groupCoordinator = GroupCoordinator(KafkaConfig.fromProps(props), zkUtils, replicaManager, new SystemTime)\n@@ -834,7 +832,7 @@ class GroupCoordinatorResponseTest extends JUnitSuite {\n       EasyMock.anyObject().asInstanceOf[Map[TopicPartition, MessageSet]],\n       EasyMock.capture(capturedArgument))).andAnswer(new IAnswer[Unit] {\n       override def answer = capturedArgument.getValue.apply(\n-        Map(new TopicPartition(GroupCoordinator.GroupMetadataTopicName, groupPartitionId) ->\n+        Map(new TopicPartition(TopicConstants.GROUP_METADATA_TOPIC_NAME, groupPartitionId) ->\n           new PartitionResponse(Errors.NONE.code, 0L, Record.NO_TIMESTAMP)\n         )\n       )})\n@@ -911,7 +909,7 @@ class GroupCoordinatorResponseTest extends JUnitSuite {\n       EasyMock.anyObject().asInstanceOf[Map[TopicPartition, MessageSet]],\n       EasyMock.capture(capturedArgument))).andAnswer(new IAnswer[Unit] {\n       override def answer = capturedArgument.getValue.apply(\n-        Map(new TopicPartition(GroupCoordinator.GroupMetadataTopicName, groupPartitionId) ->\n+        Map(new TopicPartition(TopicConstants.GROUP_METADATA_TOPIC_NAME, groupPartitionId) ->\n           new PartitionResponse(Errors.NONE.code, 0L, Record.NO_TIMESTAMP)\n         )\n       )})\n@@ -925,7 +923,7 @@ class GroupCoordinatorResponseTest extends JUnitSuite {\n   private def leaveGroup(groupId: String, consumerId: String): LeaveGroupCallbackParams = {\n     val (responseFuture, responseCallback) = setupHeartbeatCallback\n \n-    EasyMock.expect(replicaManager.getPartition(GroupCoordinator.GroupMetadataTopicName, groupPartitionId)).andReturn(None)\n+    EasyMock.expect(replicaManager.getPartition(TopicConstants.GROUP_METADATA_TOPIC_NAME, groupPartitionId)).andReturn(None)\n     EasyMock.expect(replicaManager.getMessageFormatVersion(EasyMock.anyObject())).andReturn(Some(Message.MagicValue_V1)).anyTimes()\n     EasyMock.replay(replicaManager)\n "}]}