{"sha": "a4c14fdc290ffe86ab72cab6ed40774335940861", "node_id": "MDY6Q29tbWl0MTYxMDU2NDphNGMxNGZkYzI5MGZmZTg2YWI3MmNhYjZlZDQwNzc0MzM1OTQwODYx", "commit": {"author": {"name": "Henryk Konsek", "email": "hekonsek@gmail.com", "date": "2014-02-14T12:59:52Z"}, "committer": {"name": "Jenkins CI", "email": "jon@fusesource.com", "date": "2014-02-17T11:29:17Z"}, "message": "Improved dependency fetching for DeploymentAgentTest.", "tree": {"sha": "1085dbd3991b8014da4008bac07101f46480999c", "url": "https://api.github.com/repos/fabric8io/fabric8/git/trees/1085dbd3991b8014da4008bac07101f46480999c"}, "url": "https://api.github.com/repos/fabric8io/fabric8/git/commits/a4c14fdc290ffe86ab72cab6ed40774335940861", "comment_count": 0, "verification": {"verified": false, "reason": "unsigned", "signature": null, "payload": null}}, "url": "https://api.github.com/repos/fabric8io/fabric8/commits/a4c14fdc290ffe86ab72cab6ed40774335940861", "html_url": "https://github.com/fabric8io/fabric8/commit/a4c14fdc290ffe86ab72cab6ed40774335940861", "comments_url": "https://api.github.com/repos/fabric8io/fabric8/commits/a4c14fdc290ffe86ab72cab6ed40774335940861/comments", "author": {"login": "hekonsek", "id": 822903, "node_id": "MDQ6VXNlcjgyMjkwMw==", "avatar_url": "https://avatars3.githubusercontent.com/u/822903?v=4", "gravatar_id": "", "url": "https://api.github.com/users/hekonsek", "html_url": "https://github.com/hekonsek", "followers_url": "https://api.github.com/users/hekonsek/followers", "following_url": "https://api.github.com/users/hekonsek/following{/other_user}", "gists_url": "https://api.github.com/users/hekonsek/gists{/gist_id}", "starred_url": "https://api.github.com/users/hekonsek/starred{/owner}{/repo}", "subscriptions_url": "https://api.github.com/users/hekonsek/subscriptions", "organizations_url": "https://api.github.com/users/hekonsek/orgs", "repos_url": "https://api.github.com/users/hekonsek/repos", "events_url": "https://api.github.com/users/hekonsek/events{/privacy}", "received_events_url": "https://api.github.com/users/hekonsek/received_events", "type": "User", "site_admin": false}, "committer": {"login": "fusesource-ci", "id": 1036677, "node_id": "MDQ6VXNlcjEwMzY2Nzc=", "avatar_url": "https://avatars3.githubusercontent.com/u/1036677?v=4", "gravatar_id": "", "url": "https://api.github.com/users/fusesource-ci", "html_url": "https://github.com/fusesource-ci", "followers_url": "https://api.github.com/users/fusesource-ci/followers", "following_url": "https://api.github.com/users/fusesource-ci/following{/other_user}", "gists_url": "https://api.github.com/users/fusesource-ci/gists{/gist_id}", "starred_url": "https://api.github.com/users/fusesource-ci/starred{/owner}{/repo}", "subscriptions_url": "https://api.github.com/users/fusesource-ci/subscriptions", "organizations_url": "https://api.github.com/users/fusesource-ci/orgs", "repos_url": "https://api.github.com/users/fusesource-ci/repos", "events_url": "https://api.github.com/users/fusesource-ci/events{/privacy}", "received_events_url": "https://api.github.com/users/fusesource-ci/received_events", "type": "User", "site_admin": false}, "parents": [{"sha": "75c581a408df7375d84ac3b7c2bc12d7a8e23a08", "url": "https://api.github.com/repos/fabric8io/fabric8/commits/75c581a408df7375d84ac3b7c2bc12d7a8e23a08", "html_url": "https://github.com/fabric8io/fabric8/commit/75c581a408df7375d84ac3b7c2bc12d7a8e23a08"}], "stats": {"total": 9, "additions": 9, "deletions": 0}, "files": [{"sha": "bb17f433525edbbdd97694f0b8e398e69eb372e5", "filename": "fabric/fabric-itests/smoke/pom.xml", "status": "modified", "additions": 9, "deletions": 0, "changes": 9, "blob_url": "https://github.com/fabric8io/fabric8/blob/a4c14fdc290ffe86ab72cab6ed40774335940861/fabric/fabric-itests/smoke/pom.xml", "raw_url": "https://github.com/fabric8io/fabric8/raw/a4c14fdc290ffe86ab72cab6ed40774335940861/fabric/fabric-itests/smoke/pom.xml", "contents_url": "https://api.github.com/repos/fabric8io/fabric8/contents/fabric/fabric-itests/smoke/pom.xml?ref=a4c14fdc290ffe86ab72cab6ed40774335940861", "patch": "@@ -65,6 +65,15 @@\n             <artifactId>httpclient-osgi</artifactId>\n             <version>4.1.2</version>\n         </dependency>\n+\n+        <!-- Dependencies for profiles -->\n+        <dependency>\n+            <groupId>org.fusesource.examples.fabric-camel-dosgi</groupId>\n+            <artifactId>features</artifactId>\n+            <version>${fabric.version}</version>\n+            <classifier>features</classifier>\n+            <type>xml</type>\n+        </dependency>\n         \n         <!-- Test Dependencies -->\n         <dependency>"}]}