{"sha": "afc9ce95e3ad50df2dc13f35a213af2e4063a4b3", "node_id": "MDY6Q29tbWl0MzUyMDQwNTE6YWZjOWNlOTVlM2FkNTBkZjJkYzEzZjM1YTIxM2FmMmU0MDYzYTRiMw==", "commit": {"author": {"name": "larrytech7", "email": "larryakah@gmail.com", "date": "2015-05-29T08:06:28Z"}, "committer": {"name": "larrytech7", "email": "larryakah@gmail.com", "date": "2015-05-29T08:06:28Z"}, "message": "Initial Project setup for development", "tree": {"sha": "bb4a3841be978621699d7a6cc4800f53b86c01e5", "url": "https://api.github.com/repos/apache/incubator-taverna-mobile/git/trees/bb4a3841be978621699d7a6cc4800f53b86c01e5"}, "url": "https://api.github.com/repos/apache/incubator-taverna-mobile/git/commits/afc9ce95e3ad50df2dc13f35a213af2e4063a4b3", "comment_count": 0, "verification": {"verified": false, "reason": "unsigned", "signature": null, "payload": null}}, "url": "https://api.github.com/repos/apache/incubator-taverna-mobile/commits/afc9ce95e3ad50df2dc13f35a213af2e4063a4b3", "html_url": "https://github.com/apache/incubator-taverna-mobile/commit/afc9ce95e3ad50df2dc13f35a213af2e4063a4b3", "comments_url": "https://api.github.com/repos/apache/incubator-taverna-mobile/commits/afc9ce95e3ad50df2dc13f35a213af2e4063a4b3/comments", "author": {"login": "larrytech7", "id": 6492285, "node_id": "MDQ6VXNlcjY0OTIyODU=", "avatar_url": "https://avatars0.githubusercontent.com/u/6492285?v=4", "gravatar_id": "", "url": "https://api.github.com/users/larrytech7", "html_url": "https://github.com/larrytech7", "followers_url": "https://api.github.com/users/larrytech7/followers", "following_url": "https://api.github.com/users/larrytech7/following{/other_user}", "gists_url": "https://api.github.com/users/larrytech7/gists{/gist_id}", "starred_url": "https://api.github.com/users/larrytech7/starred{/owner}{/repo}", "subscriptions_url": "https://api.github.com/users/larrytech7/subscriptions", "organizations_url": "https://api.github.com/users/larrytech7/orgs", "repos_url": "https://api.github.com/users/larrytech7/repos", "events_url": "https://api.github.com/users/larrytech7/events{/privacy}", "received_events_url": "https://api.github.com/users/larrytech7/received_events", "type": "User", "site_admin": false}, "committer": {"login": "larrytech7", "id": 6492285, "node_id": "MDQ6VXNlcjY0OTIyODU=", "avatar_url": "https://avatars0.githubusercontent.com/u/6492285?v=4", "gravatar_id": "", "url": "https://api.github.com/users/larrytech7", "html_url": "https://github.com/larrytech7", "followers_url": "https://api.github.com/users/larrytech7/followers", "following_url": "https://api.github.com/users/larrytech7/following{/other_user}", "gists_url": "https://api.github.com/users/larrytech7/gists{/gist_id}", "starred_url": "https://api.github.com/users/larrytech7/starred{/owner}{/repo}", "subscriptions_url": "https://api.github.com/users/larrytech7/subscriptions", "organizations_url": "https://api.github.com/users/larrytech7/orgs", "repos_url": "https://api.github.com/users/larrytech7/repos", "events_url": "https://api.github.com/users/larrytech7/events{/privacy}", "received_events_url": "https://api.github.com/users/larrytech7/received_events", "type": "User", "site_admin": false}, "parents": [], "stats": {"total": 754, "additions": 754, "deletions": 0}, "files": [{"sha": "afbdab33e9e7967dafb71706fc99996cf4732d8e", "filename": ".gitignore", "status": "added", "additions": 6, "deletions": 0, "changes": 6, "blob_url": "https://github.com/apache/incubator-taverna-mobile/blob/afc9ce95e3ad50df2dc13f35a213af2e4063a4b3/.gitignore", "raw_url": "https://github.com/apache/incubator-taverna-mobile/raw/afc9ce95e3ad50df2dc13f35a213af2e4063a4b3/.gitignore", "contents_url": "https://api.github.com/repos/apache/incubator-taverna-mobile/contents/.gitignore?ref=afc9ce95e3ad50df2dc13f35a213af2e4063a4b3", "patch": "@@ -0,0 +1,6 @@\n+.gradle\n+/local.properties\n+/.idea/workspace.xml\n+/.idea/libraries\n+.DS_Store\n+/build"}, {"sha": "d152245aa041410bc71576d30781c1ee8ac43a5a", "filename": ".idea/.name", "status": "added", "additions": 1, "deletions": 0, "changes": 1, "blob_url": "https://github.com/apache/incubator-taverna-mobile/blob/afc9ce95e3ad50df2dc13f35a213af2e4063a4b3/.idea/.name", "raw_url": "https://github.com/apache/incubator-taverna-mobile/raw/afc9ce95e3ad50df2dc13f35a213af2e4063a4b3/.idea/.name", "contents_url": "https://api.github.com/repos/apache/incubator-taverna-mobile/contents/.idea/.name?ref=afc9ce95e3ad50df2dc13f35a213af2e4063a4b3", "patch": "@@ -0,0 +1 @@\n+TavernaMobile\n\\ No newline at end of file"}, {"sha": "863b85d2f6e5be26142220a57ac48d22ab984860", "filename": ".idea/compiler.xml", "status": "added", "additions": 24, "deletions": 0, "changes": 24, "blob_url": "https://github.com/apache/incubator-taverna-mobile/blob/afc9ce95e3ad50df2dc13f35a213af2e4063a4b3/.idea/compiler.xml", "raw_url": "https://github.com/apache/incubator-taverna-mobile/raw/afc9ce95e3ad50df2dc13f35a213af2e4063a4b3/.idea/compiler.xml", "contents_url": "https://api.github.com/repos/apache/incubator-taverna-mobile/contents/.idea/compiler.xml?ref=afc9ce95e3ad50df2dc13f35a213af2e4063a4b3", "patch": "@@ -0,0 +1,24 @@\n+<?xml version=\"1.0\" encoding=\"UTF-8\"?>\n+<project version=\"4\">\n+  <component name=\"CompilerConfiguration\">\n+    <option name=\"DEFAULT_COMPILER\" value=\"Eclipse\" />\n+    <resourceExtensions />\n+    <wildcardResourcePatterns>\n+      <entry name=\"!?*.java\" />\n+      <entry name=\"!?*.form\" />\n+      <entry name=\"!?*.class\" />\n+      <entry name=\"!?*.groovy\" />\n+      <entry name=\"!?*.scala\" />\n+      <entry name=\"!?*.flex\" />\n+      <entry name=\"!?*.kt\" />\n+      <entry name=\"!?*.clj\" />\n+    </wildcardResourcePatterns>\n+    <annotationProcessing>\n+      <profile default=\"true\" name=\"Default\" enabled=\"false\">\n+        <processorPath useClasspath=\"true\" />\n+      </profile>\n+    </annotationProcessing>\n+    <bytecodeTargetLevel target=\"1.7\" />\n+  </component>\n+</project>\n+"}, {"sha": "35fe9cc676b99693ca58e1cc02a9c90a95d51e61", "filename": ".idea/copyright/IceTech_Inc.xml", "status": "added", "additions": 9, "deletions": 0, "changes": 9, "blob_url": "https://github.com/apache/incubator-taverna-mobile/blob/afc9ce95e3ad50df2dc13f35a213af2e4063a4b3/.idea/copyright/IceTech_Inc.xml", "raw_url": "https://github.com/apache/incubator-taverna-mobile/raw/afc9ce95e3ad50df2dc13f35a213af2e4063a4b3/.idea/copyright/IceTech_Inc.xml", "contents_url": "https://api.github.com/repos/apache/incubator-taverna-mobile/contents/.idea/copyright/IceTech_Inc.xml?ref=afc9ce95e3ad50df2dc13f35a213af2e4063a4b3", "patch": "@@ -0,0 +1,9 @@\n+<component name=\"CopyrightManager\">\n+  <copyright>\n+    <option name=\"notice\" value=\"Copyright (c) &amp;#36;today.year.&#10;Copying and distributing any part of or this entire software is forbidden unless otherwise authorised by the authors and upon negotiations formally recorded and signed.&#10;However, if this software should be downloaded from third party site/location, user should ditribute alongside this copyright note.&#10;Modifications to the source however is closed source and can only be done upon a request sent to the project lead.&#10;Sanctions apply where users go against the rules mentioned here or implied by this copyright note.\" />\n+    <option name=\"keyword\" value=\"Copyright\" />\n+    <option name=\"allowReplaceKeyword\" value=\"\" />\n+    <option name=\"myName\" value=\"IceTech Inc\" />\n+    <option name=\"myLocal\" value=\"true\" />\n+  </copyright>\n+</component>\n\\ No newline at end of file"}, {"sha": "e7bedf3377d40335424fd605124d4761390218bb", "filename": ".idea/copyright/profiles_settings.xml", "status": "added", "additions": 3, "deletions": 0, "changes": 3, "blob_url": "https://github.com/apache/incubator-taverna-mobile/blob/afc9ce95e3ad50df2dc13f35a213af2e4063a4b3/.idea/copyright/profiles_settings.xml", "raw_url": "https://github.com/apache/incubator-taverna-mobile/raw/afc9ce95e3ad50df2dc13f35a213af2e4063a4b3/.idea/copyright/profiles_settings.xml", "contents_url": "https://api.github.com/repos/apache/incubator-taverna-mobile/contents/.idea/copyright/profiles_settings.xml?ref=afc9ce95e3ad50df2dc13f35a213af2e4063a4b3", "patch": "@@ -0,0 +1,3 @@\n+<component name=\"CopyrightManager\">\n+  <settings default=\"\" />\n+</component>\n\\ No newline at end of file"}, {"sha": "e206d70d8595e2a50675ba11de48efcfa012497d", "filename": ".idea/encodings.xml", "status": "added", "additions": 5, "deletions": 0, "changes": 5, "blob_url": "https://github.com/apache/incubator-taverna-mobile/blob/afc9ce95e3ad50df2dc13f35a213af2e4063a4b3/.idea/encodings.xml", "raw_url": "https://github.com/apache/incubator-taverna-mobile/raw/afc9ce95e3ad50df2dc13f35a213af2e4063a4b3/.idea/encodings.xml", "contents_url": "https://api.github.com/repos/apache/incubator-taverna-mobile/contents/.idea/encodings.xml?ref=afc9ce95e3ad50df2dc13f35a213af2e4063a4b3", "patch": "@@ -0,0 +1,5 @@\n+<?xml version=\"1.0\" encoding=\"UTF-8\"?>\n+<project version=\"4\">\n+  <component name=\"Encoding\" useUTFGuessing=\"true\" native2AsciiForPropertiesFiles=\"false\" />\n+</project>\n+"}, {"sha": "fe865d33d34f27d9f81d60f9ac52150a353135d8", "filename": ".idea/gradle.xml", "status": "added", "additions": 19, "deletions": 0, "changes": 19, "blob_url": "https://github.com/apache/incubator-taverna-mobile/blob/afc9ce95e3ad50df2dc13f35a213af2e4063a4b3/.idea/gradle.xml", "raw_url": "https://github.com/apache/incubator-taverna-mobile/raw/afc9ce95e3ad50df2dc13f35a213af2e4063a4b3/.idea/gradle.xml", "contents_url": "https://api.github.com/repos/apache/incubator-taverna-mobile/contents/.idea/gradle.xml?ref=afc9ce95e3ad50df2dc13f35a213af2e4063a4b3", "patch": "@@ -0,0 +1,19 @@\n+<?xml version=\"1.0\" encoding=\"UTF-8\"?>\n+<project version=\"4\">\n+  <component name=\"GradleSettings\">\n+    <option name=\"linkedExternalProjectsSettings\">\n+      <GradleProjectSettings>\n+        <option name=\"distributionType\" value=\"LOCAL\" />\n+        <option name=\"externalProjectPath\" value=\"$PROJECT_DIR$\" />\n+        <option name=\"gradleHome\" value=\"$APPLICATION_HOME_DIR$/gradle/gradle-2.2.1\" />\n+        <option name=\"modules\">\n+          <set>\n+            <option value=\"$PROJECT_DIR$\" />\n+            <option value=\"$PROJECT_DIR$/app\" />\n+          </set>\n+        </option>\n+      </GradleProjectSettings>\n+    </option>\n+  </component>\n+</project>\n+"}, {"sha": "c0b918db493953c30376b023f2bcd71a25a62491", "filename": ".idea/misc.xml", "status": "added", "additions": 65, "deletions": 0, "changes": 65, "blob_url": "https://github.com/apache/incubator-taverna-mobile/blob/afc9ce95e3ad50df2dc13f35a213af2e4063a4b3/.idea/misc.xml", "raw_url": "https://github.com/apache/incubator-taverna-mobile/raw/afc9ce95e3ad50df2dc13f35a213af2e4063a4b3/.idea/misc.xml", "contents_url": "https://api.github.com/repos/apache/incubator-taverna-mobile/contents/.idea/misc.xml?ref=afc9ce95e3ad50df2dc13f35a213af2e4063a4b3", "patch": "@@ -0,0 +1,65 @@\n+<?xml version=\"1.0\" encoding=\"UTF-8\"?>\n+<project version=\"4\">\n+  <component name=\"ProjectDictionaryState\">\n+    <dictionary name=\"root\" />\n+  </component>\n+  <component name=\"ProjectInspectionProfilesVisibleTreeState\">\n+    <entry key=\"Project Default\">\n+      <profile-state>\n+        <expanded-state>\n+          <State>\n+            <id />\n+          </State>\n+        </expanded-state>\n+        <selected-state>\n+          <State>\n+            <id>Abstraction issues</id>\n+          </State>\n+        </selected-state>\n+      </profile-state>\n+    </entry>\n+  </component>\n+  <component name=\"ProjectRootManager\" version=\"2\" languageLevel=\"JDK_1_7\" assert-keyword=\"true\" jdk-15=\"true\" project-jdk-name=\"1.8\" project-jdk-type=\"JavaSDK\">\n+    <output url=\"file://$PROJECT_DIR$/build/classes\" />\n+  </component>\n+  <component name=\"masterDetails\">\n+    <states>\n+      <state key=\"Copyright.UI\">\n+        <settings>\n+          <last-edited>IceTech Inc</last-edited>\n+          <splitter-proportions>\n+            <option name=\"proportions\">\n+              <list>\n+                <option value=\"0.2\" />\n+              </list>\n+            </option>\n+          </splitter-proportions>\n+        </settings>\n+      </state>\n+      <state key=\"ProjectJDKs.UI\">\n+        <settings>\n+          <last-edited>1.8</last-edited>\n+          <splitter-proportions>\n+            <option name=\"proportions\">\n+              <list>\n+                <option value=\"0.2\" />\n+              </list>\n+            </option>\n+          </splitter-proportions>\n+        </settings>\n+      </state>\n+      <state key=\"ScopeChooserConfigurable.UI\">\n+        <settings>\n+          <splitter-proportions>\n+            <option name=\"proportions\">\n+              <list>\n+                <option value=\"0.2\" />\n+              </list>\n+            </option>\n+          </splitter-proportions>\n+        </settings>\n+      </state>\n+    </states>\n+  </component>\n+</project>\n+"}, {"sha": "c8c60bb381ef9a25b1cead004a23b6457e9b8b53", "filename": ".idea/modules.xml", "status": "added", "additions": 10, "deletions": 0, "changes": 10, "blob_url": "https://github.com/apache/incubator-taverna-mobile/blob/afc9ce95e3ad50df2dc13f35a213af2e4063a4b3/.idea/modules.xml", "raw_url": "https://github.com/apache/incubator-taverna-mobile/raw/afc9ce95e3ad50df2dc13f35a213af2e4063a4b3/.idea/modules.xml", "contents_url": "https://api.github.com/repos/apache/incubator-taverna-mobile/contents/.idea/modules.xml?ref=afc9ce95e3ad50df2dc13f35a213af2e4063a4b3", "patch": "@@ -0,0 +1,10 @@\n+<?xml version=\"1.0\" encoding=\"UTF-8\"?>\n+<project version=\"4\">\n+  <component name=\"ProjectModuleManager\">\n+    <modules>\n+      <module fileurl=\"file://$PROJECT_DIR$/TavernaMobile2.iml\" filepath=\"$PROJECT_DIR$/TavernaMobile2.iml\" />\n+      <module fileurl=\"file://$PROJECT_DIR$/app/app.iml\" filepath=\"$PROJECT_DIR$/app/app.iml\" />\n+    </modules>\n+  </component>\n+</project>\n+"}, {"sha": "922003b8433bcad6ce9778a37628d738faa26389", "filename": ".idea/scopes/scope_settings.xml", "status": "added", "additions": 5, "deletions": 0, "changes": 5, "blob_url": "https://github.com/apache/incubator-taverna-mobile/blob/afc9ce95e3ad50df2dc13f35a213af2e4063a4b3/.idea/scopes/scope_settings.xml", "raw_url": "https://github.com/apache/incubator-taverna-mobile/raw/afc9ce95e3ad50df2dc13f35a213af2e4063a4b3/.idea/scopes/scope_settings.xml", "contents_url": "https://api.github.com/repos/apache/incubator-taverna-mobile/contents/.idea/scopes/scope_settings.xml?ref=afc9ce95e3ad50df2dc13f35a213af2e4063a4b3", "patch": "@@ -0,0 +1,5 @@\n+<component name=\"DependencyValidationManager\">\n+  <state>\n+    <option name=\"SKIP_IMPORT_STATEMENTS\" value=\"false\" />\n+  </state>\n+</component>\n\\ No newline at end of file"}, {"sha": "999644029f37cca0aa7f5e01a18fdbf389160b3e", "filename": ".idea/vcs.xml", "status": "added", "additions": 9, "deletions": 0, "changes": 9, "blob_url": "https://github.com/apache/incubator-taverna-mobile/blob/afc9ce95e3ad50df2dc13f35a213af2e4063a4b3/.idea/vcs.xml", "raw_url": "https://github.com/apache/incubator-taverna-mobile/raw/afc9ce95e3ad50df2dc13f35a213af2e4063a4b3/.idea/vcs.xml", "contents_url": "https://api.github.com/repos/apache/incubator-taverna-mobile/contents/.idea/vcs.xml?ref=afc9ce95e3ad50df2dc13f35a213af2e4063a4b3", "patch": "@@ -0,0 +1,9 @@\n+<?xml version=\"1.0\" encoding=\"UTF-8\"?>\n+<project version=\"4\">\n+  <component name=\"VcsDirectoryMappings\">\n+    <mapping directory=\"\" vcs=\"\" />\n+    <mapping directory=\"$PROJECT_DIR$/..\" vcs=\"Git\" />\n+    <mapping directory=\"$PROJECT_DIR$\" vcs=\"Git\" />\n+  </component>\n+</project>\n+"}, {"sha": "0bb6048ae08a8e6e87a69ee6b675e1d40b6e648b", "filename": "TavernaMobile2.iml", "status": "added", "additions": 19, "deletions": 0, "changes": 19, "blob_url": "https://github.com/apache/incubator-taverna-mobile/blob/afc9ce95e3ad50df2dc13f35a213af2e4063a4b3/TavernaMobile2.iml", "raw_url": "https://github.com/apache/incubator-taverna-mobile/raw/afc9ce95e3ad50df2dc13f35a213af2e4063a4b3/TavernaMobile2.iml", "contents_url": "https://api.github.com/repos/apache/incubator-taverna-mobile/contents/TavernaMobile2.iml?ref=afc9ce95e3ad50df2dc13f35a213af2e4063a4b3", "patch": "@@ -0,0 +1,19 @@\n+<?xml version=\"1.0\" encoding=\"UTF-8\"?>\n+<module external.linked.project.path=\"$MODULE_DIR$\" external.root.project.path=\"$MODULE_DIR$\" external.system.id=\"GRADLE\" external.system.module.group=\"\" external.system.module.version=\"unspecified\" type=\"JAVA_MODULE\" version=\"4\">\n+  <component name=\"FacetManager\">\n+    <facet type=\"java-gradle\" name=\"Java-Gradle\">\n+      <configuration>\n+        <option name=\"BUILD_FOLDER_PATH\" value=\"$MODULE_DIR$/build\" />\n+      </configuration>\n+    </facet>\n+  </component>\n+  <component name=\"NewModuleRootManager\" inherit-compiler-output=\"true\">\n+    <exclude-output />\n+    <content url=\"file://$MODULE_DIR$\">\n+      <excludeFolder url=\"file://$MODULE_DIR$/.gradle\" />\n+    </content>\n+    <orderEntry type=\"inheritedJdk\" />\n+    <orderEntry type=\"sourceFolder\" forTests=\"false\" />\n+  </component>\n+</module>\n+"}, {"sha": "796b96d1c402326528b4ba3c12ee9d92d0e212e9", "filename": "app/.gitignore", "status": "added", "additions": 1, "deletions": 0, "changes": 1, "blob_url": "https://github.com/apache/incubator-taverna-mobile/blob/afc9ce95e3ad50df2dc13f35a213af2e4063a4b3/app/.gitignore", "raw_url": "https://github.com/apache/incubator-taverna-mobile/raw/afc9ce95e3ad50df2dc13f35a213af2e4063a4b3/app/.gitignore", "contents_url": "https://api.github.com/repos/apache/incubator-taverna-mobile/contents/app/.gitignore?ref=afc9ce95e3ad50df2dc13f35a213af2e4063a4b3", "patch": "@@ -0,0 +1 @@\n+/build"}, {"sha": "b28babf8e58be9f0776cdd00f0d1cfb8ad75dd0f", "filename": "app/app.iml", "status": "added", "additions": 92, "deletions": 0, "changes": 92, "blob_url": "https://github.com/apache/incubator-taverna-mobile/blob/afc9ce95e3ad50df2dc13f35a213af2e4063a4b3/app/app.iml", "raw_url": "https://github.com/apache/incubator-taverna-mobile/raw/afc9ce95e3ad50df2dc13f35a213af2e4063a4b3/app/app.iml", "contents_url": "https://api.github.com/repos/apache/incubator-taverna-mobile/contents/app/app.iml?ref=afc9ce95e3ad50df2dc13f35a213af2e4063a4b3", "patch": "@@ -0,0 +1,92 @@\n+<?xml version=\"1.0\" encoding=\"UTF-8\"?>\n+<module external.linked.project.path=\"$MODULE_DIR$\" external.root.project.path=\"$MODULE_DIR$/..\" external.system.id=\"GRADLE\" external.system.module.group=\"TavernaMobile2\" external.system.module.version=\"unspecified\" type=\"JAVA_MODULE\" version=\"4\">\n+  <component name=\"FacetManager\">\n+    <facet type=\"android-gradle\" name=\"Android-Gradle\">\n+      <configuration>\n+        <option name=\"GRADLE_PROJECT_PATH\" value=\":app\" />\n+      </configuration>\n+    </facet>\n+    <facet type=\"android\" name=\"Android\">\n+      <configuration>\n+        <option name=\"SELECTED_BUILD_VARIANT\" value=\"debug\" />\n+        <option name=\"SELECTED_TEST_ARTIFACT\" value=\"_android_test_\" />\n+        <option name=\"ASSEMBLE_TASK_NAME\" value=\"assembleDebug\" />\n+        <option name=\"COMPILE_JAVA_TASK_NAME\" value=\"compileDebugSources\" />\n+        <option name=\"ASSEMBLE_TEST_TASK_NAME\" value=\"assembleDebugAndroidTest\" />\n+        <option name=\"SOURCE_GEN_TASK_NAME\" value=\"generateDebugSources\" />\n+        <option name=\"TEST_SOURCE_GEN_TASK_NAME\" value=\"generateDebugAndroidTestSources\" />\n+        <option name=\"ALLOW_USER_CONFIGURATION\" value=\"false\" />\n+        <option name=\"MANIFEST_FILE_RELATIVE_PATH\" value=\"/src/main/AndroidManifest.xml\" />\n+        <option name=\"RES_FOLDER_RELATIVE_PATH\" value=\"/src/main/res\" />\n+        <option name=\"RES_FOLDERS_RELATIVE_PATH\" value=\"file://$MODULE_DIR$/src/main/res\" />\n+        <option name=\"ASSETS_FOLDER_RELATIVE_PATH\" value=\"/src/main/assets\" />\n+      </configuration>\n+    </facet>\n+  </component>\n+  <component name=\"NewModuleRootManager\" inherit-compiler-output=\"false\">\n+    <output url=\"file://$MODULE_DIR$/build/intermediates/classes/debug\" />\n+    <output-test url=\"file://$MODULE_DIR$/build/intermediates/classes/androidTest/debug\" />\n+    <exclude-output />\n+    <content url=\"file://$MODULE_DIR$\">\n+      <sourceFolder url=\"file://$MODULE_DIR$/build/generated/source/r/debug\" isTestSource=\"false\" generated=\"true\" />\n+      <sourceFolder url=\"file://$MODULE_DIR$/build/generated/source/aidl/debug\" isTestSource=\"false\" generated=\"true\" />\n+      <sourceFolder url=\"file://$MODULE_DIR$/build/generated/source/buildConfig/debug\" isTestSource=\"false\" generated=\"true\" />\n+      <sourceFolder url=\"file://$MODULE_DIR$/build/generated/source/rs/debug\" isTestSource=\"false\" generated=\"true\" />\n+      <sourceFolder url=\"file://$MODULE_DIR$/build/generated/res/rs/debug\" type=\"java-resource\" />\n+      <sourceFolder url=\"file://$MODULE_DIR$/build/generated/res/generated/debug\" type=\"java-resource\" />\n+      <sourceFolder url=\"file://$MODULE_DIR$/build/generated/source/r/androidTest/debug\" isTestSource=\"true\" generated=\"true\" />\n+      <sourceFolder url=\"file://$MODULE_DIR$/build/generated/source/aidl/androidTest/debug\" isTestSource=\"true\" generated=\"true\" />\n+      <sourceFolder url=\"file://$MODULE_DIR$/build/generated/source/buildConfig/androidTest/debug\" isTestSource=\"true\" generated=\"true\" />\n+      <sourceFolder url=\"file://$MODULE_DIR$/build/generated/source/rs/androidTest/debug\" isTestSource=\"true\" generated=\"true\" />\n+      <sourceFolder url=\"file://$MODULE_DIR$/build/generated/res/rs/androidTest/debug\" type=\"java-test-resource\" />\n+      <sourceFolder url=\"file://$MODULE_DIR$/build/generated/res/generated/androidTest/debug\" type=\"java-test-resource\" />\n+      <sourceFolder url=\"file://$MODULE_DIR$/src/debug/res\" type=\"java-resource\" />\n+      <sourceFolder url=\"file://$MODULE_DIR$/src/debug/resources\" type=\"java-resource\" />\n+      <sourceFolder url=\"file://$MODULE_DIR$/src/debug/assets\" type=\"java-resource\" />\n+      <sourceFolder url=\"file://$MODULE_DIR$/src/debug/aidl\" isTestSource=\"false\" />\n+      <sourceFolder url=\"file://$MODULE_DIR$/src/debug/java\" isTestSource=\"false\" />\n+      <sourceFolder url=\"file://$MODULE_DIR$/src/debug/jni\" isTestSource=\"false\" />\n+      <sourceFolder url=\"file://$MODULE_DIR$/src/debug/rs\" isTestSource=\"false\" />\n+      <sourceFolder url=\"file://$MODULE_DIR$/src/main/res\" type=\"java-resource\" />\n+      <sourceFolder url=\"file://$MODULE_DIR$/src/main/resources\" type=\"java-resource\" />\n+      <sourceFolder url=\"file://$MODULE_DIR$/src/main/assets\" type=\"java-resource\" />\n+      <sourceFolder url=\"file://$MODULE_DIR$/src/main/aidl\" isTestSource=\"false\" />\n+      <sourceFolder url=\"file://$MODULE_DIR$/src/main/java\" isTestSource=\"false\" />\n+      <sourceFolder url=\"file://$MODULE_DIR$/src/main/jni\" isTestSource=\"false\" />\n+      <sourceFolder url=\"file://$MODULE_DIR$/src/main/rs\" isTestSource=\"false\" />\n+      <sourceFolder url=\"file://$MODULE_DIR$/src/androidTest/res\" type=\"java-test-resource\" />\n+      <sourceFolder url=\"file://$MODULE_DIR$/src/androidTest/resources\" type=\"java-test-resource\" />\n+      <sourceFolder url=\"file://$MODULE_DIR$/src/androidTest/assets\" type=\"java-test-resource\" />\n+      <sourceFolder url=\"file://$MODULE_DIR$/src/androidTest/aidl\" isTestSource=\"true\" />\n+      <sourceFolder url=\"file://$MODULE_DIR$/src/androidTest/java\" isTestSource=\"true\" />\n+      <sourceFolder url=\"file://$MODULE_DIR$/src/androidTest/jni\" isTestSource=\"true\" />\n+      <sourceFolder url=\"file://$MODULE_DIR$/src/androidTest/rs\" isTestSource=\"true\" />\n+      <excludeFolder url=\"file://$MODULE_DIR$/build/intermediates/assets\" />\n+      <excludeFolder url=\"file://$MODULE_DIR$/build/intermediates/bundles\" />\n+      <excludeFolder url=\"file://$MODULE_DIR$/build/intermediates/classes\" />\n+      <excludeFolder url=\"file://$MODULE_DIR$/build/intermediates/coverage-instrumented-classes\" />\n+      <excludeFolder url=\"file://$MODULE_DIR$/build/intermediates/dependency-cache\" />\n+      <excludeFolder url=\"file://$MODULE_DIR$/build/intermediates/dex\" />\n+      <excludeFolder url=\"file://$MODULE_DIR$/build/intermediates/dex-cache\" />\n+      <excludeFolder url=\"file://$MODULE_DIR$/build/intermediates/incremental\" />\n+      <excludeFolder url=\"file://$MODULE_DIR$/build/intermediates/jacoco\" />\n+      <excludeFolder url=\"file://$MODULE_DIR$/build/intermediates/javaResources\" />\n+      <excludeFolder url=\"file://$MODULE_DIR$/build/intermediates/libs\" />\n+      <excludeFolder url=\"file://$MODULE_DIR$/build/intermediates/lint\" />\n+      <excludeFolder url=\"file://$MODULE_DIR$/build/intermediates/manifests\" />\n+      <excludeFolder url=\"file://$MODULE_DIR$/build/intermediates/ndk\" />\n+      <excludeFolder url=\"file://$MODULE_DIR$/build/intermediates/pre-dexed\" />\n+      <excludeFolder url=\"file://$MODULE_DIR$/build/intermediates/proguard\" />\n+      <excludeFolder url=\"file://$MODULE_DIR$/build/intermediates/res\" />\n+      <excludeFolder url=\"file://$MODULE_DIR$/build/intermediates/rs\" />\n+      <excludeFolder url=\"file://$MODULE_DIR$/build/intermediates/symbols\" />\n+      <excludeFolder url=\"file://$MODULE_DIR$/build/outputs\" />\n+    </content>\n+    <orderEntry type=\"jdk\" jdkName=\"Android API 21 Platform\" jdkType=\"Android SDK\" />\n+    <orderEntry type=\"sourceFolder\" forTests=\"false\" />\n+    <orderEntry type=\"library\" exported=\"\" name=\"appcompat-v7-22.0.0\" level=\"project\" />\n+    <orderEntry type=\"library\" exported=\"\" name=\"support-v4-22.0.0\" level=\"project\" />\n+    <orderEntry type=\"library\" exported=\"\" name=\"support-annotations-22.0.0\" level=\"project\" />\n+  </component>\n+</module>\n+"}, {"sha": "71587000a74d8cc8bf7b57bccd1b916d4b97fdc8", "filename": "app/build.gradle", "status": "added", "additions": 25, "deletions": 0, "changes": 25, "blob_url": "https://github.com/apache/incubator-taverna-mobile/blob/afc9ce95e3ad50df2dc13f35a213af2e4063a4b3/app/build.gradle", "raw_url": "https://github.com/apache/incubator-taverna-mobile/raw/afc9ce95e3ad50df2dc13f35a213af2e4063a4b3/app/build.gradle", "contents_url": "https://api.github.com/repos/apache/incubator-taverna-mobile/contents/app/build.gradle?ref=afc9ce95e3ad50df2dc13f35a213af2e4063a4b3", "patch": "@@ -0,0 +1,25 @@\n+apply plugin: 'com.android.application'\n+\n+android {\n+    compileSdkVersion 21\n+    buildToolsVersion \"21.1.2\"\n+\n+    defaultConfig {\n+        applicationId \"mobile.taverna.apache.com.tavernamobile\"\n+        minSdkVersion 13\n+        targetSdkVersion 21\n+        versionCode 1\n+        versionName \"1.0\"\n+    }\n+    buildTypes {\n+        release {\n+            minifyEnabled false\n+            proguardFiles getDefaultProguardFile('proguard-android.txt'), 'proguard-rules.pro'\n+        }\n+    }\n+}\n+\n+dependencies {\n+    compile fileTree(dir: 'libs', include: ['*.jar'])\n+    compile 'com.android.support:appcompat-v7:22.0.0'\n+}"}, {"sha": "07079ace53a70087593bbacd40d94d8d72db5667", "filename": "app/proguard-rules.pro", "status": "added", "additions": 17, "deletions": 0, "changes": 17, "blob_url": "https://github.com/apache/incubator-taverna-mobile/blob/afc9ce95e3ad50df2dc13f35a213af2e4063a4b3/app/proguard-rules.pro", "raw_url": "https://github.com/apache/incubator-taverna-mobile/raw/afc9ce95e3ad50df2dc13f35a213af2e4063a4b3/app/proguard-rules.pro", "contents_url": "https://api.github.com/repos/apache/incubator-taverna-mobile/contents/app/proguard-rules.pro?ref=afc9ce95e3ad50df2dc13f35a213af2e4063a4b3", "patch": "@@ -0,0 +1,17 @@\n+# Add project specific ProGuard rules here.\n+# By default, the flags in this file are appended to flags specified\n+# in /root/Desktop/android-studio/sdk/tools/proguard/proguard-android.txt\n+# You can edit the include path and order by changing the proguardFiles\n+# directive in build.gradle.\n+#\n+# For more details, see\n+#   http://developer.android.com/guide/developing/tools/proguard.html\n+\n+# Add any project specific keep options here:\n+\n+# If your project uses WebView with JS, uncomment the following\n+# and specify the fully qualified class name to the JavaScript interface\n+# class:\n+#-keepclassmembers class fqcn.of.javascript.interface.for.webview {\n+#   public *;\n+#}"}, {"sha": "3f155c28b0f620259943bf1ebaf9393733ff8603", "filename": "app/src/androidTest/java/mobile/taverna/apache/com/tavernamobile/ApplicationTest.java", "status": "added", "additions": 13, "deletions": 0, "changes": 13, "blob_url": "https://github.com/apache/incubator-taverna-mobile/blob/afc9ce95e3ad50df2dc13f35a213af2e4063a4b3/app/src/androidTest/java/mobile/taverna/apache/com/tavernamobile/ApplicationTest.java", "raw_url": "https://github.com/apache/incubator-taverna-mobile/raw/afc9ce95e3ad50df2dc13f35a213af2e4063a4b3/app/src/androidTest/java/mobile/taverna/apache/com/tavernamobile/ApplicationTest.java", "contents_url": "https://api.github.com/repos/apache/incubator-taverna-mobile/contents/app/src/androidTest/java/mobile/taverna/apache/com/tavernamobile/ApplicationTest.java?ref=afc9ce95e3ad50df2dc13f35a213af2e4063a4b3", "patch": "@@ -0,0 +1,13 @@\n+package mobile.taverna.apache.com.tavernamobile;\n+\n+import android.app.Application;\n+import android.test.ApplicationTestCase;\n+\n+/**\n+ * <a href=\"http://d.android.com/tools/testing/testing_android.html\">Testing Fundamentals</a>\n+ */\n+public class ApplicationTest extends ApplicationTestCase<Application> {\n+    public ApplicationTest() {\n+        super(Application.class);\n+    }\n+}\n\\ No newline at end of file"}, {"sha": "7e288d3f58433fe6275e371a98c68c7ebe341c1a", "filename": "app/src/main/AndroidManifest.xml", "status": "added", "additions": 21, "deletions": 0, "changes": 21, "blob_url": "https://github.com/apache/incubator-taverna-mobile/blob/afc9ce95e3ad50df2dc13f35a213af2e4063a4b3/app/src/main/AndroidManifest.xml", "raw_url": "https://github.com/apache/incubator-taverna-mobile/raw/afc9ce95e3ad50df2dc13f35a213af2e4063a4b3/app/src/main/AndroidManifest.xml", "contents_url": "https://api.github.com/repos/apache/incubator-taverna-mobile/contents/app/src/main/AndroidManifest.xml?ref=afc9ce95e3ad50df2dc13f35a213af2e4063a4b3", "patch": "@@ -0,0 +1,21 @@\n+<?xml version=\"1.0\" encoding=\"utf-8\"?>\n+<manifest xmlns:android=\"http://schemas.android.com/apk/res/android\"\n+    package=\"mobile.taverna.apache.com.tavernamobile\" >\n+\n+    <application\n+        android:allowBackup=\"true\"\n+        android:icon=\"@mipmap/ic_launcher\"\n+        android:label=\"@string/app_name\"\n+        android:theme=\"@style/AppTheme\" >\n+        <activity\n+            android:name=\".LoginActivity\"\n+            android:label=\"@string/app_name\" >\n+            <intent-filter>\n+                <action android:name=\"android.intent.action.MAIN\" />\n+\n+                <category android:name=\"android.intent.category.LAUNCHER\" />\n+            </intent-filter>\n+        </activity>\n+    </application>\n+\n+</manifest>"}, {"sha": "2c96a0d03dd54bc4011a1ddb93466b4184e5cba6", "filename": "app/src/main/java/mobile/taverna/apache/com/tavernamobile/LoginActivity.java", "status": "added", "additions": 66, "deletions": 0, "changes": 66, "blob_url": "https://github.com/apache/incubator-taverna-mobile/blob/afc9ce95e3ad50df2dc13f35a213af2e4063a4b3/app/src/main/java/mobile/taverna/apache/com/tavernamobile/LoginActivity.java", "raw_url": "https://github.com/apache/incubator-taverna-mobile/raw/afc9ce95e3ad50df2dc13f35a213af2e4063a4b3/app/src/main/java/mobile/taverna/apache/com/tavernamobile/LoginActivity.java", "contents_url": "https://api.github.com/repos/apache/incubator-taverna-mobile/contents/app/src/main/java/mobile/taverna/apache/com/tavernamobile/LoginActivity.java?ref=afc9ce95e3ad50df2dc13f35a213af2e4063a4b3", "patch": "@@ -0,0 +1,66 @@\n+package mobile.taverna.apache.com.tavernamobile;\n+\n+import android.support.v7.app.ActionBarActivity;\n+import android.support.v7.app.ActionBar;\n+import android.support.v4.app.Fragment;\n+import android.os.Bundle;\n+import android.view.LayoutInflater;\n+import android.view.Menu;\n+import android.view.MenuItem;\n+import android.view.View;\n+import android.view.ViewGroup;\n+import android.os.Build;\n+\n+\n+public class LoginActivity extends ActionBarActivity {\n+\n+    @Override\n+    protected void onCreate(Bundle savedInstanceState) {\n+        super.onCreate(savedInstanceState);\n+        setContentView(R.layout.activity_login);\n+        if (savedInstanceState == null) {\n+            getSupportFragmentManager().beginTransaction()\n+                    .add(R.id.container, new PlaceholderFragment())\n+                    .commit();\n+        }\n+    }\n+\n+\n+    @Override\n+    public boolean onCreateOptionsMenu(Menu menu) {\n+        // Inflate the menu; this adds items to the action bar if it is present.\n+        getMenuInflater().inflate(R.menu.menu_login, menu);\n+        return true;\n+    }\n+\n+    @Override\n+    public boolean onOptionsItemSelected(MenuItem item) {\n+        // Handle action bar item clicks here. The action bar will\n+        // automatically handle clicks on the Home/Up button, so long\n+        // as you specify a parent activity in AndroidManifest.xml.\n+        int id = item.getItemId();\n+\n+        //noinspection SimplifiableIfStatement\n+        if (id == R.id.action_settings) {\n+            return true;\n+        }\n+\n+        return super.onOptionsItemSelected(item);\n+    }\n+\n+    /**\n+     * A placeholder fragment containing a simple view.\n+     */\n+    public static class PlaceholderFragment extends Fragment {\n+\n+        public PlaceholderFragment() {\n+        }\n+\n+        @Override\n+        public View onCreateView(LayoutInflater inflater, ViewGroup container,\n+                                 Bundle savedInstanceState) {\n+            View rootView = inflater.inflate(R.layout.fragment_login, container, false);\n+            return rootView;\n+        }\n+    }\n+}"}, {"sha": "12dd08acd45b0a49a2f2d022b262433a2a83a8a9", "filename": "app/src/main/res/layout/activity_login.xml", "status": "added", "additions": 4, "deletions": 0, "changes": 4, "blob_url": "https://github.com/apache/incubator-taverna-mobile/blob/afc9ce95e3ad50df2dc13f35a213af2e4063a4b3/app/src/main/res/layout/activity_login.xml", "raw_url": "https://github.com/apache/incubator-taverna-mobile/raw/afc9ce95e3ad50df2dc13f35a213af2e4063a4b3/app/src/main/res/layout/activity_login.xml", "contents_url": "https://api.github.com/repos/apache/incubator-taverna-mobile/contents/app/src/main/res/layout/activity_login.xml?ref=afc9ce95e3ad50df2dc13f35a213af2e4063a4b3", "patch": "@@ -0,0 +1,4 @@\n+<FrameLayout xmlns:android=\"http://schemas.android.com/apk/res/android\"\n+    xmlns:tools=\"http://schemas.android.com/tools\" android:id=\"@+id/container\"\n+    android:layout_width=\"match_parent\" android:layout_height=\"match_parent\"\n+    tools:context=\".LoginActivity\" tools:ignore=\"MergeRootFrame\" />"}, {"sha": "5289095fa6eb020eb4c45ac648c681c0d6660d86", "filename": "app/src/main/res/layout/fragment_login.xml", "status": "added", "additions": 12, "deletions": 0, "changes": 12, "blob_url": "https://github.com/apache/incubator-taverna-mobile/blob/afc9ce95e3ad50df2dc13f35a213af2e4063a4b3/app/src/main/res/layout/fragment_login.xml", "raw_url": "https://github.com/apache/incubator-taverna-mobile/raw/afc9ce95e3ad50df2dc13f35a213af2e4063a4b3/app/src/main/res/layout/fragment_login.xml", "contents_url": "https://api.github.com/repos/apache/incubator-taverna-mobile/contents/app/src/main/res/layout/fragment_login.xml?ref=afc9ce95e3ad50df2dc13f35a213af2e4063a4b3", "patch": "@@ -0,0 +1,12 @@\n+<RelativeLayout xmlns:android=\"http://schemas.android.com/apk/res/android\"\n+    xmlns:tools=\"http://schemas.android.com/tools\" android:layout_width=\"match_parent\"\n+    android:layout_height=\"match_parent\" android:paddingLeft=\"@dimen/activity_horizontal_margin\"\n+    android:paddingRight=\"@dimen/activity_horizontal_margin\"\n+    android:paddingTop=\"@dimen/activity_vertical_margin\"\n+    android:paddingBottom=\"@dimen/activity_vertical_margin\"\n+    tools:context=\".LoginActivity$PlaceholderFragment\">\n+\n+    <TextView android:text=\"@string/hello_world\" android:layout_width=\"wrap_content\"\n+        android:layout_height=\"wrap_content\" />\n+\n+</RelativeLayout>"}, {"sha": "6bce6c2e8a892c85a73a0032821895d1ec1a7e7d", "filename": "app/src/main/res/menu/menu_login.xml", "status": "added", "additions": 6, "deletions": 0, "changes": 6, "blob_url": "https://github.com/apache/incubator-taverna-mobile/blob/afc9ce95e3ad50df2dc13f35a213af2e4063a4b3/app/src/main/res/menu/menu_login.xml", "raw_url": "https://github.com/apache/incubator-taverna-mobile/raw/afc9ce95e3ad50df2dc13f35a213af2e4063a4b3/app/src/main/res/menu/menu_login.xml", "contents_url": "https://api.github.com/repos/apache/incubator-taverna-mobile/contents/app/src/main/res/menu/menu_login.xml?ref=afc9ce95e3ad50df2dc13f35a213af2e4063a4b3", "patch": "@@ -0,0 +1,6 @@\n+<menu xmlns:android=\"http://schemas.android.com/apk/res/android\"\n+    xmlns:app=\"http://schemas.android.com/apk/res-auto\"\n+    xmlns:tools=\"http://schemas.android.com/tools\" tools:context=\".LoginActivity\">\n+    <item android:id=\"@+id/action_settings\" android:title=\"@string/action_settings\"\n+        android:orderInCategory=\"100\" app:showAsAction=\"never\" />\n+</menu>"}, {"sha": "cde69bcccec65160d92116f20ffce4fce0b5245c", "filename": "app/src/main/res/mipmap-hdpi/ic_launcher.png", "status": "added", "additions": 0, "deletions": 0, "changes": 0, "blob_url": "https://github.com/apache/incubator-taverna-mobile/blob/afc9ce95e3ad50df2dc13f35a213af2e4063a4b3/app/src/main/res/mipmap-hdpi/ic_launcher.png", "raw_url": "https://github.com/apache/incubator-taverna-mobile/raw/afc9ce95e3ad50df2dc13f35a213af2e4063a4b3/app/src/main/res/mipmap-hdpi/ic_launcher.png", "contents_url": "https://api.github.com/repos/apache/incubator-taverna-mobile/contents/app/src/main/res/mipmap-hdpi/ic_launcher.png?ref=afc9ce95e3ad50df2dc13f35a213af2e4063a4b3"}, {"sha": "c133a0cbd379f5af6dbf1a899a0293ca5eccfad0", "filename": "app/src/main/res/mipmap-mdpi/ic_launcher.png", "status": "added", "additions": 0, "deletions": 0, "changes": 0, "blob_url": "https://github.com/apache/incubator-taverna-mobile/blob/afc9ce95e3ad50df2dc13f35a213af2e4063a4b3/app/src/main/res/mipmap-mdpi/ic_launcher.png", "raw_url": "https://github.com/apache/incubator-taverna-mobile/raw/afc9ce95e3ad50df2dc13f35a213af2e4063a4b3/app/src/main/res/mipmap-mdpi/ic_launcher.png", "contents_url": "https://api.github.com/repos/apache/incubator-taverna-mobile/contents/app/src/main/res/mipmap-mdpi/ic_launcher.png?ref=afc9ce95e3ad50df2dc13f35a213af2e4063a4b3"}, {"sha": "bfa42f0e7b91d006d22352c9ff2f134e504e3c1d", "filename": "app/src/main/res/mipmap-xhdpi/ic_launcher.png", "status": "added", "additions": 0, "deletions": 0, "changes": 0, "blob_url": "https://github.com/apache/incubator-taverna-mobile/blob/afc9ce95e3ad50df2dc13f35a213af2e4063a4b3/app/src/main/res/mipmap-xhdpi/ic_launcher.png", "raw_url": "https://github.com/apache/incubator-taverna-mobile/raw/afc9ce95e3ad50df2dc13f35a213af2e4063a4b3/app/src/main/res/mipmap-xhdpi/ic_launcher.png", "contents_url": "https://api.github.com/repos/apache/incubator-taverna-mobile/contents/app/src/main/res/mipmap-xhdpi/ic_launcher.png?ref=afc9ce95e3ad50df2dc13f35a213af2e4063a4b3"}, {"sha": "324e72cdd7480cb983fa1bcc7ce686e51ef87fe7", "filename": "app/src/main/res/mipmap-xxhdpi/ic_launcher.png", "status": "added", "additions": 0, "deletions": 0, "changes": 0, "blob_url": "https://github.com/apache/incubator-taverna-mobile/blob/afc9ce95e3ad50df2dc13f35a213af2e4063a4b3/app/src/main/res/mipmap-xxhdpi/ic_launcher.png", "raw_url": "https://github.com/apache/incubator-taverna-mobile/raw/afc9ce95e3ad50df2dc13f35a213af2e4063a4b3/app/src/main/res/mipmap-xxhdpi/ic_launcher.png", "contents_url": "https://api.github.com/repos/apache/incubator-taverna-mobile/contents/app/src/main/res/mipmap-xxhdpi/ic_launcher.png?ref=afc9ce95e3ad50df2dc13f35a213af2e4063a4b3"}, {"sha": "63fc816444614bd64f68a372d1f93211628ee51d", "filename": "app/src/main/res/values-w820dp/dimens.xml", "status": "added", "additions": 6, "deletions": 0, "changes": 6, "blob_url": "https://github.com/apache/incubator-taverna-mobile/blob/afc9ce95e3ad50df2dc13f35a213af2e4063a4b3/app/src/main/res/values-w820dp/dimens.xml", "raw_url": "https://github.com/apache/incubator-taverna-mobile/raw/afc9ce95e3ad50df2dc13f35a213af2e4063a4b3/app/src/main/res/values-w820dp/dimens.xml", "contents_url": "https://api.github.com/repos/apache/incubator-taverna-mobile/contents/app/src/main/res/values-w820dp/dimens.xml?ref=afc9ce95e3ad50df2dc13f35a213af2e4063a4b3", "patch": "@@ -0,0 +1,6 @@\n+<resources>\n+    <!-- Example customization of dimensions originally defined in res/values/dimens.xml\n+         (such as screen margins) for screens with more than 820dp of available width. This\n+         would include 7\" and 10\" devices in landscape (~960dp and ~1280dp respectively). -->\n+    <dimen name=\"activity_horizontal_margin\">64dp</dimen>\n+</resources>"}, {"sha": "47c82246738c4d056e8030d3a259206f42e8e15d", "filename": "app/src/main/res/values/dimens.xml", "status": "added", "additions": 5, "deletions": 0, "changes": 5, "blob_url": "https://github.com/apache/incubator-taverna-mobile/blob/afc9ce95e3ad50df2dc13f35a213af2e4063a4b3/app/src/main/res/values/dimens.xml", "raw_url": "https://github.com/apache/incubator-taverna-mobile/raw/afc9ce95e3ad50df2dc13f35a213af2e4063a4b3/app/src/main/res/values/dimens.xml", "contents_url": "https://api.github.com/repos/apache/incubator-taverna-mobile/contents/app/src/main/res/values/dimens.xml?ref=afc9ce95e3ad50df2dc13f35a213af2e4063a4b3", "patch": "@@ -0,0 +1,5 @@\n+<resources>\n+    <!-- Default screen margins, per the Android Design guidelines. -->\n+    <dimen name=\"activity_horizontal_margin\">16dp</dimen>\n+    <dimen name=\"activity_vertical_margin\">16dp</dimen>\n+</resources>"}, {"sha": "d88fd5c89d0988d1d1328c622fb69d74b5aa3d38", "filename": "app/src/main/res/values/strings.xml", "status": "added", "additions": 5, "deletions": 0, "changes": 5, "blob_url": "https://github.com/apache/incubator-taverna-mobile/blob/afc9ce95e3ad50df2dc13f35a213af2e4063a4b3/app/src/main/res/values/strings.xml", "raw_url": "https://github.com/apache/incubator-taverna-mobile/raw/afc9ce95e3ad50df2dc13f35a213af2e4063a4b3/app/src/main/res/values/strings.xml", "contents_url": "https://api.github.com/repos/apache/incubator-taverna-mobile/contents/app/src/main/res/values/strings.xml?ref=afc9ce95e3ad50df2dc13f35a213af2e4063a4b3", "patch": "@@ -0,0 +1,5 @@\n+<resources>\n+    <string name=\"app_name\">TavernaMobile</string>\n+    <string name=\"hello_world\">Hello world!</string>\n+    <string name=\"action_settings\">Settings</string>\n+</resources>"}, {"sha": "766ab9930487aebdf634594950b22d39b44d8125", "filename": "app/src/main/res/values/styles.xml", "status": "added", "additions": 8, "deletions": 0, "changes": 8, "blob_url": "https://github.com/apache/incubator-taverna-mobile/blob/afc9ce95e3ad50df2dc13f35a213af2e4063a4b3/app/src/main/res/values/styles.xml", "raw_url": "https://github.com/apache/incubator-taverna-mobile/raw/afc9ce95e3ad50df2dc13f35a213af2e4063a4b3/app/src/main/res/values/styles.xml", "contents_url": "https://api.github.com/repos/apache/incubator-taverna-mobile/contents/app/src/main/res/values/styles.xml?ref=afc9ce95e3ad50df2dc13f35a213af2e4063a4b3", "patch": "@@ -0,0 +1,8 @@\n+<resources>\n+\n+    <!-- Base application theme. -->\n+    <style name=\"AppTheme\" parent=\"Theme.AppCompat.Light.DarkActionBar\">\n+        <!-- Customize your theme here. -->\n+    </style>\n+\n+</resources>"}, {"sha": "d3ff69d6e7f91950ff157ce7e6b7ab81f0a49d2d", "filename": "build.gradle", "status": "added", "additions": 19, "deletions": 0, "changes": 19, "blob_url": "https://github.com/apache/incubator-taverna-mobile/blob/afc9ce95e3ad50df2dc13f35a213af2e4063a4b3/build.gradle", "raw_url": "https://github.com/apache/incubator-taverna-mobile/raw/afc9ce95e3ad50df2dc13f35a213af2e4063a4b3/build.gradle", "contents_url": "https://api.github.com/repos/apache/incubator-taverna-mobile/contents/build.gradle?ref=afc9ce95e3ad50df2dc13f35a213af2e4063a4b3", "patch": "@@ -0,0 +1,19 @@\n+// Top-level build file where you can add configuration options common to all sub-projects/modules.\n+\n+buildscript {\n+    repositories {\n+        jcenter()\n+    }\n+    dependencies {\n+        classpath 'com.android.tools.build:gradle:1.1.0'\n+\n+        // NOTE: Do not place your application dependencies here; they belong\n+        // in the individual module build.gradle files\n+    }\n+}\n+\n+allprojects {\n+    repositories {\n+        jcenter()\n+    }\n+}"}, {"sha": "1d3591c8a4c9c29578c36c87f80c05a6aea3ee3f", "filename": "gradle.properties", "status": "added", "additions": 18, "deletions": 0, "changes": 18, "blob_url": "https://github.com/apache/incubator-taverna-mobile/blob/afc9ce95e3ad50df2dc13f35a213af2e4063a4b3/gradle.properties", "raw_url": "https://github.com/apache/incubator-taverna-mobile/raw/afc9ce95e3ad50df2dc13f35a213af2e4063a4b3/gradle.properties", "contents_url": "https://api.github.com/repos/apache/incubator-taverna-mobile/contents/gradle.properties?ref=afc9ce95e3ad50df2dc13f35a213af2e4063a4b3", "patch": "@@ -0,0 +1,18 @@\n+# Project-wide Gradle settings.\n+\n+# IDE (e.g. Android Studio) users:\n+# Gradle settings configured through the IDE *will override*\n+# any settings specified in this file.\n+\n+# For more details on how to configure your build environment visit\n+# http://www.gradle.org/docs/current/userguide/build_environment.html\n+\n+# Specifies the JVM arguments used for the daemon process.\n+# The setting is particularly useful for tweaking memory settings.\n+# Default value: -Xmx10248m -XX:MaxPermSize=256m\n+# org.gradle.jvmargs=-Xmx2048m -XX:MaxPermSize=512m -XX:+HeapDumpOnOutOfMemoryError -Dfile.encoding=UTF-8\n+\n+# When configured, Gradle will run in incubating parallel mode.\n+# This option should only be used with decoupled projects. More details, visit\n+# http://www.gradle.org/docs/current/userguide/multi_project_builds.html#sec:decoupled_projects\n+# org.gradle.parallel=true\n\\ No newline at end of file"}, {"sha": "8c0fb64a8698b08ecc4158d828ca593c4928e9dd", "filename": "gradle/wrapper/gradle-wrapper.jar", "status": "added", "additions": 0, "deletions": 0, "changes": 0, "blob_url": "https://github.com/apache/incubator-taverna-mobile/blob/afc9ce95e3ad50df2dc13f35a213af2e4063a4b3/gradle/wrapper/gradle-wrapper.jar", "raw_url": "https://github.com/apache/incubator-taverna-mobile/raw/afc9ce95e3ad50df2dc13f35a213af2e4063a4b3/gradle/wrapper/gradle-wrapper.jar", "contents_url": "https://api.github.com/repos/apache/incubator-taverna-mobile/contents/gradle/wrapper/gradle-wrapper.jar?ref=afc9ce95e3ad50df2dc13f35a213af2e4063a4b3"}, {"sha": "0c71e760dc93830dd3411fe50d6f5c86bf0a8f4d", "filename": "gradle/wrapper/gradle-wrapper.properties", "status": "added", "additions": 6, "deletions": 0, "changes": 6, "blob_url": "https://github.com/apache/incubator-taverna-mobile/blob/afc9ce95e3ad50df2dc13f35a213af2e4063a4b3/gradle/wrapper/gradle-wrapper.properties", "raw_url": "https://github.com/apache/incubator-taverna-mobile/raw/afc9ce95e3ad50df2dc13f35a213af2e4063a4b3/gradle/wrapper/gradle-wrapper.properties", "contents_url": "https://api.github.com/repos/apache/incubator-taverna-mobile/contents/gradle/wrapper/gradle-wrapper.properties?ref=afc9ce95e3ad50df2dc13f35a213af2e4063a4b3", "patch": "@@ -0,0 +1,6 @@\n+#Wed Apr 10 15:27:10 PDT 2013\n+distributionBase=GRADLE_USER_HOME\n+distributionPath=wrapper/dists\n+zipStoreBase=GRADLE_USER_HOME\n+zipStorePath=wrapper/dists\n+distributionUrl=https\\://services.gradle.org/distributions/gradle-2.2.1-all.zip"}, {"sha": "91a7e269e19dfc62e27137a0b57ef3e430cee4fd", "filename": "gradlew", "status": "added", "additions": 164, "deletions": 0, "changes": 164, "blob_url": "https://github.com/apache/incubator-taverna-mobile/blob/afc9ce95e3ad50df2dc13f35a213af2e4063a4b3/gradlew", "raw_url": "https://github.com/apache/incubator-taverna-mobile/raw/afc9ce95e3ad50df2dc13f35a213af2e4063a4b3/gradlew", "contents_url": "https://api.github.com/repos/apache/incubator-taverna-mobile/contents/gradlew?ref=afc9ce95e3ad50df2dc13f35a213af2e4063a4b3", "patch": "@@ -0,0 +1,164 @@\n+#!/usr/bin/env bash\n+\n+##############################################################################\n+##\n+##  Gradle start up script for UN*X\n+##\n+##############################################################################\n+\n+# Add default JVM options here. You can also use JAVA_OPTS and GRADLE_OPTS to pass JVM options to this script.\n+DEFAULT_JVM_OPTS=\"\"\n+\n+APP_NAME=\"Gradle\"\n+APP_BASE_NAME=`basename \"$0\"`\n+\n+# Use the maximum available, or set MAX_FD != -1 to use that value.\n+MAX_FD=\"maximum\"\n+\n+warn ( ) {\n+    echo \"$*\"\n+}\n+\n+die ( ) {\n+    echo\n+    echo \"$*\"\n+    echo\n+    exit 1\n+}\n+\n+# OS specific support (must be 'true' or 'false').\n+cygwin=false\n+msys=false\n+darwin=false\n+case \"`uname`\" in\n+  CYGWIN* )\n+    cygwin=true\n+    ;;\n+  Darwin* )\n+    darwin=true\n+    ;;\n+  MINGW* )\n+    msys=true\n+    ;;\n+esac\n+\n+# For Cygwin, ensure paths are in UNIX format before anything is touched.\n+if $cygwin ; then\n+    [ -n \"$JAVA_HOME\" ] && JAVA_HOME=`cygpath --unix \"$JAVA_HOME\"`\n+fi\n+\n+# Attempt to set APP_HOME\n+# Resolve links: $0 may be a link\n+PRG=\"$0\"\n+# Need this for relative symlinks.\n+while [ -h \"$PRG\" ] ; do\n+    ls=`ls -ld \"$PRG\"`\n+    link=`expr \"$ls\" : '.*-> \\(.*\\)$'`\n+    if expr \"$link\" : '/.*' > /dev/null; then\n+        PRG=\"$link\"\n+    else\n+        PRG=`dirname \"$PRG\"`\"/$link\"\n+    fi\n+done\n+SAVED=\"`pwd`\"\n+cd \"`dirname \\\"$PRG\\\"`/\" >&-\n+APP_HOME=\"`pwd -P`\"\n+cd \"$SAVED\" >&-\n+\n+CLASSPATH=$APP_HOME/gradle/wrapper/gradle-wrapper.jar\n+\n+# Determine the Java command to use to start the JVM.\n+if [ -n \"$JAVA_HOME\" ] ; then\n+    if [ -x \"$JAVA_HOME/jre/sh/java\" ] ; then\n+        # IBM's JDK on AIX uses strange locations for the executables\n+        JAVACMD=\"$JAVA_HOME/jre/sh/java\"\n+    else\n+        JAVACMD=\"$JAVA_HOME/bin/java\"\n+    fi\n+    if [ ! -x \"$JAVACMD\" ] ; then\n+        die \"ERROR: JAVA_HOME is set to an invalid directory: $JAVA_HOME\n+\n+Please set the JAVA_HOME variable in your environment to match the\n+location of your Java installation.\"\n+    fi\n+else\n+    JAVACMD=\"java\"\n+    which java >/dev/null 2>&1 || die \"ERROR: JAVA_HOME is not set and no 'java' command could be found in your PATH.\n+\n+Please set the JAVA_HOME variable in your environment to match the\n+location of your Java installation.\"\n+fi\n+\n+# Increase the maximum file descriptors if we can.\n+if [ \"$cygwin\" = \"false\" -a \"$darwin\" = \"false\" ] ; then\n+    MAX_FD_LIMIT=`ulimit -H -n`\n+    if [ $? -eq 0 ] ; then\n+        if [ \"$MAX_FD\" = \"maximum\" -o \"$MAX_FD\" = \"max\" ] ; then\n+            MAX_FD=\"$MAX_FD_LIMIT\"\n+        fi\n+        ulimit -n $MAX_FD\n+        if [ $? -ne 0 ] ; then\n+            warn \"Could not set maximum file descriptor limit: $MAX_FD\"\n+        fi\n+    else\n+        warn \"Could not query maximum file descriptor limit: $MAX_FD_LIMIT\"\n+    fi\n+fi\n+\n+# For Darwin, add options to specify how the application appears in the dock\n+if $darwin; then\n+    GRADLE_OPTS=\"$GRADLE_OPTS \\\"-Xdock:name=$APP_NAME\\\" \\\"-Xdock:icon=$APP_HOME/media/gradle.icns\\\"\"\n+fi\n+\n+# For Cygwin, switch paths to Windows format before running java\n+if $cygwin ; then\n+    APP_HOME=`cygpath --path --mixed \"$APP_HOME\"`\n+    CLASSPATH=`cygpath --path --mixed \"$CLASSPATH\"`\n+\n+    # We build the pattern for arguments to be converted via cygpath\n+    ROOTDIRSRAW=`find -L / -maxdepth 1 -mindepth 1 -type d 2>/dev/null`\n+    SEP=\"\"\n+    for dir in $ROOTDIRSRAW ; do\n+        ROOTDIRS=\"$ROOTDIRS$SEP$dir\"\n+        SEP=\"|\"\n+    done\n+    OURCYGPATTERN=\"(^($ROOTDIRS))\"\n+    # Add a user-defined pattern to the cygpath arguments\n+    if [ \"$GRADLE_CYGPATTERN\" != \"\" ] ; then\n+        OURCYGPATTERN=\"$OURCYGPATTERN|($GRADLE_CYGPATTERN)\"\n+    fi\n+    # Now convert the arguments - kludge to limit ourselves to /bin/sh\n+    i=0\n+    for arg in \"$@\" ; do\n+        CHECK=`echo \"$arg\"|egrep -c \"$OURCYGPATTERN\" -`\n+        CHECK2=`echo \"$arg\"|egrep -c \"^-\"`                                 ### Determine if an option\n+\n+        if [ $CHECK -ne 0 ] && [ $CHECK2 -eq 0 ] ; then                    ### Added a condition\n+            eval `echo args$i`=`cygpath --path --ignore --mixed \"$arg\"`\n+        else\n+            eval `echo args$i`=\"\\\"$arg\\\"\"\n+        fi\n+        i=$((i+1))\n+    done\n+    case $i in\n+        (0) set -- ;;\n+        (1) set -- \"$args0\" ;;\n+        (2) set -- \"$args0\" \"$args1\" ;;\n+        (3) set -- \"$args0\" \"$args1\" \"$args2\" ;;\n+        (4) set -- \"$args0\" \"$args1\" \"$args2\" \"$args3\" ;;\n+        (5) set -- \"$args0\" \"$args1\" \"$args2\" \"$args3\" \"$args4\" ;;\n+        (6) set -- \"$args0\" \"$args1\" \"$args2\" \"$args3\" \"$args4\" \"$args5\" ;;\n+        (7) set -- \"$args0\" \"$args1\" \"$args2\" \"$args3\" \"$args4\" \"$args5\" \"$args6\" ;;\n+        (8) set -- \"$args0\" \"$args1\" \"$args2\" \"$args3\" \"$args4\" \"$args5\" \"$args6\" \"$args7\" ;;\n+        (9) set -- \"$args0\" \"$args1\" \"$args2\" \"$args3\" \"$args4\" \"$args5\" \"$args6\" \"$args7\" \"$args8\" ;;\n+    esac\n+fi\n+\n+# Split up the JVM_OPTS And GRADLE_OPTS values into an array, following the shell quoting and substitution rules\n+function splitJvmOpts() {\n+    JVM_OPTS=(\"$@\")\n+}\n+eval splitJvmOpts $DEFAULT_JVM_OPTS $JAVA_OPTS $GRADLE_OPTS\n+JVM_OPTS[${#JVM_OPTS[*]}]=\"-Dorg.gradle.appname=$APP_BASE_NAME\"\n+\n+exec \"$JAVACMD\" \"${JVM_OPTS[@]}\" -classpath \"$CLASSPATH\" org.gradle.wrapper.GradleWrapperMain \"$@\""}, {"sha": "aec99730b4e8fcd90b57a0e8e01544fea7c31a89", "filename": "gradlew.bat", "status": "added", "additions": 90, "deletions": 0, "changes": 90, "blob_url": "https://github.com/apache/incubator-taverna-mobile/blob/afc9ce95e3ad50df2dc13f35a213af2e4063a4b3/gradlew.bat", "raw_url": "https://github.com/apache/incubator-taverna-mobile/raw/afc9ce95e3ad50df2dc13f35a213af2e4063a4b3/gradlew.bat", "contents_url": "https://api.github.com/repos/apache/incubator-taverna-mobile/contents/gradlew.bat?ref=afc9ce95e3ad50df2dc13f35a213af2e4063a4b3", "patch": "@@ -0,0 +1,90 @@\n+@if \"%DEBUG%\" == \"\" @echo off\r\n+@rem ##########################################################################\r\n+@rem\r\n+@rem  Gradle startup script for Windows\r\n+@rem\r\n+@rem ##########################################################################\r\n+\r\n+@rem Set local scope for the variables with windows NT shell\r\n+if \"%OS%\"==\"Windows_NT\" setlocal\r\n+\r\n+@rem Add default JVM options here. You can also use JAVA_OPTS and GRADLE_OPTS to pass JVM options to this script.\r\n+set DEFAULT_JVM_OPTS=\r\n+\r\n+set DIRNAME=%~dp0\r\n+if \"%DIRNAME%\" == \"\" set DIRNAME=.\r\n+set APP_BASE_NAME=%~n0\r\n+set APP_HOME=%DIRNAME%\r\n+\r\n+@rem Find java.exe\r\n+if defined JAVA_HOME goto findJavaFromJavaHome\r\n+\r\n+set JAVA_EXE=java.exe\r\n+%JAVA_EXE% -version >NUL 2>&1\r\n+if \"%ERRORLEVEL%\" == \"0\" goto init\r\n+\r\n+echo.\r\n+echo ERROR: JAVA_HOME is not set and no 'java' command could be found in your PATH.\r\n+echo.\r\n+echo Please set the JAVA_HOME variable in your environment to match the\r\n+echo location of your Java installation.\r\n+\r\n+goto fail\r\n+\r\n+:findJavaFromJavaHome\r\n+set JAVA_HOME=%JAVA_HOME:\"=%\r\n+set JAVA_EXE=%JAVA_HOME%/bin/java.exe\r\n+\r\n+if exist \"%JAVA_EXE%\" goto init\r\n+\r\n+echo.\r\n+echo ERROR: JAVA_HOME is set to an invalid directory: %JAVA_HOME%\r\n+echo.\r\n+echo Please set the JAVA_HOME variable in your environment to match the\r\n+echo location of your Java installation.\r\n+\r\n+goto fail\r\n+\r\n+:init\r\n+@rem Get command-line arguments, handling Windowz variants\r\n+\r\n+if not \"%OS%\" == \"Windows_NT\" goto win9xME_args\r\n+if \"%@eval[2+2]\" == \"4\" goto 4NT_args\r\n+\r\n+:win9xME_args\r\n+@rem Slurp the command line arguments.\r\n+set CMD_LINE_ARGS=\r\n+set _SKIP=2\r\n+\r\n+:win9xME_args_slurp\r\n+if \"x%~1\" == \"x\" goto execute\r\n+\r\n+set CMD_LINE_ARGS=%*\r\n+goto execute\r\n+\r\n+:4NT_args\r\n+@rem Get arguments from the 4NT Shell from JP Software\r\n+set CMD_LINE_ARGS=%$\r\n+\r\n+:execute\r\n+@rem Setup the command line\r\n+\r\n+set CLASSPATH=%APP_HOME%\\gradle\\wrapper\\gradle-wrapper.jar\r\n+\r\n+@rem Execute Gradle\r\n+\"%JAVA_EXE%\" %DEFAULT_JVM_OPTS% %JAVA_OPTS% %GRADLE_OPTS% \"-Dorg.gradle.appname=%APP_BASE_NAME%\" -classpath \"%CLASSPATH%\" org.gradle.wrapper.GradleWrapperMain %CMD_LINE_ARGS%\r\n+\r\n+:end\r\n+@rem End local scope for the variables with windows NT shell\r\n+if \"%ERRORLEVEL%\"==\"0\" goto mainEnd\r\n+\r\n+:fail\r\n+rem Set variable GRADLE_EXIT_CONSOLE if you need the _script_ return code instead of\r\n+rem the _cmd.exe /c_ return code!\r\n+if  not \"\" == \"%GRADLE_EXIT_CONSOLE%\" exit 1\r\n+exit /b 1\r\n+\r\n+:mainEnd\r\n+if \"%OS%\"==\"Windows_NT\" endlocal\r\n+\r\n+:omega\r"}, {"sha": "e7b4def49cb53d9aa04228dd3edb14c9e635e003", "filename": "settings.gradle", "status": "added", "additions": 1, "deletions": 0, "changes": 1, "blob_url": "https://github.com/apache/incubator-taverna-mobile/blob/afc9ce95e3ad50df2dc13f35a213af2e4063a4b3/settings.gradle", "raw_url": "https://github.com/apache/incubator-taverna-mobile/raw/afc9ce95e3ad50df2dc13f35a213af2e4063a4b3/settings.gradle", "contents_url": "https://api.github.com/repos/apache/incubator-taverna-mobile/contents/settings.gradle?ref=afc9ce95e3ad50df2dc13f35a213af2e4063a4b3", "patch": "@@ -0,0 +1 @@\n+include ':app'"}]}