{"sha": "4348915d63a2a8d807017542c593b2a63ab139ea", "node_id": "MDY6Q29tbWl0MzEwMDYxNTg6NDM0ODkxNWQ2M2EyYThkODA3MDE3NTQyYzU5M2IyYTYzYWIxMzllYQ==", "commit": {"author": {"name": "Rodion4ik", "email": "rodion.vlasov@mail.ru", "date": "2018-11-03T20:29:16Z"}, "committer": {"name": "Dmitriy Pavlov", "email": "dpavlov@apache.org", "date": "2018-11-03T20:29:16Z"}, "message": "IGNITE-8896 fix for wrong javadoc for TcpCommunicationSpi.setSlowClientQueueLimit(). - Fixes #5225.\n\nSigned-off-by: Dmitriy Pavlov <dpavlov@apache.org>", "tree": {"sha": "9e2740ac805d3b1c0e0c36a2d49268616b18a69a", "url": "https://api.github.com/repos/apache/ignite/git/trees/9e2740ac805d3b1c0e0c36a2d49268616b18a69a"}, "url": "https://api.github.com/repos/apache/ignite/git/commits/4348915d63a2a8d807017542c593b2a63ab139ea", "comment_count": 0, "verification": {"verified": false, "reason": "unsigned", "signature": null, "payload": null}}, "url": "https://api.github.com/repos/apache/ignite/commits/4348915d63a2a8d807017542c593b2a63ab139ea", "html_url": "https://github.com/apache/ignite/commit/4348915d63a2a8d807017542c593b2a63ab139ea", "comments_url": "https://api.github.com/repos/apache/ignite/commits/4348915d63a2a8d807017542c593b2a63ab139ea/comments", "author": {"login": "Rodion4ik", "id": 22375844, "node_id": "MDQ6VXNlcjIyMzc1ODQ0", "avatar_url": "https://avatars1.githubusercontent.com/u/22375844?v=4", "gravatar_id": "", "url": "https://api.github.com/users/Rodion4ik", "html_url": "https://github.com/Rodion4ik", "followers_url": "https://api.github.com/users/Rodion4ik/followers", "following_url": "https://api.github.com/users/Rodion4ik/following{/other_user}", "gists_url": "https://api.github.com/users/Rodion4ik/gists{/gist_id}", "starred_url": "https://api.github.com/users/Rodion4ik/starred{/owner}{/repo}", "subscriptions_url": "https://api.github.com/users/Rodion4ik/subscriptions", "organizations_url": "https://api.github.com/users/Rodion4ik/orgs", "repos_url": "https://api.github.com/users/Rodion4ik/repos", "events_url": "https://api.github.com/users/Rodion4ik/events{/privacy}", "received_events_url": "https://api.github.com/users/Rodion4ik/received_events", "type": "User", "site_admin": false}, "committer": {"login": "dspavlov", "id": 27953002, "node_id": "MDQ6VXNlcjI3OTUzMDAy", "avatar_url": "https://avatars2.githubusercontent.com/u/27953002?v=4", "gravatar_id": "", "url": "https://api.github.com/users/dspavlov", "html_url": "https://github.com/dspavlov", "followers_url": "https://api.github.com/users/dspavlov/followers", "following_url": "https://api.github.com/users/dspavlov/following{/other_user}", "gists_url": "https://api.github.com/users/dspavlov/gists{/gist_id}", "starred_url": "https://api.github.com/users/dspavlov/starred{/owner}{/repo}", "subscriptions_url": "https://api.github.com/users/dspavlov/subscriptions", "organizations_url": "https://api.github.com/users/dspavlov/orgs", "repos_url": "https://api.github.com/users/dspavlov/repos", "events_url": "https://api.github.com/users/dspavlov/events{/privacy}", "received_events_url": "https://api.github.com/users/dspavlov/received_events", "type": "User", "site_admin": false}, "parents": [{"sha": "709612489b05d5b7924046f4fe8b0c0b78898aaa", "url": "https://api.github.com/repos/apache/ignite/commits/709612489b05d5b7924046f4fe8b0c0b78898aaa", "html_url": "https://github.com/apache/ignite/commit/709612489b05d5b7924046f4fe8b0c0b78898aaa"}], "stats": {"total": 6, "additions": 3, "deletions": 3}, "files": [{"sha": "427db0865eb7bf54873ee4e7aa739a7b7991f38c", "filename": "modules/core/src/main/java/org/apache/ignite/spi/communication/tcp/TcpCommunicationSpi.java", "status": "modified", "additions": 3, "deletions": 3, "changes": 6, "blob_url": "https://github.com/apache/ignite/blob/4348915d63a2a8d807017542c593b2a63ab139ea/modules/core/src/main/java/org/apache/ignite/spi/communication/tcp/TcpCommunicationSpi.java", "raw_url": "https://github.com/apache/ignite/raw/4348915d63a2a8d807017542c593b2a63ab139ea/modules/core/src/main/java/org/apache/ignite/spi/communication/tcp/TcpCommunicationSpi.java", "contents_url": "https://api.github.com/repos/apache/ignite/contents/modules/core/src/main/java/org/apache/ignite/spi/communication/tcp/TcpCommunicationSpi.java?ref=4348915d63a2a8d807017542c593b2a63ab139ea", "patch": "@@ -1843,7 +1843,7 @@ public int getSlowClientQueueLimit() {\n      * When set to a positive number, communication SPI will monitor clients outbound message queue sizes and will drop\n      * those clients whose queue exceeded this limit.\n      * <p/>\n-     * Usually this value should be set to the same value as {@link #getMessageQueueLimit()} which controls\n+     * This value should be set to less or equal value than {@link #getMessageQueueLimit()} which controls\n      * message back-pressure for server nodes. The default value for this parameter is {@code 0}\n      * which means {@code unlimited}.\n      *\n@@ -2207,8 +2207,8 @@ public int boundPort() {\n                 \"since may produce significant delays with some scenarios.\");\n \n         if (slowClientQueueLimit > 0 && msgQueueLimit > 0 && slowClientQueueLimit >= msgQueueLimit) {\n-            U.quietAndWarn(log, \"Slow client queue limit is set to a value greater than message queue limit \" +\n-                \"(slow client queue limit will have no effect) [msgQueueLimit=\" + msgQueueLimit +\n+            U.quietAndWarn(log, \"Slow client queue limit is set to a value greater than or equal to message \" +\n+                \"queue limit (slow client queue limit will have no effect) [msgQueueLimit=\" + msgQueueLimit +\n                 \", slowClientQueueLimit=\" + slowClientQueueLimit + ']');\n         }\n "}]}