[
  {
    "url": "https://api.github.com/repos/abw/VX/pulls/1",
    "id": 13919135,
    "node_id": "MDExOlB1bGxSZXF1ZXN0MTM5MTkxMzU=",
    "html_url": "https://github.com/abw/VX/pull/1",
    "diff_url": "https://github.com/abw/VX/pull/1.diff",
    "patch_url": "https://github.com/abw/VX/pull/1.patch",
    "issue_url": "https://api.github.com/repos/abw/VX/issues/1",
    "number": 1,
    "state": "closed",
    "locked": false,
    "title": "Fix metacommand bootstrapping to comply with 2014 spec",
    "user": {
      "login": "underyx",
      "id": 1060436,
      "node_id": "MDQ6VXNlcjEwNjA0MzY=",
      "avatar_url": "https://avatars0.githubusercontent.com/u/1060436?v=4",
      "gravatar_id": "",
      "url": "https://api.github.com/users/underyx",
      "html_url": "https://github.com/underyx",
      "followers_url": "https://api.github.com/users/underyx/followers",
      "following_url": "https://api.github.com/users/underyx/following{/other_user}",
      "gists_url": "https://api.github.com/users/underyx/gists{/gist_id}",
      "starred_url": "https://api.github.com/users/underyx/starred{/owner}{/repo}",
      "subscriptions_url": "https://api.github.com/users/underyx/subscriptions",
      "organizations_url": "https://api.github.com/users/underyx/orgs",
      "repos_url": "https://api.github.com/users/underyx/repos",
      "events_url": "https://api.github.com/users/underyx/events{/privacy}",
      "received_events_url": "https://api.github.com/users/underyx/received_events",
      "type": "User",
      "site_admin": false
    },
    "body": "Please merge ASAP. Hughes already code reviewed, hit him up on the list if you want confirmation.\n",
    "created_at": "2014-03-24T19:32:57Z",
    "updated_at": "2015-11-04T15:57:38Z",
    "closed_at": "2015-11-04T15:57:35Z",
    "merged_at": "2015-11-04T15:57:35Z",
    "merge_commit_sha": "03ac51e82c177290a183cfb979d356a08a6cccd1",
    "assignee": null,
    "assignees": [

    ],
    "requested_reviewers": [

    ],
    "requested_teams": [

    ],
    "labels": [

    ],
    "milestone": null,
    "commits_url": "https://api.github.com/repos/abw/VX/pulls/1/commits",
    "review_comments_url": "https://api.github.com/repos/abw/VX/pulls/1/comments",
    "review_comment_url": "https://api.github.com/repos/abw/VX/pulls/comments{/number}",
    "comments_url": "https://api.github.com/repos/abw/VX/issues/1/comments",
    "statuses_url": "https://api.github.com/repos/abw/VX/statuses/947f865a216b18b9547c18a49b5bb5a264f246b7",
    "head": {
      "label": "underyx:master",
      "ref": "master",
      "sha": "947f865a216b18b9547c18a49b5bb5a264f246b7",
      "user": {
        "login": "underyx",
        "id": 1060436,
        "node_id": "MDQ6VXNlcjEwNjA0MzY=",
        "avatar_url": "https://avatars0.githubusercontent.com/u/1060436?v=4",
        "gravatar_id": "",
        "url": "https://api.github.com/users/underyx",
        "html_url": "https://github.com/underyx",
        "followers_url": "https://api.github.com/users/underyx/followers",
        "following_url": "https://api.github.com/users/underyx/following{/other_user}",
        "gists_url": "https://api.github.com/users/underyx/gists{/gist_id}",
        "starred_url": "https://api.github.com/users/underyx/starred{/owner}{/repo}",
        "subscriptions_url": "https://api.github.com/users/underyx/subscriptions",
        "organizations_url": "https://api.github.com/users/underyx/orgs",
        "repos_url": "https://api.github.com/users/underyx/repos",
        "events_url": "https://api.github.com/users/underyx/events{/privacy}",
        "received_events_url": "https://api.github.com/users/underyx/received_events",
        "type": "User",
        "site_admin": false
      },
      "repo": {
        "id": 18075648,
        "node_id": "MDEwOlJlcG9zaXRvcnkxODA3NTY0OA==",
        "name": "VX",
        "full_name": "underyx/VX",
        "private": false,
        "owner": {
          "login": "underyx",
          "id": 1060436,
          "node_id": "MDQ6VXNlcjEwNjA0MzY=",
          "avatar_url": "https://avatars0.githubusercontent.com/u/1060436?v=4",
          "gravatar_id": "",
          "url": "https://api.github.com/users/underyx",
          "html_url": "https://github.com/underyx",
          "followers_url": "https://api.github.com/users/underyx/followers",
          "following_url": "https://api.github.com/users/underyx/following{/other_user}",
          "gists_url": "https://api.github.com/users/underyx/gists{/gist_id}",
          "starred_url": "https://api.github.com/users/underyx/starred{/owner}{/repo}",
          "subscriptions_url": "https://api.github.com/users/underyx/subscriptions",
          "organizations_url": "https://api.github.com/users/underyx/orgs",
          "repos_url": "https://api.github.com/users/underyx/repos",
          "events_url": "https://api.github.com/users/underyx/events{/privacy}",
          "received_events_url": "https://api.github.com/users/underyx/received_events",
          "type": "User",
          "site_admin": false
        },
        "html_url": "https://github.com/underyx/VX",
        "description": "C library for VX module interfacing",
        "fork": true,
        "url": "https://api.github.com/repos/underyx/VX",
        "forks_url": "https://api.github.com/repos/underyx/VX/forks",
        "keys_url": "https://api.github.com/repos/underyx/VX/keys{/key_id}",
        "collaborators_url": "https://api.github.com/repos/underyx/VX/collaborators{/collaborator}",
        "teams_url": "https://api.github.com/repos/underyx/VX/teams",
        "hooks_url": "https://api.github.com/repos/underyx/VX/hooks",
        "issue_events_url": "https://api.github.com/repos/underyx/VX/issues/events{/number}",
        "events_url": "https://api.github.com/repos/underyx/VX/events",
        "assignees_url": "https://api.github.com/repos/underyx/VX/assignees{/user}",
        "branches_url": "https://api.github.com/repos/underyx/VX/branches{/branch}",
        "tags_url": "https://api.github.com/repos/underyx/VX/tags",
        "blobs_url": "https://api.github.com/repos/underyx/VX/git/blobs{/sha}",
        "git_tags_url": "https://api.github.com/repos/underyx/VX/git/tags{/sha}",
        "git_refs_url": "https://api.github.com/repos/underyx/VX/git/refs{/sha}",
        "trees_url": "https://api.github.com/repos/underyx/VX/git/trees{/sha}",
        "statuses_url": "https://api.github.com/repos/underyx/VX/statuses/{sha}",
        "languages_url": "https://api.github.com/repos/underyx/VX/languages",
        "stargazers_url": "https://api.github.com/repos/underyx/VX/stargazers",
        "contributors_url": "https://api.github.com/repos/underyx/VX/contributors",
        "subscribers_url": "https://api.github.com/repos/underyx/VX/subscribers",
        "subscription_url": "https://api.github.com/repos/underyx/VX/subscription",
        "commits_url": "https://api.github.com/repos/underyx/VX/commits{/sha}",
        "git_commits_url": "https://api.github.com/repos/underyx/VX/git/commits{/sha}",
        "comments_url": "https://api.github.com/repos/underyx/VX/comments{/number}",
        "issue_comment_url": "https://api.github.com/repos/underyx/VX/issues/comments{/number}",
        "contents_url": "https://api.github.com/repos/underyx/VX/contents/{+path}",
        "compare_url": "https://api.github.com/repos/underyx/VX/compare/{base}...{head}",
        "merges_url": "https://api.github.com/repos/underyx/VX/merges",
        "archive_url": "https://api.github.com/repos/underyx/VX/{archive_format}{/ref}",
        "downloads_url": "https://api.github.com/repos/underyx/VX/downloads",
        "issues_url": "https://api.github.com/repos/underyx/VX/issues{/number}",
        "pulls_url": "https://api.github.com/repos/underyx/VX/pulls{/number}",
        "milestones_url": "https://api.github.com/repos/underyx/VX/milestones{/number}",
        "notifications_url": "https://api.github.com/repos/underyx/VX/notifications{?since,all,participating}",
        "labels_url": "https://api.github.com/repos/underyx/VX/labels{/name}",
        "releases_url": "https://api.github.com/repos/underyx/VX/releases{/id}",
        "deployments_url": "https://api.github.com/repos/underyx/VX/deployments",
        "created_at": "2014-03-24T19:29:11Z",
        "updated_at": "2014-04-10T23:52:45Z",
        "pushed_at": "2014-03-24T19:31:06Z",
        "git_url": "git://github.com/underyx/VX.git",
        "ssh_url": "git@github.com:underyx/VX.git",
        "clone_url": "https://github.com/underyx/VX.git",
        "svn_url": "https://github.com/underyx/VX",
        "homepage": "",
        "size": 127,
        "stargazers_count": 0,
        "watchers_count": 0,
        "language": "C",
        "has_issues": false,
        "has_projects": true,
        "has_downloads": true,
        "has_wiki": true,
        "has_pages": false,
        "forks_count": 0,
        "mirror_url": null,
        "archived": false,
        "disabled": false,
        "open_issues_count": 0,
        "license": {
          "key": "gpl-3.0",
          "name": "GNU General Public License v3.0",
          "spdx_id": "GPL-3.0",
          "url": "https://api.github.com/licenses/gpl-3.0",
          "node_id": "MDc6TGljZW5zZTk="
        },
        "forks": 0,
        "open_issues": 0,
        "watchers": 0,
        "default_branch": "master"
      }
    },
    "base": {
      "label": "abw:master",
      "ref": "master",
      "sha": "4f6ca5be04ba9c070fff8c65950aab05e7bfe663",
      "user": {
        "login": "abw",
        "id": 23462,
        "node_id": "MDQ6VXNlcjIzNDYy",
        "avatar_url": "https://avatars1.githubusercontent.com/u/23462?v=4",
        "gravatar_id": "",
        "url": "https://api.github.com/users/abw",
        "html_url": "https://github.com/abw",
        "followers_url": "https://api.github.com/users/abw/followers",
        "following_url": "https://api.github.com/users/abw/following{/other_user}",
        "gists_url": "https://api.github.com/users/abw/gists{/gist_id}",
        "starred_url": "https://api.github.com/users/abw/starred{/owner}{/repo}",
        "subscriptions_url": "https://api.github.com/users/abw/subscriptions",
        "organizations_url": "https://api.github.com/users/abw/orgs",
        "repos_url": "https://api.github.com/users/abw/repos",
        "events_url": "https://api.github.com/users/abw/events{/privacy}",
        "received_events_url": "https://api.github.com/users/abw/received_events",
        "type": "User",
        "site_admin": false
      },
      "repo": {
        "id": 1241070,
        "node_id": "MDEwOlJlcG9zaXRvcnkxMjQxMDcw",
        "name": "VX",
        "full_name": "abw/VX",
        "private": false,
        "owner": {
          "login": "abw",
          "id": 23462,
          "node_id": "MDQ6VXNlcjIzNDYy",
          "avatar_url": "https://avatars1.githubusercontent.com/u/23462?v=4",
          "gravatar_id": "",
          "url": "https://api.github.com/users/abw",
          "html_url": "https://github.com/abw",
          "followers_url": "https://api.github.com/users/abw/followers",
          "following_url": "https://api.github.com/users/abw/following{/other_user}",
          "gists_url": "https://api.github.com/users/abw/gists{/gist_id}",
          "starred_url": "https://api.github.com/users/abw/starred{/owner}{/repo}",
          "subscriptions_url": "https://api.github.com/users/abw/subscriptions",
          "organizations_url": "https://api.github.com/users/abw/orgs",
          "repos_url": "https://api.github.com/users/abw/repos",
          "events_url": "https://api.github.com/users/abw/events{/privacy}",
          "received_events_url": "https://api.github.com/users/abw/received_events",
          "type": "User",
          "site_admin": false
        },
        "html_url": "https://github.com/abw/VX",
        "description": "C library for VX module interfacing",
        "fork": false,
        "url": "https://api.github.com/repos/abw/VX",
        "forks_url": "https://api.github.com/repos/abw/VX/forks",
        "keys_url": "https://api.github.com/repos/abw/VX/keys{/key_id}",
        "collaborators_url": "https://api.github.com/repos/abw/VX/collaborators{/collaborator}",
        "teams_url": "https://api.github.com/repos/abw/VX/teams",
        "hooks_url": "https://api.github.com/repos/abw/VX/hooks",
        "issue_events_url": "https://api.github.com/repos/abw/VX/issues/events{/number}",
        "events_url": "https://api.github.com/repos/abw/VX/events",
        "assignees_url": "https://api.github.com/repos/abw/VX/assignees{/user}",
        "branches_url": "https://api.github.com/repos/abw/VX/branches{/branch}",
        "tags_url": "https://api.github.com/repos/abw/VX/tags",
        "blobs_url": "https://api.github.com/repos/abw/VX/git/blobs{/sha}",
        "git_tags_url": "https://api.github.com/repos/abw/VX/git/tags{/sha}",
        "git_refs_url": "https://api.github.com/repos/abw/VX/git/refs{/sha}",
        "trees_url": "https://api.github.com/repos/abw/VX/git/trees{/sha}",
        "statuses_url": "https://api.github.com/repos/abw/VX/statuses/{sha}",
        "languages_url": "https://api.github.com/repos/abw/VX/languages",
        "stargazers_url": "https://api.github.com/repos/abw/VX/stargazers",
        "contributors_url": "https://api.github.com/repos/abw/VX/contributors",
        "subscribers_url": "https://api.github.com/repos/abw/VX/subscribers",
        "subscription_url": "https://api.github.com/repos/abw/VX/subscription",
        "commits_url": "https://api.github.com/repos/abw/VX/commits{/sha}",
        "git_commits_url": "https://api.github.com/repos/abw/VX/git/commits{/sha}",
        "comments_url": "https://api.github.com/repos/abw/VX/comments{/number}",
        "issue_comment_url": "https://api.github.com/repos/abw/VX/issues/comments{/number}",
        "contents_url": "https://api.github.com/repos/abw/VX/contents/{+path}",
        "compare_url": "https://api.github.com/repos/abw/VX/compare/{base}...{head}",
        "merges_url": "https://api.github.com/repos/abw/VX/merges",
        "archive_url": "https://api.github.com/repos/abw/VX/{archive_format}{/ref}",
        "downloads_url": "https://api.github.com/repos/abw/VX/downloads",
        "issues_url": "https://api.github.com/repos/abw/VX/issues{/number}",
        "pulls_url": "https://api.github.com/repos/abw/VX/pulls{/number}",
        "milestones_url": "https://api.github.com/repos/abw/VX/milestones{/number}",
        "notifications_url": "https://api.github.com/repos/abw/VX/notifications{?since,all,participating}",
        "labels_url": "https://api.github.com/repos/abw/VX/labels{/name}",
        "releases_url": "https://api.github.com/repos/abw/VX/releases{/id}",
        "deployments_url": "https://api.github.com/repos/abw/VX/deployments",
        "created_at": "2011-01-11T09:19:59Z",
        "updated_at": "2015-09-11T18:00:55Z",
        "pushed_at": "2015-11-04T15:57:36Z",
        "git_url": "git://github.com/abw/VX.git",
        "ssh_url": "git@github.com:abw/VX.git",
        "clone_url": "https://github.com/abw/VX.git",
        "svn_url": "https://github.com/abw/VX",
        "homepage": "",
        "size": 140,
        "stargazers_count": 4,
        "watchers_count": 4,
        "language": "C",
        "has_issues": true,
        "has_projects": true,
        "has_downloads": true,
        "has_wiki": true,
        "has_pages": false,
        "forks_count": 2,
        "mirror_url": null,
        "archived": false,
        "disabled": false,
        "open_issues_count": 0,
        "license": {
          "key": "gpl-3.0",
          "name": "GNU General Public License v3.0",
          "spdx_id": "GPL-3.0",
          "url": "https://api.github.com/licenses/gpl-3.0",
          "node_id": "MDc6TGljZW5zZTk="
        },
        "forks": 2,
        "open_issues": 0,
        "watchers": 4,
        "default_branch": "master"
      }
    },
    "_links": {
      "self": {
        "href": "https://api.github.com/repos/abw/VX/pulls/1"
      },
      "html": {
        "href": "https://github.com/abw/VX/pull/1"
      },
      "issue": {
        "href": "https://api.github.com/repos/abw/VX/issues/1"
      },
      "comments": {
        "href": "https://api.github.com/repos/abw/VX/issues/1/comments"
      },
      "review_comments": {
        "href": "https://api.github.com/repos/abw/VX/pulls/1/comments"
      },
      "review_comment": {
        "href": "https://api.github.com/repos/abw/VX/pulls/comments{/number}"
      },
      "commits": {
        "href": "https://api.github.com/repos/abw/VX/pulls/1/commits"
      },
      "statuses": {
        "href": "https://api.github.com/repos/abw/VX/statuses/947f865a216b18b9547c18a49b5bb5a264f246b7"
      }
    },
    "author_association": "CONTRIBUTOR"
  }
]
