[
  {
    "url": "https://api.github.com/repos/apache/curator/pulls/197",
    "id": 103354407,
    "node_id": "MDExOlB1bGxSZXF1ZXN0MTAzMzU0NDA3",
    "html_url": "https://github.com/apache/curator/pull/197",
    "diff_url": "https://github.com/apache/curator/pull/197.diff",
    "patch_url": "https://github.com/apache/curator/pull/197.patch",
    "issue_url": "https://api.github.com/repos/apache/curator/issues/197",
    "number": 197,
    "state": "closed",
    "locked": false,
    "title": "[CURATOR-367] Delay reconnect on session expired",
    "user": {
      "login": "Zoltan-Szekeres",
      "id": 25250478,
      "node_id": "MDQ6VXNlcjI1MjUwNDc4",
      "avatar_url": "https://avatars1.githubusercontent.com/u/25250478?v=4",
      "gravatar_id": "",
      "url": "https://api.github.com/users/Zoltan-Szekeres",
      "html_url": "https://github.com/Zoltan-Szekeres",
      "followers_url": "https://api.github.com/users/Zoltan-Szekeres/followers",
      "following_url": "https://api.github.com/users/Zoltan-Szekeres/following{/other_user}",
      "gists_url": "https://api.github.com/users/Zoltan-Szekeres/gists{/gist_id}",
      "starred_url": "https://api.github.com/users/Zoltan-Szekeres/starred{/owner}{/repo}",
      "subscriptions_url": "https://api.github.com/users/Zoltan-Szekeres/subscriptions",
      "organizations_url": "https://api.github.com/users/Zoltan-Szekeres/orgs",
      "repos_url": "https://api.github.com/users/Zoltan-Szekeres/repos",
      "events_url": "https://api.github.com/users/Zoltan-Szekeres/events{/privacy}",
      "received_events_url": "https://api.github.com/users/Zoltan-Szekeres/received_events",
      "type": "User",
      "site_admin": false
    },
    "body": "",
    "created_at": "2017-01-26T17:42:29Z",
    "updated_at": "2017-02-28T22:33:31Z",
    "closed_at": "2017-02-28T22:33:31Z",
    "merged_at": "2017-02-28T22:33:31Z",
    "merge_commit_sha": "952dd6b118ce3d2505a03abe1877b8d3db24d126",
    "assignee": null,
    "assignees": [

    ],
    "requested_reviewers": [

    ],
    "requested_teams": [

    ],
    "labels": [

    ],
    "milestone": null,
    "commits_url": "https://api.github.com/repos/apache/curator/pulls/197/commits",
    "review_comments_url": "https://api.github.com/repos/apache/curator/pulls/197/comments",
    "review_comment_url": "https://api.github.com/repos/apache/curator/pulls/comments{/number}",
    "comments_url": "https://api.github.com/repos/apache/curator/issues/197/comments",
    "statuses_url": "https://api.github.com/repos/apache/curator/statuses/952dd6b118ce3d2505a03abe1877b8d3db24d126",
    "head": {
      "label": "Zoltan-Szekeres:CURATOR-367",
      "ref": "CURATOR-367",
      "sha": "952dd6b118ce3d2505a03abe1877b8d3db24d126",
      "user": {
        "login": "Zoltan-Szekeres",
        "id": 25250478,
        "node_id": "MDQ6VXNlcjI1MjUwNDc4",
        "avatar_url": "https://avatars1.githubusercontent.com/u/25250478?v=4",
        "gravatar_id": "",
        "url": "https://api.github.com/users/Zoltan-Szekeres",
        "html_url": "https://github.com/Zoltan-Szekeres",
        "followers_url": "https://api.github.com/users/Zoltan-Szekeres/followers",
        "following_url": "https://api.github.com/users/Zoltan-Szekeres/following{/other_user}",
        "gists_url": "https://api.github.com/users/Zoltan-Szekeres/gists{/gist_id}",
        "starred_url": "https://api.github.com/users/Zoltan-Szekeres/starred{/owner}{/repo}",
        "subscriptions_url": "https://api.github.com/users/Zoltan-Szekeres/subscriptions",
        "organizations_url": "https://api.github.com/users/Zoltan-Szekeres/orgs",
        "repos_url": "https://api.github.com/users/Zoltan-Szekeres/repos",
        "events_url": "https://api.github.com/users/Zoltan-Szekeres/events{/privacy}",
        "received_events_url": "https://api.github.com/users/Zoltan-Szekeres/received_events",
        "type": "User",
        "site_admin": false
      },
      "repo": {
        "id": 79919658,
        "node_id": "MDEwOlJlcG9zaXRvcnk3OTkxOTY1OA==",
        "name": "curator",
        "full_name": "Zoltan-Szekeres/curator",
        "private": false,
        "owner": {
          "login": "Zoltan-Szekeres",
          "id": 25250478,
          "node_id": "MDQ6VXNlcjI1MjUwNDc4",
          "avatar_url": "https://avatars1.githubusercontent.com/u/25250478?v=4",
          "gravatar_id": "",
          "url": "https://api.github.com/users/Zoltan-Szekeres",
          "html_url": "https://github.com/Zoltan-Szekeres",
          "followers_url": "https://api.github.com/users/Zoltan-Szekeres/followers",
          "following_url": "https://api.github.com/users/Zoltan-Szekeres/following{/other_user}",
          "gists_url": "https://api.github.com/users/Zoltan-Szekeres/gists{/gist_id}",
          "starred_url": "https://api.github.com/users/Zoltan-Szekeres/starred{/owner}{/repo}",
          "subscriptions_url": "https://api.github.com/users/Zoltan-Szekeres/subscriptions",
          "organizations_url": "https://api.github.com/users/Zoltan-Szekeres/orgs",
          "repos_url": "https://api.github.com/users/Zoltan-Szekeres/repos",
          "events_url": "https://api.github.com/users/Zoltan-Szekeres/events{/privacy}",
          "received_events_url": "https://api.github.com/users/Zoltan-Szekeres/received_events",
          "type": "User",
          "site_admin": false
        },
        "html_url": "https://github.com/Zoltan-Szekeres/curator",
        "description": "Mirror of Apache Curator",
        "fork": true,
        "url": "https://api.github.com/repos/Zoltan-Szekeres/curator",
        "forks_url": "https://api.github.com/repos/Zoltan-Szekeres/curator/forks",
        "keys_url": "https://api.github.com/repos/Zoltan-Szekeres/curator/keys{/key_id}",
        "collaborators_url": "https://api.github.com/repos/Zoltan-Szekeres/curator/collaborators{/collaborator}",
        "teams_url": "https://api.github.com/repos/Zoltan-Szekeres/curator/teams",
        "hooks_url": "https://api.github.com/repos/Zoltan-Szekeres/curator/hooks",
        "issue_events_url": "https://api.github.com/repos/Zoltan-Szekeres/curator/issues/events{/number}",
        "events_url": "https://api.github.com/repos/Zoltan-Szekeres/curator/events",
        "assignees_url": "https://api.github.com/repos/Zoltan-Szekeres/curator/assignees{/user}",
        "branches_url": "https://api.github.com/repos/Zoltan-Szekeres/curator/branches{/branch}",
        "tags_url": "https://api.github.com/repos/Zoltan-Szekeres/curator/tags",
        "blobs_url": "https://api.github.com/repos/Zoltan-Szekeres/curator/git/blobs{/sha}",
        "git_tags_url": "https://api.github.com/repos/Zoltan-Szekeres/curator/git/tags{/sha}",
        "git_refs_url": "https://api.github.com/repos/Zoltan-Szekeres/curator/git/refs{/sha}",
        "trees_url": "https://api.github.com/repos/Zoltan-Szekeres/curator/git/trees{/sha}",
        "statuses_url": "https://api.github.com/repos/Zoltan-Szekeres/curator/statuses/{sha}",
        "languages_url": "https://api.github.com/repos/Zoltan-Szekeres/curator/languages",
        "stargazers_url": "https://api.github.com/repos/Zoltan-Szekeres/curator/stargazers",
        "contributors_url": "https://api.github.com/repos/Zoltan-Szekeres/curator/contributors",
        "subscribers_url": "https://api.github.com/repos/Zoltan-Szekeres/curator/subscribers",
        "subscription_url": "https://api.github.com/repos/Zoltan-Szekeres/curator/subscription",
        "commits_url": "https://api.github.com/repos/Zoltan-Szekeres/curator/commits{/sha}",
        "git_commits_url": "https://api.github.com/repos/Zoltan-Szekeres/curator/git/commits{/sha}",
        "comments_url": "https://api.github.com/repos/Zoltan-Szekeres/curator/comments{/number}",
        "issue_comment_url": "https://api.github.com/repos/Zoltan-Szekeres/curator/issues/comments{/number}",
        "contents_url": "https://api.github.com/repos/Zoltan-Szekeres/curator/contents/{+path}",
        "compare_url": "https://api.github.com/repos/Zoltan-Szekeres/curator/compare/{base}...{head}",
        "merges_url": "https://api.github.com/repos/Zoltan-Szekeres/curator/merges",
        "archive_url": "https://api.github.com/repos/Zoltan-Szekeres/curator/{archive_format}{/ref}",
        "downloads_url": "https://api.github.com/repos/Zoltan-Szekeres/curator/downloads",
        "issues_url": "https://api.github.com/repos/Zoltan-Szekeres/curator/issues{/number}",
        "pulls_url": "https://api.github.com/repos/Zoltan-Szekeres/curator/pulls{/number}",
        "milestones_url": "https://api.github.com/repos/Zoltan-Szekeres/curator/milestones{/number}",
        "notifications_url": "https://api.github.com/repos/Zoltan-Szekeres/curator/notifications{?since,all,participating}",
        "labels_url": "https://api.github.com/repos/Zoltan-Szekeres/curator/labels{/name}",
        "releases_url": "https://api.github.com/repos/Zoltan-Szekeres/curator/releases{/id}",
        "deployments_url": "https://api.github.com/repos/Zoltan-Szekeres/curator/deployments",
        "created_at": "2017-01-24T14:37:00Z",
        "updated_at": "2017-01-24T14:37:05Z",
        "pushed_at": "2017-04-03T05:54:47Z",
        "git_url": "git://github.com/Zoltan-Szekeres/curator.git",
        "ssh_url": "git@github.com:Zoltan-Szekeres/curator.git",
        "clone_url": "https://github.com/Zoltan-Szekeres/curator.git",
        "svn_url": "https://github.com/Zoltan-Szekeres/curator",
        "homepage": null,
        "size": 8283,
        "stargazers_count": 0,
        "watchers_count": 0,
        "language": "Java",
        "has_issues": false,
        "has_projects": true,
        "has_downloads": true,
        "has_wiki": false,
        "has_pages": false,
        "forks_count": 0,
        "mirror_url": null,
        "archived": false,
        "disabled": false,
        "open_issues_count": 0,
        "license": {
          "key": "apache-2.0",
          "name": "Apache License 2.0",
          "spdx_id": "Apache-2.0",
          "url": "https://api.github.com/licenses/apache-2.0",
          "node_id": "MDc6TGljZW5zZTI="
        },
        "forks": 0,
        "open_issues": 0,
        "watchers": 0,
        "default_branch": "master"
      }
    },
    "base": {
      "label": "apache:master",
      "ref": "master",
      "sha": "6d8c0be868341a0885023976dbd1c9f04395d818",
      "user": {
        "login": "apache",
        "id": 47359,
        "node_id": "MDEyOk9yZ2FuaXphdGlvbjQ3MzU5",
        "avatar_url": "https://avatars0.githubusercontent.com/u/47359?v=4",
        "gravatar_id": "",
        "url": "https://api.github.com/users/apache",
        "html_url": "https://github.com/apache",
        "followers_url": "https://api.github.com/users/apache/followers",
        "following_url": "https://api.github.com/users/apache/following{/other_user}",
        "gists_url": "https://api.github.com/users/apache/gists{/gist_id}",
        "starred_url": "https://api.github.com/users/apache/starred{/owner}{/repo}",
        "subscriptions_url": "https://api.github.com/users/apache/subscriptions",
        "organizations_url": "https://api.github.com/users/apache/orgs",
        "repos_url": "https://api.github.com/users/apache/repos",
        "events_url": "https://api.github.com/users/apache/events{/privacy}",
        "received_events_url": "https://api.github.com/users/apache/received_events",
        "type": "Organization",
        "site_admin": false
      },
      "repo": {
        "id": 17359057,
        "node_id": "MDEwOlJlcG9zaXRvcnkxNzM1OTA1Nw==",
        "name": "curator",
        "full_name": "apache/curator",
        "private": false,
        "owner": {
          "login": "apache",
          "id": 47359,
          "node_id": "MDEyOk9yZ2FuaXphdGlvbjQ3MzU5",
          "avatar_url": "https://avatars0.githubusercontent.com/u/47359?v=4",
          "gravatar_id": "",
          "url": "https://api.github.com/users/apache",
          "html_url": "https://github.com/apache",
          "followers_url": "https://api.github.com/users/apache/followers",
          "following_url": "https://api.github.com/users/apache/following{/other_user}",
          "gists_url": "https://api.github.com/users/apache/gists{/gist_id}",
          "starred_url": "https://api.github.com/users/apache/starred{/owner}{/repo}",
          "subscriptions_url": "https://api.github.com/users/apache/subscriptions",
          "organizations_url": "https://api.github.com/users/apache/orgs",
          "repos_url": "https://api.github.com/users/apache/repos",
          "events_url": "https://api.github.com/users/apache/events{/privacy}",
          "received_events_url": "https://api.github.com/users/apache/received_events",
          "type": "Organization",
          "site_admin": false
        },
        "html_url": "https://github.com/apache/curator",
        "description": "Apache Curator",
        "fork": false,
        "url": "https://api.github.com/repos/apache/curator",
        "forks_url": "https://api.github.com/repos/apache/curator/forks",
        "keys_url": "https://api.github.com/repos/apache/curator/keys{/key_id}",
        "collaborators_url": "https://api.github.com/repos/apache/curator/collaborators{/collaborator}",
        "teams_url": "https://api.github.com/repos/apache/curator/teams",
        "hooks_url": "https://api.github.com/repos/apache/curator/hooks",
        "issue_events_url": "https://api.github.com/repos/apache/curator/issues/events{/number}",
        "events_url": "https://api.github.com/repos/apache/curator/events",
        "assignees_url": "https://api.github.com/repos/apache/curator/assignees{/user}",
        "branches_url": "https://api.github.com/repos/apache/curator/branches{/branch}",
        "tags_url": "https://api.github.com/repos/apache/curator/tags",
        "blobs_url": "https://api.github.com/repos/apache/curator/git/blobs{/sha}",
        "git_tags_url": "https://api.github.com/repos/apache/curator/git/tags{/sha}",
        "git_refs_url": "https://api.github.com/repos/apache/curator/git/refs{/sha}",
        "trees_url": "https://api.github.com/repos/apache/curator/git/trees{/sha}",
        "statuses_url": "https://api.github.com/repos/apache/curator/statuses/{sha}",
        "languages_url": "https://api.github.com/repos/apache/curator/languages",
        "stargazers_url": "https://api.github.com/repos/apache/curator/stargazers",
        "contributors_url": "https://api.github.com/repos/apache/curator/contributors",
        "subscribers_url": "https://api.github.com/repos/apache/curator/subscribers",
        "subscription_url": "https://api.github.com/repos/apache/curator/subscription",
        "commits_url": "https://api.github.com/repos/apache/curator/commits{/sha}",
        "git_commits_url": "https://api.github.com/repos/apache/curator/git/commits{/sha}",
        "comments_url": "https://api.github.com/repos/apache/curator/comments{/number}",
        "issue_comment_url": "https://api.github.com/repos/apache/curator/issues/comments{/number}",
        "contents_url": "https://api.github.com/repos/apache/curator/contents/{+path}",
        "compare_url": "https://api.github.com/repos/apache/curator/compare/{base}...{head}",
        "merges_url": "https://api.github.com/repos/apache/curator/merges",
        "archive_url": "https://api.github.com/repos/apache/curator/{archive_format}{/ref}",
        "downloads_url": "https://api.github.com/repos/apache/curator/downloads",
        "issues_url": "https://api.github.com/repos/apache/curator/issues{/number}",
        "pulls_url": "https://api.github.com/repos/apache/curator/pulls{/number}",
        "milestones_url": "https://api.github.com/repos/apache/curator/milestones{/number}",
        "notifications_url": "https://api.github.com/repos/apache/curator/notifications{?since,all,participating}",
        "labels_url": "https://api.github.com/repos/apache/curator/labels{/name}",
        "releases_url": "https://api.github.com/repos/apache/curator/releases{/id}",
        "deployments_url": "https://api.github.com/repos/apache/curator/deployments",
        "created_at": "2014-03-03T08:00:07Z",
        "updated_at": "2019-09-10T11:36:51Z",
        "pushed_at": "2019-09-07T06:32:54Z",
        "git_url": "git://github.com/apache/curator.git",
        "ssh_url": "git@github.com:apache/curator.git",
        "clone_url": "https://github.com/apache/curator.git",
        "svn_url": "https://github.com/apache/curator",
        "homepage": "",
        "size": 9772,
        "stargazers_count": 1778,
        "watchers_count": 1778,
        "language": "Java",
        "has_issues": false,
        "has_projects": true,
        "has_downloads": true,
        "has_wiki": false,
        "has_pages": false,
        "forks_count": 803,
        "mirror_url": null,
        "archived": false,
        "disabled": false,
        "open_issues_count": 38,
        "license": {
          "key": "apache-2.0",
          "name": "Apache License 2.0",
          "spdx_id": "Apache-2.0",
          "url": "https://api.github.com/licenses/apache-2.0",
          "node_id": "MDc6TGljZW5zZTI="
        },
        "forks": 803,
        "open_issues": 38,
        "watchers": 1778,
        "default_branch": "master"
      }
    },
    "_links": {
      "self": {
        "href": "https://api.github.com/repos/apache/curator/pulls/197"
      },
      "html": {
        "href": "https://github.com/apache/curator/pull/197"
      },
      "issue": {
        "href": "https://api.github.com/repos/apache/curator/issues/197"
      },
      "comments": {
        "href": "https://api.github.com/repos/apache/curator/issues/197/comments"
      },
      "review_comments": {
        "href": "https://api.github.com/repos/apache/curator/pulls/197/comments"
      },
      "review_comment": {
        "href": "https://api.github.com/repos/apache/curator/pulls/comments{/number}"
      },
      "commits": {
        "href": "https://api.github.com/repos/apache/curator/pulls/197/commits"
      },
      "statuses": {
        "href": "https://api.github.com/repos/apache/curator/statuses/952dd6b118ce3d2505a03abe1877b8d3db24d126"
      }
    },
    "author_association": "CONTRIBUTOR"
  }
]
