[
  {
    "url": "https://api.github.com/repos/basho/riak_kv/pulls/462",
    "id": 3591484,
    "node_id": "MDExOlB1bGxSZXF1ZXN0MzU5MTQ4NA==",
    "html_url": "https://github.com/basho/riak_kv/pull/462",
    "diff_url": "https://github.com/basho/riak_kv/pull/462.diff",
    "patch_url": "https://github.com/basho/riak_kv/pull/462.patch",
    "issue_url": "https://api.github.com/repos/basho/riak_kv/issues/462",
    "number": 462,
    "state": "closed",
    "locked": false,
    "title": "Expose FSM timeouts via the HTTP API",
    "user": {
      "login": "evanmcc",
      "id": 38956,
      "node_id": "MDQ6VXNlcjM4OTU2",
      "avatar_url": "https://avatars2.githubusercontent.com/u/38956?v=4",
      "gravatar_id": "",
      "url": "https://api.github.com/users/evanmcc",
      "html_url": "https://github.com/evanmcc",
      "followers_url": "https://api.github.com/users/evanmcc/followers",
      "following_url": "https://api.github.com/users/evanmcc/following{/other_user}",
      "gists_url": "https://api.github.com/users/evanmcc/gists{/gist_id}",
      "starred_url": "https://api.github.com/users/evanmcc/starred{/owner}{/repo}",
      "subscriptions_url": "https://api.github.com/users/evanmcc/subscriptions",
      "organizations_url": "https://api.github.com/users/evanmcc/orgs",
      "repos_url": "https://api.github.com/users/evanmcc/repos",
      "events_url": "https://api.github.com/users/evanmcc/events{/privacy}",
      "received_events_url": "https://api.github.com/users/evanmcc/received_events",
      "type": "User",
      "site_admin": false
    },
    "body": "adding the header 'X-Riak-Timeout=<some_int_in_ms>' will now cause the request to return a timeout error if it takes longer than the specified time interval.  This works for DELETEs, PUTs, and GETs, but in the case of a PUT or a get, a timeout failure does not guarantee anything about the state of the cluster when it happens.  The PUT or DELETE may or may not have succeeded; the correct course of action after the timeout is to retry the same action until a 200 is received.\n",
    "created_at": "2013-01-08T20:07:19Z",
    "updated_at": "2015-04-01T23:28:38Z",
    "closed_at": "2013-02-05T22:46:12Z",
    "merged_at": "2013-02-05T22:46:12Z",
    "merge_commit_sha": "8a00b5a20e15906e10e6c204e9884ee0dd6a8ad7",
    "assignee": {
      "login": "chardan",
      "id": 1643380,
      "node_id": "MDQ6VXNlcjE2NDMzODA=",
      "avatar_url": "https://avatars3.githubusercontent.com/u/1643380?v=4",
      "gravatar_id": "",
      "url": "https://api.github.com/users/chardan",
      "html_url": "https://github.com/chardan",
      "followers_url": "https://api.github.com/users/chardan/followers",
      "following_url": "https://api.github.com/users/chardan/following{/other_user}",
      "gists_url": "https://api.github.com/users/chardan/gists{/gist_id}",
      "starred_url": "https://api.github.com/users/chardan/starred{/owner}{/repo}",
      "subscriptions_url": "https://api.github.com/users/chardan/subscriptions",
      "organizations_url": "https://api.github.com/users/chardan/orgs",
      "repos_url": "https://api.github.com/users/chardan/repos",
      "events_url": "https://api.github.com/users/chardan/events{/privacy}",
      "received_events_url": "https://api.github.com/users/chardan/received_events",
      "type": "User",
      "site_admin": false
    },
    "assignees": [
      {
        "login": "chardan",
        "id": 1643380,
        "node_id": "MDQ6VXNlcjE2NDMzODA=",
        "avatar_url": "https://avatars3.githubusercontent.com/u/1643380?v=4",
        "gravatar_id": "",
        "url": "https://api.github.com/users/chardan",
        "html_url": "https://github.com/chardan",
        "followers_url": "https://api.github.com/users/chardan/followers",
        "following_url": "https://api.github.com/users/chardan/following{/other_user}",
        "gists_url": "https://api.github.com/users/chardan/gists{/gist_id}",
        "starred_url": "https://api.github.com/users/chardan/starred{/owner}{/repo}",
        "subscriptions_url": "https://api.github.com/users/chardan/subscriptions",
        "organizations_url": "https://api.github.com/users/chardan/orgs",
        "repos_url": "https://api.github.com/users/chardan/repos",
        "events_url": "https://api.github.com/users/chardan/events{/privacy}",
        "received_events_url": "https://api.github.com/users/chardan/received_events",
        "type": "User",
        "site_admin": false
      }
    ],
    "requested_reviewers": [

    ],
    "requested_teams": [

    ],
    "labels": [
      {
        "id": 990275,
        "node_id": "MDU6TGFiZWw5OTAyNzU=",
        "url": "https://api.github.com/repos/basho/riak_kv/labels/Kanban-Backlog",
        "name": "Kanban-Backlog",
        "color": "FFFFFF",
        "default": false
      }
    ],
    "milestone": null,
    "commits_url": "https://api.github.com/repos/basho/riak_kv/pulls/462/commits",
    "review_comments_url": "https://api.github.com/repos/basho/riak_kv/pulls/462/comments",
    "review_comment_url": "https://api.github.com/repos/basho/riak_kv/pulls/comments{/number}",
    "comments_url": "https://api.github.com/repos/basho/riak_kv/issues/462/comments",
    "statuses_url": "https://api.github.com/repos/basho/riak_kv/statuses/475fb3f08efb0aa6928b41771731abfed9399bc3",
    "head": {
      "label": "basho:pevm-expose-timeouts",
      "ref": "pevm-expose-timeouts",
      "sha": "475fb3f08efb0aa6928b41771731abfed9399bc3",
      "user": {
        "login": "basho",
        "id": 176293,
        "node_id": "MDEyOk9yZ2FuaXphdGlvbjE3NjI5Mw==",
        "avatar_url": "https://avatars2.githubusercontent.com/u/176293?v=4",
        "gravatar_id": "",
        "url": "https://api.github.com/users/basho",
        "html_url": "https://github.com/basho",
        "followers_url": "https://api.github.com/users/basho/followers",
        "following_url": "https://api.github.com/users/basho/following{/other_user}",
        "gists_url": "https://api.github.com/users/basho/gists{/gist_id}",
        "starred_url": "https://api.github.com/users/basho/starred{/owner}{/repo}",
        "subscriptions_url": "https://api.github.com/users/basho/subscriptions",
        "organizations_url": "https://api.github.com/users/basho/orgs",
        "repos_url": "https://api.github.com/users/basho/repos",
        "events_url": "https://api.github.com/users/basho/events{/privacy}",
        "received_events_url": "https://api.github.com/users/basho/received_events",
        "type": "Organization",
        "site_admin": false
      },
      "repo": {
        "id": 791522,
        "node_id": "MDEwOlJlcG9zaXRvcnk3OTE1MjI=",
        "name": "riak_kv",
        "full_name": "basho/riak_kv",
        "private": false,
        "owner": {
          "login": "basho",
          "id": 176293,
          "node_id": "MDEyOk9yZ2FuaXphdGlvbjE3NjI5Mw==",
          "avatar_url": "https://avatars2.githubusercontent.com/u/176293?v=4",
          "gravatar_id": "",
          "url": "https://api.github.com/users/basho",
          "html_url": "https://github.com/basho",
          "followers_url": "https://api.github.com/users/basho/followers",
          "following_url": "https://api.github.com/users/basho/following{/other_user}",
          "gists_url": "https://api.github.com/users/basho/gists{/gist_id}",
          "starred_url": "https://api.github.com/users/basho/starred{/owner}{/repo}",
          "subscriptions_url": "https://api.github.com/users/basho/subscriptions",
          "organizations_url": "https://api.github.com/users/basho/orgs",
          "repos_url": "https://api.github.com/users/basho/repos",
          "events_url": "https://api.github.com/users/basho/events{/privacy}",
          "received_events_url": "https://api.github.com/users/basho/received_events",
          "type": "Organization",
          "site_admin": false
        },
        "html_url": "https://github.com/basho/riak_kv",
        "description": "Riak Key/Value Store",
        "fork": false,
        "url": "https://api.github.com/repos/basho/riak_kv",
        "forks_url": "https://api.github.com/repos/basho/riak_kv/forks",
        "keys_url": "https://api.github.com/repos/basho/riak_kv/keys{/key_id}",
        "collaborators_url": "https://api.github.com/repos/basho/riak_kv/collaborators{/collaborator}",
        "teams_url": "https://api.github.com/repos/basho/riak_kv/teams",
        "hooks_url": "https://api.github.com/repos/basho/riak_kv/hooks",
        "issue_events_url": "https://api.github.com/repos/basho/riak_kv/issues/events{/number}",
        "events_url": "https://api.github.com/repos/basho/riak_kv/events",
        "assignees_url": "https://api.github.com/repos/basho/riak_kv/assignees{/user}",
        "branches_url": "https://api.github.com/repos/basho/riak_kv/branches{/branch}",
        "tags_url": "https://api.github.com/repos/basho/riak_kv/tags",
        "blobs_url": "https://api.github.com/repos/basho/riak_kv/git/blobs{/sha}",
        "git_tags_url": "https://api.github.com/repos/basho/riak_kv/git/tags{/sha}",
        "git_refs_url": "https://api.github.com/repos/basho/riak_kv/git/refs{/sha}",
        "trees_url": "https://api.github.com/repos/basho/riak_kv/git/trees{/sha}",
        "statuses_url": "https://api.github.com/repos/basho/riak_kv/statuses/{sha}",
        "languages_url": "https://api.github.com/repos/basho/riak_kv/languages",
        "stargazers_url": "https://api.github.com/repos/basho/riak_kv/stargazers",
        "contributors_url": "https://api.github.com/repos/basho/riak_kv/contributors",
        "subscribers_url": "https://api.github.com/repos/basho/riak_kv/subscribers",
        "subscription_url": "https://api.github.com/repos/basho/riak_kv/subscription",
        "commits_url": "https://api.github.com/repos/basho/riak_kv/commits{/sha}",
        "git_commits_url": "https://api.github.com/repos/basho/riak_kv/git/commits{/sha}",
        "comments_url": "https://api.github.com/repos/basho/riak_kv/comments{/number}",
        "issue_comment_url": "https://api.github.com/repos/basho/riak_kv/issues/comments{/number}",
        "contents_url": "https://api.github.com/repos/basho/riak_kv/contents/{+path}",
        "compare_url": "https://api.github.com/repos/basho/riak_kv/compare/{base}...{head}",
        "merges_url": "https://api.github.com/repos/basho/riak_kv/merges",
        "archive_url": "https://api.github.com/repos/basho/riak_kv/{archive_format}{/ref}",
        "downloads_url": "https://api.github.com/repos/basho/riak_kv/downloads",
        "issues_url": "https://api.github.com/repos/basho/riak_kv/issues{/number}",
        "pulls_url": "https://api.github.com/repos/basho/riak_kv/pulls{/number}",
        "milestones_url": "https://api.github.com/repos/basho/riak_kv/milestones{/number}",
        "notifications_url": "https://api.github.com/repos/basho/riak_kv/notifications{?since,all,participating}",
        "labels_url": "https://api.github.com/repos/basho/riak_kv/labels{/name}",
        "releases_url": "https://api.github.com/repos/basho/riak_kv/releases{/id}",
        "deployments_url": "https://api.github.com/repos/basho/riak_kv/deployments",
        "created_at": "2010-07-22T17:27:35Z",
        "updated_at": "2019-09-06T02:12:23Z",
        "pushed_at": "2019-09-06T16:33:35Z",
        "git_url": "git://github.com/basho/riak_kv.git",
        "ssh_url": "git@github.com:basho/riak_kv.git",
        "clone_url": "https://github.com/basho/riak_kv.git",
        "svn_url": "https://github.com/basho/riak_kv",
        "homepage": "",
        "size": 14319,
        "stargazers_count": 461,
        "watchers_count": 461,
        "language": "Erlang",
        "has_issues": true,
        "has_projects": true,
        "has_downloads": true,
        "has_wiki": true,
        "has_pages": false,
        "forks_count": 208,
        "mirror_url": null,
        "archived": false,
        "disabled": false,
        "open_issues_count": 153,
        "license": null,
        "forks": 208,
        "open_issues": 153,
        "watchers": 461,
        "default_branch": "develop-3.0"
      }
    },
    "base": {
      "label": "basho:master",
      "ref": "master",
      "sha": "7bc8439f6b0c8f538f4af2dd6c7e0c2263ce4609",
      "user": {
        "login": "basho",
        "id": 176293,
        "node_id": "MDEyOk9yZ2FuaXphdGlvbjE3NjI5Mw==",
        "avatar_url": "https://avatars2.githubusercontent.com/u/176293?v=4",
        "gravatar_id": "",
        "url": "https://api.github.com/users/basho",
        "html_url": "https://github.com/basho",
        "followers_url": "https://api.github.com/users/basho/followers",
        "following_url": "https://api.github.com/users/basho/following{/other_user}",
        "gists_url": "https://api.github.com/users/basho/gists{/gist_id}",
        "starred_url": "https://api.github.com/users/basho/starred{/owner}{/repo}",
        "subscriptions_url": "https://api.github.com/users/basho/subscriptions",
        "organizations_url": "https://api.github.com/users/basho/orgs",
        "repos_url": "https://api.github.com/users/basho/repos",
        "events_url": "https://api.github.com/users/basho/events{/privacy}",
        "received_events_url": "https://api.github.com/users/basho/received_events",
        "type": "Organization",
        "site_admin": false
      },
      "repo": {
        "id": 791522,
        "node_id": "MDEwOlJlcG9zaXRvcnk3OTE1MjI=",
        "name": "riak_kv",
        "full_name": "basho/riak_kv",
        "private": false,
        "owner": {
          "login": "basho",
          "id": 176293,
          "node_id": "MDEyOk9yZ2FuaXphdGlvbjE3NjI5Mw==",
          "avatar_url": "https://avatars2.githubusercontent.com/u/176293?v=4",
          "gravatar_id": "",
          "url": "https://api.github.com/users/basho",
          "html_url": "https://github.com/basho",
          "followers_url": "https://api.github.com/users/basho/followers",
          "following_url": "https://api.github.com/users/basho/following{/other_user}",
          "gists_url": "https://api.github.com/users/basho/gists{/gist_id}",
          "starred_url": "https://api.github.com/users/basho/starred{/owner}{/repo}",
          "subscriptions_url": "https://api.github.com/users/basho/subscriptions",
          "organizations_url": "https://api.github.com/users/basho/orgs",
          "repos_url": "https://api.github.com/users/basho/repos",
          "events_url": "https://api.github.com/users/basho/events{/privacy}",
          "received_events_url": "https://api.github.com/users/basho/received_events",
          "type": "Organization",
          "site_admin": false
        },
        "html_url": "https://github.com/basho/riak_kv",
        "description": "Riak Key/Value Store",
        "fork": false,
        "url": "https://api.github.com/repos/basho/riak_kv",
        "forks_url": "https://api.github.com/repos/basho/riak_kv/forks",
        "keys_url": "https://api.github.com/repos/basho/riak_kv/keys{/key_id}",
        "collaborators_url": "https://api.github.com/repos/basho/riak_kv/collaborators{/collaborator}",
        "teams_url": "https://api.github.com/repos/basho/riak_kv/teams",
        "hooks_url": "https://api.github.com/repos/basho/riak_kv/hooks",
        "issue_events_url": "https://api.github.com/repos/basho/riak_kv/issues/events{/number}",
        "events_url": "https://api.github.com/repos/basho/riak_kv/events",
        "assignees_url": "https://api.github.com/repos/basho/riak_kv/assignees{/user}",
        "branches_url": "https://api.github.com/repos/basho/riak_kv/branches{/branch}",
        "tags_url": "https://api.github.com/repos/basho/riak_kv/tags",
        "blobs_url": "https://api.github.com/repos/basho/riak_kv/git/blobs{/sha}",
        "git_tags_url": "https://api.github.com/repos/basho/riak_kv/git/tags{/sha}",
        "git_refs_url": "https://api.github.com/repos/basho/riak_kv/git/refs{/sha}",
        "trees_url": "https://api.github.com/repos/basho/riak_kv/git/trees{/sha}",
        "statuses_url": "https://api.github.com/repos/basho/riak_kv/statuses/{sha}",
        "languages_url": "https://api.github.com/repos/basho/riak_kv/languages",
        "stargazers_url": "https://api.github.com/repos/basho/riak_kv/stargazers",
        "contributors_url": "https://api.github.com/repos/basho/riak_kv/contributors",
        "subscribers_url": "https://api.github.com/repos/basho/riak_kv/subscribers",
        "subscription_url": "https://api.github.com/repos/basho/riak_kv/subscription",
        "commits_url": "https://api.github.com/repos/basho/riak_kv/commits{/sha}",
        "git_commits_url": "https://api.github.com/repos/basho/riak_kv/git/commits{/sha}",
        "comments_url": "https://api.github.com/repos/basho/riak_kv/comments{/number}",
        "issue_comment_url": "https://api.github.com/repos/basho/riak_kv/issues/comments{/number}",
        "contents_url": "https://api.github.com/repos/basho/riak_kv/contents/{+path}",
        "compare_url": "https://api.github.com/repos/basho/riak_kv/compare/{base}...{head}",
        "merges_url": "https://api.github.com/repos/basho/riak_kv/merges",
        "archive_url": "https://api.github.com/repos/basho/riak_kv/{archive_format}{/ref}",
        "downloads_url": "https://api.github.com/repos/basho/riak_kv/downloads",
        "issues_url": "https://api.github.com/repos/basho/riak_kv/issues{/number}",
        "pulls_url": "https://api.github.com/repos/basho/riak_kv/pulls{/number}",
        "milestones_url": "https://api.github.com/repos/basho/riak_kv/milestones{/number}",
        "notifications_url": "https://api.github.com/repos/basho/riak_kv/notifications{?since,all,participating}",
        "labels_url": "https://api.github.com/repos/basho/riak_kv/labels{/name}",
        "releases_url": "https://api.github.com/repos/basho/riak_kv/releases{/id}",
        "deployments_url": "https://api.github.com/repos/basho/riak_kv/deployments",
        "created_at": "2010-07-22T17:27:35Z",
        "updated_at": "2019-09-06T02:12:23Z",
        "pushed_at": "2019-09-06T16:33:35Z",
        "git_url": "git://github.com/basho/riak_kv.git",
        "ssh_url": "git@github.com:basho/riak_kv.git",
        "clone_url": "https://github.com/basho/riak_kv.git",
        "svn_url": "https://github.com/basho/riak_kv",
        "homepage": "",
        "size": 14319,
        "stargazers_count": 461,
        "watchers_count": 461,
        "language": "Erlang",
        "has_issues": true,
        "has_projects": true,
        "has_downloads": true,
        "has_wiki": true,
        "has_pages": false,
        "forks_count": 208,
        "mirror_url": null,
        "archived": false,
        "disabled": false,
        "open_issues_count": 153,
        "license": null,
        "forks": 208,
        "open_issues": 153,
        "watchers": 461,
        "default_branch": "develop-3.0"
      }
    },
    "_links": {
      "self": {
        "href": "https://api.github.com/repos/basho/riak_kv/pulls/462"
      },
      "html": {
        "href": "https://github.com/basho/riak_kv/pull/462"
      },
      "issue": {
        "href": "https://api.github.com/repos/basho/riak_kv/issues/462"
      },
      "comments": {
        "href": "https://api.github.com/repos/basho/riak_kv/issues/462/comments"
      },
      "review_comments": {
        "href": "https://api.github.com/repos/basho/riak_kv/pulls/462/comments"
      },
      "review_comment": {
        "href": "https://api.github.com/repos/basho/riak_kv/pulls/comments{/number}"
      },
      "commits": {
        "href": "https://api.github.com/repos/basho/riak_kv/pulls/462/commits"
      },
      "statuses": {
        "href": "https://api.github.com/repos/basho/riak_kv/statuses/475fb3f08efb0aa6928b41771731abfed9399bc3"
      }
    },
    "author_association": "CONTRIBUTOR"
  }
]
