[
  {
    "url": "https://api.github.com/repos/apache/camel/pulls/275",
    "id": 21631436,
    "node_id": "MDExOlB1bGxSZXF1ZXN0MjE2MzE0MzY=",
    "html_url": "https://github.com/apache/camel/pull/275",
    "diff_url": "https://github.com/apache/camel/pull/275.diff",
    "patch_url": "https://github.com/apache/camel/pull/275.patch",
    "issue_url": "https://api.github.com/repos/apache/camel/issues/275",
    "number": 275,
    "state": "closed",
    "locked": false,
    "title": "Fix logger initialization in QuartzHelper to the right class",
    "user": {
      "login": "sryll",
      "id": 1902143,
      "node_id": "MDQ6VXNlcjE5MDIxNDM=",
      "avatar_url": "https://avatars2.githubusercontent.com/u/1902143?v=4",
      "gravatar_id": "",
      "url": "https://api.github.com/users/sryll",
      "html_url": "https://github.com/sryll",
      "followers_url": "https://api.github.com/users/sryll/followers",
      "following_url": "https://api.github.com/users/sryll/following{/other_user}",
      "gists_url": "https://api.github.com/users/sryll/gists{/gist_id}",
      "starred_url": "https://api.github.com/users/sryll/starred{/owner}{/repo}",
      "subscriptions_url": "https://api.github.com/users/sryll/subscriptions",
      "organizations_url": "https://api.github.com/users/sryll/orgs",
      "repos_url": "https://api.github.com/users/sryll/repos",
      "events_url": "https://api.github.com/users/sryll/events{/privacy}",
      "received_events_url": "https://api.github.com/users/sryll/received_events",
      "type": "User",
      "site_admin": false
    },
    "body": "In order to avoid misleading logentries, the logger initialization was fixed. Also added some javadoc.\n",
    "created_at": "2014-09-23T08:45:08Z",
    "updated_at": "2014-09-23T22:29:19Z",
    "closed_at": "2014-09-23T08:51:15Z",
    "merged_at": "2014-09-23T08:51:15Z",
    "merge_commit_sha": "32b16c43507ecb066845154c842599ebbdd68020",
    "assignee": null,
    "assignees": [

    ],
    "requested_reviewers": [

    ],
    "requested_teams": [

    ],
    "labels": [

    ],
    "milestone": null,
    "commits_url": "https://api.github.com/repos/apache/camel/pulls/275/commits",
    "review_comments_url": "https://api.github.com/repos/apache/camel/pulls/275/comments",
    "review_comment_url": "https://api.github.com/repos/apache/camel/pulls/comments{/number}",
    "comments_url": "https://api.github.com/repos/apache/camel/issues/275/comments",
    "statuses_url": "https://api.github.com/repos/apache/camel/statuses/bc42c31387e272b70f2418debbb1601519b44d0f",
    "head": {
      "label": "sryll:fix-logger-in-QuartzHelper",
      "ref": "fix-logger-in-QuartzHelper",
      "sha": "bc42c31387e272b70f2418debbb1601519b44d0f",
      "user": {
        "login": "sryll",
        "id": 1902143,
        "node_id": "MDQ6VXNlcjE5MDIxNDM=",
        "avatar_url": "https://avatars2.githubusercontent.com/u/1902143?v=4",
        "gravatar_id": "",
        "url": "https://api.github.com/users/sryll",
        "html_url": "https://github.com/sryll",
        "followers_url": "https://api.github.com/users/sryll/followers",
        "following_url": "https://api.github.com/users/sryll/following{/other_user}",
        "gists_url": "https://api.github.com/users/sryll/gists{/gist_id}",
        "starred_url": "https://api.github.com/users/sryll/starred{/owner}{/repo}",
        "subscriptions_url": "https://api.github.com/users/sryll/subscriptions",
        "organizations_url": "https://api.github.com/users/sryll/orgs",
        "repos_url": "https://api.github.com/users/sryll/repos",
        "events_url": "https://api.github.com/users/sryll/events{/privacy}",
        "received_events_url": "https://api.github.com/users/sryll/received_events",
        "type": "User",
        "site_admin": false
      },
      "repo": {
        "id": 23968649,
        "node_id": "MDEwOlJlcG9zaXRvcnkyMzk2ODY0OQ==",
        "name": "camel",
        "full_name": "sryll/camel",
        "private": false,
        "owner": {
          "login": "sryll",
          "id": 1902143,
          "node_id": "MDQ6VXNlcjE5MDIxNDM=",
          "avatar_url": "https://avatars2.githubusercontent.com/u/1902143?v=4",
          "gravatar_id": "",
          "url": "https://api.github.com/users/sryll",
          "html_url": "https://github.com/sryll",
          "followers_url": "https://api.github.com/users/sryll/followers",
          "following_url": "https://api.github.com/users/sryll/following{/other_user}",
          "gists_url": "https://api.github.com/users/sryll/gists{/gist_id}",
          "starred_url": "https://api.github.com/users/sryll/starred{/owner}{/repo}",
          "subscriptions_url": "https://api.github.com/users/sryll/subscriptions",
          "organizations_url": "https://api.github.com/users/sryll/orgs",
          "repos_url": "https://api.github.com/users/sryll/repos",
          "events_url": "https://api.github.com/users/sryll/events{/privacy}",
          "received_events_url": "https://api.github.com/users/sryll/received_events",
          "type": "User",
          "site_admin": false
        },
        "html_url": "https://github.com/sryll/camel",
        "description": "Mirror of Apache Camel",
        "fork": true,
        "url": "https://api.github.com/repos/sryll/camel",
        "forks_url": "https://api.github.com/repos/sryll/camel/forks",
        "keys_url": "https://api.github.com/repos/sryll/camel/keys{/key_id}",
        "collaborators_url": "https://api.github.com/repos/sryll/camel/collaborators{/collaborator}",
        "teams_url": "https://api.github.com/repos/sryll/camel/teams",
        "hooks_url": "https://api.github.com/repos/sryll/camel/hooks",
        "issue_events_url": "https://api.github.com/repos/sryll/camel/issues/events{/number}",
        "events_url": "https://api.github.com/repos/sryll/camel/events",
        "assignees_url": "https://api.github.com/repos/sryll/camel/assignees{/user}",
        "branches_url": "https://api.github.com/repos/sryll/camel/branches{/branch}",
        "tags_url": "https://api.github.com/repos/sryll/camel/tags",
        "blobs_url": "https://api.github.com/repos/sryll/camel/git/blobs{/sha}",
        "git_tags_url": "https://api.github.com/repos/sryll/camel/git/tags{/sha}",
        "git_refs_url": "https://api.github.com/repos/sryll/camel/git/refs{/sha}",
        "trees_url": "https://api.github.com/repos/sryll/camel/git/trees{/sha}",
        "statuses_url": "https://api.github.com/repos/sryll/camel/statuses/{sha}",
        "languages_url": "https://api.github.com/repos/sryll/camel/languages",
        "stargazers_url": "https://api.github.com/repos/sryll/camel/stargazers",
        "contributors_url": "https://api.github.com/repos/sryll/camel/contributors",
        "subscribers_url": "https://api.github.com/repos/sryll/camel/subscribers",
        "subscription_url": "https://api.github.com/repos/sryll/camel/subscription",
        "commits_url": "https://api.github.com/repos/sryll/camel/commits{/sha}",
        "git_commits_url": "https://api.github.com/repos/sryll/camel/git/commits{/sha}",
        "comments_url": "https://api.github.com/repos/sryll/camel/comments{/number}",
        "issue_comment_url": "https://api.github.com/repos/sryll/camel/issues/comments{/number}",
        "contents_url": "https://api.github.com/repos/sryll/camel/contents/{+path}",
        "compare_url": "https://api.github.com/repos/sryll/camel/compare/{base}...{head}",
        "merges_url": "https://api.github.com/repos/sryll/camel/merges",
        "archive_url": "https://api.github.com/repos/sryll/camel/{archive_format}{/ref}",
        "downloads_url": "https://api.github.com/repos/sryll/camel/downloads",
        "issues_url": "https://api.github.com/repos/sryll/camel/issues{/number}",
        "pulls_url": "https://api.github.com/repos/sryll/camel/pulls{/number}",
        "milestones_url": "https://api.github.com/repos/sryll/camel/milestones{/number}",
        "notifications_url": "https://api.github.com/repos/sryll/camel/notifications{?since,all,participating}",
        "labels_url": "https://api.github.com/repos/sryll/camel/labels{/name}",
        "releases_url": "https://api.github.com/repos/sryll/camel/releases{/id}",
        "deployments_url": "https://api.github.com/repos/sryll/camel/deployments",
        "created_at": "2014-09-12T16:46:38Z",
        "updated_at": "2015-04-28T21:04:48Z",
        "pushed_at": "2015-04-28T21:04:11Z",
        "git_url": "git://github.com/sryll/camel.git",
        "ssh_url": "git@github.com:sryll/camel.git",
        "clone_url": "https://github.com/sryll/camel.git",
        "svn_url": "https://github.com/sryll/camel",
        "homepage": null,
        "size": 106293,
        "stargazers_count": 0,
        "watchers_count": 0,
        "language": "Java",
        "has_issues": false,
        "has_projects": true,
        "has_downloads": true,
        "has_wiki": false,
        "has_pages": false,
        "forks_count": 0,
        "mirror_url": null,
        "archived": false,
        "disabled": false,
        "open_issues_count": 0,
        "license": {
          "key": "apache-2.0",
          "name": "Apache License 2.0",
          "spdx_id": "Apache-2.0",
          "url": "https://api.github.com/licenses/apache-2.0",
          "node_id": "MDc6TGljZW5zZTI="
        },
        "forks": 0,
        "open_issues": 0,
        "watchers": 0,
        "default_branch": "master"
      }
    },
    "base": {
      "label": "apache:master",
      "ref": "master",
      "sha": "973b8b3f76178cf9e7ad4c3f5fb17c9fd9145880",
      "user": {
        "login": "apache",
        "id": 47359,
        "node_id": "MDEyOk9yZ2FuaXphdGlvbjQ3MzU5",
        "avatar_url": "https://avatars0.githubusercontent.com/u/47359?v=4",
        "gravatar_id": "",
        "url": "https://api.github.com/users/apache",
        "html_url": "https://github.com/apache",
        "followers_url": "https://api.github.com/users/apache/followers",
        "following_url": "https://api.github.com/users/apache/following{/other_user}",
        "gists_url": "https://api.github.com/users/apache/gists{/gist_id}",
        "starred_url": "https://api.github.com/users/apache/starred{/owner}{/repo}",
        "subscriptions_url": "https://api.github.com/users/apache/subscriptions",
        "organizations_url": "https://api.github.com/users/apache/orgs",
        "repos_url": "https://api.github.com/users/apache/repos",
        "events_url": "https://api.github.com/users/apache/events{/privacy}",
        "received_events_url": "https://api.github.com/users/apache/received_events",
        "type": "Organization",
        "site_admin": false
      },
      "repo": {
        "id": 206317,
        "node_id": "MDEwOlJlcG9zaXRvcnkyMDYzMTc=",
        "name": "camel",
        "full_name": "apache/camel",
        "private": false,
        "owner": {
          "login": "apache",
          "id": 47359,
          "node_id": "MDEyOk9yZ2FuaXphdGlvbjQ3MzU5",
          "avatar_url": "https://avatars0.githubusercontent.com/u/47359?v=4",
          "gravatar_id": "",
          "url": "https://api.github.com/users/apache",
          "html_url": "https://github.com/apache",
          "followers_url": "https://api.github.com/users/apache/followers",
          "following_url": "https://api.github.com/users/apache/following{/other_user}",
          "gists_url": "https://api.github.com/users/apache/gists{/gist_id}",
          "starred_url": "https://api.github.com/users/apache/starred{/owner}{/repo}",
          "subscriptions_url": "https://api.github.com/users/apache/subscriptions",
          "organizations_url": "https://api.github.com/users/apache/orgs",
          "repos_url": "https://api.github.com/users/apache/repos",
          "events_url": "https://api.github.com/users/apache/events{/privacy}",
          "received_events_url": "https://api.github.com/users/apache/received_events",
          "type": "Organization",
          "site_admin": false
        },
        "html_url": "https://github.com/apache/camel",
        "description": "Apache Camel",
        "fork": false,
        "url": "https://api.github.com/repos/apache/camel",
        "forks_url": "https://api.github.com/repos/apache/camel/forks",
        "keys_url": "https://api.github.com/repos/apache/camel/keys{/key_id}",
        "collaborators_url": "https://api.github.com/repos/apache/camel/collaborators{/collaborator}",
        "teams_url": "https://api.github.com/repos/apache/camel/teams",
        "hooks_url": "https://api.github.com/repos/apache/camel/hooks",
        "issue_events_url": "https://api.github.com/repos/apache/camel/issues/events{/number}",
        "events_url": "https://api.github.com/repos/apache/camel/events",
        "assignees_url": "https://api.github.com/repos/apache/camel/assignees{/user}",
        "branches_url": "https://api.github.com/repos/apache/camel/branches{/branch}",
        "tags_url": "https://api.github.com/repos/apache/camel/tags",
        "blobs_url": "https://api.github.com/repos/apache/camel/git/blobs{/sha}",
        "git_tags_url": "https://api.github.com/repos/apache/camel/git/tags{/sha}",
        "git_refs_url": "https://api.github.com/repos/apache/camel/git/refs{/sha}",
        "trees_url": "https://api.github.com/repos/apache/camel/git/trees{/sha}",
        "statuses_url": "https://api.github.com/repos/apache/camel/statuses/{sha}",
        "languages_url": "https://api.github.com/repos/apache/camel/languages",
        "stargazers_url": "https://api.github.com/repos/apache/camel/stargazers",
        "contributors_url": "https://api.github.com/repos/apache/camel/contributors",
        "subscribers_url": "https://api.github.com/repos/apache/camel/subscribers",
        "subscription_url": "https://api.github.com/repos/apache/camel/subscription",
        "commits_url": "https://api.github.com/repos/apache/camel/commits{/sha}",
        "git_commits_url": "https://api.github.com/repos/apache/camel/git/commits{/sha}",
        "comments_url": "https://api.github.com/repos/apache/camel/comments{/number}",
        "issue_comment_url": "https://api.github.com/repos/apache/camel/issues/comments{/number}",
        "contents_url": "https://api.github.com/repos/apache/camel/contents/{+path}",
        "compare_url": "https://api.github.com/repos/apache/camel/compare/{base}...{head}",
        "merges_url": "https://api.github.com/repos/apache/camel/merges",
        "archive_url": "https://api.github.com/repos/apache/camel/{archive_format}{/ref}",
        "downloads_url": "https://api.github.com/repos/apache/camel/downloads",
        "issues_url": "https://api.github.com/repos/apache/camel/issues{/number}",
        "pulls_url": "https://api.github.com/repos/apache/camel/pulls{/number}",
        "milestones_url": "https://api.github.com/repos/apache/camel/milestones{/number}",
        "notifications_url": "https://api.github.com/repos/apache/camel/notifications{?since,all,participating}",
        "labels_url": "https://api.github.com/repos/apache/camel/labels{/name}",
        "releases_url": "https://api.github.com/repos/apache/camel/releases{/id}",
        "deployments_url": "https://api.github.com/repos/apache/camel/deployments",
        "created_at": "2009-05-21T00:25:36Z",
        "updated_at": "2019-09-10T21:31:37Z",
        "pushed_at": "2019-09-10T21:31:34Z",
        "git_url": "git://github.com/apache/camel.git",
        "ssh_url": "git@github.com:apache/camel.git",
        "clone_url": "https://github.com/apache/camel.git",
        "svn_url": "https://github.com/apache/camel",
        "homepage": "https://camel.apache.org/",
        "size": 300643,
        "stargazers_count": 2837,
        "watchers_count": 2837,
        "language": "Java",
        "has_issues": false,
        "has_projects": true,
        "has_downloads": true,
        "has_wiki": false,
        "has_pages": false,
        "forks_count": 3663,
        "mirror_url": null,
        "archived": false,
        "disabled": false,
        "open_issues_count": 2,
        "license": {
          "key": "apache-2.0",
          "name": "Apache License 2.0",
          "spdx_id": "Apache-2.0",
          "url": "https://api.github.com/licenses/apache-2.0",
          "node_id": "MDc6TGljZW5zZTI="
        },
        "forks": 3663,
        "open_issues": 2,
        "watchers": 2837,
        "default_branch": "master"
      }
    },
    "_links": {
      "self": {
        "href": "https://api.github.com/repos/apache/camel/pulls/275"
      },
      "html": {
        "href": "https://github.com/apache/camel/pull/275"
      },
      "issue": {
        "href": "https://api.github.com/repos/apache/camel/issues/275"
      },
      "comments": {
        "href": "https://api.github.com/repos/apache/camel/issues/275/comments"
      },
      "review_comments": {
        "href": "https://api.github.com/repos/apache/camel/pulls/275/comments"
      },
      "review_comment": {
        "href": "https://api.github.com/repos/apache/camel/pulls/comments{/number}"
      },
      "commits": {
        "href": "https://api.github.com/repos/apache/camel/pulls/275/commits"
      },
      "statuses": {
        "href": "https://api.github.com/repos/apache/camel/statuses/bc42c31387e272b70f2418debbb1601519b44d0f"
      }
    },
    "author_association": "CONTRIBUTOR"
  }
]
