[
  {
    "url": "https://api.github.com/repos/monitoringsucks/tool-repos/pulls/24",
    "id": 3664301,
    "node_id": "MDExOlB1bGxSZXF1ZXN0MzY2NDMwMQ==",
    "html_url": "https://github.com/monitoringsucks/tool-repos/pull/24",
    "diff_url": "https://github.com/monitoringsucks/tool-repos/pull/24.diff",
    "patch_url": "https://github.com/monitoringsucks/tool-repos/pull/24.patch",
    "issue_url": "https://api.github.com/repos/monitoringsucks/tool-repos/issues/24",
    "number": 24,
    "state": "closed",
    "locked": false,
    "title": "MMS from 10gen",
    "user": {
      "login": "AlexRRR",
      "id": 1485216,
      "node_id": "MDQ6VXNlcjE0ODUyMTY=",
      "avatar_url": "https://avatars1.githubusercontent.com/u/1485216?v=4",
      "gravatar_id": "",
      "url": "https://api.github.com/users/AlexRRR",
      "html_url": "https://github.com/AlexRRR",
      "followers_url": "https://api.github.com/users/AlexRRR/followers",
      "following_url": "https://api.github.com/users/AlexRRR/following{/other_user}",
      "gists_url": "https://api.github.com/users/AlexRRR/gists{/gist_id}",
      "starred_url": "https://api.github.com/users/AlexRRR/starred{/owner}{/repo}",
      "subscriptions_url": "https://api.github.com/users/AlexRRR/subscriptions",
      "organizations_url": "https://api.github.com/users/AlexRRR/orgs",
      "repos_url": "https://api.github.com/users/AlexRRR/repos",
      "events_url": "https://api.github.com/users/AlexRRR/events{/privacy}",
      "received_events_url": "https://api.github.com/users/AlexRRR/received_events",
      "type": "User",
      "site_admin": false
    },
    "body": "MMS from 10gen has been essential for me to keep an eye on our mongodb replicaset installation, has very nice graphs, profiling tools and can have some basic hardware monitoring there. It is cloud based, that is the only \"down side\" if you wish.\n\nhttp://www.10gen.com/products/mms\n",
    "created_at": "2013-01-14T15:00:07Z",
    "updated_at": "2013-02-07T21:47:44Z",
    "closed_at": "2013-02-07T21:47:44Z",
    "merged_at": "2013-02-07T21:47:44Z",
    "merge_commit_sha": "fbdc5174c3fb4d80dcab9373c8da258c2f2092d8",
    "assignee": null,
    "assignees": [

    ],
    "requested_reviewers": [

    ],
    "requested_teams": [

    ],
    "labels": [

    ],
    "milestone": null,
    "commits_url": "https://api.github.com/repos/monitoringsucks/tool-repos/pulls/24/commits",
    "review_comments_url": "https://api.github.com/repos/monitoringsucks/tool-repos/pulls/24/comments",
    "review_comment_url": "https://api.github.com/repos/monitoringsucks/tool-repos/pulls/comments{/number}",
    "comments_url": "https://api.github.com/repos/monitoringsucks/tool-repos/issues/24/comments",
    "statuses_url": "https://api.github.com/repos/monitoringsucks/tool-repos/statuses/1b6e3506c307b9c316cbcb138b77bbe9dc405e0e",
    "head": {
      "label": "AlexRRR:master",
      "ref": "master",
      "sha": "1b6e3506c307b9c316cbcb138b77bbe9dc405e0e",
      "user": {
        "login": "AlexRRR",
        "id": 1485216,
        "node_id": "MDQ6VXNlcjE0ODUyMTY=",
        "avatar_url": "https://avatars1.githubusercontent.com/u/1485216?v=4",
        "gravatar_id": "",
        "url": "https://api.github.com/users/AlexRRR",
        "html_url": "https://github.com/AlexRRR",
        "followers_url": "https://api.github.com/users/AlexRRR/followers",
        "following_url": "https://api.github.com/users/AlexRRR/following{/other_user}",
        "gists_url": "https://api.github.com/users/AlexRRR/gists{/gist_id}",
        "starred_url": "https://api.github.com/users/AlexRRR/starred{/owner}{/repo}",
        "subscriptions_url": "https://api.github.com/users/AlexRRR/subscriptions",
        "organizations_url": "https://api.github.com/users/AlexRRR/orgs",
        "repos_url": "https://api.github.com/users/AlexRRR/repos",
        "events_url": "https://api.github.com/users/AlexRRR/events{/privacy}",
        "received_events_url": "https://api.github.com/users/AlexRRR/received_events",
        "type": "User",
        "site_admin": false
      },
      "repo": {
        "id": 7606051,
        "node_id": "MDEwOlJlcG9zaXRvcnk3NjA2MDUx",
        "name": "tool-repos",
        "full_name": "AlexRRR/tool-repos",
        "private": false,
        "owner": {
          "login": "AlexRRR",
          "id": 1485216,
          "node_id": "MDQ6VXNlcjE0ODUyMTY=",
          "avatar_url": "https://avatars1.githubusercontent.com/u/1485216?v=4",
          "gravatar_id": "",
          "url": "https://api.github.com/users/AlexRRR",
          "html_url": "https://github.com/AlexRRR",
          "followers_url": "https://api.github.com/users/AlexRRR/followers",
          "following_url": "https://api.github.com/users/AlexRRR/following{/other_user}",
          "gists_url": "https://api.github.com/users/AlexRRR/gists{/gist_id}",
          "starred_url": "https://api.github.com/users/AlexRRR/starred{/owner}{/repo}",
          "subscriptions_url": "https://api.github.com/users/AlexRRR/subscriptions",
          "organizations_url": "https://api.github.com/users/AlexRRR/orgs",
          "repos_url": "https://api.github.com/users/AlexRRR/repos",
          "events_url": "https://api.github.com/users/AlexRRR/events{/privacy}",
          "received_events_url": "https://api.github.com/users/AlexRRR/received_events",
          "type": "User",
          "site_admin": false
        },
        "html_url": "https://github.com/AlexRRR/tool-repos",
        "description": "Tracking various tools that fit in the monitoring and metrics space",
        "fork": true,
        "url": "https://api.github.com/repos/AlexRRR/tool-repos",
        "forks_url": "https://api.github.com/repos/AlexRRR/tool-repos/forks",
        "keys_url": "https://api.github.com/repos/AlexRRR/tool-repos/keys{/key_id}",
        "collaborators_url": "https://api.github.com/repos/AlexRRR/tool-repos/collaborators{/collaborator}",
        "teams_url": "https://api.github.com/repos/AlexRRR/tool-repos/teams",
        "hooks_url": "https://api.github.com/repos/AlexRRR/tool-repos/hooks",
        "issue_events_url": "https://api.github.com/repos/AlexRRR/tool-repos/issues/events{/number}",
        "events_url": "https://api.github.com/repos/AlexRRR/tool-repos/events",
        "assignees_url": "https://api.github.com/repos/AlexRRR/tool-repos/assignees{/user}",
        "branches_url": "https://api.github.com/repos/AlexRRR/tool-repos/branches{/branch}",
        "tags_url": "https://api.github.com/repos/AlexRRR/tool-repos/tags",
        "blobs_url": "https://api.github.com/repos/AlexRRR/tool-repos/git/blobs{/sha}",
        "git_tags_url": "https://api.github.com/repos/AlexRRR/tool-repos/git/tags{/sha}",
        "git_refs_url": "https://api.github.com/repos/AlexRRR/tool-repos/git/refs{/sha}",
        "trees_url": "https://api.github.com/repos/AlexRRR/tool-repos/git/trees{/sha}",
        "statuses_url": "https://api.github.com/repos/AlexRRR/tool-repos/statuses/{sha}",
        "languages_url": "https://api.github.com/repos/AlexRRR/tool-repos/languages",
        "stargazers_url": "https://api.github.com/repos/AlexRRR/tool-repos/stargazers",
        "contributors_url": "https://api.github.com/repos/AlexRRR/tool-repos/contributors",
        "subscribers_url": "https://api.github.com/repos/AlexRRR/tool-repos/subscribers",
        "subscription_url": "https://api.github.com/repos/AlexRRR/tool-repos/subscription",
        "commits_url": "https://api.github.com/repos/AlexRRR/tool-repos/commits{/sha}",
        "git_commits_url": "https://api.github.com/repos/AlexRRR/tool-repos/git/commits{/sha}",
        "comments_url": "https://api.github.com/repos/AlexRRR/tool-repos/comments{/number}",
        "issue_comment_url": "https://api.github.com/repos/AlexRRR/tool-repos/issues/comments{/number}",
        "contents_url": "https://api.github.com/repos/AlexRRR/tool-repos/contents/{+path}",
        "compare_url": "https://api.github.com/repos/AlexRRR/tool-repos/compare/{base}...{head}",
        "merges_url": "https://api.github.com/repos/AlexRRR/tool-repos/merges",
        "archive_url": "https://api.github.com/repos/AlexRRR/tool-repos/{archive_format}{/ref}",
        "downloads_url": "https://api.github.com/repos/AlexRRR/tool-repos/downloads",
        "issues_url": "https://api.github.com/repos/AlexRRR/tool-repos/issues{/number}",
        "pulls_url": "https://api.github.com/repos/AlexRRR/tool-repos/pulls{/number}",
        "milestones_url": "https://api.github.com/repos/AlexRRR/tool-repos/milestones{/number}",
        "notifications_url": "https://api.github.com/repos/AlexRRR/tool-repos/notifications{?since,all,participating}",
        "labels_url": "https://api.github.com/repos/AlexRRR/tool-repos/labels{/name}",
        "releases_url": "https://api.github.com/repos/AlexRRR/tool-repos/releases{/id}",
        "deployments_url": "https://api.github.com/repos/AlexRRR/tool-repos/deployments",
        "created_at": "2013-01-14T14:52:49Z",
        "updated_at": "2013-02-07T21:47:44Z",
        "pushed_at": "2013-01-14T14:56:55Z",
        "git_url": "git://github.com/AlexRRR/tool-repos.git",
        "ssh_url": "git@github.com:AlexRRR/tool-repos.git",
        "clone_url": "https://github.com/AlexRRR/tool-repos.git",
        "svn_url": "https://github.com/AlexRRR/tool-repos",
        "homepage": "",
        "size": 156,
        "stargazers_count": 0,
        "watchers_count": 0,
        "language": null,
        "has_issues": false,
        "has_projects": true,
        "has_downloads": true,
        "has_wiki": true,
        "has_pages": false,
        "forks_count": 0,
        "mirror_url": null,
        "archived": false,
        "disabled": false,
        "open_issues_count": 0,
        "license": null,
        "forks": 0,
        "open_issues": 0,
        "watchers": 0,
        "default_branch": "master"
      }
    },
    "base": {
      "label": "monitoringsucks:master",
      "ref": "master",
      "sha": "601d1b54c89ea899d16e81de69d5c2e63e59205a",
      "user": {
        "login": "monitoringsucks",
        "id": 813455,
        "node_id": "MDEyOk9yZ2FuaXphdGlvbjgxMzQ1NQ==",
        "avatar_url": "https://avatars3.githubusercontent.com/u/813455?v=4",
        "gravatar_id": "",
        "url": "https://api.github.com/users/monitoringsucks",
        "html_url": "https://github.com/monitoringsucks",
        "followers_url": "https://api.github.com/users/monitoringsucks/followers",
        "following_url": "https://api.github.com/users/monitoringsucks/following{/other_user}",
        "gists_url": "https://api.github.com/users/monitoringsucks/gists{/gist_id}",
        "starred_url": "https://api.github.com/users/monitoringsucks/starred{/owner}{/repo}",
        "subscriptions_url": "https://api.github.com/users/monitoringsucks/subscriptions",
        "organizations_url": "https://api.github.com/users/monitoringsucks/orgs",
        "repos_url": "https://api.github.com/users/monitoringsucks/repos",
        "events_url": "https://api.github.com/users/monitoringsucks/events{/privacy}",
        "received_events_url": "https://api.github.com/users/monitoringsucks/received_events",
        "type": "Organization",
        "site_admin": false
      },
      "repo": {
        "id": 1828207,
        "node_id": "MDEwOlJlcG9zaXRvcnkxODI4MjA3",
        "name": "tool-repos",
        "full_name": "monitoringsucks/tool-repos",
        "private": false,
        "owner": {
          "login": "monitoringsucks",
          "id": 813455,
          "node_id": "MDEyOk9yZ2FuaXphdGlvbjgxMzQ1NQ==",
          "avatar_url": "https://avatars3.githubusercontent.com/u/813455?v=4",
          "gravatar_id": "",
          "url": "https://api.github.com/users/monitoringsucks",
          "html_url": "https://github.com/monitoringsucks",
          "followers_url": "https://api.github.com/users/monitoringsucks/followers",
          "following_url": "https://api.github.com/users/monitoringsucks/following{/other_user}",
          "gists_url": "https://api.github.com/users/monitoringsucks/gists{/gist_id}",
          "starred_url": "https://api.github.com/users/monitoringsucks/starred{/owner}{/repo}",
          "subscriptions_url": "https://api.github.com/users/monitoringsucks/subscriptions",
          "organizations_url": "https://api.github.com/users/monitoringsucks/orgs",
          "repos_url": "https://api.github.com/users/monitoringsucks/repos",
          "events_url": "https://api.github.com/users/monitoringsucks/events{/privacy}",
          "received_events_url": "https://api.github.com/users/monitoringsucks/received_events",
          "type": "Organization",
          "site_admin": false
        },
        "html_url": "https://github.com/monitoringsucks/tool-repos",
        "description": "Tracking various tools that fit in the monitoring and metrics space",
        "fork": false,
        "url": "https://api.github.com/repos/monitoringsucks/tool-repos",
        "forks_url": "https://api.github.com/repos/monitoringsucks/tool-repos/forks",
        "keys_url": "https://api.github.com/repos/monitoringsucks/tool-repos/keys{/key_id}",
        "collaborators_url": "https://api.github.com/repos/monitoringsucks/tool-repos/collaborators{/collaborator}",
        "teams_url": "https://api.github.com/repos/monitoringsucks/tool-repos/teams",
        "hooks_url": "https://api.github.com/repos/monitoringsucks/tool-repos/hooks",
        "issue_events_url": "https://api.github.com/repos/monitoringsucks/tool-repos/issues/events{/number}",
        "events_url": "https://api.github.com/repos/monitoringsucks/tool-repos/events",
        "assignees_url": "https://api.github.com/repos/monitoringsucks/tool-repos/assignees{/user}",
        "branches_url": "https://api.github.com/repos/monitoringsucks/tool-repos/branches{/branch}",
        "tags_url": "https://api.github.com/repos/monitoringsucks/tool-repos/tags",
        "blobs_url": "https://api.github.com/repos/monitoringsucks/tool-repos/git/blobs{/sha}",
        "git_tags_url": "https://api.github.com/repos/monitoringsucks/tool-repos/git/tags{/sha}",
        "git_refs_url": "https://api.github.com/repos/monitoringsucks/tool-repos/git/refs{/sha}",
        "trees_url": "https://api.github.com/repos/monitoringsucks/tool-repos/git/trees{/sha}",
        "statuses_url": "https://api.github.com/repos/monitoringsucks/tool-repos/statuses/{sha}",
        "languages_url": "https://api.github.com/repos/monitoringsucks/tool-repos/languages",
        "stargazers_url": "https://api.github.com/repos/monitoringsucks/tool-repos/stargazers",
        "contributors_url": "https://api.github.com/repos/monitoringsucks/tool-repos/contributors",
        "subscribers_url": "https://api.github.com/repos/monitoringsucks/tool-repos/subscribers",
        "subscription_url": "https://api.github.com/repos/monitoringsucks/tool-repos/subscription",
        "commits_url": "https://api.github.com/repos/monitoringsucks/tool-repos/commits{/sha}",
        "git_commits_url": "https://api.github.com/repos/monitoringsucks/tool-repos/git/commits{/sha}",
        "comments_url": "https://api.github.com/repos/monitoringsucks/tool-repos/comments{/number}",
        "issue_comment_url": "https://api.github.com/repos/monitoringsucks/tool-repos/issues/comments{/number}",
        "contents_url": "https://api.github.com/repos/monitoringsucks/tool-repos/contents/{+path}",
        "compare_url": "https://api.github.com/repos/monitoringsucks/tool-repos/compare/{base}...{head}",
        "merges_url": "https://api.github.com/repos/monitoringsucks/tool-repos/merges",
        "archive_url": "https://api.github.com/repos/monitoringsucks/tool-repos/{archive_format}{/ref}",
        "downloads_url": "https://api.github.com/repos/monitoringsucks/tool-repos/downloads",
        "issues_url": "https://api.github.com/repos/monitoringsucks/tool-repos/issues{/number}",
        "pulls_url": "https://api.github.com/repos/monitoringsucks/tool-repos/pulls{/number}",
        "milestones_url": "https://api.github.com/repos/monitoringsucks/tool-repos/milestones{/number}",
        "notifications_url": "https://api.github.com/repos/monitoringsucks/tool-repos/notifications{?since,all,participating}",
        "labels_url": "https://api.github.com/repos/monitoringsucks/tool-repos/labels{/name}",
        "releases_url": "https://api.github.com/repos/monitoringsucks/tool-repos/releases{/id}",
        "deployments_url": "https://api.github.com/repos/monitoringsucks/tool-repos/deployments",
        "created_at": "2011-05-31T19:27:10Z",
        "updated_at": "2019-09-08T11:49:38Z",
        "pushed_at": "2017-04-27T13:52:50Z",
        "git_url": "git://github.com/monitoringsucks/tool-repos.git",
        "ssh_url": "git@github.com:monitoringsucks/tool-repos.git",
        "clone_url": "https://github.com/monitoringsucks/tool-repos.git",
        "svn_url": "https://github.com/monitoringsucks/tool-repos",
        "homepage": "",
        "size": 122,
        "stargazers_count": 1049,
        "watchers_count": 1049,
        "language": null,
        "has_issues": true,
        "has_projects": true,
        "has_downloads": true,
        "has_wiki": true,
        "has_pages": false,
        "forks_count": 119,
        "mirror_url": null,
        "archived": false,
        "disabled": false,
        "open_issues_count": 0,
        "license": null,
        "forks": 119,
        "open_issues": 0,
        "watchers": 1049,
        "default_branch": "master"
      }
    },
    "_links": {
      "self": {
        "href": "https://api.github.com/repos/monitoringsucks/tool-repos/pulls/24"
      },
      "html": {
        "href": "https://github.com/monitoringsucks/tool-repos/pull/24"
      },
      "issue": {
        "href": "https://api.github.com/repos/monitoringsucks/tool-repos/issues/24"
      },
      "comments": {
        "href": "https://api.github.com/repos/monitoringsucks/tool-repos/issues/24/comments"
      },
      "review_comments": {
        "href": "https://api.github.com/repos/monitoringsucks/tool-repos/pulls/24/comments"
      },
      "review_comment": {
        "href": "https://api.github.com/repos/monitoringsucks/tool-repos/pulls/comments{/number}"
      },
      "commits": {
        "href": "https://api.github.com/repos/monitoringsucks/tool-repos/pulls/24/commits"
      },
      "statuses": {
        "href": "https://api.github.com/repos/monitoringsucks/tool-repos/statuses/1b6e3506c307b9c316cbcb138b77bbe9dc405e0e"
      }
    },
    "author_association": "CONTRIBUTOR"
  }
]
