[
  {
    "url": "https://api.github.com/repos/ibrow/node-rss/pulls/3",
    "id": 271226,
    "node_id": "MDExOlB1bGxSZXF1ZXN0MjcxMjI2",
    "html_url": "https://github.com/drudge/node-easyrss/pull/3",
    "diff_url": "https://github.com/drudge/node-easyrss/pull/3.diff",
    "patch_url": "https://github.com/drudge/node-easyrss/pull/3.patch",
    "issue_url": "https://api.github.com/repos/ibrow/node-rss/issues/3",
    "number": 3,
    "state": "closed",
    "locked": false,
    "title": "Fixed issue where the article title could be set to the text of another e",
    "user": {
      "login": "danmactough",
      "id": 357481,
      "node_id": "MDQ6VXNlcjM1NzQ4MQ==",
      "avatar_url": "https://avatars0.githubusercontent.com/u/357481?v=4",
      "gravatar_id": "",
      "url": "https://api.github.com/users/danmactough",
      "html_url": "https://github.com/danmactough",
      "followers_url": "https://api.github.com/users/danmactough/followers",
      "following_url": "https://api.github.com/users/danmactough/following{/other_user}",
      "gists_url": "https://api.github.com/users/danmactough/gists{/gist_id}",
      "starred_url": "https://api.github.com/users/danmactough/starred{/owner}{/repo}",
      "subscriptions_url": "https://api.github.com/users/danmactough/subscriptions",
      "organizations_url": "https://api.github.com/users/danmactough/orgs",
      "repos_url": "https://api.github.com/users/danmactough/repos",
      "events_url": "https://api.github.com/users/danmactough/events{/privacy}",
      "received_events_url": "https://api.github.com/users/danmactough/received_events",
      "type": "User",
      "site_admin": false
    },
    "body": "Fixed issue where the article title could be set to the text of another element in a different namespace also named title (e.g., MediaRSS uses media:title).\n",
    "created_at": "2011-08-15T04:20:22Z",
    "updated_at": "2011-08-16T01:30:32Z",
    "closed_at": "2011-08-16T01:30:21Z",
    "merged_at": "2011-08-16T01:30:21Z",
    "merge_commit_sha": "31df11e84dc53b2a78313aca807f4da8766a8438",
    "assignee": null,
    "assignees": [

    ],
    "requested_reviewers": [

    ],
    "requested_teams": [

    ],
    "labels": [

    ],
    "milestone": null,
    "commits_url": "https://api.github.com/repos/ibrow/node-rss/pulls/3/commits",
    "review_comments_url": "https://api.github.com/repos/ibrow/node-rss/pulls/3/comments",
    "review_comment_url": "https://api.github.com/repos/ibrow/node-rss/pulls/comments{/number}",
    "comments_url": "https://api.github.com/repos/ibrow/node-rss/issues/3/comments",
    "statuses_url": "https://api.github.com/repos/ibrow/node-rss/statuses/d3d8bd382f5c02dfca453b50b50269c4fe4e7c79",
    "head": {
      "label": "danmactough:fixes",
      "ref": "fixes",
      "sha": "d3d8bd382f5c02dfca453b50b50269c4fe4e7c79",
      "user": {
        "login": "danmactough",
        "id": 357481,
        "node_id": "MDQ6VXNlcjM1NzQ4MQ==",
        "avatar_url": "https://avatars0.githubusercontent.com/u/357481?v=4",
        "gravatar_id": "",
        "url": "https://api.github.com/users/danmactough",
        "html_url": "https://github.com/danmactough",
        "followers_url": "https://api.github.com/users/danmactough/followers",
        "following_url": "https://api.github.com/users/danmactough/following{/other_user}",
        "gists_url": "https://api.github.com/users/danmactough/gists{/gist_id}",
        "starred_url": "https://api.github.com/users/danmactough/starred{/owner}{/repo}",
        "subscriptions_url": "https://api.github.com/users/danmactough/subscriptions",
        "organizations_url": "https://api.github.com/users/danmactough/orgs",
        "repos_url": "https://api.github.com/users/danmactough/repos",
        "events_url": "https://api.github.com/users/danmactough/events{/privacy}",
        "received_events_url": "https://api.github.com/users/danmactough/received_events",
        "type": "User",
        "site_admin": false
      },
      "repo": {
        "id": 2207914,
        "node_id": "MDEwOlJlcG9zaXRvcnkyMjA3OTE0",
        "name": "node-feedparser-old",
        "full_name": "danmactough/node-feedparser-old",
        "private": false,
        "owner": {
          "login": "danmactough",
          "id": 357481,
          "node_id": "MDQ6VXNlcjM1NzQ4MQ==",
          "avatar_url": "https://avatars0.githubusercontent.com/u/357481?v=4",
          "gravatar_id": "",
          "url": "https://api.github.com/users/danmactough",
          "html_url": "https://github.com/danmactough",
          "followers_url": "https://api.github.com/users/danmactough/followers",
          "following_url": "https://api.github.com/users/danmactough/following{/other_user}",
          "gists_url": "https://api.github.com/users/danmactough/gists{/gist_id}",
          "starred_url": "https://api.github.com/users/danmactough/starred{/owner}{/repo}",
          "subscriptions_url": "https://api.github.com/users/danmactough/subscriptions",
          "organizations_url": "https://api.github.com/users/danmactough/orgs",
          "repos_url": "https://api.github.com/users/danmactough/repos",
          "events_url": "https://api.github.com/users/danmactough/events{/privacy}",
          "received_events_url": "https://api.github.com/users/danmactough/received_events",
          "type": "User",
          "site_admin": false
        },
        "html_url": "https://github.com/danmactough/node-feedparser-old",
        "description": "Robust RSS, Atom, and RDF feed parsing in Node.js ",
        "fork": true,
        "url": "https://api.github.com/repos/danmactough/node-feedparser-old",
        "forks_url": "https://api.github.com/repos/danmactough/node-feedparser-old/forks",
        "keys_url": "https://api.github.com/repos/danmactough/node-feedparser-old/keys{/key_id}",
        "collaborators_url": "https://api.github.com/repos/danmactough/node-feedparser-old/collaborators{/collaborator}",
        "teams_url": "https://api.github.com/repos/danmactough/node-feedparser-old/teams",
        "hooks_url": "https://api.github.com/repos/danmactough/node-feedparser-old/hooks",
        "issue_events_url": "https://api.github.com/repos/danmactough/node-feedparser-old/issues/events{/number}",
        "events_url": "https://api.github.com/repos/danmactough/node-feedparser-old/events",
        "assignees_url": "https://api.github.com/repos/danmactough/node-feedparser-old/assignees{/user}",
        "branches_url": "https://api.github.com/repos/danmactough/node-feedparser-old/branches{/branch}",
        "tags_url": "https://api.github.com/repos/danmactough/node-feedparser-old/tags",
        "blobs_url": "https://api.github.com/repos/danmactough/node-feedparser-old/git/blobs{/sha}",
        "git_tags_url": "https://api.github.com/repos/danmactough/node-feedparser-old/git/tags{/sha}",
        "git_refs_url": "https://api.github.com/repos/danmactough/node-feedparser-old/git/refs{/sha}",
        "trees_url": "https://api.github.com/repos/danmactough/node-feedparser-old/git/trees{/sha}",
        "statuses_url": "https://api.github.com/repos/danmactough/node-feedparser-old/statuses/{sha}",
        "languages_url": "https://api.github.com/repos/danmactough/node-feedparser-old/languages",
        "stargazers_url": "https://api.github.com/repos/danmactough/node-feedparser-old/stargazers",
        "contributors_url": "https://api.github.com/repos/danmactough/node-feedparser-old/contributors",
        "subscribers_url": "https://api.github.com/repos/danmactough/node-feedparser-old/subscribers",
        "subscription_url": "https://api.github.com/repos/danmactough/node-feedparser-old/subscription",
        "commits_url": "https://api.github.com/repos/danmactough/node-feedparser-old/commits{/sha}",
        "git_commits_url": "https://api.github.com/repos/danmactough/node-feedparser-old/git/commits{/sha}",
        "comments_url": "https://api.github.com/repos/danmactough/node-feedparser-old/comments{/number}",
        "issue_comment_url": "https://api.github.com/repos/danmactough/node-feedparser-old/issues/comments{/number}",
        "contents_url": "https://api.github.com/repos/danmactough/node-feedparser-old/contents/{+path}",
        "compare_url": "https://api.github.com/repos/danmactough/node-feedparser-old/compare/{base}...{head}",
        "merges_url": "https://api.github.com/repos/danmactough/node-feedparser-old/merges",
        "archive_url": "https://api.github.com/repos/danmactough/node-feedparser-old/{archive_format}{/ref}",
        "downloads_url": "https://api.github.com/repos/danmactough/node-feedparser-old/downloads",
        "issues_url": "https://api.github.com/repos/danmactough/node-feedparser-old/issues{/number}",
        "pulls_url": "https://api.github.com/repos/danmactough/node-feedparser-old/pulls{/number}",
        "milestones_url": "https://api.github.com/repos/danmactough/node-feedparser-old/milestones{/number}",
        "notifications_url": "https://api.github.com/repos/danmactough/node-feedparser-old/notifications{?since,all,participating}",
        "labels_url": "https://api.github.com/repos/danmactough/node-feedparser-old/labels{/name}",
        "releases_url": "https://api.github.com/repos/danmactough/node-feedparser-old/releases{/id}",
        "deployments_url": "https://api.github.com/repos/danmactough/node-feedparser-old/deployments",
        "created_at": "2011-08-15T03:17:13Z",
        "updated_at": "2013-09-24T00:34:07Z",
        "pushed_at": "2017-06-07T03:39:29Z",
        "git_url": "git://github.com/danmactough/node-feedparser-old.git",
        "ssh_url": "git@github.com:danmactough/node-feedparser-old.git",
        "clone_url": "https://github.com/danmactough/node-feedparser-old.git",
        "svn_url": "https://github.com/danmactough/node-feedparser-old",
        "homepage": "",
        "size": 108,
        "stargazers_count": 0,
        "watchers_count": 0,
        "language": "JavaScript",
        "has_issues": true,
        "has_projects": true,
        "has_downloads": true,
        "has_wiki": true,
        "has_pages": false,
        "forks_count": 0,
        "mirror_url": null,
        "archived": false,
        "disabled": false,
        "open_issues_count": 1,
        "license": {
          "key": "other",
          "name": "Other",
          "spdx_id": "NOASSERTION",
          "url": null,
          "node_id": "MDc6TGljZW5zZTA="
        },
        "forks": 0,
        "open_issues": 1,
        "watchers": 0,
        "default_branch": "master"
      }
    },
    "base": {
      "label": "drudge:master",
      "ref": "master",
      "sha": "13c758ef02d4cbcd2d81553388c66978d942a3d1",
      "user": {
        "login": "drudge",
        "id": 72890,
        "node_id": "MDQ6VXNlcjcyODkw",
        "avatar_url": "https://avatars1.githubusercontent.com/u/72890?v=4",
        "gravatar_id": "",
        "url": "https://api.github.com/users/drudge",
        "html_url": "https://github.com/drudge",
        "followers_url": "https://api.github.com/users/drudge/followers",
        "following_url": "https://api.github.com/users/drudge/following{/other_user}",
        "gists_url": "https://api.github.com/users/drudge/gists{/gist_id}",
        "starred_url": "https://api.github.com/users/drudge/starred{/owner}{/repo}",
        "subscriptions_url": "https://api.github.com/users/drudge/subscriptions",
        "organizations_url": "https://api.github.com/users/drudge/orgs",
        "repos_url": "https://api.github.com/users/drudge/repos",
        "events_url": "https://api.github.com/users/drudge/events{/privacy}",
        "received_events_url": "https://api.github.com/users/drudge/received_events",
        "type": "User",
        "site_admin": false
      },
      "repo": {
        "id": 1673855,
        "node_id": "MDEwOlJlcG9zaXRvcnkxNjczODU1",
        "name": "node-easyrss",
        "full_name": "drudge/node-easyrss",
        "private": false,
        "owner": {
          "login": "drudge",
          "id": 72890,
          "node_id": "MDQ6VXNlcjcyODkw",
          "avatar_url": "https://avatars1.githubusercontent.com/u/72890?v=4",
          "gravatar_id": "",
          "url": "https://api.github.com/users/drudge",
          "html_url": "https://github.com/drudge",
          "followers_url": "https://api.github.com/users/drudge/followers",
          "following_url": "https://api.github.com/users/drudge/following{/other_user}",
          "gists_url": "https://api.github.com/users/drudge/gists{/gist_id}",
          "starred_url": "https://api.github.com/users/drudge/starred{/owner}{/repo}",
          "subscriptions_url": "https://api.github.com/users/drudge/subscriptions",
          "organizations_url": "https://api.github.com/users/drudge/orgs",
          "repos_url": "https://api.github.com/users/drudge/repos",
          "events_url": "https://api.github.com/users/drudge/events{/privacy}",
          "received_events_url": "https://api.github.com/users/drudge/received_events",
          "type": "User",
          "site_admin": false
        },
        "html_url": "https://github.com/drudge/node-easyrss",
        "description": "Simple RSS feed parsing in Node.js ",
        "fork": true,
        "url": "https://api.github.com/repos/drudge/node-easyrss",
        "forks_url": "https://api.github.com/repos/drudge/node-easyrss/forks",
        "keys_url": "https://api.github.com/repos/drudge/node-easyrss/keys{/key_id}",
        "collaborators_url": "https://api.github.com/repos/drudge/node-easyrss/collaborators{/collaborator}",
        "teams_url": "https://api.github.com/repos/drudge/node-easyrss/teams",
        "hooks_url": "https://api.github.com/repos/drudge/node-easyrss/hooks",
        "issue_events_url": "https://api.github.com/repos/drudge/node-easyrss/issues/events{/number}",
        "events_url": "https://api.github.com/repos/drudge/node-easyrss/events",
        "assignees_url": "https://api.github.com/repos/drudge/node-easyrss/assignees{/user}",
        "branches_url": "https://api.github.com/repos/drudge/node-easyrss/branches{/branch}",
        "tags_url": "https://api.github.com/repos/drudge/node-easyrss/tags",
        "blobs_url": "https://api.github.com/repos/drudge/node-easyrss/git/blobs{/sha}",
        "git_tags_url": "https://api.github.com/repos/drudge/node-easyrss/git/tags{/sha}",
        "git_refs_url": "https://api.github.com/repos/drudge/node-easyrss/git/refs{/sha}",
        "trees_url": "https://api.github.com/repos/drudge/node-easyrss/git/trees{/sha}",
        "statuses_url": "https://api.github.com/repos/drudge/node-easyrss/statuses/{sha}",
        "languages_url": "https://api.github.com/repos/drudge/node-easyrss/languages",
        "stargazers_url": "https://api.github.com/repos/drudge/node-easyrss/stargazers",
        "contributors_url": "https://api.github.com/repos/drudge/node-easyrss/contributors",
        "subscribers_url": "https://api.github.com/repos/drudge/node-easyrss/subscribers",
        "subscription_url": "https://api.github.com/repos/drudge/node-easyrss/subscription",
        "commits_url": "https://api.github.com/repos/drudge/node-easyrss/commits{/sha}",
        "git_commits_url": "https://api.github.com/repos/drudge/node-easyrss/git/commits{/sha}",
        "comments_url": "https://api.github.com/repos/drudge/node-easyrss/comments{/number}",
        "issue_comment_url": "https://api.github.com/repos/drudge/node-easyrss/issues/comments{/number}",
        "contents_url": "https://api.github.com/repos/drudge/node-easyrss/contents/{+path}",
        "compare_url": "https://api.github.com/repos/drudge/node-easyrss/compare/{base}...{head}",
        "merges_url": "https://api.github.com/repos/drudge/node-easyrss/merges",
        "archive_url": "https://api.github.com/repos/drudge/node-easyrss/{archive_format}{/ref}",
        "downloads_url": "https://api.github.com/repos/drudge/node-easyrss/downloads",
        "issues_url": "https://api.github.com/repos/drudge/node-easyrss/issues{/number}",
        "pulls_url": "https://api.github.com/repos/drudge/node-easyrss/pulls{/number}",
        "milestones_url": "https://api.github.com/repos/drudge/node-easyrss/milestones{/number}",
        "notifications_url": "https://api.github.com/repos/drudge/node-easyrss/notifications{?since,all,participating}",
        "labels_url": "https://api.github.com/repos/drudge/node-easyrss/labels{/name}",
        "releases_url": "https://api.github.com/repos/drudge/node-easyrss/releases{/id}",
        "deployments_url": "https://api.github.com/repos/drudge/node-easyrss/deployments",
        "created_at": "2011-04-28T02:29:25Z",
        "updated_at": "2016-09-25T02:51:41Z",
        "pushed_at": "2012-08-09T16:51:03Z",
        "git_url": "git://github.com/drudge/node-easyrss.git",
        "ssh_url": "git@github.com:drudge/node-easyrss.git",
        "clone_url": "https://github.com/drudge/node-easyrss.git",
        "svn_url": "https://github.com/drudge/node-easyrss",
        "homepage": "",
        "size": 210,
        "stargazers_count": 24,
        "watchers_count": 24,
        "language": "JavaScript",
        "has_issues": false,
        "has_projects": true,
        "has_downloads": true,
        "has_wiki": true,
        "has_pages": false,
        "forks_count": 8,
        "mirror_url": null,
        "archived": false,
        "disabled": false,
        "open_issues_count": 0,
        "license": {
          "key": "other",
          "name": "Other",
          "spdx_id": "NOASSERTION",
          "url": null,
          "node_id": "MDc6TGljZW5zZTA="
        },
        "forks": 8,
        "open_issues": 0,
        "watchers": 24,
        "default_branch": "master"
      }
    },
    "_links": {
      "self": {
        "href": "https://api.github.com/repos/ibrow/node-rss/pulls/3"
      },
      "html": {
        "href": "https://github.com/drudge/node-easyrss/pull/3"
      },
      "issue": {
        "href": "https://api.github.com/repos/ibrow/node-rss/issues/3"
      },
      "comments": {
        "href": "https://api.github.com/repos/ibrow/node-rss/issues/3/comments"
      },
      "review_comments": {
        "href": "https://api.github.com/repos/ibrow/node-rss/pulls/3/comments"
      },
      "review_comment": {
        "href": "https://api.github.com/repos/ibrow/node-rss/pulls/comments{/number}"
      },
      "commits": {
        "href": "https://api.github.com/repos/ibrow/node-rss/pulls/3/commits"
      },
      "statuses": {
        "href": "https://api.github.com/repos/ibrow/node-rss/statuses/d3d8bd382f5c02dfca453b50b50269c4fe4e7c79"
      }
    },
    "author_association": "NONE"
  }
]
