[
  {
    "url": "https://api.github.com/repos/knowm/Sundial/pulls/18",
    "id": 50863201,
    "node_id": "MDExOlB1bGxSZXF1ZXN0NTA4NjMyMDE=",
    "html_url": "https://github.com/knowm/Sundial/pull/18",
    "diff_url": "https://github.com/knowm/Sundial/pull/18.diff",
    "patch_url": "https://github.com/knowm/Sundial/pull/18.patch",
    "issue_url": "https://api.github.com/repos/knowm/Sundial/issues/18",
    "number": 18,
    "state": "closed",
    "locked": false,
    "title": "Handle interfaces etc. when finding classes",
    "user": {
      "login": "reftel",
      "id": 5188162,
      "node_id": "MDQ6VXNlcjUxODgxNjI=",
      "avatar_url": "https://avatars3.githubusercontent.com/u/5188162?v=4",
      "gravatar_id": "",
      "url": "https://api.github.com/users/reftel",
      "html_url": "https://github.com/reftel",
      "followers_url": "https://api.github.com/users/reftel/followers",
      "following_url": "https://api.github.com/users/reftel/following{/other_user}",
      "gists_url": "https://api.github.com/users/reftel/gists{/gist_id}",
      "starred_url": "https://api.github.com/users/reftel/starred{/owner}{/repo}",
      "subscriptions_url": "https://api.github.com/users/reftel/subscriptions",
      "organizations_url": "https://api.github.com/users/reftel/orgs",
      "repos_url": "https://api.github.com/users/reftel/repos",
      "events_url": "https://api.github.com/users/reftel/events{/privacy}",
      "received_events_url": "https://api.github.com/users/reftel/received_events",
      "type": "User",
      "site_admin": false
    },
    "body": "",
    "created_at": "2015-11-16T20:44:40Z",
    "updated_at": "2018-04-06T10:07:03Z",
    "closed_at": "2015-11-17T08:39:38Z",
    "merged_at": "2015-11-17T08:39:38Z",
    "merge_commit_sha": "613710b55c89e11f4045493ae8d4a379ce3adda9",
    "assignee": null,
    "assignees": [

    ],
    "requested_reviewers": [

    ],
    "requested_teams": [

    ],
    "labels": [

    ],
    "milestone": null,
    "commits_url": "https://api.github.com/repos/knowm/Sundial/pulls/18/commits",
    "review_comments_url": "https://api.github.com/repos/knowm/Sundial/pulls/18/comments",
    "review_comment_url": "https://api.github.com/repos/knowm/Sundial/pulls/comments{/number}",
    "comments_url": "https://api.github.com/repos/knowm/Sundial/issues/18/comments",
    "statuses_url": "https://api.github.com/repos/knowm/Sundial/statuses/4d20a47d4f150ca2fdddd08efc9619672640f6c3",
    "head": {
      "label": "reftel:feature/job_filter_fix",
      "ref": "feature/job_filter_fix",
      "sha": "4d20a47d4f150ca2fdddd08efc9619672640f6c3",
      "user": {
        "login": "reftel",
        "id": 5188162,
        "node_id": "MDQ6VXNlcjUxODgxNjI=",
        "avatar_url": "https://avatars3.githubusercontent.com/u/5188162?v=4",
        "gravatar_id": "",
        "url": "https://api.github.com/users/reftel",
        "html_url": "https://github.com/reftel",
        "followers_url": "https://api.github.com/users/reftel/followers",
        "following_url": "https://api.github.com/users/reftel/following{/other_user}",
        "gists_url": "https://api.github.com/users/reftel/gists{/gist_id}",
        "starred_url": "https://api.github.com/users/reftel/starred{/owner}{/repo}",
        "subscriptions_url": "https://api.github.com/users/reftel/subscriptions",
        "organizations_url": "https://api.github.com/users/reftel/orgs",
        "repos_url": "https://api.github.com/users/reftel/repos",
        "events_url": "https://api.github.com/users/reftel/events{/privacy}",
        "received_events_url": "https://api.github.com/users/reftel/received_events",
        "type": "User",
        "site_admin": false
      },
      "repo": {
        "id": 46299734,
        "node_id": "MDEwOlJlcG9zaXRvcnk0NjI5OTczNA==",
        "name": "Sundial",
        "full_name": "reftel/Sundial",
        "private": false,
        "owner": {
          "login": "reftel",
          "id": 5188162,
          "node_id": "MDQ6VXNlcjUxODgxNjI=",
          "avatar_url": "https://avatars3.githubusercontent.com/u/5188162?v=4",
          "gravatar_id": "",
          "url": "https://api.github.com/users/reftel",
          "html_url": "https://github.com/reftel",
          "followers_url": "https://api.github.com/users/reftel/followers",
          "following_url": "https://api.github.com/users/reftel/following{/other_user}",
          "gists_url": "https://api.github.com/users/reftel/gists{/gist_id}",
          "starred_url": "https://api.github.com/users/reftel/starred{/owner}{/repo}",
          "subscriptions_url": "https://api.github.com/users/reftel/subscriptions",
          "organizations_url": "https://api.github.com/users/reftel/orgs",
          "repos_url": "https://api.github.com/users/reftel/repos",
          "events_url": "https://api.github.com/users/reftel/events{/privacy}",
          "received_events_url": "https://api.github.com/users/reftel/received_events",
          "type": "User",
          "site_admin": false
        },
        "html_url": "https://github.com/reftel/Sundial",
        "description": "A Lightweight Job Scheduling Framework",
        "fork": true,
        "url": "https://api.github.com/repos/reftel/Sundial",
        "forks_url": "https://api.github.com/repos/reftel/Sundial/forks",
        "keys_url": "https://api.github.com/repos/reftel/Sundial/keys{/key_id}",
        "collaborators_url": "https://api.github.com/repos/reftel/Sundial/collaborators{/collaborator}",
        "teams_url": "https://api.github.com/repos/reftel/Sundial/teams",
        "hooks_url": "https://api.github.com/repos/reftel/Sundial/hooks",
        "issue_events_url": "https://api.github.com/repos/reftel/Sundial/issues/events{/number}",
        "events_url": "https://api.github.com/repos/reftel/Sundial/events",
        "assignees_url": "https://api.github.com/repos/reftel/Sundial/assignees{/user}",
        "branches_url": "https://api.github.com/repos/reftel/Sundial/branches{/branch}",
        "tags_url": "https://api.github.com/repos/reftel/Sundial/tags",
        "blobs_url": "https://api.github.com/repos/reftel/Sundial/git/blobs{/sha}",
        "git_tags_url": "https://api.github.com/repos/reftel/Sundial/git/tags{/sha}",
        "git_refs_url": "https://api.github.com/repos/reftel/Sundial/git/refs{/sha}",
        "trees_url": "https://api.github.com/repos/reftel/Sundial/git/trees{/sha}",
        "statuses_url": "https://api.github.com/repos/reftel/Sundial/statuses/{sha}",
        "languages_url": "https://api.github.com/repos/reftel/Sundial/languages",
        "stargazers_url": "https://api.github.com/repos/reftel/Sundial/stargazers",
        "contributors_url": "https://api.github.com/repos/reftel/Sundial/contributors",
        "subscribers_url": "https://api.github.com/repos/reftel/Sundial/subscribers",
        "subscription_url": "https://api.github.com/repos/reftel/Sundial/subscription",
        "commits_url": "https://api.github.com/repos/reftel/Sundial/commits{/sha}",
        "git_commits_url": "https://api.github.com/repos/reftel/Sundial/git/commits{/sha}",
        "comments_url": "https://api.github.com/repos/reftel/Sundial/comments{/number}",
        "issue_comment_url": "https://api.github.com/repos/reftel/Sundial/issues/comments{/number}",
        "contents_url": "https://api.github.com/repos/reftel/Sundial/contents/{+path}",
        "compare_url": "https://api.github.com/repos/reftel/Sundial/compare/{base}...{head}",
        "merges_url": "https://api.github.com/repos/reftel/Sundial/merges",
        "archive_url": "https://api.github.com/repos/reftel/Sundial/{archive_format}{/ref}",
        "downloads_url": "https://api.github.com/repos/reftel/Sundial/downloads",
        "issues_url": "https://api.github.com/repos/reftel/Sundial/issues{/number}",
        "pulls_url": "https://api.github.com/repos/reftel/Sundial/pulls{/number}",
        "milestones_url": "https://api.github.com/repos/reftel/Sundial/milestones{/number}",
        "notifications_url": "https://api.github.com/repos/reftel/Sundial/notifications{?since,all,participating}",
        "labels_url": "https://api.github.com/repos/reftel/Sundial/labels{/name}",
        "releases_url": "https://api.github.com/repos/reftel/Sundial/releases{/id}",
        "deployments_url": "https://api.github.com/repos/reftel/Sundial/deployments",
        "created_at": "2015-11-16T20:14:13Z",
        "updated_at": "2018-04-06T10:07:01Z",
        "pushed_at": "2016-06-28T17:11:20Z",
        "git_url": "git://github.com/reftel/Sundial.git",
        "ssh_url": "git@github.com:reftel/Sundial.git",
        "clone_url": "https://github.com/reftel/Sundial.git",
        "svn_url": "https://github.com/reftel/Sundial",
        "homepage": "xeiam.com/sundial",
        "size": 3010,
        "stargazers_count": 0,
        "watchers_count": 0,
        "language": "Java",
        "has_issues": false,
        "has_projects": true,
        "has_downloads": true,
        "has_wiki": true,
        "has_pages": false,
        "forks_count": 1,
        "mirror_url": null,
        "archived": false,
        "disabled": false,
        "open_issues_count": 0,
        "license": {
          "key": "apache-2.0",
          "name": "Apache License 2.0",
          "spdx_id": "Apache-2.0",
          "url": "https://api.github.com/licenses/apache-2.0",
          "node_id": "MDc6TGljZW5zZTI="
        },
        "forks": 1,
        "open_issues": 0,
        "watchers": 0,
        "default_branch": "develop"
      }
    },
    "base": {
      "label": "knowm:develop",
      "ref": "develop",
      "sha": "394c1733eae198881c28b4507dfd908d6e27f8c8",
      "user": {
        "login": "knowm",
        "id": 748236,
        "node_id": "MDEyOk9yZ2FuaXphdGlvbjc0ODIzNg==",
        "avatar_url": "https://avatars0.githubusercontent.com/u/748236?v=4",
        "gravatar_id": "",
        "url": "https://api.github.com/users/knowm",
        "html_url": "https://github.com/knowm",
        "followers_url": "https://api.github.com/users/knowm/followers",
        "following_url": "https://api.github.com/users/knowm/following{/other_user}",
        "gists_url": "https://api.github.com/users/knowm/gists{/gist_id}",
        "starred_url": "https://api.github.com/users/knowm/starred{/owner}{/repo}",
        "subscriptions_url": "https://api.github.com/users/knowm/subscriptions",
        "organizations_url": "https://api.github.com/users/knowm/orgs",
        "repos_url": "https://api.github.com/users/knowm/repos",
        "events_url": "https://api.github.com/users/knowm/events{/privacy}",
        "received_events_url": "https://api.github.com/users/knowm/received_events",
        "type": "Organization",
        "site_admin": false
      },
      "repo": {
        "id": 1660504,
        "node_id": "MDEwOlJlcG9zaXRvcnkxNjYwNTA0",
        "name": "Sundial",
        "full_name": "knowm/Sundial",
        "private": false,
        "owner": {
          "login": "knowm",
          "id": 748236,
          "node_id": "MDEyOk9yZ2FuaXphdGlvbjc0ODIzNg==",
          "avatar_url": "https://avatars0.githubusercontent.com/u/748236?v=4",
          "gravatar_id": "",
          "url": "https://api.github.com/users/knowm",
          "html_url": "https://github.com/knowm",
          "followers_url": "https://api.github.com/users/knowm/followers",
          "following_url": "https://api.github.com/users/knowm/following{/other_user}",
          "gists_url": "https://api.github.com/users/knowm/gists{/gist_id}",
          "starred_url": "https://api.github.com/users/knowm/starred{/owner}{/repo}",
          "subscriptions_url": "https://api.github.com/users/knowm/subscriptions",
          "organizations_url": "https://api.github.com/users/knowm/orgs",
          "repos_url": "https://api.github.com/users/knowm/repos",
          "events_url": "https://api.github.com/users/knowm/events{/privacy}",
          "received_events_url": "https://api.github.com/users/knowm/received_events",
          "type": "Organization",
          "site_admin": false
        },
        "html_url": "https://github.com/knowm/Sundial",
        "description": "A Light-weight Job Scheduling Framework",
        "fork": false,
        "url": "https://api.github.com/repos/knowm/Sundial",
        "forks_url": "https://api.github.com/repos/knowm/Sundial/forks",
        "keys_url": "https://api.github.com/repos/knowm/Sundial/keys{/key_id}",
        "collaborators_url": "https://api.github.com/repos/knowm/Sundial/collaborators{/collaborator}",
        "teams_url": "https://api.github.com/repos/knowm/Sundial/teams",
        "hooks_url": "https://api.github.com/repos/knowm/Sundial/hooks",
        "issue_events_url": "https://api.github.com/repos/knowm/Sundial/issues/events{/number}",
        "events_url": "https://api.github.com/repos/knowm/Sundial/events",
        "assignees_url": "https://api.github.com/repos/knowm/Sundial/assignees{/user}",
        "branches_url": "https://api.github.com/repos/knowm/Sundial/branches{/branch}",
        "tags_url": "https://api.github.com/repos/knowm/Sundial/tags",
        "blobs_url": "https://api.github.com/repos/knowm/Sundial/git/blobs{/sha}",
        "git_tags_url": "https://api.github.com/repos/knowm/Sundial/git/tags{/sha}",
        "git_refs_url": "https://api.github.com/repos/knowm/Sundial/git/refs{/sha}",
        "trees_url": "https://api.github.com/repos/knowm/Sundial/git/trees{/sha}",
        "statuses_url": "https://api.github.com/repos/knowm/Sundial/statuses/{sha}",
        "languages_url": "https://api.github.com/repos/knowm/Sundial/languages",
        "stargazers_url": "https://api.github.com/repos/knowm/Sundial/stargazers",
        "contributors_url": "https://api.github.com/repos/knowm/Sundial/contributors",
        "subscribers_url": "https://api.github.com/repos/knowm/Sundial/subscribers",
        "subscription_url": "https://api.github.com/repos/knowm/Sundial/subscription",
        "commits_url": "https://api.github.com/repos/knowm/Sundial/commits{/sha}",
        "git_commits_url": "https://api.github.com/repos/knowm/Sundial/git/commits{/sha}",
        "comments_url": "https://api.github.com/repos/knowm/Sundial/comments{/number}",
        "issue_comment_url": "https://api.github.com/repos/knowm/Sundial/issues/comments{/number}",
        "contents_url": "https://api.github.com/repos/knowm/Sundial/contents/{+path}",
        "compare_url": "https://api.github.com/repos/knowm/Sundial/compare/{base}...{head}",
        "merges_url": "https://api.github.com/repos/knowm/Sundial/merges",
        "archive_url": "https://api.github.com/repos/knowm/Sundial/{archive_format}{/ref}",
        "downloads_url": "https://api.github.com/repos/knowm/Sundial/downloads",
        "issues_url": "https://api.github.com/repos/knowm/Sundial/issues{/number}",
        "pulls_url": "https://api.github.com/repos/knowm/Sundial/pulls{/number}",
        "milestones_url": "https://api.github.com/repos/knowm/Sundial/milestones{/number}",
        "notifications_url": "https://api.github.com/repos/knowm/Sundial/notifications{?since,all,participating}",
        "labels_url": "https://api.github.com/repos/knowm/Sundial/labels{/name}",
        "releases_url": "https://api.github.com/repos/knowm/Sundial/releases{/id}",
        "deployments_url": "https://api.github.com/repos/knowm/Sundial/deployments",
        "created_at": "2011-04-25T16:11:53Z",
        "updated_at": "2019-08-21T08:04:05Z",
        "pushed_at": "2019-08-21T08:04:15Z",
        "git_url": "git://github.com/knowm/Sundial.git",
        "ssh_url": "git@github.com:knowm/Sundial.git",
        "clone_url": "https://github.com/knowm/Sundial.git",
        "svn_url": "https://github.com/knowm/Sundial",
        "homepage": "http://knowm.org/open-source/sundial/",
        "size": 3165,
        "stargazers_count": 186,
        "watchers_count": 186,
        "language": "Java",
        "has_issues": true,
        "has_projects": true,
        "has_downloads": true,
        "has_wiki": true,
        "has_pages": false,
        "forks_count": 47,
        "mirror_url": null,
        "archived": false,
        "disabled": false,
        "open_issues_count": 5,
        "license": {
          "key": "apache-2.0",
          "name": "Apache License 2.0",
          "spdx_id": "Apache-2.0",
          "url": "https://api.github.com/licenses/apache-2.0",
          "node_id": "MDc6TGljZW5zZTI="
        },
        "forks": 47,
        "open_issues": 5,
        "watchers": 186,
        "default_branch": "develop"
      }
    },
    "_links": {
      "self": {
        "href": "https://api.github.com/repos/knowm/Sundial/pulls/18"
      },
      "html": {
        "href": "https://github.com/knowm/Sundial/pull/18"
      },
      "issue": {
        "href": "https://api.github.com/repos/knowm/Sundial/issues/18"
      },
      "comments": {
        "href": "https://api.github.com/repos/knowm/Sundial/issues/18/comments"
      },
      "review_comments": {
        "href": "https://api.github.com/repos/knowm/Sundial/pulls/18/comments"
      },
      "review_comment": {
        "href": "https://api.github.com/repos/knowm/Sundial/pulls/comments{/number}"
      },
      "commits": {
        "href": "https://api.github.com/repos/knowm/Sundial/pulls/18/commits"
      },
      "statuses": {
        "href": "https://api.github.com/repos/knowm/Sundial/statuses/4d20a47d4f150ca2fdddd08efc9619672640f6c3"
      }
    },
    "author_association": "CONTRIBUTOR"
  }
]
