[
  {
    "url": "https://api.github.com/repos/apache/hive/pulls/1",
    "id": 253636867,
    "node_id": "MDExOlB1bGxSZXF1ZXN0MjUzNjM2ODY3",
    "html_url": "https://github.com/animenon/hive/pull/1",
    "diff_url": "https://github.com/animenon/hive/pull/1.diff",
    "patch_url": "https://github.com/animenon/hive/pull/1.patch",
    "issue_url": "https://api.github.com/repos/apache/hive/issues/1",
    "number": 1,
    "state": "closed",
    "locked": false,
    "title": "update",
    "user": {
      "login": "animenon",
      "id": 6907950,
      "node_id": "MDQ6VXNlcjY5MDc5NTA=",
      "avatar_url": "https://avatars3.githubusercontent.com/u/6907950?v=4",
      "gravatar_id": "",
      "url": "https://api.github.com/users/animenon",
      "html_url": "https://github.com/animenon",
      "followers_url": "https://api.github.com/users/animenon/followers",
      "following_url": "https://api.github.com/users/animenon/following{/other_user}",
      "gists_url": "https://api.github.com/users/animenon/gists{/gist_id}",
      "starred_url": "https://api.github.com/users/animenon/starred{/owner}{/repo}",
      "subscriptions_url": "https://api.github.com/users/animenon/subscriptions",
      "organizations_url": "https://api.github.com/users/animenon/orgs",
      "repos_url": "https://api.github.com/users/animenon/repos",
      "events_url": "https://api.github.com/users/animenon/events{/privacy}",
      "received_events_url": "https://api.github.com/users/animenon/received_events",
      "type": "User",
      "site_admin": false
    },
    "body": "",
    "created_at": "2019-02-16T11:21:40Z",
    "updated_at": "2019-02-16T11:22:00Z",
    "closed_at": "2019-02-16T11:21:59Z",
    "merged_at": "2019-02-16T11:21:59Z",
    "merge_commit_sha": "7d58d5624290582e2c0dc841ae227bd8fe1d0099",
    "assignee": null,
    "assignees": [

    ],
    "requested_reviewers": [

    ],
    "requested_teams": [

    ],
    "labels": [

    ],
    "milestone": null,
    "commits_url": "https://api.github.com/repos/apache/hive/pulls/1/commits",
    "review_comments_url": "https://api.github.com/repos/apache/hive/pulls/1/comments",
    "review_comment_url": "https://api.github.com/repos/apache/hive/pulls/comments{/number}",
    "comments_url": "https://api.github.com/repos/apache/hive/issues/1/comments",
    "statuses_url": "https://api.github.com/repos/apache/hive/statuses/aaf01ae60bb987965a45adc243605e625fd39140",
    "head": {
      "label": "apache:master",
      "ref": "master",
      "sha": "aaf01ae60bb987965a45adc243605e625fd39140",
      "user": {
        "login": "apache",
        "id": 47359,
        "node_id": "MDEyOk9yZ2FuaXphdGlvbjQ3MzU5",
        "avatar_url": "https://avatars0.githubusercontent.com/u/47359?v=4",
        "gravatar_id": "",
        "url": "https://api.github.com/users/apache",
        "html_url": "https://github.com/apache",
        "followers_url": "https://api.github.com/users/apache/followers",
        "following_url": "https://api.github.com/users/apache/following{/other_user}",
        "gists_url": "https://api.github.com/users/apache/gists{/gist_id}",
        "starred_url": "https://api.github.com/users/apache/starred{/owner}{/repo}",
        "subscriptions_url": "https://api.github.com/users/apache/subscriptions",
        "organizations_url": "https://api.github.com/users/apache/orgs",
        "repos_url": "https://api.github.com/users/apache/repos",
        "events_url": "https://api.github.com/users/apache/events{/privacy}",
        "received_events_url": "https://api.github.com/users/apache/received_events",
        "type": "Organization",
        "site_admin": false
      },
      "repo": {
        "id": 206444,
        "node_id": "MDEwOlJlcG9zaXRvcnkyMDY0NDQ=",
        "name": "hive",
        "full_name": "apache/hive",
        "private": false,
        "owner": {
          "login": "apache",
          "id": 47359,
          "node_id": "MDEyOk9yZ2FuaXphdGlvbjQ3MzU5",
          "avatar_url": "https://avatars0.githubusercontent.com/u/47359?v=4",
          "gravatar_id": "",
          "url": "https://api.github.com/users/apache",
          "html_url": "https://github.com/apache",
          "followers_url": "https://api.github.com/users/apache/followers",
          "following_url": "https://api.github.com/users/apache/following{/other_user}",
          "gists_url": "https://api.github.com/users/apache/gists{/gist_id}",
          "starred_url": "https://api.github.com/users/apache/starred{/owner}{/repo}",
          "subscriptions_url": "https://api.github.com/users/apache/subscriptions",
          "organizations_url": "https://api.github.com/users/apache/orgs",
          "repos_url": "https://api.github.com/users/apache/repos",
          "events_url": "https://api.github.com/users/apache/events{/privacy}",
          "received_events_url": "https://api.github.com/users/apache/received_events",
          "type": "Organization",
          "site_admin": false
        },
        "html_url": "https://github.com/apache/hive",
        "description": "Apache Hive",
        "fork": false,
        "url": "https://api.github.com/repos/apache/hive",
        "forks_url": "https://api.github.com/repos/apache/hive/forks",
        "keys_url": "https://api.github.com/repos/apache/hive/keys{/key_id}",
        "collaborators_url": "https://api.github.com/repos/apache/hive/collaborators{/collaborator}",
        "teams_url": "https://api.github.com/repos/apache/hive/teams",
        "hooks_url": "https://api.github.com/repos/apache/hive/hooks",
        "issue_events_url": "https://api.github.com/repos/apache/hive/issues/events{/number}",
        "events_url": "https://api.github.com/repos/apache/hive/events",
        "assignees_url": "https://api.github.com/repos/apache/hive/assignees{/user}",
        "branches_url": "https://api.github.com/repos/apache/hive/branches{/branch}",
        "tags_url": "https://api.github.com/repos/apache/hive/tags",
        "blobs_url": "https://api.github.com/repos/apache/hive/git/blobs{/sha}",
        "git_tags_url": "https://api.github.com/repos/apache/hive/git/tags{/sha}",
        "git_refs_url": "https://api.github.com/repos/apache/hive/git/refs{/sha}",
        "trees_url": "https://api.github.com/repos/apache/hive/git/trees{/sha}",
        "statuses_url": "https://api.github.com/repos/apache/hive/statuses/{sha}",
        "languages_url": "https://api.github.com/repos/apache/hive/languages",
        "stargazers_url": "https://api.github.com/repos/apache/hive/stargazers",
        "contributors_url": "https://api.github.com/repos/apache/hive/contributors",
        "subscribers_url": "https://api.github.com/repos/apache/hive/subscribers",
        "subscription_url": "https://api.github.com/repos/apache/hive/subscription",
        "commits_url": "https://api.github.com/repos/apache/hive/commits{/sha}",
        "git_commits_url": "https://api.github.com/repos/apache/hive/git/commits{/sha}",
        "comments_url": "https://api.github.com/repos/apache/hive/comments{/number}",
        "issue_comment_url": "https://api.github.com/repos/apache/hive/issues/comments{/number}",
        "contents_url": "https://api.github.com/repos/apache/hive/contents/{+path}",
        "compare_url": "https://api.github.com/repos/apache/hive/compare/{base}...{head}",
        "merges_url": "https://api.github.com/repos/apache/hive/merges",
        "archive_url": "https://api.github.com/repos/apache/hive/{archive_format}{/ref}",
        "downloads_url": "https://api.github.com/repos/apache/hive/downloads",
        "issues_url": "https://api.github.com/repos/apache/hive/issues{/number}",
        "pulls_url": "https://api.github.com/repos/apache/hive/pulls{/number}",
        "milestones_url": "https://api.github.com/repos/apache/hive/milestones{/number}",
        "notifications_url": "https://api.github.com/repos/apache/hive/notifications{?since,all,participating}",
        "labels_url": "https://api.github.com/repos/apache/hive/labels{/name}",
        "releases_url": "https://api.github.com/repos/apache/hive/releases{/id}",
        "deployments_url": "https://api.github.com/repos/apache/hive/deployments",
        "created_at": "2009-05-21T02:31:01Z",
        "updated_at": "2019-09-11T11:19:09Z",
        "pushed_at": "2019-09-11T11:19:04Z",
        "git_url": "git://github.com/apache/hive.git",
        "ssh_url": "git@github.com:apache/hive.git",
        "clone_url": "https://github.com/apache/hive.git",
        "svn_url": "https://github.com/apache/hive",
        "homepage": "",
        "size": 477867,
        "stargazers_count": 2741,
        "watchers_count": 2741,
        "language": "Java",
        "has_issues": false,
        "has_projects": true,
        "has_downloads": true,
        "has_wiki": false,
        "has_pages": false,
        "forks_count": 2671,
        "mirror_url": null,
        "archived": false,
        "disabled": false,
        "open_issues_count": 337,
        "license": {
          "key": "apache-2.0",
          "name": "Apache License 2.0",
          "spdx_id": "Apache-2.0",
          "url": "https://api.github.com/licenses/apache-2.0",
          "node_id": "MDc6TGljZW5zZTI="
        },
        "forks": 2671,
        "open_issues": 337,
        "watchers": 2741,
        "default_branch": "master"
      }
    },
    "base": {
      "label": "animenon:master",
      "ref": "master",
      "sha": "e7d1781ec4662e088dcd6ffbe3f866738792ad9b",
      "user": {
        "login": "animenon",
        "id": 6907950,
        "node_id": "MDQ6VXNlcjY5MDc5NTA=",
        "avatar_url": "https://avatars3.githubusercontent.com/u/6907950?v=4",
        "gravatar_id": "",
        "url": "https://api.github.com/users/animenon",
        "html_url": "https://github.com/animenon",
        "followers_url": "https://api.github.com/users/animenon/followers",
        "following_url": "https://api.github.com/users/animenon/following{/other_user}",
        "gists_url": "https://api.github.com/users/animenon/gists{/gist_id}",
        "starred_url": "https://api.github.com/users/animenon/starred{/owner}{/repo}",
        "subscriptions_url": "https://api.github.com/users/animenon/subscriptions",
        "organizations_url": "https://api.github.com/users/animenon/orgs",
        "repos_url": "https://api.github.com/users/animenon/repos",
        "events_url": "https://api.github.com/users/animenon/events{/privacy}",
        "received_events_url": "https://api.github.com/users/animenon/received_events",
        "type": "User",
        "site_admin": false
      },
      "repo": {
        "id": 139486899,
        "node_id": "MDEwOlJlcG9zaXRvcnkxMzk0ODY4OTk=",
        "name": "hive",
        "full_name": "animenon/hive",
        "private": false,
        "owner": {
          "login": "animenon",
          "id": 6907950,
          "node_id": "MDQ6VXNlcjY5MDc5NTA=",
          "avatar_url": "https://avatars3.githubusercontent.com/u/6907950?v=4",
          "gravatar_id": "",
          "url": "https://api.github.com/users/animenon",
          "html_url": "https://github.com/animenon",
          "followers_url": "https://api.github.com/users/animenon/followers",
          "following_url": "https://api.github.com/users/animenon/following{/other_user}",
          "gists_url": "https://api.github.com/users/animenon/gists{/gist_id}",
          "starred_url": "https://api.github.com/users/animenon/starred{/owner}{/repo}",
          "subscriptions_url": "https://api.github.com/users/animenon/subscriptions",
          "organizations_url": "https://api.github.com/users/animenon/orgs",
          "repos_url": "https://api.github.com/users/animenon/repos",
          "events_url": "https://api.github.com/users/animenon/events{/privacy}",
          "received_events_url": "https://api.github.com/users/animenon/received_events",
          "type": "User",
          "site_admin": false
        },
        "html_url": "https://github.com/animenon/hive",
        "description": "Mirror of Apache Hive",
        "fork": true,
        "url": "https://api.github.com/repos/animenon/hive",
        "forks_url": "https://api.github.com/repos/animenon/hive/forks",
        "keys_url": "https://api.github.com/repos/animenon/hive/keys{/key_id}",
        "collaborators_url": "https://api.github.com/repos/animenon/hive/collaborators{/collaborator}",
        "teams_url": "https://api.github.com/repos/animenon/hive/teams",
        "hooks_url": "https://api.github.com/repos/animenon/hive/hooks",
        "issue_events_url": "https://api.github.com/repos/animenon/hive/issues/events{/number}",
        "events_url": "https://api.github.com/repos/animenon/hive/events",
        "assignees_url": "https://api.github.com/repos/animenon/hive/assignees{/user}",
        "branches_url": "https://api.github.com/repos/animenon/hive/branches{/branch}",
        "tags_url": "https://api.github.com/repos/animenon/hive/tags",
        "blobs_url": "https://api.github.com/repos/animenon/hive/git/blobs{/sha}",
        "git_tags_url": "https://api.github.com/repos/animenon/hive/git/tags{/sha}",
        "git_refs_url": "https://api.github.com/repos/animenon/hive/git/refs{/sha}",
        "trees_url": "https://api.github.com/repos/animenon/hive/git/trees{/sha}",
        "statuses_url": "https://api.github.com/repos/animenon/hive/statuses/{sha}",
        "languages_url": "https://api.github.com/repos/animenon/hive/languages",
        "stargazers_url": "https://api.github.com/repos/animenon/hive/stargazers",
        "contributors_url": "https://api.github.com/repos/animenon/hive/contributors",
        "subscribers_url": "https://api.github.com/repos/animenon/hive/subscribers",
        "subscription_url": "https://api.github.com/repos/animenon/hive/subscription",
        "commits_url": "https://api.github.com/repos/animenon/hive/commits{/sha}",
        "git_commits_url": "https://api.github.com/repos/animenon/hive/git/commits{/sha}",
        "comments_url": "https://api.github.com/repos/animenon/hive/comments{/number}",
        "issue_comment_url": "https://api.github.com/repos/animenon/hive/issues/comments{/number}",
        "contents_url": "https://api.github.com/repos/animenon/hive/contents/{+path}",
        "compare_url": "https://api.github.com/repos/animenon/hive/compare/{base}...{head}",
        "merges_url": "https://api.github.com/repos/animenon/hive/merges",
        "archive_url": "https://api.github.com/repos/animenon/hive/{archive_format}{/ref}",
        "downloads_url": "https://api.github.com/repos/animenon/hive/downloads",
        "issues_url": "https://api.github.com/repos/animenon/hive/issues{/number}",
        "pulls_url": "https://api.github.com/repos/animenon/hive/pulls{/number}",
        "milestones_url": "https://api.github.com/repos/animenon/hive/milestones{/number}",
        "notifications_url": "https://api.github.com/repos/animenon/hive/notifications{?since,all,participating}",
        "labels_url": "https://api.github.com/repos/animenon/hive/labels{/name}",
        "releases_url": "https://api.github.com/repos/animenon/hive/releases{/id}",
        "deployments_url": "https://api.github.com/repos/animenon/hive/deployments",
        "created_at": "2018-07-02T19:45:39Z",
        "updated_at": "2019-02-16T11:23:42Z",
        "pushed_at": "2019-02-16T14:19:09Z",
        "git_url": "git://github.com/animenon/hive.git",
        "ssh_url": "git@github.com:animenon/hive.git",
        "clone_url": "https://github.com/animenon/hive.git",
        "svn_url": "https://github.com/animenon/hive",
        "homepage": null,
        "size": 453277,
        "stargazers_count": 0,
        "watchers_count": 0,
        "language": "Java",
        "has_issues": false,
        "has_projects": true,
        "has_downloads": true,
        "has_wiki": false,
        "has_pages": false,
        "forks_count": 0,
        "mirror_url": null,
        "archived": false,
        "disabled": false,
        "open_issues_count": 0,
        "license": {
          "key": "apache-2.0",
          "name": "Apache License 2.0",
          "spdx_id": "Apache-2.0",
          "url": "https://api.github.com/licenses/apache-2.0",
          "node_id": "MDc6TGljZW5zZTI="
        },
        "forks": 0,
        "open_issues": 0,
        "watchers": 0,
        "default_branch": "master"
      }
    },
    "_links": {
      "self": {
        "href": "https://api.github.com/repos/apache/hive/pulls/1"
      },
      "html": {
        "href": "https://github.com/animenon/hive/pull/1"
      },
      "issue": {
        "href": "https://api.github.com/repos/apache/hive/issues/1"
      },
      "comments": {
        "href": "https://api.github.com/repos/apache/hive/issues/1/comments"
      },
      "review_comments": {
        "href": "https://api.github.com/repos/apache/hive/pulls/1/comments"
      },
      "review_comment": {
        "href": "https://api.github.com/repos/apache/hive/pulls/comments{/number}"
      },
      "commits": {
        "href": "https://api.github.com/repos/apache/hive/pulls/1/commits"
      },
      "statuses": {
        "href": "https://api.github.com/repos/apache/hive/statuses/aaf01ae60bb987965a45adc243605e625fd39140"
      }
    },
    "author_association": "OWNER"
  }
]
