[
  {
    "url": "https://api.github.com/repos/kirankaranth1/ApplicationStatusFetcher/pulls/1",
    "id": 64937025,
    "node_id": "MDExOlB1bGxSZXF1ZXN0NjQ5MzcwMjU=",
    "html_url": "https://github.com/sachinparyani/ApplicationStatusFetcher/pull/1",
    "diff_url": "https://github.com/sachinparyani/ApplicationStatusFetcher/pull/1.diff",
    "patch_url": "https://github.com/sachinparyani/ApplicationStatusFetcher/pull/1.patch",
    "issue_url": "https://api.github.com/repos/kirankaranth1/ApplicationStatusFetcher/issues/1",
    "number": 1,
    "state": "closed",
    "locked": false,
    "title": "Update MyUnivs.config",
    "user": {
      "login": "sachinparyani",
      "id": 16364994,
      "node_id": "MDQ6VXNlcjE2MzY0OTk0",
      "avatar_url": "https://avatars0.githubusercontent.com/u/16364994?v=4",
      "gravatar_id": "",
      "url": "https://api.github.com/users/sachinparyani",
      "html_url": "https://github.com/sachinparyani",
      "followers_url": "https://api.github.com/users/sachinparyani/followers",
      "following_url": "https://api.github.com/users/sachinparyani/following{/other_user}",
      "gists_url": "https://api.github.com/users/sachinparyani/gists{/gist_id}",
      "starred_url": "https://api.github.com/users/sachinparyani/starred{/owner}{/repo}",
      "subscriptions_url": "https://api.github.com/users/sachinparyani/subscriptions",
      "organizations_url": "https://api.github.com/users/sachinparyani/orgs",
      "repos_url": "https://api.github.com/users/sachinparyani/repos",
      "events_url": "https://api.github.com/users/sachinparyani/events{/privacy}",
      "received_events_url": "https://api.github.com/users/sachinparyani/received_events",
      "type": "User",
      "site_admin": false
    },
    "body": "Added UIC, NEU, Virginia Tech and NYU Poly\n",
    "created_at": "2016-04-01T12:28:15Z",
    "updated_at": "2016-04-01T12:28:56Z",
    "closed_at": "2016-04-01T12:28:21Z",
    "merged_at": "2016-04-01T12:28:21Z",
    "merge_commit_sha": "287a513f588b8620dde4f07b1b4729397adf1b7a",
    "assignee": null,
    "assignees": [

    ],
    "requested_reviewers": [

    ],
    "requested_teams": [

    ],
    "labels": [

    ],
    "milestone": null,
    "commits_url": "https://api.github.com/repos/kirankaranth1/ApplicationStatusFetcher/pulls/1/commits",
    "review_comments_url": "https://api.github.com/repos/kirankaranth1/ApplicationStatusFetcher/pulls/1/comments",
    "review_comment_url": "https://api.github.com/repos/kirankaranth1/ApplicationStatusFetcher/pulls/comments{/number}",
    "comments_url": "https://api.github.com/repos/kirankaranth1/ApplicationStatusFetcher/issues/1/comments",
    "statuses_url": "https://api.github.com/repos/kirankaranth1/ApplicationStatusFetcher/statuses/c94ac0f70fc2e31f27d8708ef631ab2aed42c865",
    "head": {
      "label": "sachinparyani:sachinparyani-configchange-1",
      "ref": "sachinparyani-configchange-1",
      "sha": "c94ac0f70fc2e31f27d8708ef631ab2aed42c865",
      "user": {
        "login": "sachinparyani",
        "id": 16364994,
        "node_id": "MDQ6VXNlcjE2MzY0OTk0",
        "avatar_url": "https://avatars0.githubusercontent.com/u/16364994?v=4",
        "gravatar_id": "",
        "url": "https://api.github.com/users/sachinparyani",
        "html_url": "https://github.com/sachinparyani",
        "followers_url": "https://api.github.com/users/sachinparyani/followers",
        "following_url": "https://api.github.com/users/sachinparyani/following{/other_user}",
        "gists_url": "https://api.github.com/users/sachinparyani/gists{/gist_id}",
        "starred_url": "https://api.github.com/users/sachinparyani/starred{/owner}{/repo}",
        "subscriptions_url": "https://api.github.com/users/sachinparyani/subscriptions",
        "organizations_url": "https://api.github.com/users/sachinparyani/orgs",
        "repos_url": "https://api.github.com/users/sachinparyani/repos",
        "events_url": "https://api.github.com/users/sachinparyani/events{/privacy}",
        "received_events_url": "https://api.github.com/users/sachinparyani/received_events",
        "type": "User",
        "site_admin": false
      },
      "repo": {
        "id": 55230206,
        "node_id": "MDEwOlJlcG9zaXRvcnk1NTIzMDIwNg==",
        "name": "ApplicationStatusFetcher",
        "full_name": "sachinparyani/ApplicationStatusFetcher",
        "private": false,
        "owner": {
          "login": "sachinparyani",
          "id": 16364994,
          "node_id": "MDQ6VXNlcjE2MzY0OTk0",
          "avatar_url": "https://avatars0.githubusercontent.com/u/16364994?v=4",
          "gravatar_id": "",
          "url": "https://api.github.com/users/sachinparyani",
          "html_url": "https://github.com/sachinparyani",
          "followers_url": "https://api.github.com/users/sachinparyani/followers",
          "following_url": "https://api.github.com/users/sachinparyani/following{/other_user}",
          "gists_url": "https://api.github.com/users/sachinparyani/gists{/gist_id}",
          "starred_url": "https://api.github.com/users/sachinparyani/starred{/owner}{/repo}",
          "subscriptions_url": "https://api.github.com/users/sachinparyani/subscriptions",
          "organizations_url": "https://api.github.com/users/sachinparyani/orgs",
          "repos_url": "https://api.github.com/users/sachinparyani/repos",
          "events_url": "https://api.github.com/users/sachinparyani/events{/privacy}",
          "received_events_url": "https://api.github.com/users/sachinparyani/received_events",
          "type": "User",
          "site_admin": false
        },
        "html_url": "https://github.com/sachinparyani/ApplicationStatusFetcher",
        "description": "This script logs in to multiple Graduate University Application Portals, checks the status of the application and returns it,",
        "fork": true,
        "url": "https://api.github.com/repos/sachinparyani/ApplicationStatusFetcher",
        "forks_url": "https://api.github.com/repos/sachinparyani/ApplicationStatusFetcher/forks",
        "keys_url": "https://api.github.com/repos/sachinparyani/ApplicationStatusFetcher/keys{/key_id}",
        "collaborators_url": "https://api.github.com/repos/sachinparyani/ApplicationStatusFetcher/collaborators{/collaborator}",
        "teams_url": "https://api.github.com/repos/sachinparyani/ApplicationStatusFetcher/teams",
        "hooks_url": "https://api.github.com/repos/sachinparyani/ApplicationStatusFetcher/hooks",
        "issue_events_url": "https://api.github.com/repos/sachinparyani/ApplicationStatusFetcher/issues/events{/number}",
        "events_url": "https://api.github.com/repos/sachinparyani/ApplicationStatusFetcher/events",
        "assignees_url": "https://api.github.com/repos/sachinparyani/ApplicationStatusFetcher/assignees{/user}",
        "branches_url": "https://api.github.com/repos/sachinparyani/ApplicationStatusFetcher/branches{/branch}",
        "tags_url": "https://api.github.com/repos/sachinparyani/ApplicationStatusFetcher/tags",
        "blobs_url": "https://api.github.com/repos/sachinparyani/ApplicationStatusFetcher/git/blobs{/sha}",
        "git_tags_url": "https://api.github.com/repos/sachinparyani/ApplicationStatusFetcher/git/tags{/sha}",
        "git_refs_url": "https://api.github.com/repos/sachinparyani/ApplicationStatusFetcher/git/refs{/sha}",
        "trees_url": "https://api.github.com/repos/sachinparyani/ApplicationStatusFetcher/git/trees{/sha}",
        "statuses_url": "https://api.github.com/repos/sachinparyani/ApplicationStatusFetcher/statuses/{sha}",
        "languages_url": "https://api.github.com/repos/sachinparyani/ApplicationStatusFetcher/languages",
        "stargazers_url": "https://api.github.com/repos/sachinparyani/ApplicationStatusFetcher/stargazers",
        "contributors_url": "https://api.github.com/repos/sachinparyani/ApplicationStatusFetcher/contributors",
        "subscribers_url": "https://api.github.com/repos/sachinparyani/ApplicationStatusFetcher/subscribers",
        "subscription_url": "https://api.github.com/repos/sachinparyani/ApplicationStatusFetcher/subscription",
        "commits_url": "https://api.github.com/repos/sachinparyani/ApplicationStatusFetcher/commits{/sha}",
        "git_commits_url": "https://api.github.com/repos/sachinparyani/ApplicationStatusFetcher/git/commits{/sha}",
        "comments_url": "https://api.github.com/repos/sachinparyani/ApplicationStatusFetcher/comments{/number}",
        "issue_comment_url": "https://api.github.com/repos/sachinparyani/ApplicationStatusFetcher/issues/comments{/number}",
        "contents_url": "https://api.github.com/repos/sachinparyani/ApplicationStatusFetcher/contents/{+path}",
        "compare_url": "https://api.github.com/repos/sachinparyani/ApplicationStatusFetcher/compare/{base}...{head}",
        "merges_url": "https://api.github.com/repos/sachinparyani/ApplicationStatusFetcher/merges",
        "archive_url": "https://api.github.com/repos/sachinparyani/ApplicationStatusFetcher/{archive_format}{/ref}",
        "downloads_url": "https://api.github.com/repos/sachinparyani/ApplicationStatusFetcher/downloads",
        "issues_url": "https://api.github.com/repos/sachinparyani/ApplicationStatusFetcher/issues{/number}",
        "pulls_url": "https://api.github.com/repos/sachinparyani/ApplicationStatusFetcher/pulls{/number}",
        "milestones_url": "https://api.github.com/repos/sachinparyani/ApplicationStatusFetcher/milestones{/number}",
        "notifications_url": "https://api.github.com/repos/sachinparyani/ApplicationStatusFetcher/notifications{?since,all,participating}",
        "labels_url": "https://api.github.com/repos/sachinparyani/ApplicationStatusFetcher/labels{/name}",
        "releases_url": "https://api.github.com/repos/sachinparyani/ApplicationStatusFetcher/releases{/id}",
        "deployments_url": "https://api.github.com/repos/sachinparyani/ApplicationStatusFetcher/deployments",
        "created_at": "2016-04-01T12:16:48Z",
        "updated_at": "2016-04-01T12:17:40Z",
        "pushed_at": "2016-04-01T12:28:57Z",
        "git_url": "git://github.com/sachinparyani/ApplicationStatusFetcher.git",
        "ssh_url": "git@github.com:sachinparyani/ApplicationStatusFetcher.git",
        "clone_url": "https://github.com/sachinparyani/ApplicationStatusFetcher.git",
        "svn_url": "https://github.com/sachinparyani/ApplicationStatusFetcher",
        "homepage": null,
        "size": 9,
        "stargazers_count": 1,
        "watchers_count": 1,
        "language": "Python",
        "has_issues": false,
        "has_projects": true,
        "has_downloads": true,
        "has_wiki": true,
        "has_pages": false,
        "forks_count": 0,
        "mirror_url": null,
        "archived": false,
        "disabled": false,
        "open_issues_count": 0,
        "license": null,
        "forks": 0,
        "open_issues": 0,
        "watchers": 1,
        "default_branch": "master"
      }
    },
    "base": {
      "label": "sachinparyani:master",
      "ref": "master",
      "sha": "6ef21916afe805e09d9d2648b63f1cb6b4e1b0b9",
      "user": {
        "login": "sachinparyani",
        "id": 16364994,
        "node_id": "MDQ6VXNlcjE2MzY0OTk0",
        "avatar_url": "https://avatars0.githubusercontent.com/u/16364994?v=4",
        "gravatar_id": "",
        "url": "https://api.github.com/users/sachinparyani",
        "html_url": "https://github.com/sachinparyani",
        "followers_url": "https://api.github.com/users/sachinparyani/followers",
        "following_url": "https://api.github.com/users/sachinparyani/following{/other_user}",
        "gists_url": "https://api.github.com/users/sachinparyani/gists{/gist_id}",
        "starred_url": "https://api.github.com/users/sachinparyani/starred{/owner}{/repo}",
        "subscriptions_url": "https://api.github.com/users/sachinparyani/subscriptions",
        "organizations_url": "https://api.github.com/users/sachinparyani/orgs",
        "repos_url": "https://api.github.com/users/sachinparyani/repos",
        "events_url": "https://api.github.com/users/sachinparyani/events{/privacy}",
        "received_events_url": "https://api.github.com/users/sachinparyani/received_events",
        "type": "User",
        "site_admin": false
      },
      "repo": {
        "id": 55230206,
        "node_id": "MDEwOlJlcG9zaXRvcnk1NTIzMDIwNg==",
        "name": "ApplicationStatusFetcher",
        "full_name": "sachinparyani/ApplicationStatusFetcher",
        "private": false,
        "owner": {
          "login": "sachinparyani",
          "id": 16364994,
          "node_id": "MDQ6VXNlcjE2MzY0OTk0",
          "avatar_url": "https://avatars0.githubusercontent.com/u/16364994?v=4",
          "gravatar_id": "",
          "url": "https://api.github.com/users/sachinparyani",
          "html_url": "https://github.com/sachinparyani",
          "followers_url": "https://api.github.com/users/sachinparyani/followers",
          "following_url": "https://api.github.com/users/sachinparyani/following{/other_user}",
          "gists_url": "https://api.github.com/users/sachinparyani/gists{/gist_id}",
          "starred_url": "https://api.github.com/users/sachinparyani/starred{/owner}{/repo}",
          "subscriptions_url": "https://api.github.com/users/sachinparyani/subscriptions",
          "organizations_url": "https://api.github.com/users/sachinparyani/orgs",
          "repos_url": "https://api.github.com/users/sachinparyani/repos",
          "events_url": "https://api.github.com/users/sachinparyani/events{/privacy}",
          "received_events_url": "https://api.github.com/users/sachinparyani/received_events",
          "type": "User",
          "site_admin": false
        },
        "html_url": "https://github.com/sachinparyani/ApplicationStatusFetcher",
        "description": "This script logs in to multiple Graduate University Application Portals, checks the status of the application and returns it,",
        "fork": true,
        "url": "https://api.github.com/repos/sachinparyani/ApplicationStatusFetcher",
        "forks_url": "https://api.github.com/repos/sachinparyani/ApplicationStatusFetcher/forks",
        "keys_url": "https://api.github.com/repos/sachinparyani/ApplicationStatusFetcher/keys{/key_id}",
        "collaborators_url": "https://api.github.com/repos/sachinparyani/ApplicationStatusFetcher/collaborators{/collaborator}",
        "teams_url": "https://api.github.com/repos/sachinparyani/ApplicationStatusFetcher/teams",
        "hooks_url": "https://api.github.com/repos/sachinparyani/ApplicationStatusFetcher/hooks",
        "issue_events_url": "https://api.github.com/repos/sachinparyani/ApplicationStatusFetcher/issues/events{/number}",
        "events_url": "https://api.github.com/repos/sachinparyani/ApplicationStatusFetcher/events",
        "assignees_url": "https://api.github.com/repos/sachinparyani/ApplicationStatusFetcher/assignees{/user}",
        "branches_url": "https://api.github.com/repos/sachinparyani/ApplicationStatusFetcher/branches{/branch}",
        "tags_url": "https://api.github.com/repos/sachinparyani/ApplicationStatusFetcher/tags",
        "blobs_url": "https://api.github.com/repos/sachinparyani/ApplicationStatusFetcher/git/blobs{/sha}",
        "git_tags_url": "https://api.github.com/repos/sachinparyani/ApplicationStatusFetcher/git/tags{/sha}",
        "git_refs_url": "https://api.github.com/repos/sachinparyani/ApplicationStatusFetcher/git/refs{/sha}",
        "trees_url": "https://api.github.com/repos/sachinparyani/ApplicationStatusFetcher/git/trees{/sha}",
        "statuses_url": "https://api.github.com/repos/sachinparyani/ApplicationStatusFetcher/statuses/{sha}",
        "languages_url": "https://api.github.com/repos/sachinparyani/ApplicationStatusFetcher/languages",
        "stargazers_url": "https://api.github.com/repos/sachinparyani/ApplicationStatusFetcher/stargazers",
        "contributors_url": "https://api.github.com/repos/sachinparyani/ApplicationStatusFetcher/contributors",
        "subscribers_url": "https://api.github.com/repos/sachinparyani/ApplicationStatusFetcher/subscribers",
        "subscription_url": "https://api.github.com/repos/sachinparyani/ApplicationStatusFetcher/subscription",
        "commits_url": "https://api.github.com/repos/sachinparyani/ApplicationStatusFetcher/commits{/sha}",
        "git_commits_url": "https://api.github.com/repos/sachinparyani/ApplicationStatusFetcher/git/commits{/sha}",
        "comments_url": "https://api.github.com/repos/sachinparyani/ApplicationStatusFetcher/comments{/number}",
        "issue_comment_url": "https://api.github.com/repos/sachinparyani/ApplicationStatusFetcher/issues/comments{/number}",
        "contents_url": "https://api.github.com/repos/sachinparyani/ApplicationStatusFetcher/contents/{+path}",
        "compare_url": "https://api.github.com/repos/sachinparyani/ApplicationStatusFetcher/compare/{base}...{head}",
        "merges_url": "https://api.github.com/repos/sachinparyani/ApplicationStatusFetcher/merges",
        "archive_url": "https://api.github.com/repos/sachinparyani/ApplicationStatusFetcher/{archive_format}{/ref}",
        "downloads_url": "https://api.github.com/repos/sachinparyani/ApplicationStatusFetcher/downloads",
        "issues_url": "https://api.github.com/repos/sachinparyani/ApplicationStatusFetcher/issues{/number}",
        "pulls_url": "https://api.github.com/repos/sachinparyani/ApplicationStatusFetcher/pulls{/number}",
        "milestones_url": "https://api.github.com/repos/sachinparyani/ApplicationStatusFetcher/milestones{/number}",
        "notifications_url": "https://api.github.com/repos/sachinparyani/ApplicationStatusFetcher/notifications{?since,all,participating}",
        "labels_url": "https://api.github.com/repos/sachinparyani/ApplicationStatusFetcher/labels{/name}",
        "releases_url": "https://api.github.com/repos/sachinparyani/ApplicationStatusFetcher/releases{/id}",
        "deployments_url": "https://api.github.com/repos/sachinparyani/ApplicationStatusFetcher/deployments",
        "created_at": "2016-04-01T12:16:48Z",
        "updated_at": "2016-04-01T12:17:40Z",
        "pushed_at": "2016-04-01T12:28:57Z",
        "git_url": "git://github.com/sachinparyani/ApplicationStatusFetcher.git",
        "ssh_url": "git@github.com:sachinparyani/ApplicationStatusFetcher.git",
        "clone_url": "https://github.com/sachinparyani/ApplicationStatusFetcher.git",
        "svn_url": "https://github.com/sachinparyani/ApplicationStatusFetcher",
        "homepage": null,
        "size": 9,
        "stargazers_count": 1,
        "watchers_count": 1,
        "language": "Python",
        "has_issues": false,
        "has_projects": true,
        "has_downloads": true,
        "has_wiki": true,
        "has_pages": false,
        "forks_count": 0,
        "mirror_url": null,
        "archived": false,
        "disabled": false,
        "open_issues_count": 0,
        "license": null,
        "forks": 0,
        "open_issues": 0,
        "watchers": 1,
        "default_branch": "master"
      }
    },
    "_links": {
      "self": {
        "href": "https://api.github.com/repos/kirankaranth1/ApplicationStatusFetcher/pulls/1"
      },
      "html": {
        "href": "https://github.com/sachinparyani/ApplicationStatusFetcher/pull/1"
      },
      "issue": {
        "href": "https://api.github.com/repos/kirankaranth1/ApplicationStatusFetcher/issues/1"
      },
      "comments": {
        "href": "https://api.github.com/repos/kirankaranth1/ApplicationStatusFetcher/issues/1/comments"
      },
      "review_comments": {
        "href": "https://api.github.com/repos/kirankaranth1/ApplicationStatusFetcher/pulls/1/comments"
      },
      "review_comment": {
        "href": "https://api.github.com/repos/kirankaranth1/ApplicationStatusFetcher/pulls/comments{/number}"
      },
      "commits": {
        "href": "https://api.github.com/repos/kirankaranth1/ApplicationStatusFetcher/pulls/1/commits"
      },
      "statuses": {
        "href": "https://api.github.com/repos/kirankaranth1/ApplicationStatusFetcher/statuses/c94ac0f70fc2e31f27d8708ef631ab2aed42c865"
      }
    },
    "author_association": "OWNER"
  }
]
