[
  {
    "url": "https://api.github.com/repos/hortonworks/streamline/pulls/10",
    "id": 41947159,
    "node_id": "MDExOlB1bGxSZXF1ZXN0NDE5NDcxNTk=",
    "html_url": "https://github.com/hortonworks/streamline/pull/10",
    "diff_url": "https://github.com/hortonworks/streamline/pull/10.diff",
    "patch_url": "https://github.com/hortonworks/streamline/pull/10.patch",
    "issue_url": "https://api.github.com/repos/hortonworks/streamline/issues/10",
    "number": 10,
    "state": "closed",
    "locked": false,
    "title": "Bug 41845",
    "user": {
      "login": "priyank5485",
      "id": 5192436,
      "node_id": "MDQ6VXNlcjUxOTI0MzY=",
      "avatar_url": "https://avatars0.githubusercontent.com/u/5192436?v=4",
      "gravatar_id": "",
      "url": "https://api.github.com/users/priyank5485",
      "html_url": "https://github.com/priyank5485",
      "followers_url": "https://api.github.com/users/priyank5485/followers",
      "following_url": "https://api.github.com/users/priyank5485/following{/other_user}",
      "gists_url": "https://api.github.com/users/priyank5485/gists{/gist_id}",
      "starred_url": "https://api.github.com/users/priyank5485/starred{/owner}{/repo}",
      "subscriptions_url": "https://api.github.com/users/priyank5485/subscriptions",
      "organizations_url": "https://api.github.com/users/priyank5485/orgs",
      "repos_url": "https://api.github.com/users/priyank5485/repos",
      "events_url": "https://api.github.com/users/priyank5485/events{/privacy}",
      "received_events_url": "https://api.github.com/users/priyank5485/received_events",
      "type": "User",
      "site_admin": false
    },
    "body": "https://hortonworks.jira.com/browse/BUG-41845\n",
    "created_at": "2015-08-08T02:42:23Z",
    "updated_at": "2015-08-14T17:48:12Z",
    "closed_at": "2015-08-14T17:48:12Z",
    "merged_at": "2015-08-14T17:48:12Z",
    "merge_commit_sha": "e1651e0a4e44cadab0dc1c7c335eb217dd31cb0f",
    "assignee": null,
    "assignees": [

    ],
    "requested_reviewers": [

    ],
    "requested_teams": [

    ],
    "labels": [

    ],
    "milestone": null,
    "commits_url": "https://api.github.com/repos/hortonworks/streamline/pulls/10/commits",
    "review_comments_url": "https://api.github.com/repos/hortonworks/streamline/pulls/10/comments",
    "review_comment_url": "https://api.github.com/repos/hortonworks/streamline/pulls/comments{/number}",
    "comments_url": "https://api.github.com/repos/hortonworks/streamline/issues/10/comments",
    "statuses_url": "https://api.github.com/repos/hortonworks/streamline/statuses/ec183a848f3b1abc4216cef9b3035e0d9f2f6d75",
    "head": {
      "label": "priyank5485:BUG-41845",
      "ref": "BUG-41845",
      "sha": "ec183a848f3b1abc4216cef9b3035e0d9f2f6d75",
      "user": {
        "login": "priyank5485",
        "id": 5192436,
        "node_id": "MDQ6VXNlcjUxOTI0MzY=",
        "avatar_url": "https://avatars0.githubusercontent.com/u/5192436?v=4",
        "gravatar_id": "",
        "url": "https://api.github.com/users/priyank5485",
        "html_url": "https://github.com/priyank5485",
        "followers_url": "https://api.github.com/users/priyank5485/followers",
        "following_url": "https://api.github.com/users/priyank5485/following{/other_user}",
        "gists_url": "https://api.github.com/users/priyank5485/gists{/gist_id}",
        "starred_url": "https://api.github.com/users/priyank5485/starred{/owner}{/repo}",
        "subscriptions_url": "https://api.github.com/users/priyank5485/subscriptions",
        "organizations_url": "https://api.github.com/users/priyank5485/orgs",
        "repos_url": "https://api.github.com/users/priyank5485/repos",
        "events_url": "https://api.github.com/users/priyank5485/events{/privacy}",
        "received_events_url": "https://api.github.com/users/priyank5485/received_events",
        "type": "User",
        "site_admin": false
      },
      "repo": {
        "id": 40277055,
        "node_id": "MDEwOlJlcG9zaXRvcnk0MDI3NzA1NQ==",
        "name": "IoTaS",
        "full_name": "priyank5485/IoTaS",
        "private": false,
        "owner": {
          "login": "priyank5485",
          "id": 5192436,
          "node_id": "MDQ6VXNlcjUxOTI0MzY=",
          "avatar_url": "https://avatars0.githubusercontent.com/u/5192436?v=4",
          "gravatar_id": "",
          "url": "https://api.github.com/users/priyank5485",
          "html_url": "https://github.com/priyank5485",
          "followers_url": "https://api.github.com/users/priyank5485/followers",
          "following_url": "https://api.github.com/users/priyank5485/following{/other_user}",
          "gists_url": "https://api.github.com/users/priyank5485/gists{/gist_id}",
          "starred_url": "https://api.github.com/users/priyank5485/starred{/owner}{/repo}",
          "subscriptions_url": "https://api.github.com/users/priyank5485/subscriptions",
          "organizations_url": "https://api.github.com/users/priyank5485/orgs",
          "repos_url": "https://api.github.com/users/priyank5485/repos",
          "events_url": "https://api.github.com/users/priyank5485/events{/privacy}",
          "received_events_url": "https://api.github.com/users/priyank5485/received_events",
          "type": "User",
          "site_admin": false
        },
        "html_url": "https://github.com/priyank5485/IoTaS",
        "description": "Internet of Things at Scale",
        "fork": false,
        "url": "https://api.github.com/repos/priyank5485/IoTaS",
        "forks_url": "https://api.github.com/repos/priyank5485/IoTaS/forks",
        "keys_url": "https://api.github.com/repos/priyank5485/IoTaS/keys{/key_id}",
        "collaborators_url": "https://api.github.com/repos/priyank5485/IoTaS/collaborators{/collaborator}",
        "teams_url": "https://api.github.com/repos/priyank5485/IoTaS/teams",
        "hooks_url": "https://api.github.com/repos/priyank5485/IoTaS/hooks",
        "issue_events_url": "https://api.github.com/repos/priyank5485/IoTaS/issues/events{/number}",
        "events_url": "https://api.github.com/repos/priyank5485/IoTaS/events",
        "assignees_url": "https://api.github.com/repos/priyank5485/IoTaS/assignees{/user}",
        "branches_url": "https://api.github.com/repos/priyank5485/IoTaS/branches{/branch}",
        "tags_url": "https://api.github.com/repos/priyank5485/IoTaS/tags",
        "blobs_url": "https://api.github.com/repos/priyank5485/IoTaS/git/blobs{/sha}",
        "git_tags_url": "https://api.github.com/repos/priyank5485/IoTaS/git/tags{/sha}",
        "git_refs_url": "https://api.github.com/repos/priyank5485/IoTaS/git/refs{/sha}",
        "trees_url": "https://api.github.com/repos/priyank5485/IoTaS/git/trees{/sha}",
        "statuses_url": "https://api.github.com/repos/priyank5485/IoTaS/statuses/{sha}",
        "languages_url": "https://api.github.com/repos/priyank5485/IoTaS/languages",
        "stargazers_url": "https://api.github.com/repos/priyank5485/IoTaS/stargazers",
        "contributors_url": "https://api.github.com/repos/priyank5485/IoTaS/contributors",
        "subscribers_url": "https://api.github.com/repos/priyank5485/IoTaS/subscribers",
        "subscription_url": "https://api.github.com/repos/priyank5485/IoTaS/subscription",
        "commits_url": "https://api.github.com/repos/priyank5485/IoTaS/commits{/sha}",
        "git_commits_url": "https://api.github.com/repos/priyank5485/IoTaS/git/commits{/sha}",
        "comments_url": "https://api.github.com/repos/priyank5485/IoTaS/comments{/number}",
        "issue_comment_url": "https://api.github.com/repos/priyank5485/IoTaS/issues/comments{/number}",
        "contents_url": "https://api.github.com/repos/priyank5485/IoTaS/contents/{+path}",
        "compare_url": "https://api.github.com/repos/priyank5485/IoTaS/compare/{base}...{head}",
        "merges_url": "https://api.github.com/repos/priyank5485/IoTaS/merges",
        "archive_url": "https://api.github.com/repos/priyank5485/IoTaS/{archive_format}{/ref}",
        "downloads_url": "https://api.github.com/repos/priyank5485/IoTaS/downloads",
        "issues_url": "https://api.github.com/repos/priyank5485/IoTaS/issues{/number}",
        "pulls_url": "https://api.github.com/repos/priyank5485/IoTaS/pulls{/number}",
        "milestones_url": "https://api.github.com/repos/priyank5485/IoTaS/milestones{/number}",
        "notifications_url": "https://api.github.com/repos/priyank5485/IoTaS/notifications{?since,all,participating}",
        "labels_url": "https://api.github.com/repos/priyank5485/IoTaS/labels{/name}",
        "releases_url": "https://api.github.com/repos/priyank5485/IoTaS/releases{/id}",
        "deployments_url": "https://api.github.com/repos/priyank5485/IoTaS/deployments",
        "created_at": "2015-08-06T01:15:52Z",
        "updated_at": "2017-02-22T22:27:59Z",
        "pushed_at": "2017-02-22T22:28:15Z",
        "git_url": "git://github.com/priyank5485/IoTaS.git",
        "ssh_url": "git@github.com:priyank5485/IoTaS.git",
        "clone_url": "https://github.com/priyank5485/IoTaS.git",
        "svn_url": "https://github.com/priyank5485/IoTaS",
        "homepage": null,
        "size": 39958,
        "stargazers_count": 0,
        "watchers_count": 0,
        "language": "Java",
        "has_issues": false,
        "has_projects": true,
        "has_downloads": true,
        "has_wiki": true,
        "has_pages": false,
        "forks_count": 0,
        "mirror_url": null,
        "archived": false,
        "disabled": false,
        "open_issues_count": 0,
        "license": {
          "key": "apache-2.0",
          "name": "Apache License 2.0",
          "spdx_id": "Apache-2.0",
          "url": "https://api.github.com/licenses/apache-2.0",
          "node_id": "MDc6TGljZW5zZTI="
        },
        "forks": 0,
        "open_issues": 0,
        "watchers": 0,
        "default_branch": "master"
      }
    },
    "base": {
      "label": "hortonworks:master",
      "ref": "master",
      "sha": "b3456067e255795031ddce5e0563a186d59a357c",
      "user": {
        "login": "hortonworks",
        "id": 898785,
        "node_id": "MDEyOk9yZ2FuaXphdGlvbjg5ODc4NQ==",
        "avatar_url": "https://avatars2.githubusercontent.com/u/898785?v=4",
        "gravatar_id": "",
        "url": "https://api.github.com/users/hortonworks",
        "html_url": "https://github.com/hortonworks",
        "followers_url": "https://api.github.com/users/hortonworks/followers",
        "following_url": "https://api.github.com/users/hortonworks/following{/other_user}",
        "gists_url": "https://api.github.com/users/hortonworks/gists{/gist_id}",
        "starred_url": "https://api.github.com/users/hortonworks/starred{/owner}{/repo}",
        "subscriptions_url": "https://api.github.com/users/hortonworks/subscriptions",
        "organizations_url": "https://api.github.com/users/hortonworks/orgs",
        "repos_url": "https://api.github.com/users/hortonworks/repos",
        "events_url": "https://api.github.com/users/hortonworks/events{/privacy}",
        "received_events_url": "https://api.github.com/users/hortonworks/received_events",
        "type": "Organization",
        "site_admin": false
      },
      "repo": {
        "id": 35627039,
        "node_id": "MDEwOlJlcG9zaXRvcnkzNTYyNzAzOQ==",
        "name": "streamline",
        "full_name": "hortonworks/streamline",
        "private": false,
        "owner": {
          "login": "hortonworks",
          "id": 898785,
          "node_id": "MDEyOk9yZ2FuaXphdGlvbjg5ODc4NQ==",
          "avatar_url": "https://avatars2.githubusercontent.com/u/898785?v=4",
          "gravatar_id": "",
          "url": "https://api.github.com/users/hortonworks",
          "html_url": "https://github.com/hortonworks",
          "followers_url": "https://api.github.com/users/hortonworks/followers",
          "following_url": "https://api.github.com/users/hortonworks/following{/other_user}",
          "gists_url": "https://api.github.com/users/hortonworks/gists{/gist_id}",
          "starred_url": "https://api.github.com/users/hortonworks/starred{/owner}{/repo}",
          "subscriptions_url": "https://api.github.com/users/hortonworks/subscriptions",
          "organizations_url": "https://api.github.com/users/hortonworks/orgs",
          "repos_url": "https://api.github.com/users/hortonworks/repos",
          "events_url": "https://api.github.com/users/hortonworks/events{/privacy}",
          "received_events_url": "https://api.github.com/users/hortonworks/received_events",
          "type": "Organization",
          "site_admin": false
        },
        "html_url": "https://github.com/hortonworks/streamline",
        "description": "StreamLine - Streaming Analytics ",
        "fork": false,
        "url": "https://api.github.com/repos/hortonworks/streamline",
        "forks_url": "https://api.github.com/repos/hortonworks/streamline/forks",
        "keys_url": "https://api.github.com/repos/hortonworks/streamline/keys{/key_id}",
        "collaborators_url": "https://api.github.com/repos/hortonworks/streamline/collaborators{/collaborator}",
        "teams_url": "https://api.github.com/repos/hortonworks/streamline/teams",
        "hooks_url": "https://api.github.com/repos/hortonworks/streamline/hooks",
        "issue_events_url": "https://api.github.com/repos/hortonworks/streamline/issues/events{/number}",
        "events_url": "https://api.github.com/repos/hortonworks/streamline/events",
        "assignees_url": "https://api.github.com/repos/hortonworks/streamline/assignees{/user}",
        "branches_url": "https://api.github.com/repos/hortonworks/streamline/branches{/branch}",
        "tags_url": "https://api.github.com/repos/hortonworks/streamline/tags",
        "blobs_url": "https://api.github.com/repos/hortonworks/streamline/git/blobs{/sha}",
        "git_tags_url": "https://api.github.com/repos/hortonworks/streamline/git/tags{/sha}",
        "git_refs_url": "https://api.github.com/repos/hortonworks/streamline/git/refs{/sha}",
        "trees_url": "https://api.github.com/repos/hortonworks/streamline/git/trees{/sha}",
        "statuses_url": "https://api.github.com/repos/hortonworks/streamline/statuses/{sha}",
        "languages_url": "https://api.github.com/repos/hortonworks/streamline/languages",
        "stargazers_url": "https://api.github.com/repos/hortonworks/streamline/stargazers",
        "contributors_url": "https://api.github.com/repos/hortonworks/streamline/contributors",
        "subscribers_url": "https://api.github.com/repos/hortonworks/streamline/subscribers",
        "subscription_url": "https://api.github.com/repos/hortonworks/streamline/subscription",
        "commits_url": "https://api.github.com/repos/hortonworks/streamline/commits{/sha}",
        "git_commits_url": "https://api.github.com/repos/hortonworks/streamline/git/commits{/sha}",
        "comments_url": "https://api.github.com/repos/hortonworks/streamline/comments{/number}",
        "issue_comment_url": "https://api.github.com/repos/hortonworks/streamline/issues/comments{/number}",
        "contents_url": "https://api.github.com/repos/hortonworks/streamline/contents/{+path}",
        "compare_url": "https://api.github.com/repos/hortonworks/streamline/compare/{base}...{head}",
        "merges_url": "https://api.github.com/repos/hortonworks/streamline/merges",
        "archive_url": "https://api.github.com/repos/hortonworks/streamline/{archive_format}{/ref}",
        "downloads_url": "https://api.github.com/repos/hortonworks/streamline/downloads",
        "issues_url": "https://api.github.com/repos/hortonworks/streamline/issues{/number}",
        "pulls_url": "https://api.github.com/repos/hortonworks/streamline/pulls{/number}",
        "milestones_url": "https://api.github.com/repos/hortonworks/streamline/milestones{/number}",
        "notifications_url": "https://api.github.com/repos/hortonworks/streamline/notifications{?since,all,participating}",
        "labels_url": "https://api.github.com/repos/hortonworks/streamline/labels{/name}",
        "releases_url": "https://api.github.com/repos/hortonworks/streamline/releases{/id}",
        "deployments_url": "https://api.github.com/repos/hortonworks/streamline/deployments",
        "created_at": "2015-05-14T17:56:13Z",
        "updated_at": "2019-09-02T01:53:47Z",
        "pushed_at": "2019-09-09T13:39:02Z",
        "git_url": "git://github.com/hortonworks/streamline.git",
        "ssh_url": "git@github.com:hortonworks/streamline.git",
        "clone_url": "https://github.com/hortonworks/streamline.git",
        "svn_url": "https://github.com/hortonworks/streamline",
        "homepage": "",
        "size": 69198,
        "stargazers_count": 142,
        "watchers_count": 142,
        "language": "Java",
        "has_issues": true,
        "has_projects": true,
        "has_downloads": true,
        "has_wiki": true,
        "has_pages": false,
        "forks_count": 92,
        "mirror_url": null,
        "archived": false,
        "disabled": false,
        "open_issues_count": 113,
        "license": {
          "key": "apache-2.0",
          "name": "Apache License 2.0",
          "spdx_id": "Apache-2.0",
          "url": "https://api.github.com/licenses/apache-2.0",
          "node_id": "MDc6TGljZW5zZTI="
        },
        "forks": 92,
        "open_issues": 113,
        "watchers": 142,
        "default_branch": "master"
      }
    },
    "_links": {
      "self": {
        "href": "https://api.github.com/repos/hortonworks/streamline/pulls/10"
      },
      "html": {
        "href": "https://github.com/hortonworks/streamline/pull/10"
      },
      "issue": {
        "href": "https://api.github.com/repos/hortonworks/streamline/issues/10"
      },
      "comments": {
        "href": "https://api.github.com/repos/hortonworks/streamline/issues/10/comments"
      },
      "review_comments": {
        "href": "https://api.github.com/repos/hortonworks/streamline/pulls/10/comments"
      },
      "review_comment": {
        "href": "https://api.github.com/repos/hortonworks/streamline/pulls/comments{/number}"
      },
      "commits": {
        "href": "https://api.github.com/repos/hortonworks/streamline/pulls/10/commits"
      },
      "statuses": {
        "href": "https://api.github.com/repos/hortonworks/streamline/statuses/ec183a848f3b1abc4216cef9b3035e0d9f2f6d75"
      }
    },
    "author_association": "CONTRIBUTOR"
  }
]
