[
  {
    "url": "https://api.github.com/repos/apache/airflow/pulls/3900",
    "id": 215427239,
    "node_id": "MDExOlB1bGxSZXF1ZXN0MjE1NDI3MjM5",
    "html_url": "https://github.com/apache/airflow/pull/3900",
    "diff_url": "https://github.com/apache/airflow/pull/3900.diff",
    "patch_url": "https://github.com/apache/airflow/pull/3900.patch",
    "issue_url": "https://api.github.com/repos/apache/airflow/issues/3900",
    "number": 3900,
    "state": "closed",
    "locked": false,
    "title": "[AIRFLOW-3060] DAG context manager fails to exit properly in certain circumstances",
    "user": {
      "login": "newtonle",
      "id": 5495440,
      "node_id": "MDQ6VXNlcjU0OTU0NDA=",
      "avatar_url": "https://avatars1.githubusercontent.com/u/5495440?v=4",
      "gravatar_id": "",
      "url": "https://api.github.com/users/newtonle",
      "html_url": "https://github.com/newtonle",
      "followers_url": "https://api.github.com/users/newtonle/followers",
      "following_url": "https://api.github.com/users/newtonle/following{/other_user}",
      "gists_url": "https://api.github.com/users/newtonle/gists{/gist_id}",
      "starred_url": "https://api.github.com/users/newtonle/starred{/owner}{/repo}",
      "subscriptions_url": "https://api.github.com/users/newtonle/subscriptions",
      "organizations_url": "https://api.github.com/users/newtonle/orgs",
      "repos_url": "https://api.github.com/users/newtonle/repos",
      "events_url": "https://api.github.com/users/newtonle/events{/privacy}",
      "received_events_url": "https://api.github.com/users/newtonle/received_events",
      "type": "User",
      "site_admin": false
    },
    "body": "Make sure you have checked _all_ steps below.\r\n\r\n### Jira\r\n\r\n- [x] My PR addresses the following [Airflow Jira](https://issues.apache.org/jira/browse/AIRFLOW/) issues and references them in the PR title. For example, \"\\[AIRFLOW-XXX\\] My Airflow PR\"\r\n  - https://issues.apache.org/jira/browse/AIRFLOW-3060\r\n  - In case you are fixing a typo in the documentation you can prepend your commit with \\[AIRFLOW-XXX\\], code changes always need a Jira issue.\r\n\r\n### Description\r\n\r\n- [x] Here are some details about my PR, including screenshots of any UI changes:\r\n\r\nAdded an attribute `_context_manager_set` to `DAG` to keep track if the context has already been entered. the `__enter__` and `__exit__` methods have been modified to utilize this attribute and optionally set `_CONTEXT_MANAGER_DAG`. \r\n\r\n### Tests\r\n\r\n- [x] My PR adds the following unit tests __OR__ does not need testing for this extremely good reason:\r\nadditional tests in models.py:test_dag_as_context_manager\r\n\r\n### Commits\r\n\r\n- [x] My commits all reference Jira issues in their subject lines, and I have squashed multiple commits if they address the same issue. In addition, my commits follow the guidelines from \"[How to write a good git commit message](http://chris.beams.io/posts/git-commit/)\":\r\n  1. Subject is separated from body by a blank line\r\n  1. Subject is limited to 50 characters (not including Jira issue reference)\r\n  1. Subject does not end with a period\r\n  1. Subject uses the imperative mood (\"add\", not \"adding\")\r\n  1. Body wraps at 72 characters\r\n  1. Body explains \"what\" and \"why\", not \"how\"\r\n\r\n### Documentation\r\n\r\n- [x] In case of new functionality, my PR adds documentation that describes how to use it.\r\n  - When adding new operators/hooks/sensors, the autoclass documentation generation needs to be added.\r\n\r\n### Code Quality\r\n\r\n- [x] Passes `git diff upstream/master -u -- \"*.py\" | flake8 --diff`\r\n\r\n@aoen please have a look!",
    "created_at": "2018-09-13T21:55:00Z",
    "updated_at": "2018-09-14T00:59:28Z",
    "closed_at": "2018-09-14T00:59:28Z",
    "merged_at": "2018-09-14T00:59:28Z",
    "merge_commit_sha": "f9d83d4208b2bcb19a466d7967d98193262d680a",
    "assignee": null,
    "assignees": [

    ],
    "requested_reviewers": [

    ],
    "requested_teams": [

    ],
    "labels": [

    ],
    "milestone": null,
    "commits_url": "https://api.github.com/repos/apache/airflow/pulls/3900/commits",
    "review_comments_url": "https://api.github.com/repos/apache/airflow/pulls/3900/comments",
    "review_comment_url": "https://api.github.com/repos/apache/airflow/pulls/comments{/number}",
    "comments_url": "https://api.github.com/repos/apache/airflow/issues/3900/comments",
    "statuses_url": "https://api.github.com/repos/apache/airflow/statuses/dd69892d8b764cf669d1cf354d5662dd99fba563",
    "head": {
      "label": "newtonle:dag-context-fix",
      "ref": "dag-context-fix",
      "sha": "dd69892d8b764cf669d1cf354d5662dd99fba563",
      "user": {
        "login": "newtonle",
        "id": 5495440,
        "node_id": "MDQ6VXNlcjU0OTU0NDA=",
        "avatar_url": "https://avatars1.githubusercontent.com/u/5495440?v=4",
        "gravatar_id": "",
        "url": "https://api.github.com/users/newtonle",
        "html_url": "https://github.com/newtonle",
        "followers_url": "https://api.github.com/users/newtonle/followers",
        "following_url": "https://api.github.com/users/newtonle/following{/other_user}",
        "gists_url": "https://api.github.com/users/newtonle/gists{/gist_id}",
        "starred_url": "https://api.github.com/users/newtonle/starred{/owner}{/repo}",
        "subscriptions_url": "https://api.github.com/users/newtonle/subscriptions",
        "organizations_url": "https://api.github.com/users/newtonle/orgs",
        "repos_url": "https://api.github.com/users/newtonle/repos",
        "events_url": "https://api.github.com/users/newtonle/events{/privacy}",
        "received_events_url": "https://api.github.com/users/newtonle/received_events",
        "type": "User",
        "site_admin": false
      },
      "repo": {
        "id": 148695040,
        "node_id": "MDEwOlJlcG9zaXRvcnkxNDg2OTUwNDA=",
        "name": "incubator-airflow",
        "full_name": "newtonle/incubator-airflow",
        "private": false,
        "owner": {
          "login": "newtonle",
          "id": 5495440,
          "node_id": "MDQ6VXNlcjU0OTU0NDA=",
          "avatar_url": "https://avatars1.githubusercontent.com/u/5495440?v=4",
          "gravatar_id": "",
          "url": "https://api.github.com/users/newtonle",
          "html_url": "https://github.com/newtonle",
          "followers_url": "https://api.github.com/users/newtonle/followers",
          "following_url": "https://api.github.com/users/newtonle/following{/other_user}",
          "gists_url": "https://api.github.com/users/newtonle/gists{/gist_id}",
          "starred_url": "https://api.github.com/users/newtonle/starred{/owner}{/repo}",
          "subscriptions_url": "https://api.github.com/users/newtonle/subscriptions",
          "organizations_url": "https://api.github.com/users/newtonle/orgs",
          "repos_url": "https://api.github.com/users/newtonle/repos",
          "events_url": "https://api.github.com/users/newtonle/events{/privacy}",
          "received_events_url": "https://api.github.com/users/newtonle/received_events",
          "type": "User",
          "site_admin": false
        },
        "html_url": "https://github.com/newtonle/incubator-airflow",
        "description": "Apache Airflow (Incubating)",
        "fork": true,
        "url": "https://api.github.com/repos/newtonle/incubator-airflow",
        "forks_url": "https://api.github.com/repos/newtonle/incubator-airflow/forks",
        "keys_url": "https://api.github.com/repos/newtonle/incubator-airflow/keys{/key_id}",
        "collaborators_url": "https://api.github.com/repos/newtonle/incubator-airflow/collaborators{/collaborator}",
        "teams_url": "https://api.github.com/repos/newtonle/incubator-airflow/teams",
        "hooks_url": "https://api.github.com/repos/newtonle/incubator-airflow/hooks",
        "issue_events_url": "https://api.github.com/repos/newtonle/incubator-airflow/issues/events{/number}",
        "events_url": "https://api.github.com/repos/newtonle/incubator-airflow/events",
        "assignees_url": "https://api.github.com/repos/newtonle/incubator-airflow/assignees{/user}",
        "branches_url": "https://api.github.com/repos/newtonle/incubator-airflow/branches{/branch}",
        "tags_url": "https://api.github.com/repos/newtonle/incubator-airflow/tags",
        "blobs_url": "https://api.github.com/repos/newtonle/incubator-airflow/git/blobs{/sha}",
        "git_tags_url": "https://api.github.com/repos/newtonle/incubator-airflow/git/tags{/sha}",
        "git_refs_url": "https://api.github.com/repos/newtonle/incubator-airflow/git/refs{/sha}",
        "trees_url": "https://api.github.com/repos/newtonle/incubator-airflow/git/trees{/sha}",
        "statuses_url": "https://api.github.com/repos/newtonle/incubator-airflow/statuses/{sha}",
        "languages_url": "https://api.github.com/repos/newtonle/incubator-airflow/languages",
        "stargazers_url": "https://api.github.com/repos/newtonle/incubator-airflow/stargazers",
        "contributors_url": "https://api.github.com/repos/newtonle/incubator-airflow/contributors",
        "subscribers_url": "https://api.github.com/repos/newtonle/incubator-airflow/subscribers",
        "subscription_url": "https://api.github.com/repos/newtonle/incubator-airflow/subscription",
        "commits_url": "https://api.github.com/repos/newtonle/incubator-airflow/commits{/sha}",
        "git_commits_url": "https://api.github.com/repos/newtonle/incubator-airflow/git/commits{/sha}",
        "comments_url": "https://api.github.com/repos/newtonle/incubator-airflow/comments{/number}",
        "issue_comment_url": "https://api.github.com/repos/newtonle/incubator-airflow/issues/comments{/number}",
        "contents_url": "https://api.github.com/repos/newtonle/incubator-airflow/contents/{+path}",
        "compare_url": "https://api.github.com/repos/newtonle/incubator-airflow/compare/{base}...{head}",
        "merges_url": "https://api.github.com/repos/newtonle/incubator-airflow/merges",
        "archive_url": "https://api.github.com/repos/newtonle/incubator-airflow/{archive_format}{/ref}",
        "downloads_url": "https://api.github.com/repos/newtonle/incubator-airflow/downloads",
        "issues_url": "https://api.github.com/repos/newtonle/incubator-airflow/issues{/number}",
        "pulls_url": "https://api.github.com/repos/newtonle/incubator-airflow/pulls{/number}",
        "milestones_url": "https://api.github.com/repos/newtonle/incubator-airflow/milestones{/number}",
        "notifications_url": "https://api.github.com/repos/newtonle/incubator-airflow/notifications{?since,all,participating}",
        "labels_url": "https://api.github.com/repos/newtonle/incubator-airflow/labels{/name}",
        "releases_url": "https://api.github.com/repos/newtonle/incubator-airflow/releases{/id}",
        "deployments_url": "https://api.github.com/repos/newtonle/incubator-airflow/deployments",
        "created_at": "2018-09-13T20:37:51Z",
        "updated_at": "2019-03-09T00:45:10Z",
        "pushed_at": "2019-03-12T16:55:51Z",
        "git_url": "git://github.com/newtonle/incubator-airflow.git",
        "ssh_url": "git@github.com:newtonle/incubator-airflow.git",
        "clone_url": "https://github.com/newtonle/incubator-airflow.git",
        "svn_url": "https://github.com/newtonle/incubator-airflow",
        "homepage": "https://airflow.apache.org",
        "size": 30156,
        "stargazers_count": 0,
        "watchers_count": 0,
        "language": "Python",
        "has_issues": false,
        "has_projects": true,
        "has_downloads": true,
        "has_wiki": false,
        "has_pages": false,
        "forks_count": 0,
        "mirror_url": null,
        "archived": false,
        "disabled": false,
        "open_issues_count": 0,
        "license": {
          "key": "apache-2.0",
          "name": "Apache License 2.0",
          "spdx_id": "Apache-2.0",
          "url": "https://api.github.com/licenses/apache-2.0",
          "node_id": "MDc6TGljZW5zZTI="
        },
        "forks": 0,
        "open_issues": 0,
        "watchers": 0,
        "default_branch": "master"
      }
    },
    "base": {
      "label": "apache:master",
      "ref": "master",
      "sha": "4c30d402c4cd57dc56a5d9dcfe642eadc77ec3ba",
      "user": {
        "login": "apache",
        "id": 47359,
        "node_id": "MDEyOk9yZ2FuaXphdGlvbjQ3MzU5",
        "avatar_url": "https://avatars0.githubusercontent.com/u/47359?v=4",
        "gravatar_id": "",
        "url": "https://api.github.com/users/apache",
        "html_url": "https://github.com/apache",
        "followers_url": "https://api.github.com/users/apache/followers",
        "following_url": "https://api.github.com/users/apache/following{/other_user}",
        "gists_url": "https://api.github.com/users/apache/gists{/gist_id}",
        "starred_url": "https://api.github.com/users/apache/starred{/owner}{/repo}",
        "subscriptions_url": "https://api.github.com/users/apache/subscriptions",
        "organizations_url": "https://api.github.com/users/apache/orgs",
        "repos_url": "https://api.github.com/users/apache/repos",
        "events_url": "https://api.github.com/users/apache/events{/privacy}",
        "received_events_url": "https://api.github.com/users/apache/received_events",
        "type": "Organization",
        "site_admin": false
      },
      "repo": {
        "id": 33884891,
        "node_id": "MDEwOlJlcG9zaXRvcnkzMzg4NDg5MQ==",
        "name": "airflow",
        "full_name": "apache/airflow",
        "private": false,
        "owner": {
          "login": "apache",
          "id": 47359,
          "node_id": "MDEyOk9yZ2FuaXphdGlvbjQ3MzU5",
          "avatar_url": "https://avatars0.githubusercontent.com/u/47359?v=4",
          "gravatar_id": "",
          "url": "https://api.github.com/users/apache",
          "html_url": "https://github.com/apache",
          "followers_url": "https://api.github.com/users/apache/followers",
          "following_url": "https://api.github.com/users/apache/following{/other_user}",
          "gists_url": "https://api.github.com/users/apache/gists{/gist_id}",
          "starred_url": "https://api.github.com/users/apache/starred{/owner}{/repo}",
          "subscriptions_url": "https://api.github.com/users/apache/subscriptions",
          "organizations_url": "https://api.github.com/users/apache/orgs",
          "repos_url": "https://api.github.com/users/apache/repos",
          "events_url": "https://api.github.com/users/apache/events{/privacy}",
          "received_events_url": "https://api.github.com/users/apache/received_events",
          "type": "Organization",
          "site_admin": false
        },
        "html_url": "https://github.com/apache/airflow",
        "description": "Apache Airflow",
        "fork": false,
        "url": "https://api.github.com/repos/apache/airflow",
        "forks_url": "https://api.github.com/repos/apache/airflow/forks",
        "keys_url": "https://api.github.com/repos/apache/airflow/keys{/key_id}",
        "collaborators_url": "https://api.github.com/repos/apache/airflow/collaborators{/collaborator}",
        "teams_url": "https://api.github.com/repos/apache/airflow/teams",
        "hooks_url": "https://api.github.com/repos/apache/airflow/hooks",
        "issue_events_url": "https://api.github.com/repos/apache/airflow/issues/events{/number}",
        "events_url": "https://api.github.com/repos/apache/airflow/events",
        "assignees_url": "https://api.github.com/repos/apache/airflow/assignees{/user}",
        "branches_url": "https://api.github.com/repos/apache/airflow/branches{/branch}",
        "tags_url": "https://api.github.com/repos/apache/airflow/tags",
        "blobs_url": "https://api.github.com/repos/apache/airflow/git/blobs{/sha}",
        "git_tags_url": "https://api.github.com/repos/apache/airflow/git/tags{/sha}",
        "git_refs_url": "https://api.github.com/repos/apache/airflow/git/refs{/sha}",
        "trees_url": "https://api.github.com/repos/apache/airflow/git/trees{/sha}",
        "statuses_url": "https://api.github.com/repos/apache/airflow/statuses/{sha}",
        "languages_url": "https://api.github.com/repos/apache/airflow/languages",
        "stargazers_url": "https://api.github.com/repos/apache/airflow/stargazers",
        "contributors_url": "https://api.github.com/repos/apache/airflow/contributors",
        "subscribers_url": "https://api.github.com/repos/apache/airflow/subscribers",
        "subscription_url": "https://api.github.com/repos/apache/airflow/subscription",
        "commits_url": "https://api.github.com/repos/apache/airflow/commits{/sha}",
        "git_commits_url": "https://api.github.com/repos/apache/airflow/git/commits{/sha}",
        "comments_url": "https://api.github.com/repos/apache/airflow/comments{/number}",
        "issue_comment_url": "https://api.github.com/repos/apache/airflow/issues/comments{/number}",
        "contents_url": "https://api.github.com/repos/apache/airflow/contents/{+path}",
        "compare_url": "https://api.github.com/repos/apache/airflow/compare/{base}...{head}",
        "merges_url": "https://api.github.com/repos/apache/airflow/merges",
        "archive_url": "https://api.github.com/repos/apache/airflow/{archive_format}{/ref}",
        "downloads_url": "https://api.github.com/repos/apache/airflow/downloads",
        "issues_url": "https://api.github.com/repos/apache/airflow/issues{/number}",
        "pulls_url": "https://api.github.com/repos/apache/airflow/pulls{/number}",
        "milestones_url": "https://api.github.com/repos/apache/airflow/milestones{/number}",
        "notifications_url": "https://api.github.com/repos/apache/airflow/notifications{?since,all,participating}",
        "labels_url": "https://api.github.com/repos/apache/airflow/labels{/name}",
        "releases_url": "https://api.github.com/repos/apache/airflow/releases{/id}",
        "deployments_url": "https://api.github.com/repos/apache/airflow/deployments",
        "created_at": "2015-04-13T18:04:58Z",
        "updated_at": "2019-09-10T15:14:58Z",
        "pushed_at": "2019-09-10T15:23:26Z",
        "git_url": "git://github.com/apache/airflow.git",
        "ssh_url": "git@github.com:apache/airflow.git",
        "clone_url": "https://github.com/apache/airflow.git",
        "svn_url": "https://github.com/apache/airflow",
        "homepage": "https://airflow.apache.org",
        "size": 44079,
        "stargazers_count": 13851,
        "watchers_count": 13851,
        "language": "Python",
        "has_issues": false,
        "has_projects": true,
        "has_downloads": true,
        "has_wiki": false,
        "has_pages": false,
        "forks_count": 5123,
        "mirror_url": null,
        "archived": false,
        "disabled": false,
        "open_issues_count": 336,
        "license": {
          "key": "apache-2.0",
          "name": "Apache License 2.0",
          "spdx_id": "Apache-2.0",
          "url": "https://api.github.com/licenses/apache-2.0",
          "node_id": "MDc6TGljZW5zZTI="
        },
        "forks": 5123,
        "open_issues": 336,
        "watchers": 13851,
        "default_branch": "master"
      }
    },
    "_links": {
      "self": {
        "href": "https://api.github.com/repos/apache/airflow/pulls/3900"
      },
      "html": {
        "href": "https://github.com/apache/airflow/pull/3900"
      },
      "issue": {
        "href": "https://api.github.com/repos/apache/airflow/issues/3900"
      },
      "comments": {
        "href": "https://api.github.com/repos/apache/airflow/issues/3900/comments"
      },
      "review_comments": {
        "href": "https://api.github.com/repos/apache/airflow/pulls/3900/comments"
      },
      "review_comment": {
        "href": "https://api.github.com/repos/apache/airflow/pulls/comments{/number}"
      },
      "commits": {
        "href": "https://api.github.com/repos/apache/airflow/pulls/3900/commits"
      },
      "statuses": {
        "href": "https://api.github.com/repos/apache/airflow/statuses/dd69892d8b764cf669d1cf354d5662dd99fba563"
      }
    },
    "author_association": "CONTRIBUTOR"
  }
]
