[
  {
    "url": "https://api.github.com/repos/apache/spark/pulls/1",
    "id": 42203731,
    "node_id": "MDExOlB1bGxSZXF1ZXN0NDIyMDM3MzE=",
    "html_url": "https://github.com/ggupta81/spark/pull/1",
    "diff_url": "https://github.com/ggupta81/spark/pull/1.diff",
    "patch_url": "https://github.com/ggupta81/spark/pull/1.patch",
    "issue_url": "https://api.github.com/repos/apache/spark/issues/1",
    "number": 1,
    "state": "closed",
    "locked": false,
    "title": "Syncing to head",
    "user": {
      "login": "ggupta81",
      "id": 11269653,
      "node_id": "MDQ6VXNlcjExMjY5NjUz",
      "avatar_url": "https://avatars2.githubusercontent.com/u/11269653?v=4",
      "gravatar_id": "",
      "url": "https://api.github.com/users/ggupta81",
      "html_url": "https://github.com/ggupta81",
      "followers_url": "https://api.github.com/users/ggupta81/followers",
      "following_url": "https://api.github.com/users/ggupta81/following{/other_user}",
      "gists_url": "https://api.github.com/users/ggupta81/gists{/gist_id}",
      "starred_url": "https://api.github.com/users/ggupta81/starred{/owner}{/repo}",
      "subscriptions_url": "https://api.github.com/users/ggupta81/subscriptions",
      "organizations_url": "https://api.github.com/users/ggupta81/orgs",
      "repos_url": "https://api.github.com/users/ggupta81/repos",
      "events_url": "https://api.github.com/users/ggupta81/events{/privacy}",
      "received_events_url": "https://api.github.com/users/ggupta81/received_events",
      "type": "User",
      "site_admin": false
    },
    "body": "",
    "created_at": "2015-08-12T04:38:04Z",
    "updated_at": "2015-08-12T04:39:07Z",
    "closed_at": "2015-08-12T04:39:07Z",
    "merged_at": "2015-08-12T04:39:07Z",
    "merge_commit_sha": "f95c56a55662e03156e1dbe0ee505f510b25388d",
    "assignee": null,
    "assignees": [

    ],
    "requested_reviewers": [

    ],
    "requested_teams": [

    ],
    "labels": [

    ],
    "milestone": null,
    "commits_url": "https://api.github.com/repos/apache/spark/pulls/1/commits",
    "review_comments_url": "https://api.github.com/repos/apache/spark/pulls/1/comments",
    "review_comment_url": "https://api.github.com/repos/apache/spark/pulls/comments{/number}",
    "comments_url": "https://api.github.com/repos/apache/spark/issues/1/comments",
    "statuses_url": "https://api.github.com/repos/apache/spark/statuses/74a293f4537c6982345166f8883538f81d850872",
    "head": {
      "label": "apache:master",
      "ref": "master",
      "sha": "74a293f4537c6982345166f8883538f81d850872",
      "user": {
        "login": "apache",
        "id": 47359,
        "node_id": "MDEyOk9yZ2FuaXphdGlvbjQ3MzU5",
        "avatar_url": "https://avatars0.githubusercontent.com/u/47359?v=4",
        "gravatar_id": "",
        "url": "https://api.github.com/users/apache",
        "html_url": "https://github.com/apache",
        "followers_url": "https://api.github.com/users/apache/followers",
        "following_url": "https://api.github.com/users/apache/following{/other_user}",
        "gists_url": "https://api.github.com/users/apache/gists{/gist_id}",
        "starred_url": "https://api.github.com/users/apache/starred{/owner}{/repo}",
        "subscriptions_url": "https://api.github.com/users/apache/subscriptions",
        "organizations_url": "https://api.github.com/users/apache/orgs",
        "repos_url": "https://api.github.com/users/apache/repos",
        "events_url": "https://api.github.com/users/apache/events{/privacy}",
        "received_events_url": "https://api.github.com/users/apache/received_events",
        "type": "Organization",
        "site_admin": false
      },
      "repo": {
        "id": 17165658,
        "node_id": "MDEwOlJlcG9zaXRvcnkxNzE2NTY1OA==",
        "name": "spark",
        "full_name": "apache/spark",
        "private": false,
        "owner": {
          "login": "apache",
          "id": 47359,
          "node_id": "MDEyOk9yZ2FuaXphdGlvbjQ3MzU5",
          "avatar_url": "https://avatars0.githubusercontent.com/u/47359?v=4",
          "gravatar_id": "",
          "url": "https://api.github.com/users/apache",
          "html_url": "https://github.com/apache",
          "followers_url": "https://api.github.com/users/apache/followers",
          "following_url": "https://api.github.com/users/apache/following{/other_user}",
          "gists_url": "https://api.github.com/users/apache/gists{/gist_id}",
          "starred_url": "https://api.github.com/users/apache/starred{/owner}{/repo}",
          "subscriptions_url": "https://api.github.com/users/apache/subscriptions",
          "organizations_url": "https://api.github.com/users/apache/orgs",
          "repos_url": "https://api.github.com/users/apache/repos",
          "events_url": "https://api.github.com/users/apache/events{/privacy}",
          "received_events_url": "https://api.github.com/users/apache/received_events",
          "type": "Organization",
          "site_admin": false
        },
        "html_url": "https://github.com/apache/spark",
        "description": "Apache Spark",
        "fork": false,
        "url": "https://api.github.com/repos/apache/spark",
        "forks_url": "https://api.github.com/repos/apache/spark/forks",
        "keys_url": "https://api.github.com/repos/apache/spark/keys{/key_id}",
        "collaborators_url": "https://api.github.com/repos/apache/spark/collaborators{/collaborator}",
        "teams_url": "https://api.github.com/repos/apache/spark/teams",
        "hooks_url": "https://api.github.com/repos/apache/spark/hooks",
        "issue_events_url": "https://api.github.com/repos/apache/spark/issues/events{/number}",
        "events_url": "https://api.github.com/repos/apache/spark/events",
        "assignees_url": "https://api.github.com/repos/apache/spark/assignees{/user}",
        "branches_url": "https://api.github.com/repos/apache/spark/branches{/branch}",
        "tags_url": "https://api.github.com/repos/apache/spark/tags",
        "blobs_url": "https://api.github.com/repos/apache/spark/git/blobs{/sha}",
        "git_tags_url": "https://api.github.com/repos/apache/spark/git/tags{/sha}",
        "git_refs_url": "https://api.github.com/repos/apache/spark/git/refs{/sha}",
        "trees_url": "https://api.github.com/repos/apache/spark/git/trees{/sha}",
        "statuses_url": "https://api.github.com/repos/apache/spark/statuses/{sha}",
        "languages_url": "https://api.github.com/repos/apache/spark/languages",
        "stargazers_url": "https://api.github.com/repos/apache/spark/stargazers",
        "contributors_url": "https://api.github.com/repos/apache/spark/contributors",
        "subscribers_url": "https://api.github.com/repos/apache/spark/subscribers",
        "subscription_url": "https://api.github.com/repos/apache/spark/subscription",
        "commits_url": "https://api.github.com/repos/apache/spark/commits{/sha}",
        "git_commits_url": "https://api.github.com/repos/apache/spark/git/commits{/sha}",
        "comments_url": "https://api.github.com/repos/apache/spark/comments{/number}",
        "issue_comment_url": "https://api.github.com/repos/apache/spark/issues/comments{/number}",
        "contents_url": "https://api.github.com/repos/apache/spark/contents/{+path}",
        "compare_url": "https://api.github.com/repos/apache/spark/compare/{base}...{head}",
        "merges_url": "https://api.github.com/repos/apache/spark/merges",
        "archive_url": "https://api.github.com/repos/apache/spark/{archive_format}{/ref}",
        "downloads_url": "https://api.github.com/repos/apache/spark/downloads",
        "issues_url": "https://api.github.com/repos/apache/spark/issues{/number}",
        "pulls_url": "https://api.github.com/repos/apache/spark/pulls{/number}",
        "milestones_url": "https://api.github.com/repos/apache/spark/milestones{/number}",
        "notifications_url": "https://api.github.com/repos/apache/spark/notifications{?since,all,participating}",
        "labels_url": "https://api.github.com/repos/apache/spark/labels{/name}",
        "releases_url": "https://api.github.com/repos/apache/spark/releases{/id}",
        "deployments_url": "https://api.github.com/repos/apache/spark/deployments",
        "created_at": "2014-02-25T08:00:08Z",
        "updated_at": "2019-09-10T05:47:28Z",
        "pushed_at": "2019-09-10T05:49:15Z",
        "git_url": "git://github.com/apache/spark.git",
        "ssh_url": "git@github.com:apache/spark.git",
        "clone_url": "https://github.com/apache/spark.git",
        "svn_url": "https://github.com/apache/spark",
        "homepage": "",
        "size": 310450,
        "stargazers_count": 23327,
        "watchers_count": 23327,
        "language": "Scala",
        "has_issues": false,
        "has_projects": true,
        "has_downloads": true,
        "has_wiki": false,
        "has_pages": false,
        "forks_count": 19974,
        "mirror_url": null,
        "archived": false,
        "disabled": false,
        "open_issues_count": 517,
        "license": {
          "key": "apache-2.0",
          "name": "Apache License 2.0",
          "spdx_id": "Apache-2.0",
          "url": "https://api.github.com/licenses/apache-2.0",
          "node_id": "MDc6TGljZW5zZTI="
        },
        "forks": 19974,
        "open_issues": 517,
        "watchers": 23327,
        "default_branch": "master"
      }
    },
    "base": {
      "label": "ggupta81:master",
      "ref": "master",
      "sha": "5dfd2b8873fe9435a8ca6d50269a64bde6b307e4",
      "user": {
        "login": "ggupta81",
        "id": 11269653,
        "node_id": "MDQ6VXNlcjExMjY5NjUz",
        "avatar_url": "https://avatars2.githubusercontent.com/u/11269653?v=4",
        "gravatar_id": "",
        "url": "https://api.github.com/users/ggupta81",
        "html_url": "https://github.com/ggupta81",
        "followers_url": "https://api.github.com/users/ggupta81/followers",
        "following_url": "https://api.github.com/users/ggupta81/following{/other_user}",
        "gists_url": "https://api.github.com/users/ggupta81/gists{/gist_id}",
        "starred_url": "https://api.github.com/users/ggupta81/starred{/owner}{/repo}",
        "subscriptions_url": "https://api.github.com/users/ggupta81/subscriptions",
        "organizations_url": "https://api.github.com/users/ggupta81/orgs",
        "repos_url": "https://api.github.com/users/ggupta81/repos",
        "events_url": "https://api.github.com/users/ggupta81/events{/privacy}",
        "received_events_url": "https://api.github.com/users/ggupta81/received_events",
        "type": "User",
        "site_admin": false
      },
      "repo": {
        "id": 38597953,
        "node_id": "MDEwOlJlcG9zaXRvcnkzODU5Nzk1Mw==",
        "name": "spark",
        "full_name": "ggupta81/spark",
        "private": false,
        "owner": {
          "login": "ggupta81",
          "id": 11269653,
          "node_id": "MDQ6VXNlcjExMjY5NjUz",
          "avatar_url": "https://avatars2.githubusercontent.com/u/11269653?v=4",
          "gravatar_id": "",
          "url": "https://api.github.com/users/ggupta81",
          "html_url": "https://github.com/ggupta81",
          "followers_url": "https://api.github.com/users/ggupta81/followers",
          "following_url": "https://api.github.com/users/ggupta81/following{/other_user}",
          "gists_url": "https://api.github.com/users/ggupta81/gists{/gist_id}",
          "starred_url": "https://api.github.com/users/ggupta81/starred{/owner}{/repo}",
          "subscriptions_url": "https://api.github.com/users/ggupta81/subscriptions",
          "organizations_url": "https://api.github.com/users/ggupta81/orgs",
          "repos_url": "https://api.github.com/users/ggupta81/repos",
          "events_url": "https://api.github.com/users/ggupta81/events{/privacy}",
          "received_events_url": "https://api.github.com/users/ggupta81/received_events",
          "type": "User",
          "site_admin": false
        },
        "html_url": "https://github.com/ggupta81/spark",
        "description": "Mirror of Apache Spark",
        "fork": true,
        "url": "https://api.github.com/repos/ggupta81/spark",
        "forks_url": "https://api.github.com/repos/ggupta81/spark/forks",
        "keys_url": "https://api.github.com/repos/ggupta81/spark/keys{/key_id}",
        "collaborators_url": "https://api.github.com/repos/ggupta81/spark/collaborators{/collaborator}",
        "teams_url": "https://api.github.com/repos/ggupta81/spark/teams",
        "hooks_url": "https://api.github.com/repos/ggupta81/spark/hooks",
        "issue_events_url": "https://api.github.com/repos/ggupta81/spark/issues/events{/number}",
        "events_url": "https://api.github.com/repos/ggupta81/spark/events",
        "assignees_url": "https://api.github.com/repos/ggupta81/spark/assignees{/user}",
        "branches_url": "https://api.github.com/repos/ggupta81/spark/branches{/branch}",
        "tags_url": "https://api.github.com/repos/ggupta81/spark/tags",
        "blobs_url": "https://api.github.com/repos/ggupta81/spark/git/blobs{/sha}",
        "git_tags_url": "https://api.github.com/repos/ggupta81/spark/git/tags{/sha}",
        "git_refs_url": "https://api.github.com/repos/ggupta81/spark/git/refs{/sha}",
        "trees_url": "https://api.github.com/repos/ggupta81/spark/git/trees{/sha}",
        "statuses_url": "https://api.github.com/repos/ggupta81/spark/statuses/{sha}",
        "languages_url": "https://api.github.com/repos/ggupta81/spark/languages",
        "stargazers_url": "https://api.github.com/repos/ggupta81/spark/stargazers",
        "contributors_url": "https://api.github.com/repos/ggupta81/spark/contributors",
        "subscribers_url": "https://api.github.com/repos/ggupta81/spark/subscribers",
        "subscription_url": "https://api.github.com/repos/ggupta81/spark/subscription",
        "commits_url": "https://api.github.com/repos/ggupta81/spark/commits{/sha}",
        "git_commits_url": "https://api.github.com/repos/ggupta81/spark/git/commits{/sha}",
        "comments_url": "https://api.github.com/repos/ggupta81/spark/comments{/number}",
        "issue_comment_url": "https://api.github.com/repos/ggupta81/spark/issues/comments{/number}",
        "contents_url": "https://api.github.com/repos/ggupta81/spark/contents/{+path}",
        "compare_url": "https://api.github.com/repos/ggupta81/spark/compare/{base}...{head}",
        "merges_url": "https://api.github.com/repos/ggupta81/spark/merges",
        "archive_url": "https://api.github.com/repos/ggupta81/spark/{archive_format}{/ref}",
        "downloads_url": "https://api.github.com/repos/ggupta81/spark/downloads",
        "issues_url": "https://api.github.com/repos/ggupta81/spark/issues{/number}",
        "pulls_url": "https://api.github.com/repos/ggupta81/spark/pulls{/number}",
        "milestones_url": "https://api.github.com/repos/ggupta81/spark/milestones{/number}",
        "notifications_url": "https://api.github.com/repos/ggupta81/spark/notifications{?since,all,participating}",
        "labels_url": "https://api.github.com/repos/ggupta81/spark/labels{/name}",
        "releases_url": "https://api.github.com/repos/ggupta81/spark/releases{/id}",
        "deployments_url": "https://api.github.com/repos/ggupta81/spark/deployments",
        "created_at": "2015-07-06T04:43:47Z",
        "updated_at": "2015-07-06T04:44:08Z",
        "pushed_at": "2015-08-12T04:39:07Z",
        "git_url": "git://github.com/ggupta81/spark.git",
        "ssh_url": "git@github.com:ggupta81/spark.git",
        "clone_url": "https://github.com/ggupta81/spark.git",
        "svn_url": "https://github.com/ggupta81/spark",
        "homepage": null,
        "size": 120367,
        "stargazers_count": 0,
        "watchers_count": 0,
        "language": "Scala",
        "has_issues": false,
        "has_projects": true,
        "has_downloads": true,
        "has_wiki": false,
        "has_pages": false,
        "forks_count": 0,
        "mirror_url": null,
        "archived": false,
        "disabled": false,
        "open_issues_count": 0,
        "license": {
          "key": "apache-2.0",
          "name": "Apache License 2.0",
          "spdx_id": "Apache-2.0",
          "url": "https://api.github.com/licenses/apache-2.0",
          "node_id": "MDc6TGljZW5zZTI="
        },
        "forks": 0,
        "open_issues": 0,
        "watchers": 0,
        "default_branch": "master"
      }
    },
    "_links": {
      "self": {
        "href": "https://api.github.com/repos/apache/spark/pulls/1"
      },
      "html": {
        "href": "https://github.com/ggupta81/spark/pull/1"
      },
      "issue": {
        "href": "https://api.github.com/repos/apache/spark/issues/1"
      },
      "comments": {
        "href": "https://api.github.com/repos/apache/spark/issues/1/comments"
      },
      "review_comments": {
        "href": "https://api.github.com/repos/apache/spark/pulls/1/comments"
      },
      "review_comment": {
        "href": "https://api.github.com/repos/apache/spark/pulls/comments{/number}"
      },
      "commits": {
        "href": "https://api.github.com/repos/apache/spark/pulls/1/commits"
      },
      "statuses": {
        "href": "https://api.github.com/repos/apache/spark/statuses/74a293f4537c6982345166f8883538f81d850872"
      }
    },
    "author_association": "OWNER"
  }
]
