[
  {
    "url": "https://api.github.com/repos/streamnative/apache-pulsar-grafana-dashboard/pulls/17",
    "id": 294049853,
    "node_id": "MDExOlB1bGxSZXF1ZXN0Mjk0MDQ5ODUz",
    "html_url": "https://github.com/streamnative/apache-pulsar-grafana-dashboard/pull/17",
    "diff_url": "https://github.com/streamnative/apache-pulsar-grafana-dashboard/pull/17.diff",
    "patch_url": "https://github.com/streamnative/apache-pulsar-grafana-dashboard/pull/17.patch",
    "issue_url": "https://api.github.com/repos/streamnative/apache-pulsar-grafana-dashboard/issues/17",
    "number": 17,
    "state": "closed",
    "locked": false,
    "title": "Update README.md",
    "user": {
      "login": "fxbing",
      "id": 29175509,
      "node_id": "MDQ6VXNlcjI5MTc1NTA5",
      "avatar_url": "https://avatars3.githubusercontent.com/u/29175509?v=4",
      "gravatar_id": "",
      "url": "https://api.github.com/users/fxbing",
      "html_url": "https://github.com/fxbing",
      "followers_url": "https://api.github.com/users/fxbing/followers",
      "following_url": "https://api.github.com/users/fxbing/following{/other_user}",
      "gists_url": "https://api.github.com/users/fxbing/gists{/gist_id}",
      "starred_url": "https://api.github.com/users/fxbing/starred{/owner}{/repo}",
      "subscriptions_url": "https://api.github.com/users/fxbing/subscriptions",
      "organizations_url": "https://api.github.com/users/fxbing/orgs",
      "repos_url": "https://api.github.com/users/fxbing/repos",
      "events_url": "https://api.github.com/users/fxbing/events{/privacy}",
      "received_events_url": "https://api.github.com/users/fxbing/received_events",
      "type": "User",
      "site_admin": false
    },
    "body": "fixed #16",
    "created_at": "2019-07-03T08:04:30Z",
    "updated_at": "2019-07-09T09:04:31Z",
    "closed_at": "2019-07-09T09:04:31Z",
    "merged_at": "2019-07-09T09:04:31Z",
    "merge_commit_sha": "617e00ab2efff400314dd66cd793b70fdcb0c180",
    "assignee": {
      "login": "sijie",
      "id": 1217863,
      "node_id": "MDQ6VXNlcjEyMTc4NjM=",
      "avatar_url": "https://avatars2.githubusercontent.com/u/1217863?v=4",
      "gravatar_id": "",
      "url": "https://api.github.com/users/sijie",
      "html_url": "https://github.com/sijie",
      "followers_url": "https://api.github.com/users/sijie/followers",
      "following_url": "https://api.github.com/users/sijie/following{/other_user}",
      "gists_url": "https://api.github.com/users/sijie/gists{/gist_id}",
      "starred_url": "https://api.github.com/users/sijie/starred{/owner}{/repo}",
      "subscriptions_url": "https://api.github.com/users/sijie/subscriptions",
      "organizations_url": "https://api.github.com/users/sijie/orgs",
      "repos_url": "https://api.github.com/users/sijie/repos",
      "events_url": "https://api.github.com/users/sijie/events{/privacy}",
      "received_events_url": "https://api.github.com/users/sijie/received_events",
      "type": "User",
      "site_admin": false
    },
    "assignees": [
      {
        "login": "sijie",
        "id": 1217863,
        "node_id": "MDQ6VXNlcjEyMTc4NjM=",
        "avatar_url": "https://avatars2.githubusercontent.com/u/1217863?v=4",
        "gravatar_id": "",
        "url": "https://api.github.com/users/sijie",
        "html_url": "https://github.com/sijie",
        "followers_url": "https://api.github.com/users/sijie/followers",
        "following_url": "https://api.github.com/users/sijie/following{/other_user}",
        "gists_url": "https://api.github.com/users/sijie/gists{/gist_id}",
        "starred_url": "https://api.github.com/users/sijie/starred{/owner}{/repo}",
        "subscriptions_url": "https://api.github.com/users/sijie/subscriptions",
        "organizations_url": "https://api.github.com/users/sijie/orgs",
        "repos_url": "https://api.github.com/users/sijie/repos",
        "events_url": "https://api.github.com/users/sijie/events{/privacy}",
        "received_events_url": "https://api.github.com/users/sijie/received_events",
        "type": "User",
        "site_admin": false
      }
    ],
    "requested_reviewers": [

    ],
    "requested_teams": [

    ],
    "labels": [

    ],
    "milestone": null,
    "commits_url": "https://api.github.com/repos/streamnative/apache-pulsar-grafana-dashboard/pulls/17/commits",
    "review_comments_url": "https://api.github.com/repos/streamnative/apache-pulsar-grafana-dashboard/pulls/17/comments",
    "review_comment_url": "https://api.github.com/repos/streamnative/apache-pulsar-grafana-dashboard/pulls/comments{/number}",
    "comments_url": "https://api.github.com/repos/streamnative/apache-pulsar-grafana-dashboard/issues/17/comments",
    "statuses_url": "https://api.github.com/repos/streamnative/apache-pulsar-grafana-dashboard/statuses/003966c9b08befa1ab0b09985df10d9644bf5896",
    "head": {
      "label": "fxbing:master",
      "ref": "master",
      "sha": "003966c9b08befa1ab0b09985df10d9644bf5896",
      "user": {
        "login": "fxbing",
        "id": 29175509,
        "node_id": "MDQ6VXNlcjI5MTc1NTA5",
        "avatar_url": "https://avatars3.githubusercontent.com/u/29175509?v=4",
        "gravatar_id": "",
        "url": "https://api.github.com/users/fxbing",
        "html_url": "https://github.com/fxbing",
        "followers_url": "https://api.github.com/users/fxbing/followers",
        "following_url": "https://api.github.com/users/fxbing/following{/other_user}",
        "gists_url": "https://api.github.com/users/fxbing/gists{/gist_id}",
        "starred_url": "https://api.github.com/users/fxbing/starred{/owner}{/repo}",
        "subscriptions_url": "https://api.github.com/users/fxbing/subscriptions",
        "organizations_url": "https://api.github.com/users/fxbing/orgs",
        "repos_url": "https://api.github.com/users/fxbing/repos",
        "events_url": "https://api.github.com/users/fxbing/events{/privacy}",
        "received_events_url": "https://api.github.com/users/fxbing/received_events",
        "type": "User",
        "site_admin": false
      },
      "repo": {
        "id": 195003260,
        "node_id": "MDEwOlJlcG9zaXRvcnkxOTUwMDMyNjA=",
        "name": "apache-pulsar-grafana-dashboard",
        "full_name": "fxbing/apache-pulsar-grafana-dashboard",
        "private": false,
        "owner": {
          "login": "fxbing",
          "id": 29175509,
          "node_id": "MDQ6VXNlcjI5MTc1NTA5",
          "avatar_url": "https://avatars3.githubusercontent.com/u/29175509?v=4",
          "gravatar_id": "",
          "url": "https://api.github.com/users/fxbing",
          "html_url": "https://github.com/fxbing",
          "followers_url": "https://api.github.com/users/fxbing/followers",
          "following_url": "https://api.github.com/users/fxbing/following{/other_user}",
          "gists_url": "https://api.github.com/users/fxbing/gists{/gist_id}",
          "starred_url": "https://api.github.com/users/fxbing/starred{/owner}{/repo}",
          "subscriptions_url": "https://api.github.com/users/fxbing/subscriptions",
          "organizations_url": "https://api.github.com/users/fxbing/orgs",
          "repos_url": "https://api.github.com/users/fxbing/repos",
          "events_url": "https://api.github.com/users/fxbing/events{/privacy}",
          "received_events_url": "https://api.github.com/users/fxbing/received_events",
          "type": "User",
          "site_admin": false
        },
        "html_url": "https://github.com/fxbing/apache-pulsar-grafana-dashboard",
        "description": "Apache Pulsar Grafana Dashboard",
        "fork": true,
        "url": "https://api.github.com/repos/fxbing/apache-pulsar-grafana-dashboard",
        "forks_url": "https://api.github.com/repos/fxbing/apache-pulsar-grafana-dashboard/forks",
        "keys_url": "https://api.github.com/repos/fxbing/apache-pulsar-grafana-dashboard/keys{/key_id}",
        "collaborators_url": "https://api.github.com/repos/fxbing/apache-pulsar-grafana-dashboard/collaborators{/collaborator}",
        "teams_url": "https://api.github.com/repos/fxbing/apache-pulsar-grafana-dashboard/teams",
        "hooks_url": "https://api.github.com/repos/fxbing/apache-pulsar-grafana-dashboard/hooks",
        "issue_events_url": "https://api.github.com/repos/fxbing/apache-pulsar-grafana-dashboard/issues/events{/number}",
        "events_url": "https://api.github.com/repos/fxbing/apache-pulsar-grafana-dashboard/events",
        "assignees_url": "https://api.github.com/repos/fxbing/apache-pulsar-grafana-dashboard/assignees{/user}",
        "branches_url": "https://api.github.com/repos/fxbing/apache-pulsar-grafana-dashboard/branches{/branch}",
        "tags_url": "https://api.github.com/repos/fxbing/apache-pulsar-grafana-dashboard/tags",
        "blobs_url": "https://api.github.com/repos/fxbing/apache-pulsar-grafana-dashboard/git/blobs{/sha}",
        "git_tags_url": "https://api.github.com/repos/fxbing/apache-pulsar-grafana-dashboard/git/tags{/sha}",
        "git_refs_url": "https://api.github.com/repos/fxbing/apache-pulsar-grafana-dashboard/git/refs{/sha}",
        "trees_url": "https://api.github.com/repos/fxbing/apache-pulsar-grafana-dashboard/git/trees{/sha}",
        "statuses_url": "https://api.github.com/repos/fxbing/apache-pulsar-grafana-dashboard/statuses/{sha}",
        "languages_url": "https://api.github.com/repos/fxbing/apache-pulsar-grafana-dashboard/languages",
        "stargazers_url": "https://api.github.com/repos/fxbing/apache-pulsar-grafana-dashboard/stargazers",
        "contributors_url": "https://api.github.com/repos/fxbing/apache-pulsar-grafana-dashboard/contributors",
        "subscribers_url": "https://api.github.com/repos/fxbing/apache-pulsar-grafana-dashboard/subscribers",
        "subscription_url": "https://api.github.com/repos/fxbing/apache-pulsar-grafana-dashboard/subscription",
        "commits_url": "https://api.github.com/repos/fxbing/apache-pulsar-grafana-dashboard/commits{/sha}",
        "git_commits_url": "https://api.github.com/repos/fxbing/apache-pulsar-grafana-dashboard/git/commits{/sha}",
        "comments_url": "https://api.github.com/repos/fxbing/apache-pulsar-grafana-dashboard/comments{/number}",
        "issue_comment_url": "https://api.github.com/repos/fxbing/apache-pulsar-grafana-dashboard/issues/comments{/number}",
        "contents_url": "https://api.github.com/repos/fxbing/apache-pulsar-grafana-dashboard/contents/{+path}",
        "compare_url": "https://api.github.com/repos/fxbing/apache-pulsar-grafana-dashboard/compare/{base}...{head}",
        "merges_url": "https://api.github.com/repos/fxbing/apache-pulsar-grafana-dashboard/merges",
        "archive_url": "https://api.github.com/repos/fxbing/apache-pulsar-grafana-dashboard/{archive_format}{/ref}",
        "downloads_url": "https://api.github.com/repos/fxbing/apache-pulsar-grafana-dashboard/downloads",
        "issues_url": "https://api.github.com/repos/fxbing/apache-pulsar-grafana-dashboard/issues{/number}",
        "pulls_url": "https://api.github.com/repos/fxbing/apache-pulsar-grafana-dashboard/pulls{/number}",
        "milestones_url": "https://api.github.com/repos/fxbing/apache-pulsar-grafana-dashboard/milestones{/number}",
        "notifications_url": "https://api.github.com/repos/fxbing/apache-pulsar-grafana-dashboard/notifications{?since,all,participating}",
        "labels_url": "https://api.github.com/repos/fxbing/apache-pulsar-grafana-dashboard/labels{/name}",
        "releases_url": "https://api.github.com/repos/fxbing/apache-pulsar-grafana-dashboard/releases{/id}",
        "deployments_url": "https://api.github.com/repos/fxbing/apache-pulsar-grafana-dashboard/deployments",
        "created_at": "2019-07-03T07:34:59Z",
        "updated_at": "2019-07-09T08:57:24Z",
        "pushed_at": "2019-07-09T08:57:22Z",
        "git_url": "git://github.com/fxbing/apache-pulsar-grafana-dashboard.git",
        "ssh_url": "git@github.com:fxbing/apache-pulsar-grafana-dashboard.git",
        "clone_url": "https://github.com/fxbing/apache-pulsar-grafana-dashboard.git",
        "svn_url": "https://github.com/fxbing/apache-pulsar-grafana-dashboard",
        "homepage": null,
        "size": 388,
        "stargazers_count": 0,
        "watchers_count": 0,
        "language": "Shell",
        "has_issues": false,
        "has_projects": true,
        "has_downloads": true,
        "has_wiki": true,
        "has_pages": false,
        "forks_count": 0,
        "mirror_url": null,
        "archived": false,
        "disabled": false,
        "open_issues_count": 0,
        "license": {
          "key": "apache-2.0",
          "name": "Apache License 2.0",
          "spdx_id": "Apache-2.0",
          "url": "https://api.github.com/licenses/apache-2.0",
          "node_id": "MDc6TGljZW5zZTI="
        },
        "forks": 0,
        "open_issues": 0,
        "watchers": 0,
        "default_branch": "master"
      }
    },
    "base": {
      "label": "streamnative:master",
      "ref": "master",
      "sha": "145383de8230a4dd080a61eb0b3ced2acc3cb663",
      "user": {
        "login": "streamnative",
        "id": 44651383,
        "node_id": "MDEyOk9yZ2FuaXphdGlvbjQ0NjUxMzgz",
        "avatar_url": "https://avatars3.githubusercontent.com/u/44651383?v=4",
        "gravatar_id": "",
        "url": "https://api.github.com/users/streamnative",
        "html_url": "https://github.com/streamnative",
        "followers_url": "https://api.github.com/users/streamnative/followers",
        "following_url": "https://api.github.com/users/streamnative/following{/other_user}",
        "gists_url": "https://api.github.com/users/streamnative/gists{/gist_id}",
        "starred_url": "https://api.github.com/users/streamnative/starred{/owner}{/repo}",
        "subscriptions_url": "https://api.github.com/users/streamnative/subscriptions",
        "organizations_url": "https://api.github.com/users/streamnative/orgs",
        "repos_url": "https://api.github.com/users/streamnative/repos",
        "events_url": "https://api.github.com/users/streamnative/events{/privacy}",
        "received_events_url": "https://api.github.com/users/streamnative/received_events",
        "type": "Organization",
        "site_admin": false
      },
      "repo": {
        "id": 165061934,
        "node_id": "MDEwOlJlcG9zaXRvcnkxNjUwNjE5MzQ=",
        "name": "apache-pulsar-grafana-dashboard",
        "full_name": "streamnative/apache-pulsar-grafana-dashboard",
        "private": false,
        "owner": {
          "login": "streamnative",
          "id": 44651383,
          "node_id": "MDEyOk9yZ2FuaXphdGlvbjQ0NjUxMzgz",
          "avatar_url": "https://avatars3.githubusercontent.com/u/44651383?v=4",
          "gravatar_id": "",
          "url": "https://api.github.com/users/streamnative",
          "html_url": "https://github.com/streamnative",
          "followers_url": "https://api.github.com/users/streamnative/followers",
          "following_url": "https://api.github.com/users/streamnative/following{/other_user}",
          "gists_url": "https://api.github.com/users/streamnative/gists{/gist_id}",
          "starred_url": "https://api.github.com/users/streamnative/starred{/owner}{/repo}",
          "subscriptions_url": "https://api.github.com/users/streamnative/subscriptions",
          "organizations_url": "https://api.github.com/users/streamnative/orgs",
          "repos_url": "https://api.github.com/users/streamnative/repos",
          "events_url": "https://api.github.com/users/streamnative/events{/privacy}",
          "received_events_url": "https://api.github.com/users/streamnative/received_events",
          "type": "Organization",
          "site_admin": false
        },
        "html_url": "https://github.com/streamnative/apache-pulsar-grafana-dashboard",
        "description": "Apache Pulsar Grafana Dashboard",
        "fork": false,
        "url": "https://api.github.com/repos/streamnative/apache-pulsar-grafana-dashboard",
        "forks_url": "https://api.github.com/repos/streamnative/apache-pulsar-grafana-dashboard/forks",
        "keys_url": "https://api.github.com/repos/streamnative/apache-pulsar-grafana-dashboard/keys{/key_id}",
        "collaborators_url": "https://api.github.com/repos/streamnative/apache-pulsar-grafana-dashboard/collaborators{/collaborator}",
        "teams_url": "https://api.github.com/repos/streamnative/apache-pulsar-grafana-dashboard/teams",
        "hooks_url": "https://api.github.com/repos/streamnative/apache-pulsar-grafana-dashboard/hooks",
        "issue_events_url": "https://api.github.com/repos/streamnative/apache-pulsar-grafana-dashboard/issues/events{/number}",
        "events_url": "https://api.github.com/repos/streamnative/apache-pulsar-grafana-dashboard/events",
        "assignees_url": "https://api.github.com/repos/streamnative/apache-pulsar-grafana-dashboard/assignees{/user}",
        "branches_url": "https://api.github.com/repos/streamnative/apache-pulsar-grafana-dashboard/branches{/branch}",
        "tags_url": "https://api.github.com/repos/streamnative/apache-pulsar-grafana-dashboard/tags",
        "blobs_url": "https://api.github.com/repos/streamnative/apache-pulsar-grafana-dashboard/git/blobs{/sha}",
        "git_tags_url": "https://api.github.com/repos/streamnative/apache-pulsar-grafana-dashboard/git/tags{/sha}",
        "git_refs_url": "https://api.github.com/repos/streamnative/apache-pulsar-grafana-dashboard/git/refs{/sha}",
        "trees_url": "https://api.github.com/repos/streamnative/apache-pulsar-grafana-dashboard/git/trees{/sha}",
        "statuses_url": "https://api.github.com/repos/streamnative/apache-pulsar-grafana-dashboard/statuses/{sha}",
        "languages_url": "https://api.github.com/repos/streamnative/apache-pulsar-grafana-dashboard/languages",
        "stargazers_url": "https://api.github.com/repos/streamnative/apache-pulsar-grafana-dashboard/stargazers",
        "contributors_url": "https://api.github.com/repos/streamnative/apache-pulsar-grafana-dashboard/contributors",
        "subscribers_url": "https://api.github.com/repos/streamnative/apache-pulsar-grafana-dashboard/subscribers",
        "subscription_url": "https://api.github.com/repos/streamnative/apache-pulsar-grafana-dashboard/subscription",
        "commits_url": "https://api.github.com/repos/streamnative/apache-pulsar-grafana-dashboard/commits{/sha}",
        "git_commits_url": "https://api.github.com/repos/streamnative/apache-pulsar-grafana-dashboard/git/commits{/sha}",
        "comments_url": "https://api.github.com/repos/streamnative/apache-pulsar-grafana-dashboard/comments{/number}",
        "issue_comment_url": "https://api.github.com/repos/streamnative/apache-pulsar-grafana-dashboard/issues/comments{/number}",
        "contents_url": "https://api.github.com/repos/streamnative/apache-pulsar-grafana-dashboard/contents/{+path}",
        "compare_url": "https://api.github.com/repos/streamnative/apache-pulsar-grafana-dashboard/compare/{base}...{head}",
        "merges_url": "https://api.github.com/repos/streamnative/apache-pulsar-grafana-dashboard/merges",
        "archive_url": "https://api.github.com/repos/streamnative/apache-pulsar-grafana-dashboard/{archive_format}{/ref}",
        "downloads_url": "https://api.github.com/repos/streamnative/apache-pulsar-grafana-dashboard/downloads",
        "issues_url": "https://api.github.com/repos/streamnative/apache-pulsar-grafana-dashboard/issues{/number}",
        "pulls_url": "https://api.github.com/repos/streamnative/apache-pulsar-grafana-dashboard/pulls{/number}",
        "milestones_url": "https://api.github.com/repos/streamnative/apache-pulsar-grafana-dashboard/milestones{/number}",
        "notifications_url": "https://api.github.com/repos/streamnative/apache-pulsar-grafana-dashboard/notifications{?since,all,participating}",
        "labels_url": "https://api.github.com/repos/streamnative/apache-pulsar-grafana-dashboard/labels{/name}",
        "releases_url": "https://api.github.com/repos/streamnative/apache-pulsar-grafana-dashboard/releases{/id}",
        "deployments_url": "https://api.github.com/repos/streamnative/apache-pulsar-grafana-dashboard/deployments",
        "created_at": "2019-01-10T13:09:30Z",
        "updated_at": "2019-08-21T08:42:09Z",
        "pushed_at": "2019-08-05T03:31:39Z",
        "git_url": "git://github.com/streamnative/apache-pulsar-grafana-dashboard.git",
        "ssh_url": "git@github.com:streamnative/apache-pulsar-grafana-dashboard.git",
        "clone_url": "https://github.com/streamnative/apache-pulsar-grafana-dashboard.git",
        "svn_url": "https://github.com/streamnative/apache-pulsar-grafana-dashboard",
        "homepage": null,
        "size": 376,
        "stargazers_count": 9,
        "watchers_count": 9,
        "language": "Shell",
        "has_issues": true,
        "has_projects": true,
        "has_downloads": true,
        "has_wiki": true,
        "has_pages": false,
        "forks_count": 11,
        "mirror_url": null,
        "archived": false,
        "disabled": false,
        "open_issues_count": 0,
        "license": {
          "key": "apache-2.0",
          "name": "Apache License 2.0",
          "spdx_id": "Apache-2.0",
          "url": "https://api.github.com/licenses/apache-2.0",
          "node_id": "MDc6TGljZW5zZTI="
        },
        "forks": 11,
        "open_issues": 0,
        "watchers": 9,
        "default_branch": "master"
      }
    },
    "_links": {
      "self": {
        "href": "https://api.github.com/repos/streamnative/apache-pulsar-grafana-dashboard/pulls/17"
      },
      "html": {
        "href": "https://github.com/streamnative/apache-pulsar-grafana-dashboard/pull/17"
      },
      "issue": {
        "href": "https://api.github.com/repos/streamnative/apache-pulsar-grafana-dashboard/issues/17"
      },
      "comments": {
        "href": "https://api.github.com/repos/streamnative/apache-pulsar-grafana-dashboard/issues/17/comments"
      },
      "review_comments": {
        "href": "https://api.github.com/repos/streamnative/apache-pulsar-grafana-dashboard/pulls/17/comments"
      },
      "review_comment": {
        "href": "https://api.github.com/repos/streamnative/apache-pulsar-grafana-dashboard/pulls/comments{/number}"
      },
      "commits": {
        "href": "https://api.github.com/repos/streamnative/apache-pulsar-grafana-dashboard/pulls/17/commits"
      },
      "statuses": {
        "href": "https://api.github.com/repos/streamnative/apache-pulsar-grafana-dashboard/statuses/003966c9b08befa1ab0b09985df10d9644bf5896"
      }
    },
    "author_association": "CONTRIBUTOR"
  }
]
