[
  {
    "url": "https://api.github.com/repos/apache/cxf/pulls/534",
    "id": 266964137,
    "node_id": "MDExOlB1bGxSZXF1ZXN0MjY2OTY0MTM3",
    "html_url": "https://github.com/apache/cxf/pull/534",
    "diff_url": "https://github.com/apache/cxf/pull/534.diff",
    "patch_url": "https://github.com/apache/cxf/pull/534.patch",
    "issue_url": "https://api.github.com/repos/apache/cxf/issues/534",
    "number": 534,
    "state": "closed",
    "locked": false,
    "title": "cxf-rt-rs-security-oauth2: fix 'Potential null dereference'",
    "user": {
      "login": "amarkevich",
      "id": 62415,
      "node_id": "MDQ6VXNlcjYyNDE1",
      "avatar_url": "https://avatars3.githubusercontent.com/u/62415?v=4",
      "gravatar_id": "",
      "url": "https://api.github.com/users/amarkevich",
      "html_url": "https://github.com/amarkevich",
      "followers_url": "https://api.github.com/users/amarkevich/followers",
      "following_url": "https://api.github.com/users/amarkevich/following{/other_user}",
      "gists_url": "https://api.github.com/users/amarkevich/gists{/gist_id}",
      "starred_url": "https://api.github.com/users/amarkevich/starred{/owner}{/repo}",
      "subscriptions_url": "https://api.github.com/users/amarkevich/subscriptions",
      "organizations_url": "https://api.github.com/users/amarkevich/orgs",
      "repos_url": "https://api.github.com/users/amarkevich/repos",
      "events_url": "https://api.github.com/users/amarkevich/events{/privacy}",
      "received_events_url": "https://api.github.com/users/amarkevich/received_events",
      "type": "User",
      "site_admin": false
    },
    "body": "",
    "created_at": "2019-04-03T09:32:58Z",
    "updated_at": "2019-04-03T13:28:27Z",
    "closed_at": "2019-04-03T13:28:20Z",
    "merged_at": "2019-04-03T13:28:20Z",
    "merge_commit_sha": "9d363d1a2b7090bb67b9b362b1b9effdec351347",
    "assignee": null,
    "assignees": [

    ],
    "requested_reviewers": [

    ],
    "requested_teams": [

    ],
    "labels": [

    ],
    "milestone": null,
    "commits_url": "https://api.github.com/repos/apache/cxf/pulls/534/commits",
    "review_comments_url": "https://api.github.com/repos/apache/cxf/pulls/534/comments",
    "review_comment_url": "https://api.github.com/repos/apache/cxf/pulls/comments{/number}",
    "comments_url": "https://api.github.com/repos/apache/cxf/issues/534/comments",
    "statuses_url": "https://api.github.com/repos/apache/cxf/statuses/1885f5a2e3c61652e7942c9bc1d78d4789cd6a5d",
    "head": {
      "label": "amarkevich:cxf-rt-rs-security-oauth2",
      "ref": "cxf-rt-rs-security-oauth2",
      "sha": "1885f5a2e3c61652e7942c9bc1d78d4789cd6a5d",
      "user": {
        "login": "amarkevich",
        "id": 62415,
        "node_id": "MDQ6VXNlcjYyNDE1",
        "avatar_url": "https://avatars3.githubusercontent.com/u/62415?v=4",
        "gravatar_id": "",
        "url": "https://api.github.com/users/amarkevich",
        "html_url": "https://github.com/amarkevich",
        "followers_url": "https://api.github.com/users/amarkevich/followers",
        "following_url": "https://api.github.com/users/amarkevich/following{/other_user}",
        "gists_url": "https://api.github.com/users/amarkevich/gists{/gist_id}",
        "starred_url": "https://api.github.com/users/amarkevich/starred{/owner}{/repo}",
        "subscriptions_url": "https://api.github.com/users/amarkevich/subscriptions",
        "organizations_url": "https://api.github.com/users/amarkevich/orgs",
        "repos_url": "https://api.github.com/users/amarkevich/repos",
        "events_url": "https://api.github.com/users/amarkevich/events{/privacy}",
        "received_events_url": "https://api.github.com/users/amarkevich/received_events",
        "type": "User",
        "site_admin": false
      },
      "repo": {
        "id": 108130603,
        "node_id": "MDEwOlJlcG9zaXRvcnkxMDgxMzA2MDM=",
        "name": "cxf",
        "full_name": "amarkevich/cxf",
        "private": false,
        "owner": {
          "login": "amarkevich",
          "id": 62415,
          "node_id": "MDQ6VXNlcjYyNDE1",
          "avatar_url": "https://avatars3.githubusercontent.com/u/62415?v=4",
          "gravatar_id": "",
          "url": "https://api.github.com/users/amarkevich",
          "html_url": "https://github.com/amarkevich",
          "followers_url": "https://api.github.com/users/amarkevich/followers",
          "following_url": "https://api.github.com/users/amarkevich/following{/other_user}",
          "gists_url": "https://api.github.com/users/amarkevich/gists{/gist_id}",
          "starred_url": "https://api.github.com/users/amarkevich/starred{/owner}{/repo}",
          "subscriptions_url": "https://api.github.com/users/amarkevich/subscriptions",
          "organizations_url": "https://api.github.com/users/amarkevich/orgs",
          "repos_url": "https://api.github.com/users/amarkevich/repos",
          "events_url": "https://api.github.com/users/amarkevich/events{/privacy}",
          "received_events_url": "https://api.github.com/users/amarkevich/received_events",
          "type": "User",
          "site_admin": false
        },
        "html_url": "https://github.com/amarkevich/cxf",
        "description": "Mirror of Apache CXF",
        "fork": true,
        "url": "https://api.github.com/repos/amarkevich/cxf",
        "forks_url": "https://api.github.com/repos/amarkevich/cxf/forks",
        "keys_url": "https://api.github.com/repos/amarkevich/cxf/keys{/key_id}",
        "collaborators_url": "https://api.github.com/repos/amarkevich/cxf/collaborators{/collaborator}",
        "teams_url": "https://api.github.com/repos/amarkevich/cxf/teams",
        "hooks_url": "https://api.github.com/repos/amarkevich/cxf/hooks",
        "issue_events_url": "https://api.github.com/repos/amarkevich/cxf/issues/events{/number}",
        "events_url": "https://api.github.com/repos/amarkevich/cxf/events",
        "assignees_url": "https://api.github.com/repos/amarkevich/cxf/assignees{/user}",
        "branches_url": "https://api.github.com/repos/amarkevich/cxf/branches{/branch}",
        "tags_url": "https://api.github.com/repos/amarkevich/cxf/tags",
        "blobs_url": "https://api.github.com/repos/amarkevich/cxf/git/blobs{/sha}",
        "git_tags_url": "https://api.github.com/repos/amarkevich/cxf/git/tags{/sha}",
        "git_refs_url": "https://api.github.com/repos/amarkevich/cxf/git/refs{/sha}",
        "trees_url": "https://api.github.com/repos/amarkevich/cxf/git/trees{/sha}",
        "statuses_url": "https://api.github.com/repos/amarkevich/cxf/statuses/{sha}",
        "languages_url": "https://api.github.com/repos/amarkevich/cxf/languages",
        "stargazers_url": "https://api.github.com/repos/amarkevich/cxf/stargazers",
        "contributors_url": "https://api.github.com/repos/amarkevich/cxf/contributors",
        "subscribers_url": "https://api.github.com/repos/amarkevich/cxf/subscribers",
        "subscription_url": "https://api.github.com/repos/amarkevich/cxf/subscription",
        "commits_url": "https://api.github.com/repos/amarkevich/cxf/commits{/sha}",
        "git_commits_url": "https://api.github.com/repos/amarkevich/cxf/git/commits{/sha}",
        "comments_url": "https://api.github.com/repos/amarkevich/cxf/comments{/number}",
        "issue_comment_url": "https://api.github.com/repos/amarkevich/cxf/issues/comments{/number}",
        "contents_url": "https://api.github.com/repos/amarkevich/cxf/contents/{+path}",
        "compare_url": "https://api.github.com/repos/amarkevich/cxf/compare/{base}...{head}",
        "merges_url": "https://api.github.com/repos/amarkevich/cxf/merges",
        "archive_url": "https://api.github.com/repos/amarkevich/cxf/{archive_format}{/ref}",
        "downloads_url": "https://api.github.com/repos/amarkevich/cxf/downloads",
        "issues_url": "https://api.github.com/repos/amarkevich/cxf/issues{/number}",
        "pulls_url": "https://api.github.com/repos/amarkevich/cxf/pulls{/number}",
        "milestones_url": "https://api.github.com/repos/amarkevich/cxf/milestones{/number}",
        "notifications_url": "https://api.github.com/repos/amarkevich/cxf/notifications{?since,all,participating}",
        "labels_url": "https://api.github.com/repos/amarkevich/cxf/labels{/name}",
        "releases_url": "https://api.github.com/repos/amarkevich/cxf/releases{/id}",
        "deployments_url": "https://api.github.com/repos/amarkevich/cxf/deployments",
        "created_at": "2017-10-24T13:27:50Z",
        "updated_at": "2019-09-09T14:16:11Z",
        "pushed_at": "2019-09-09T14:16:07Z",
        "git_url": "git://github.com/amarkevich/cxf.git",
        "ssh_url": "git@github.com:amarkevich/cxf.git",
        "clone_url": "https://github.com/amarkevich/cxf.git",
        "svn_url": "https://github.com/amarkevich/cxf",
        "homepage": null,
        "size": 107662,
        "stargazers_count": 0,
        "watchers_count": 0,
        "language": "Java",
        "has_issues": false,
        "has_projects": true,
        "has_downloads": true,
        "has_wiki": false,
        "has_pages": false,
        "forks_count": 0,
        "mirror_url": null,
        "archived": false,
        "disabled": false,
        "open_issues_count": 0,
        "license": null,
        "forks": 0,
        "open_issues": 0,
        "watchers": 0,
        "default_branch": "master"
      }
    },
    "base": {
      "label": "apache:master",
      "ref": "master",
      "sha": "5578e0b82bcd4ea19c1de5b4a008af35f9c8451b",
      "user": {
        "login": "apache",
        "id": 47359,
        "node_id": "MDEyOk9yZ2FuaXphdGlvbjQ3MzU5",
        "avatar_url": "https://avatars0.githubusercontent.com/u/47359?v=4",
        "gravatar_id": "",
        "url": "https://api.github.com/users/apache",
        "html_url": "https://github.com/apache",
        "followers_url": "https://api.github.com/users/apache/followers",
        "following_url": "https://api.github.com/users/apache/following{/other_user}",
        "gists_url": "https://api.github.com/users/apache/gists{/gist_id}",
        "starred_url": "https://api.github.com/users/apache/starred{/owner}{/repo}",
        "subscriptions_url": "https://api.github.com/users/apache/subscriptions",
        "organizations_url": "https://api.github.com/users/apache/orgs",
        "repos_url": "https://api.github.com/users/apache/repos",
        "events_url": "https://api.github.com/users/apache/events{/privacy}",
        "received_events_url": "https://api.github.com/users/apache/received_events",
        "type": "Organization",
        "site_admin": false
      },
      "repo": {
        "id": 16977479,
        "node_id": "MDEwOlJlcG9zaXRvcnkxNjk3NzQ3OQ==",
        "name": "cxf",
        "full_name": "apache/cxf",
        "private": false,
        "owner": {
          "login": "apache",
          "id": 47359,
          "node_id": "MDEyOk9yZ2FuaXphdGlvbjQ3MzU5",
          "avatar_url": "https://avatars0.githubusercontent.com/u/47359?v=4",
          "gravatar_id": "",
          "url": "https://api.github.com/users/apache",
          "html_url": "https://github.com/apache",
          "followers_url": "https://api.github.com/users/apache/followers",
          "following_url": "https://api.github.com/users/apache/following{/other_user}",
          "gists_url": "https://api.github.com/users/apache/gists{/gist_id}",
          "starred_url": "https://api.github.com/users/apache/starred{/owner}{/repo}",
          "subscriptions_url": "https://api.github.com/users/apache/subscriptions",
          "organizations_url": "https://api.github.com/users/apache/orgs",
          "repos_url": "https://api.github.com/users/apache/repos",
          "events_url": "https://api.github.com/users/apache/events{/privacy}",
          "received_events_url": "https://api.github.com/users/apache/received_events",
          "type": "Organization",
          "site_admin": false
        },
        "html_url": "https://github.com/apache/cxf",
        "description": "Mirror of Apache CXF",
        "fork": false,
        "url": "https://api.github.com/repos/apache/cxf",
        "forks_url": "https://api.github.com/repos/apache/cxf/forks",
        "keys_url": "https://api.github.com/repos/apache/cxf/keys{/key_id}",
        "collaborators_url": "https://api.github.com/repos/apache/cxf/collaborators{/collaborator}",
        "teams_url": "https://api.github.com/repos/apache/cxf/teams",
        "hooks_url": "https://api.github.com/repos/apache/cxf/hooks",
        "issue_events_url": "https://api.github.com/repos/apache/cxf/issues/events{/number}",
        "events_url": "https://api.github.com/repos/apache/cxf/events",
        "assignees_url": "https://api.github.com/repos/apache/cxf/assignees{/user}",
        "branches_url": "https://api.github.com/repos/apache/cxf/branches{/branch}",
        "tags_url": "https://api.github.com/repos/apache/cxf/tags",
        "blobs_url": "https://api.github.com/repos/apache/cxf/git/blobs{/sha}",
        "git_tags_url": "https://api.github.com/repos/apache/cxf/git/tags{/sha}",
        "git_refs_url": "https://api.github.com/repos/apache/cxf/git/refs{/sha}",
        "trees_url": "https://api.github.com/repos/apache/cxf/git/trees{/sha}",
        "statuses_url": "https://api.github.com/repos/apache/cxf/statuses/{sha}",
        "languages_url": "https://api.github.com/repos/apache/cxf/languages",
        "stargazers_url": "https://api.github.com/repos/apache/cxf/stargazers",
        "contributors_url": "https://api.github.com/repos/apache/cxf/contributors",
        "subscribers_url": "https://api.github.com/repos/apache/cxf/subscribers",
        "subscription_url": "https://api.github.com/repos/apache/cxf/subscription",
        "commits_url": "https://api.github.com/repos/apache/cxf/commits{/sha}",
        "git_commits_url": "https://api.github.com/repos/apache/cxf/git/commits{/sha}",
        "comments_url": "https://api.github.com/repos/apache/cxf/comments{/number}",
        "issue_comment_url": "https://api.github.com/repos/apache/cxf/issues/comments{/number}",
        "contents_url": "https://api.github.com/repos/apache/cxf/contents/{+path}",
        "compare_url": "https://api.github.com/repos/apache/cxf/compare/{base}...{head}",
        "merges_url": "https://api.github.com/repos/apache/cxf/merges",
        "archive_url": "https://api.github.com/repos/apache/cxf/{archive_format}{/ref}",
        "downloads_url": "https://api.github.com/repos/apache/cxf/downloads",
        "issues_url": "https://api.github.com/repos/apache/cxf/issues{/number}",
        "pulls_url": "https://api.github.com/repos/apache/cxf/pulls{/number}",
        "milestones_url": "https://api.github.com/repos/apache/cxf/milestones{/number}",
        "notifications_url": "https://api.github.com/repos/apache/cxf/notifications{?since,all,participating}",
        "labels_url": "https://api.github.com/repos/apache/cxf/labels{/name}",
        "releases_url": "https://api.github.com/repos/apache/cxf/releases{/id}",
        "deployments_url": "https://api.github.com/repos/apache/cxf/deployments",
        "created_at": "2014-02-19T08:00:08Z",
        "updated_at": "2019-09-10T13:16:04Z",
        "pushed_at": "2019-09-10T15:12:47Z",
        "git_url": "git://github.com/apache/cxf.git",
        "ssh_url": "git@github.com:apache/cxf.git",
        "clone_url": "https://github.com/apache/cxf.git",
        "svn_url": "https://github.com/apache/cxf",
        "homepage": null,
        "size": 111793,
        "stargazers_count": 583,
        "watchers_count": 583,
        "language": "Java",
        "has_issues": false,
        "has_projects": true,
        "has_downloads": true,
        "has_wiki": false,
        "has_pages": false,
        "forks_count": 1064,
        "mirror_url": null,
        "archived": false,
        "disabled": false,
        "open_issues_count": 19,
        "license": null,
        "forks": 1064,
        "open_issues": 19,
        "watchers": 583,
        "default_branch": "master"
      }
    },
    "_links": {
      "self": {
        "href": "https://api.github.com/repos/apache/cxf/pulls/534"
      },
      "html": {
        "href": "https://github.com/apache/cxf/pull/534"
      },
      "issue": {
        "href": "https://api.github.com/repos/apache/cxf/issues/534"
      },
      "comments": {
        "href": "https://api.github.com/repos/apache/cxf/issues/534/comments"
      },
      "review_comments": {
        "href": "https://api.github.com/repos/apache/cxf/pulls/534/comments"
      },
      "review_comment": {
        "href": "https://api.github.com/repos/apache/cxf/pulls/comments{/number}"
      },
      "commits": {
        "href": "https://api.github.com/repos/apache/cxf/pulls/534/commits"
      },
      "statuses": {
        "href": "https://api.github.com/repos/apache/cxf/statuses/1885f5a2e3c61652e7942c9bc1d78d4789cd6a5d"
      }
    },
    "author_association": "CONTRIBUTOR"
  }
]
