[
  {
    "url": "https://api.github.com/repos/apache/beam/pulls/1",
    "id": 147908760,
    "node_id": "MDExOlB1bGxSZXF1ZXN0MTQ3OTA4NzYw",
    "html_url": "https://github.com/tvalentyn/beam/pull/1",
    "diff_url": "https://github.com/tvalentyn/beam/pull/1.diff",
    "patch_url": "https://github.com/tvalentyn/beam/pull/1.patch",
    "issue_url": "https://api.github.com/repos/apache/beam/issues/1",
    "number": 1,
    "state": "closed",
    "locked": false,
    "title": "test",
    "user": {
      "login": "tvalentyn",
      "id": 9408864,
      "node_id": "MDQ6VXNlcjk0MDg4NjQ=",
      "avatar_url": "https://avatars3.githubusercontent.com/u/9408864?v=4",
      "gravatar_id": "",
      "url": "https://api.github.com/users/tvalentyn",
      "html_url": "https://github.com/tvalentyn",
      "followers_url": "https://api.github.com/users/tvalentyn/followers",
      "following_url": "https://api.github.com/users/tvalentyn/following{/other_user}",
      "gists_url": "https://api.github.com/users/tvalentyn/gists{/gist_id}",
      "starred_url": "https://api.github.com/users/tvalentyn/starred{/owner}{/repo}",
      "subscriptions_url": "https://api.github.com/users/tvalentyn/subscriptions",
      "organizations_url": "https://api.github.com/users/tvalentyn/orgs",
      "repos_url": "https://api.github.com/users/tvalentyn/repos",
      "events_url": "https://api.github.com/users/tvalentyn/events{/privacy}",
      "received_events_url": "https://api.github.com/users/tvalentyn/received_events",
      "type": "User",
      "site_admin": false
    },
    "body": "Be sure to do all of the following to help us incorporate your contribution\r\nquickly and easily:\r\n\r\n - [ ] Make sure the PR title is formatted like:\r\n   `[BEAM-<Jira issue #>] Description of pull request`\r\n - [ ] Make sure tests pass via `mvn clean verify`.\r\n - [ ] Replace `<Jira issue #>` in the title with the actual Jira issue\r\n       number, if there is one.\r\n - [ ] If this contribution is large, please file an Apache\r\n       [Individual Contributor License Agreement](https://www.apache.org/licenses/icla.pdf).\r\n\r\n---\r\n",
    "created_at": "2017-10-20T22:36:44Z",
    "updated_at": "2017-10-20T22:36:59Z",
    "closed_at": "2017-10-20T22:36:59Z",
    "merged_at": "2017-10-20T22:36:59Z",
    "merge_commit_sha": "8b918588aa0381c35e10100ec7b96f51f75bbd58",
    "assignee": null,
    "assignees": [

    ],
    "requested_reviewers": [

    ],
    "requested_teams": [

    ],
    "labels": [

    ],
    "milestone": null,
    "commits_url": "https://api.github.com/repos/apache/beam/pulls/1/commits",
    "review_comments_url": "https://api.github.com/repos/apache/beam/pulls/1/comments",
    "review_comment_url": "https://api.github.com/repos/apache/beam/pulls/comments{/number}",
    "comments_url": "https://api.github.com/repos/apache/beam/issues/1/comments",
    "statuses_url": "https://api.github.com/repos/apache/beam/statuses/66fcda99c1e5902ff4d0981b887c70f7afe9380a",
    "head": {
      "label": "apache:master",
      "ref": "master",
      "sha": "66fcda99c1e5902ff4d0981b887c70f7afe9380a",
      "user": {
        "login": "apache",
        "id": 47359,
        "node_id": "MDEyOk9yZ2FuaXphdGlvbjQ3MzU5",
        "avatar_url": "https://avatars0.githubusercontent.com/u/47359?v=4",
        "gravatar_id": "",
        "url": "https://api.github.com/users/apache",
        "html_url": "https://github.com/apache",
        "followers_url": "https://api.github.com/users/apache/followers",
        "following_url": "https://api.github.com/users/apache/following{/other_user}",
        "gists_url": "https://api.github.com/users/apache/gists{/gist_id}",
        "starred_url": "https://api.github.com/users/apache/starred{/owner}{/repo}",
        "subscriptions_url": "https://api.github.com/users/apache/subscriptions",
        "organizations_url": "https://api.github.com/users/apache/orgs",
        "repos_url": "https://api.github.com/users/apache/repos",
        "events_url": "https://api.github.com/users/apache/events{/privacy}",
        "received_events_url": "https://api.github.com/users/apache/received_events",
        "type": "Organization",
        "site_admin": false
      },
      "repo": {
        "id": 50904245,
        "node_id": "MDEwOlJlcG9zaXRvcnk1MDkwNDI0NQ==",
        "name": "beam",
        "full_name": "apache/beam",
        "private": false,
        "owner": {
          "login": "apache",
          "id": 47359,
          "node_id": "MDEyOk9yZ2FuaXphdGlvbjQ3MzU5",
          "avatar_url": "https://avatars0.githubusercontent.com/u/47359?v=4",
          "gravatar_id": "",
          "url": "https://api.github.com/users/apache",
          "html_url": "https://github.com/apache",
          "followers_url": "https://api.github.com/users/apache/followers",
          "following_url": "https://api.github.com/users/apache/following{/other_user}",
          "gists_url": "https://api.github.com/users/apache/gists{/gist_id}",
          "starred_url": "https://api.github.com/users/apache/starred{/owner}{/repo}",
          "subscriptions_url": "https://api.github.com/users/apache/subscriptions",
          "organizations_url": "https://api.github.com/users/apache/orgs",
          "repos_url": "https://api.github.com/users/apache/repos",
          "events_url": "https://api.github.com/users/apache/events{/privacy}",
          "received_events_url": "https://api.github.com/users/apache/received_events",
          "type": "Organization",
          "site_admin": false
        },
        "html_url": "https://github.com/apache/beam",
        "description": "Apache Beam",
        "fork": false,
        "url": "https://api.github.com/repos/apache/beam",
        "forks_url": "https://api.github.com/repos/apache/beam/forks",
        "keys_url": "https://api.github.com/repos/apache/beam/keys{/key_id}",
        "collaborators_url": "https://api.github.com/repos/apache/beam/collaborators{/collaborator}",
        "teams_url": "https://api.github.com/repos/apache/beam/teams",
        "hooks_url": "https://api.github.com/repos/apache/beam/hooks",
        "issue_events_url": "https://api.github.com/repos/apache/beam/issues/events{/number}",
        "events_url": "https://api.github.com/repos/apache/beam/events",
        "assignees_url": "https://api.github.com/repos/apache/beam/assignees{/user}",
        "branches_url": "https://api.github.com/repos/apache/beam/branches{/branch}",
        "tags_url": "https://api.github.com/repos/apache/beam/tags",
        "blobs_url": "https://api.github.com/repos/apache/beam/git/blobs{/sha}",
        "git_tags_url": "https://api.github.com/repos/apache/beam/git/tags{/sha}",
        "git_refs_url": "https://api.github.com/repos/apache/beam/git/refs{/sha}",
        "trees_url": "https://api.github.com/repos/apache/beam/git/trees{/sha}",
        "statuses_url": "https://api.github.com/repos/apache/beam/statuses/{sha}",
        "languages_url": "https://api.github.com/repos/apache/beam/languages",
        "stargazers_url": "https://api.github.com/repos/apache/beam/stargazers",
        "contributors_url": "https://api.github.com/repos/apache/beam/contributors",
        "subscribers_url": "https://api.github.com/repos/apache/beam/subscribers",
        "subscription_url": "https://api.github.com/repos/apache/beam/subscription",
        "commits_url": "https://api.github.com/repos/apache/beam/commits{/sha}",
        "git_commits_url": "https://api.github.com/repos/apache/beam/git/commits{/sha}",
        "comments_url": "https://api.github.com/repos/apache/beam/comments{/number}",
        "issue_comment_url": "https://api.github.com/repos/apache/beam/issues/comments{/number}",
        "contents_url": "https://api.github.com/repos/apache/beam/contents/{+path}",
        "compare_url": "https://api.github.com/repos/apache/beam/compare/{base}...{head}",
        "merges_url": "https://api.github.com/repos/apache/beam/merges",
        "archive_url": "https://api.github.com/repos/apache/beam/{archive_format}{/ref}",
        "downloads_url": "https://api.github.com/repos/apache/beam/downloads",
        "issues_url": "https://api.github.com/repos/apache/beam/issues{/number}",
        "pulls_url": "https://api.github.com/repos/apache/beam/pulls{/number}",
        "milestones_url": "https://api.github.com/repos/apache/beam/milestones{/number}",
        "notifications_url": "https://api.github.com/repos/apache/beam/notifications{?since,all,participating}",
        "labels_url": "https://api.github.com/repos/apache/beam/labels{/name}",
        "releases_url": "https://api.github.com/repos/apache/beam/releases{/id}",
        "deployments_url": "https://api.github.com/repos/apache/beam/deployments",
        "created_at": "2016-02-02T08:00:06Z",
        "updated_at": "2019-09-10T11:31:47Z",
        "pushed_at": "2019-09-10T14:47:04Z",
        "git_url": "git://github.com/apache/beam.git",
        "ssh_url": "git@github.com:apache/beam.git",
        "clone_url": "https://github.com/apache/beam.git",
        "svn_url": "https://github.com/apache/beam",
        "homepage": "https://beam.apache.org",
        "size": 133790,
        "stargazers_count": 3280,
        "watchers_count": 3280,
        "language": "Java",
        "has_issues": false,
        "has_projects": true,
        "has_downloads": true,
        "has_wiki": false,
        "has_pages": false,
        "forks_count": 2007,
        "mirror_url": null,
        "archived": false,
        "disabled": false,
        "open_issues_count": 129,
        "license": {
          "key": "apache-2.0",
          "name": "Apache License 2.0",
          "spdx_id": "Apache-2.0",
          "url": "https://api.github.com/licenses/apache-2.0",
          "node_id": "MDc6TGljZW5zZTI="
        },
        "forks": 2007,
        "open_issues": 129,
        "watchers": 3280,
        "default_branch": "master"
      }
    },
    "base": {
      "label": "tvalentyn:master",
      "ref": "master",
      "sha": "0b19fb414322a27b7bd595465f34111f86f72a3c",
      "user": {
        "login": "tvalentyn",
        "id": 9408864,
        "node_id": "MDQ6VXNlcjk0MDg4NjQ=",
        "avatar_url": "https://avatars3.githubusercontent.com/u/9408864?v=4",
        "gravatar_id": "",
        "url": "https://api.github.com/users/tvalentyn",
        "html_url": "https://github.com/tvalentyn",
        "followers_url": "https://api.github.com/users/tvalentyn/followers",
        "following_url": "https://api.github.com/users/tvalentyn/following{/other_user}",
        "gists_url": "https://api.github.com/users/tvalentyn/gists{/gist_id}",
        "starred_url": "https://api.github.com/users/tvalentyn/starred{/owner}{/repo}",
        "subscriptions_url": "https://api.github.com/users/tvalentyn/subscriptions",
        "organizations_url": "https://api.github.com/users/tvalentyn/orgs",
        "repos_url": "https://api.github.com/users/tvalentyn/repos",
        "events_url": "https://api.github.com/users/tvalentyn/events{/privacy}",
        "received_events_url": "https://api.github.com/users/tvalentyn/received_events",
        "type": "User",
        "site_admin": false
      },
      "repo": {
        "id": 81976592,
        "node_id": "MDEwOlJlcG9zaXRvcnk4MTk3NjU5Mg==",
        "name": "beam",
        "full_name": "tvalentyn/beam",
        "private": false,
        "owner": {
          "login": "tvalentyn",
          "id": 9408864,
          "node_id": "MDQ6VXNlcjk0MDg4NjQ=",
          "avatar_url": "https://avatars3.githubusercontent.com/u/9408864?v=4",
          "gravatar_id": "",
          "url": "https://api.github.com/users/tvalentyn",
          "html_url": "https://github.com/tvalentyn",
          "followers_url": "https://api.github.com/users/tvalentyn/followers",
          "following_url": "https://api.github.com/users/tvalentyn/following{/other_user}",
          "gists_url": "https://api.github.com/users/tvalentyn/gists{/gist_id}",
          "starred_url": "https://api.github.com/users/tvalentyn/starred{/owner}{/repo}",
          "subscriptions_url": "https://api.github.com/users/tvalentyn/subscriptions",
          "organizations_url": "https://api.github.com/users/tvalentyn/orgs",
          "repos_url": "https://api.github.com/users/tvalentyn/repos",
          "events_url": "https://api.github.com/users/tvalentyn/events{/privacy}",
          "received_events_url": "https://api.github.com/users/tvalentyn/received_events",
          "type": "User",
          "site_admin": false
        },
        "html_url": "https://github.com/tvalentyn/beam",
        "description": "Mirror of Apache Beam",
        "fork": true,
        "url": "https://api.github.com/repos/tvalentyn/beam",
        "forks_url": "https://api.github.com/repos/tvalentyn/beam/forks",
        "keys_url": "https://api.github.com/repos/tvalentyn/beam/keys{/key_id}",
        "collaborators_url": "https://api.github.com/repos/tvalentyn/beam/collaborators{/collaborator}",
        "teams_url": "https://api.github.com/repos/tvalentyn/beam/teams",
        "hooks_url": "https://api.github.com/repos/tvalentyn/beam/hooks",
        "issue_events_url": "https://api.github.com/repos/tvalentyn/beam/issues/events{/number}",
        "events_url": "https://api.github.com/repos/tvalentyn/beam/events",
        "assignees_url": "https://api.github.com/repos/tvalentyn/beam/assignees{/user}",
        "branches_url": "https://api.github.com/repos/tvalentyn/beam/branches{/branch}",
        "tags_url": "https://api.github.com/repos/tvalentyn/beam/tags",
        "blobs_url": "https://api.github.com/repos/tvalentyn/beam/git/blobs{/sha}",
        "git_tags_url": "https://api.github.com/repos/tvalentyn/beam/git/tags{/sha}",
        "git_refs_url": "https://api.github.com/repos/tvalentyn/beam/git/refs{/sha}",
        "trees_url": "https://api.github.com/repos/tvalentyn/beam/git/trees{/sha}",
        "statuses_url": "https://api.github.com/repos/tvalentyn/beam/statuses/{sha}",
        "languages_url": "https://api.github.com/repos/tvalentyn/beam/languages",
        "stargazers_url": "https://api.github.com/repos/tvalentyn/beam/stargazers",
        "contributors_url": "https://api.github.com/repos/tvalentyn/beam/contributors",
        "subscribers_url": "https://api.github.com/repos/tvalentyn/beam/subscribers",
        "subscription_url": "https://api.github.com/repos/tvalentyn/beam/subscription",
        "commits_url": "https://api.github.com/repos/tvalentyn/beam/commits{/sha}",
        "git_commits_url": "https://api.github.com/repos/tvalentyn/beam/git/commits{/sha}",
        "comments_url": "https://api.github.com/repos/tvalentyn/beam/comments{/number}",
        "issue_comment_url": "https://api.github.com/repos/tvalentyn/beam/issues/comments{/number}",
        "contents_url": "https://api.github.com/repos/tvalentyn/beam/contents/{+path}",
        "compare_url": "https://api.github.com/repos/tvalentyn/beam/compare/{base}...{head}",
        "merges_url": "https://api.github.com/repos/tvalentyn/beam/merges",
        "archive_url": "https://api.github.com/repos/tvalentyn/beam/{archive_format}{/ref}",
        "downloads_url": "https://api.github.com/repos/tvalentyn/beam/downloads",
        "issues_url": "https://api.github.com/repos/tvalentyn/beam/issues{/number}",
        "pulls_url": "https://api.github.com/repos/tvalentyn/beam/pulls{/number}",
        "milestones_url": "https://api.github.com/repos/tvalentyn/beam/milestones{/number}",
        "notifications_url": "https://api.github.com/repos/tvalentyn/beam/notifications{?since,all,participating}",
        "labels_url": "https://api.github.com/repos/tvalentyn/beam/labels{/name}",
        "releases_url": "https://api.github.com/repos/tvalentyn/beam/releases{/id}",
        "deployments_url": "https://api.github.com/repos/tvalentyn/beam/deployments",
        "created_at": "2017-02-14T18:32:47Z",
        "updated_at": "2019-07-11T02:54:14Z",
        "pushed_at": "2019-09-10T02:42:44Z",
        "git_url": "git://github.com/tvalentyn/beam.git",
        "ssh_url": "git@github.com:tvalentyn/beam.git",
        "clone_url": "https://github.com/tvalentyn/beam.git",
        "svn_url": "https://github.com/tvalentyn/beam",
        "homepage": "",
        "size": 146483,
        "stargazers_count": 0,
        "watchers_count": 0,
        "language": "Java",
        "has_issues": false,
        "has_projects": true,
        "has_downloads": true,
        "has_wiki": false,
        "has_pages": false,
        "forks_count": 0,
        "mirror_url": null,
        "archived": false,
        "disabled": false,
        "open_issues_count": 2,
        "license": {
          "key": "apache-2.0",
          "name": "Apache License 2.0",
          "spdx_id": "Apache-2.0",
          "url": "https://api.github.com/licenses/apache-2.0",
          "node_id": "MDc6TGljZW5zZTI="
        },
        "forks": 0,
        "open_issues": 2,
        "watchers": 0,
        "default_branch": "master"
      }
    },
    "_links": {
      "self": {
        "href": "https://api.github.com/repos/apache/beam/pulls/1"
      },
      "html": {
        "href": "https://github.com/tvalentyn/beam/pull/1"
      },
      "issue": {
        "href": "https://api.github.com/repos/apache/beam/issues/1"
      },
      "comments": {
        "href": "https://api.github.com/repos/apache/beam/issues/1/comments"
      },
      "review_comments": {
        "href": "https://api.github.com/repos/apache/beam/pulls/1/comments"
      },
      "review_comment": {
        "href": "https://api.github.com/repos/apache/beam/pulls/comments{/number}"
      },
      "commits": {
        "href": "https://api.github.com/repos/apache/beam/pulls/1/commits"
      },
      "statuses": {
        "href": "https://api.github.com/repos/apache/beam/statuses/66fcda99c1e5902ff4d0981b887c70f7afe9380a"
      }
    },
    "author_association": "OWNER"
  }
]
