[
  {
    "url": "https://api.github.com/repos/apache/openwhisk/pulls/872",
    "id": 76832684,
    "node_id": "MDExOlB1bGxSZXF1ZXN0NzY4MzI2ODQ=",
    "html_url": "https://github.com/apache/openwhisk/pull/872",
    "diff_url": "https://github.com/apache/openwhisk/pull/872.diff",
    "patch_url": "https://github.com/apache/openwhisk/pull/872.patch",
    "issue_url": "https://api.github.com/repos/apache/openwhisk/issues/872",
    "number": 872,
    "state": "closed",
    "locked": false,
    "title": "Kafka consumer throttling in invoker",
    "user": {
      "login": "rabbah",
      "id": 4959922,
      "node_id": "MDQ6VXNlcjQ5NTk5MjI=",
      "avatar_url": "https://avatars3.githubusercontent.com/u/4959922?v=4",
      "gravatar_id": "",
      "url": "https://api.github.com/users/rabbah",
      "html_url": "https://github.com/rabbah",
      "followers_url": "https://api.github.com/users/rabbah/followers",
      "following_url": "https://api.github.com/users/rabbah/following{/other_user}",
      "gists_url": "https://api.github.com/users/rabbah/gists{/gist_id}",
      "starred_url": "https://api.github.com/users/rabbah/starred{/owner}{/repo}",
      "subscriptions_url": "https://api.github.com/users/rabbah/subscriptions",
      "organizations_url": "https://api.github.com/users/rabbah/orgs",
      "repos_url": "https://api.github.com/users/rabbah/repos",
      "events_url": "https://api.github.com/users/rabbah/events{/privacy}",
      "received_events_url": "https://api.github.com/users/rabbah/received_events",
      "type": "User",
      "site_admin": false
    },
    "body": "Introduced an actor polls the message bus for new messages and dispatches them to the given\nhandler. The actor tracks the number of messages dispatched and will not dispatch new\nmessages until some number of them are acknowledged.\n\nThis is used by the invoker to pull messages from the message bus and apply back pressure\nwhen the invoker does not have resources to complete processing messages (i.e., no containers\nare available to run new actions).\n\nWhen the invoker releases resources (by reclaiming containers) it will send a message\nto this actor which will then attempt to fill the pipeline with new messages.\n\nThe actor tries to fill the pipeline with additional messages while the number\nof outstanding requests is below the pipeline fill threshold.\n\nIPG 288 approved. Closes #143.\n",
    "created_at": "2016-07-09T01:00:22Z",
    "updated_at": "2017-05-12T16:31:56Z",
    "closed_at": "2016-07-14T21:21:24Z",
    "merged_at": "2016-07-14T21:21:24Z",
    "merge_commit_sha": "913e7c8f9a5debb7905d4bede5631582acc1a3d9",
    "assignee": null,
    "assignees": [

    ],
    "requested_reviewers": [

    ],
    "requested_teams": [

    ],
    "labels": [
      {
        "id": 354873442,
        "node_id": "MDU6TGFiZWwzNTQ4NzM0NDI=",
        "url": "https://api.github.com/repos/apache/openwhisk/labels/invoker",
        "name": "invoker",
        "color": "0e8a16",
        "default": false
      },
      {
        "id": 401833887,
        "node_id": "MDU6TGFiZWw0MDE4MzM4ODc=",
        "url": "https://api.github.com/repos/apache/openwhisk/labels/ready",
        "name": "ready",
        "color": "0e8a16",
        "default": false
      }
    ],
    "milestone": {
      "url": "https://api.github.com/repos/apache/openwhisk/milestones/6",
      "html_url": "https://github.com/apache/openwhisk/milestone/6",
      "labels_url": "https://api.github.com/repos/apache/openwhisk/milestones/6/labels",
      "id": 1850713,
      "node_id": "MDk6TWlsZXN0b25lMTg1MDcxMw==",
      "number": 6,
      "title": "MILESTONE 9",
      "description": "",
      "creator": {
        "login": "csantanapr",
        "id": 1094878,
        "node_id": "MDQ6VXNlcjEwOTQ4Nzg=",
        "avatar_url": "https://avatars0.githubusercontent.com/u/1094878?v=4",
        "gravatar_id": "",
        "url": "https://api.github.com/users/csantanapr",
        "html_url": "https://github.com/csantanapr",
        "followers_url": "https://api.github.com/users/csantanapr/followers",
        "following_url": "https://api.github.com/users/csantanapr/following{/other_user}",
        "gists_url": "https://api.github.com/users/csantanapr/gists{/gist_id}",
        "starred_url": "https://api.github.com/users/csantanapr/starred{/owner}{/repo}",
        "subscriptions_url": "https://api.github.com/users/csantanapr/subscriptions",
        "organizations_url": "https://api.github.com/users/csantanapr/orgs",
        "repos_url": "https://api.github.com/users/csantanapr/repos",
        "events_url": "https://api.github.com/users/csantanapr/events{/privacy}",
        "received_events_url": "https://api.github.com/users/csantanapr/received_events",
        "type": "User",
        "site_admin": false
      },
      "open_issues": 1,
      "closed_issues": 38,
      "state": "closed",
      "created_at": "2016-06-27T15:18:55Z",
      "updated_at": "2019-05-28T13:23:06Z",
      "due_on": "2016-09-30T07:00:00Z",
      "closed_at": "2019-05-28T13:23:06Z"
    },
    "commits_url": "https://api.github.com/repos/apache/openwhisk/pulls/872/commits",
    "review_comments_url": "https://api.github.com/repos/apache/openwhisk/pulls/872/comments",
    "review_comment_url": "https://api.github.com/repos/apache/openwhisk/pulls/comments{/number}",
    "comments_url": "https://api.github.com/repos/apache/openwhisk/issues/872/comments",
    "statuses_url": "https://api.github.com/repos/apache/openwhisk/statuses/913e7c8f9a5debb7905d4bede5631582acc1a3d9",
    "head": {
      "label": "rabbah:kafka-backpressure",
      "ref": "kafka-backpressure",
      "sha": "913e7c8f9a5debb7905d4bede5631582acc1a3d9",
      "user": {
        "login": "rabbah",
        "id": 4959922,
        "node_id": "MDQ6VXNlcjQ5NTk5MjI=",
        "avatar_url": "https://avatars3.githubusercontent.com/u/4959922?v=4",
        "gravatar_id": "",
        "url": "https://api.github.com/users/rabbah",
        "html_url": "https://github.com/rabbah",
        "followers_url": "https://api.github.com/users/rabbah/followers",
        "following_url": "https://api.github.com/users/rabbah/following{/other_user}",
        "gists_url": "https://api.github.com/users/rabbah/gists{/gist_id}",
        "starred_url": "https://api.github.com/users/rabbah/starred{/owner}{/repo}",
        "subscriptions_url": "https://api.github.com/users/rabbah/subscriptions",
        "organizations_url": "https://api.github.com/users/rabbah/orgs",
        "repos_url": "https://api.github.com/users/rabbah/repos",
        "events_url": "https://api.github.com/users/rabbah/events{/privacy}",
        "received_events_url": "https://api.github.com/users/rabbah/received_events",
        "type": "User",
        "site_admin": false
      },
      "repo": {
        "id": 52371720,
        "node_id": "MDEwOlJlcG9zaXRvcnk1MjM3MTcyMA==",
        "name": "openwhisk",
        "full_name": "rabbah/openwhisk",
        "private": false,
        "owner": {
          "login": "rabbah",
          "id": 4959922,
          "node_id": "MDQ6VXNlcjQ5NTk5MjI=",
          "avatar_url": "https://avatars3.githubusercontent.com/u/4959922?v=4",
          "gravatar_id": "",
          "url": "https://api.github.com/users/rabbah",
          "html_url": "https://github.com/rabbah",
          "followers_url": "https://api.github.com/users/rabbah/followers",
          "following_url": "https://api.github.com/users/rabbah/following{/other_user}",
          "gists_url": "https://api.github.com/users/rabbah/gists{/gist_id}",
          "starred_url": "https://api.github.com/users/rabbah/starred{/owner}{/repo}",
          "subscriptions_url": "https://api.github.com/users/rabbah/subscriptions",
          "organizations_url": "https://api.github.com/users/rabbah/orgs",
          "repos_url": "https://api.github.com/users/rabbah/repos",
          "events_url": "https://api.github.com/users/rabbah/events{/privacy}",
          "received_events_url": "https://api.github.com/users/rabbah/received_events",
          "type": "User",
          "site_admin": false
        },
        "html_url": "https://github.com/rabbah/openwhisk",
        "description": "OpenWhisk is a cloud-first distributed event-based programming service.",
        "fork": true,
        "url": "https://api.github.com/repos/rabbah/openwhisk",
        "forks_url": "https://api.github.com/repos/rabbah/openwhisk/forks",
        "keys_url": "https://api.github.com/repos/rabbah/openwhisk/keys{/key_id}",
        "collaborators_url": "https://api.github.com/repos/rabbah/openwhisk/collaborators{/collaborator}",
        "teams_url": "https://api.github.com/repos/rabbah/openwhisk/teams",
        "hooks_url": "https://api.github.com/repos/rabbah/openwhisk/hooks",
        "issue_events_url": "https://api.github.com/repos/rabbah/openwhisk/issues/events{/number}",
        "events_url": "https://api.github.com/repos/rabbah/openwhisk/events",
        "assignees_url": "https://api.github.com/repos/rabbah/openwhisk/assignees{/user}",
        "branches_url": "https://api.github.com/repos/rabbah/openwhisk/branches{/branch}",
        "tags_url": "https://api.github.com/repos/rabbah/openwhisk/tags",
        "blobs_url": "https://api.github.com/repos/rabbah/openwhisk/git/blobs{/sha}",
        "git_tags_url": "https://api.github.com/repos/rabbah/openwhisk/git/tags{/sha}",
        "git_refs_url": "https://api.github.com/repos/rabbah/openwhisk/git/refs{/sha}",
        "trees_url": "https://api.github.com/repos/rabbah/openwhisk/git/trees{/sha}",
        "statuses_url": "https://api.github.com/repos/rabbah/openwhisk/statuses/{sha}",
        "languages_url": "https://api.github.com/repos/rabbah/openwhisk/languages",
        "stargazers_url": "https://api.github.com/repos/rabbah/openwhisk/stargazers",
        "contributors_url": "https://api.github.com/repos/rabbah/openwhisk/contributors",
        "subscribers_url": "https://api.github.com/repos/rabbah/openwhisk/subscribers",
        "subscription_url": "https://api.github.com/repos/rabbah/openwhisk/subscription",
        "commits_url": "https://api.github.com/repos/rabbah/openwhisk/commits{/sha}",
        "git_commits_url": "https://api.github.com/repos/rabbah/openwhisk/git/commits{/sha}",
        "comments_url": "https://api.github.com/repos/rabbah/openwhisk/comments{/number}",
        "issue_comment_url": "https://api.github.com/repos/rabbah/openwhisk/issues/comments{/number}",
        "contents_url": "https://api.github.com/repos/rabbah/openwhisk/contents/{+path}",
        "compare_url": "https://api.github.com/repos/rabbah/openwhisk/compare/{base}...{head}",
        "merges_url": "https://api.github.com/repos/rabbah/openwhisk/merges",
        "archive_url": "https://api.github.com/repos/rabbah/openwhisk/{archive_format}{/ref}",
        "downloads_url": "https://api.github.com/repos/rabbah/openwhisk/downloads",
        "issues_url": "https://api.github.com/repos/rabbah/openwhisk/issues{/number}",
        "pulls_url": "https://api.github.com/repos/rabbah/openwhisk/pulls{/number}",
        "milestones_url": "https://api.github.com/repos/rabbah/openwhisk/milestones{/number}",
        "notifications_url": "https://api.github.com/repos/rabbah/openwhisk/notifications{?since,all,participating}",
        "labels_url": "https://api.github.com/repos/rabbah/openwhisk/labels{/name}",
        "releases_url": "https://api.github.com/repos/rabbah/openwhisk/releases{/id}",
        "deployments_url": "https://api.github.com/repos/rabbah/openwhisk/deployments",
        "created_at": "2016-02-23T16:03:01Z",
        "updated_at": "2019-07-11T22:17:26Z",
        "pushed_at": "2019-09-06T16:43:28Z",
        "git_url": "git://github.com/rabbah/openwhisk.git",
        "ssh_url": "git@github.com:rabbah/openwhisk.git",
        "clone_url": "https://github.com/rabbah/openwhisk.git",
        "svn_url": "https://github.com/rabbah/openwhisk",
        "homepage": "",
        "size": 69093,
        "stargazers_count": 0,
        "watchers_count": 0,
        "language": "Scala",
        "has_issues": false,
        "has_projects": true,
        "has_downloads": true,
        "has_wiki": true,
        "has_pages": false,
        "forks_count": 0,
        "mirror_url": null,
        "archived": false,
        "disabled": false,
        "open_issues_count": 0,
        "license": {
          "key": "apache-2.0",
          "name": "Apache License 2.0",
          "spdx_id": "Apache-2.0",
          "url": "https://api.github.com/licenses/apache-2.0",
          "node_id": "MDc6TGljZW5zZTI="
        },
        "forks": 0,
        "open_issues": 0,
        "watchers": 0,
        "default_branch": "master"
      }
    },
    "base": {
      "label": "apache:master",
      "ref": "master",
      "sha": "6ba0d0b77536863d666513c49d6607e8c216b6c6",
      "user": {
        "login": "apache",
        "id": 47359,
        "node_id": "MDEyOk9yZ2FuaXphdGlvbjQ3MzU5",
        "avatar_url": "https://avatars0.githubusercontent.com/u/47359?v=4",
        "gravatar_id": "",
        "url": "https://api.github.com/users/apache",
        "html_url": "https://github.com/apache",
        "followers_url": "https://api.github.com/users/apache/followers",
        "following_url": "https://api.github.com/users/apache/following{/other_user}",
        "gists_url": "https://api.github.com/users/apache/gists{/gist_id}",
        "starred_url": "https://api.github.com/users/apache/starred{/owner}{/repo}",
        "subscriptions_url": "https://api.github.com/users/apache/subscriptions",
        "organizations_url": "https://api.github.com/users/apache/orgs",
        "repos_url": "https://api.github.com/users/apache/repos",
        "events_url": "https://api.github.com/users/apache/events{/privacy}",
        "received_events_url": "https://api.github.com/users/apache/received_events",
        "type": "Organization",
        "site_admin": false
      },
      "repo": {
        "id": 52039373,
        "node_id": "MDEwOlJlcG9zaXRvcnk1MjAzOTM3Mw==",
        "name": "openwhisk",
        "full_name": "apache/openwhisk",
        "private": false,
        "owner": {
          "login": "apache",
          "id": 47359,
          "node_id": "MDEyOk9yZ2FuaXphdGlvbjQ3MzU5",
          "avatar_url": "https://avatars0.githubusercontent.com/u/47359?v=4",
          "gravatar_id": "",
          "url": "https://api.github.com/users/apache",
          "html_url": "https://github.com/apache",
          "followers_url": "https://api.github.com/users/apache/followers",
          "following_url": "https://api.github.com/users/apache/following{/other_user}",
          "gists_url": "https://api.github.com/users/apache/gists{/gist_id}",
          "starred_url": "https://api.github.com/users/apache/starred{/owner}{/repo}",
          "subscriptions_url": "https://api.github.com/users/apache/subscriptions",
          "organizations_url": "https://api.github.com/users/apache/orgs",
          "repos_url": "https://api.github.com/users/apache/repos",
          "events_url": "https://api.github.com/users/apache/events{/privacy}",
          "received_events_url": "https://api.github.com/users/apache/received_events",
          "type": "Organization",
          "site_admin": false
        },
        "html_url": "https://github.com/apache/openwhisk",
        "description": "Apache OpenWhisk is an open source serverless cloud platform",
        "fork": false,
        "url": "https://api.github.com/repos/apache/openwhisk",
        "forks_url": "https://api.github.com/repos/apache/openwhisk/forks",
        "keys_url": "https://api.github.com/repos/apache/openwhisk/keys{/key_id}",
        "collaborators_url": "https://api.github.com/repos/apache/openwhisk/collaborators{/collaborator}",
        "teams_url": "https://api.github.com/repos/apache/openwhisk/teams",
        "hooks_url": "https://api.github.com/repos/apache/openwhisk/hooks",
        "issue_events_url": "https://api.github.com/repos/apache/openwhisk/issues/events{/number}",
        "events_url": "https://api.github.com/repos/apache/openwhisk/events",
        "assignees_url": "https://api.github.com/repos/apache/openwhisk/assignees{/user}",
        "branches_url": "https://api.github.com/repos/apache/openwhisk/branches{/branch}",
        "tags_url": "https://api.github.com/repos/apache/openwhisk/tags",
        "blobs_url": "https://api.github.com/repos/apache/openwhisk/git/blobs{/sha}",
        "git_tags_url": "https://api.github.com/repos/apache/openwhisk/git/tags{/sha}",
        "git_refs_url": "https://api.github.com/repos/apache/openwhisk/git/refs{/sha}",
        "trees_url": "https://api.github.com/repos/apache/openwhisk/git/trees{/sha}",
        "statuses_url": "https://api.github.com/repos/apache/openwhisk/statuses/{sha}",
        "languages_url": "https://api.github.com/repos/apache/openwhisk/languages",
        "stargazers_url": "https://api.github.com/repos/apache/openwhisk/stargazers",
        "contributors_url": "https://api.github.com/repos/apache/openwhisk/contributors",
        "subscribers_url": "https://api.github.com/repos/apache/openwhisk/subscribers",
        "subscription_url": "https://api.github.com/repos/apache/openwhisk/subscription",
        "commits_url": "https://api.github.com/repos/apache/openwhisk/commits{/sha}",
        "git_commits_url": "https://api.github.com/repos/apache/openwhisk/git/commits{/sha}",
        "comments_url": "https://api.github.com/repos/apache/openwhisk/comments{/number}",
        "issue_comment_url": "https://api.github.com/repos/apache/openwhisk/issues/comments{/number}",
        "contents_url": "https://api.github.com/repos/apache/openwhisk/contents/{+path}",
        "compare_url": "https://api.github.com/repos/apache/openwhisk/compare/{base}...{head}",
        "merges_url": "https://api.github.com/repos/apache/openwhisk/merges",
        "archive_url": "https://api.github.com/repos/apache/openwhisk/{archive_format}{/ref}",
        "downloads_url": "https://api.github.com/repos/apache/openwhisk/downloads",
        "issues_url": "https://api.github.com/repos/apache/openwhisk/issues{/number}",
        "pulls_url": "https://api.github.com/repos/apache/openwhisk/pulls{/number}",
        "milestones_url": "https://api.github.com/repos/apache/openwhisk/milestones{/number}",
        "notifications_url": "https://api.github.com/repos/apache/openwhisk/notifications{?since,all,participating}",
        "labels_url": "https://api.github.com/repos/apache/openwhisk/labels{/name}",
        "releases_url": "https://api.github.com/repos/apache/openwhisk/releases{/id}",
        "deployments_url": "https://api.github.com/repos/apache/openwhisk/deployments",
        "created_at": "2016-02-18T21:16:19Z",
        "updated_at": "2019-09-10T02:11:36Z",
        "pushed_at": "2019-09-10T06:39:45Z",
        "git_url": "git://github.com/apache/openwhisk.git",
        "ssh_url": "git@github.com:apache/openwhisk.git",
        "clone_url": "https://github.com/apache/openwhisk.git",
        "svn_url": "https://github.com/apache/openwhisk",
        "homepage": "https://openwhisk.apache.org/",
        "size": 68751,
        "stargazers_count": 4236,
        "watchers_count": 4236,
        "language": "Scala",
        "has_issues": true,
        "has_projects": true,
        "has_downloads": true,
        "has_wiki": true,
        "has_pages": false,
        "forks_count": 817,
        "mirror_url": null,
        "archived": false,
        "disabled": false,
        "open_issues_count": 443,
        "license": {
          "key": "apache-2.0",
          "name": "Apache License 2.0",
          "spdx_id": "Apache-2.0",
          "url": "https://api.github.com/licenses/apache-2.0",
          "node_id": "MDc6TGljZW5zZTI="
        },
        "forks": 817,
        "open_issues": 443,
        "watchers": 4236,
        "default_branch": "master"
      }
    },
    "_links": {
      "self": {
        "href": "https://api.github.com/repos/apache/openwhisk/pulls/872"
      },
      "html": {
        "href": "https://github.com/apache/openwhisk/pull/872"
      },
      "issue": {
        "href": "https://api.github.com/repos/apache/openwhisk/issues/872"
      },
      "comments": {
        "href": "https://api.github.com/repos/apache/openwhisk/issues/872/comments"
      },
      "review_comments": {
        "href": "https://api.github.com/repos/apache/openwhisk/pulls/872/comments"
      },
      "review_comment": {
        "href": "https://api.github.com/repos/apache/openwhisk/pulls/comments{/number}"
      },
      "commits": {
        "href": "https://api.github.com/repos/apache/openwhisk/pulls/872/commits"
      },
      "statuses": {
        "href": "https://api.github.com/repos/apache/openwhisk/statuses/913e7c8f9a5debb7905d4bede5631582acc1a3d9"
      }
    },
    "author_association": "MEMBER"
  }
]
