[
  {
    "url": "https://api.github.com/repos/databricks/spark-sklearn/pulls/3",
    "id": 52205477,
    "node_id": "MDExOlB1bGxSZXF1ZXN0NTIyMDU0Nzc=",
    "html_url": "https://github.com/databricks/spark-sklearn/pull/3",
    "diff_url": "https://github.com/databricks/spark-sklearn/pull/3.diff",
    "patch_url": "https://github.com/databricks/spark-sklearn/pull/3.patch",
    "issue_url": "https://api.github.com/repos/databricks/spark-sklearn/issues/3",
    "number": 3,
    "state": "closed",
    "locked": false,
    "title": "[ML-772] Derive from sklearn's BaseSearchCV and reuse the same tests",
    "user": {
      "login": "thunterdb",
      "id": 7594753,
      "node_id": "MDQ6VXNlcjc1OTQ3NTM=",
      "avatar_url": "https://avatars0.githubusercontent.com/u/7594753?v=4",
      "gravatar_id": "",
      "url": "https://api.github.com/users/thunterdb",
      "html_url": "https://github.com/thunterdb",
      "followers_url": "https://api.github.com/users/thunterdb/followers",
      "following_url": "https://api.github.com/users/thunterdb/following{/other_user}",
      "gists_url": "https://api.github.com/users/thunterdb/gists{/gist_id}",
      "starred_url": "https://api.github.com/users/thunterdb/starred{/owner}{/repo}",
      "subscriptions_url": "https://api.github.com/users/thunterdb/subscriptions",
      "organizations_url": "https://api.github.com/users/thunterdb/orgs",
      "repos_url": "https://api.github.com/users/thunterdb/repos",
      "events_url": "https://api.github.com/users/thunterdb/events{/privacy}",
      "received_events_url": "https://api.github.com/users/thunterdb/received_events",
      "type": "User",
      "site_admin": false
    },
    "body": "This PR makes our GridSearchCV derive from BaseSearchCV. As such, we only need to reimplement part of the `_fit` method.\n\nIt also automatically imports tests from sklearn and runs them, using our implementation instead of the stock implementation. I had to disable 5 tests due to differences in error handling. Other than that, we get the same results.\n\nNOTE: it requires a very recent version of sklearn because it pulls a lot of internals (tested against 0.17).\n",
    "created_at": "2015-12-01T01:39:57Z",
    "updated_at": "2015-12-10T19:27:28Z",
    "closed_at": "2015-12-10T19:27:28Z",
    "merged_at": "2015-12-10T19:27:28Z",
    "merge_commit_sha": "e2ccd393de51307fef7152897783e6d60c09f2ce",
    "assignee": null,
    "assignees": [

    ],
    "requested_reviewers": [

    ],
    "requested_teams": [

    ],
    "labels": [

    ],
    "milestone": null,
    "commits_url": "https://api.github.com/repos/databricks/spark-sklearn/pulls/3/commits",
    "review_comments_url": "https://api.github.com/repos/databricks/spark-sklearn/pulls/3/comments",
    "review_comment_url": "https://api.github.com/repos/databricks/spark-sklearn/pulls/comments{/number}",
    "comments_url": "https://api.github.com/repos/databricks/spark-sklearn/issues/3/comments",
    "statuses_url": "https://api.github.com/repos/databricks/spark-sklearn/statuses/dbb23012315ebbdc86bd0531eaf2335ab2cbc40b",
    "head": {
      "label": "thunterdb:ml-772",
      "ref": "ml-772",
      "sha": "dbb23012315ebbdc86bd0531eaf2335ab2cbc40b",
      "user": {
        "login": "thunterdb",
        "id": 7594753,
        "node_id": "MDQ6VXNlcjc1OTQ3NTM=",
        "avatar_url": "https://avatars0.githubusercontent.com/u/7594753?v=4",
        "gravatar_id": "",
        "url": "https://api.github.com/users/thunterdb",
        "html_url": "https://github.com/thunterdb",
        "followers_url": "https://api.github.com/users/thunterdb/followers",
        "following_url": "https://api.github.com/users/thunterdb/following{/other_user}",
        "gists_url": "https://api.github.com/users/thunterdb/gists{/gist_id}",
        "starred_url": "https://api.github.com/users/thunterdb/starred{/owner}{/repo}",
        "subscriptions_url": "https://api.github.com/users/thunterdb/subscriptions",
        "organizations_url": "https://api.github.com/users/thunterdb/orgs",
        "repos_url": "https://api.github.com/users/thunterdb/repos",
        "events_url": "https://api.github.com/users/thunterdb/events{/privacy}",
        "received_events_url": "https://api.github.com/users/thunterdb/received_events",
        "type": "User",
        "site_admin": false
      },
      "repo": {
        "id": 46890855,
        "node_id": "MDEwOlJlcG9zaXRvcnk0Njg5MDg1NQ==",
        "name": "spark-sklearn",
        "full_name": "thunterdb/spark-sklearn",
        "private": true,
        "owner": {
          "login": "thunterdb",
          "id": 7594753,
          "node_id": "MDQ6VXNlcjc1OTQ3NTM=",
          "avatar_url": "https://avatars0.githubusercontent.com/u/7594753?v=4",
          "gravatar_id": "",
          "url": "https://api.github.com/users/thunterdb",
          "html_url": "https://github.com/thunterdb",
          "followers_url": "https://api.github.com/users/thunterdb/followers",
          "following_url": "https://api.github.com/users/thunterdb/following{/other_user}",
          "gists_url": "https://api.github.com/users/thunterdb/gists{/gist_id}",
          "starred_url": "https://api.github.com/users/thunterdb/starred{/owner}{/repo}",
          "subscriptions_url": "https://api.github.com/users/thunterdb/subscriptions",
          "organizations_url": "https://api.github.com/users/thunterdb/orgs",
          "repos_url": "https://api.github.com/users/thunterdb/repos",
          "events_url": "https://api.github.com/users/thunterdb/events{/privacy}",
          "received_events_url": "https://api.github.com/users/thunterdb/received_events",
          "type": "User",
          "site_admin": false
        },
        "html_url": "https://github.com/thunterdb/spark-sklearn",
        "description": "Integration of Spark ML pipeline API with scikit-learn",
        "fork": false,
        "url": "https://api.github.com/repos/thunterdb/spark-sklearn",
        "forks_url": "https://api.github.com/repos/thunterdb/spark-sklearn/forks",
        "keys_url": "https://api.github.com/repos/thunterdb/spark-sklearn/keys{/key_id}",
        "collaborators_url": "https://api.github.com/repos/thunterdb/spark-sklearn/collaborators{/collaborator}",
        "teams_url": "https://api.github.com/repos/thunterdb/spark-sklearn/teams",
        "hooks_url": "https://api.github.com/repos/thunterdb/spark-sklearn/hooks",
        "issue_events_url": "https://api.github.com/repos/thunterdb/spark-sklearn/issues/events{/number}",
        "events_url": "https://api.github.com/repos/thunterdb/spark-sklearn/events",
        "assignees_url": "https://api.github.com/repos/thunterdb/spark-sklearn/assignees{/user}",
        "branches_url": "https://api.github.com/repos/thunterdb/spark-sklearn/branches{/branch}",
        "tags_url": "https://api.github.com/repos/thunterdb/spark-sklearn/tags",
        "blobs_url": "https://api.github.com/repos/thunterdb/spark-sklearn/git/blobs{/sha}",
        "git_tags_url": "https://api.github.com/repos/thunterdb/spark-sklearn/git/tags{/sha}",
        "git_refs_url": "https://api.github.com/repos/thunterdb/spark-sklearn/git/refs{/sha}",
        "trees_url": "https://api.github.com/repos/thunterdb/spark-sklearn/git/trees{/sha}",
        "statuses_url": "https://api.github.com/repos/thunterdb/spark-sklearn/statuses/{sha}",
        "languages_url": "https://api.github.com/repos/thunterdb/spark-sklearn/languages",
        "stargazers_url": "https://api.github.com/repos/thunterdb/spark-sklearn/stargazers",
        "contributors_url": "https://api.github.com/repos/thunterdb/spark-sklearn/contributors",
        "subscribers_url": "https://api.github.com/repos/thunterdb/spark-sklearn/subscribers",
        "subscription_url": "https://api.github.com/repos/thunterdb/spark-sklearn/subscription",
        "commits_url": "https://api.github.com/repos/thunterdb/spark-sklearn/commits{/sha}",
        "git_commits_url": "https://api.github.com/repos/thunterdb/spark-sklearn/git/commits{/sha}",
        "comments_url": "https://api.github.com/repos/thunterdb/spark-sklearn/comments{/number}",
        "issue_comment_url": "https://api.github.com/repos/thunterdb/spark-sklearn/issues/comments{/number}",
        "contents_url": "https://api.github.com/repos/thunterdb/spark-sklearn/contents/{+path}",
        "compare_url": "https://api.github.com/repos/thunterdb/spark-sklearn/compare/{base}...{head}",
        "merges_url": "https://api.github.com/repos/thunterdb/spark-sklearn/merges",
        "archive_url": "https://api.github.com/repos/thunterdb/spark-sklearn/{archive_format}{/ref}",
        "downloads_url": "https://api.github.com/repos/thunterdb/spark-sklearn/downloads",
        "issues_url": "https://api.github.com/repos/thunterdb/spark-sklearn/issues{/number}",
        "pulls_url": "https://api.github.com/repos/thunterdb/spark-sklearn/pulls{/number}",
        "milestones_url": "https://api.github.com/repos/thunterdb/spark-sklearn/milestones{/number}",
        "notifications_url": "https://api.github.com/repos/thunterdb/spark-sklearn/notifications{?since,all,participating}",
        "labels_url": "https://api.github.com/repos/thunterdb/spark-sklearn/labels{/name}",
        "releases_url": "https://api.github.com/repos/thunterdb/spark-sklearn/releases{/id}",
        "deployments_url": "https://api.github.com/repos/thunterdb/spark-sklearn/deployments",
        "created_at": "2015-11-25T22:23:24Z",
        "updated_at": "2016-01-13T20:22:03Z",
        "pushed_at": "2016-01-11T21:49:18Z",
        "git_url": "git://github.com/thunterdb/spark-sklearn.git",
        "ssh_url": "git@github.com:thunterdb/spark-sklearn.git",
        "clone_url": "https://github.com/thunterdb/spark-sklearn.git",
        "svn_url": "https://github.com/thunterdb/spark-sklearn",
        "homepage": null,
        "size": 183,
        "stargazers_count": 0,
        "watchers_count": 0,
        "language": "Python",
        "has_issues": false,
        "has_projects": true,
        "has_downloads": true,
        "has_wiki": true,
        "has_pages": false,
        "forks_count": 0,
        "mirror_url": null,
        "archived": false,
        "disabled": false,
        "open_issues_count": 0,
        "license": null,
        "forks": 0,
        "open_issues": 0,
        "watchers": 0,
        "default_branch": "master"
      }
    },
    "base": {
      "label": "databricks:master",
      "ref": "master",
      "sha": "a628f6b1d5fa0706db833ec5c478c84d4a636b4d",
      "user": {
        "login": "databricks",
        "id": 4998052,
        "node_id": "MDEyOk9yZ2FuaXphdGlvbjQ5OTgwNTI=",
        "avatar_url": "https://avatars2.githubusercontent.com/u/4998052?v=4",
        "gravatar_id": "",
        "url": "https://api.github.com/users/databricks",
        "html_url": "https://github.com/databricks",
        "followers_url": "https://api.github.com/users/databricks/followers",
        "following_url": "https://api.github.com/users/databricks/following{/other_user}",
        "gists_url": "https://api.github.com/users/databricks/gists{/gist_id}",
        "starred_url": "https://api.github.com/users/databricks/starred{/owner}{/repo}",
        "subscriptions_url": "https://api.github.com/users/databricks/subscriptions",
        "organizations_url": "https://api.github.com/users/databricks/orgs",
        "repos_url": "https://api.github.com/users/databricks/repos",
        "events_url": "https://api.github.com/users/databricks/events{/privacy}",
        "received_events_url": "https://api.github.com/users/databricks/received_events",
        "type": "Organization",
        "site_admin": false
      },
      "repo": {
        "id": 41820544,
        "node_id": "MDEwOlJlcG9zaXRvcnk0MTgyMDU0NA==",
        "name": "spark-sklearn",
        "full_name": "databricks/spark-sklearn",
        "private": false,
        "owner": {
          "login": "databricks",
          "id": 4998052,
          "node_id": "MDEyOk9yZ2FuaXphdGlvbjQ5OTgwNTI=",
          "avatar_url": "https://avatars2.githubusercontent.com/u/4998052?v=4",
          "gravatar_id": "",
          "url": "https://api.github.com/users/databricks",
          "html_url": "https://github.com/databricks",
          "followers_url": "https://api.github.com/users/databricks/followers",
          "following_url": "https://api.github.com/users/databricks/following{/other_user}",
          "gists_url": "https://api.github.com/users/databricks/gists{/gist_id}",
          "starred_url": "https://api.github.com/users/databricks/starred{/owner}{/repo}",
          "subscriptions_url": "https://api.github.com/users/databricks/subscriptions",
          "organizations_url": "https://api.github.com/users/databricks/orgs",
          "repos_url": "https://api.github.com/users/databricks/repos",
          "events_url": "https://api.github.com/users/databricks/events{/privacy}",
          "received_events_url": "https://api.github.com/users/databricks/received_events",
          "type": "Organization",
          "site_admin": false
        },
        "html_url": "https://github.com/databricks/spark-sklearn",
        "description": "Scikit-learn integration package for Apache Spark",
        "fork": false,
        "url": "https://api.github.com/repos/databricks/spark-sklearn",
        "forks_url": "https://api.github.com/repos/databricks/spark-sklearn/forks",
        "keys_url": "https://api.github.com/repos/databricks/spark-sklearn/keys{/key_id}",
        "collaborators_url": "https://api.github.com/repos/databricks/spark-sklearn/collaborators{/collaborator}",
        "teams_url": "https://api.github.com/repos/databricks/spark-sklearn/teams",
        "hooks_url": "https://api.github.com/repos/databricks/spark-sklearn/hooks",
        "issue_events_url": "https://api.github.com/repos/databricks/spark-sklearn/issues/events{/number}",
        "events_url": "https://api.github.com/repos/databricks/spark-sklearn/events",
        "assignees_url": "https://api.github.com/repos/databricks/spark-sklearn/assignees{/user}",
        "branches_url": "https://api.github.com/repos/databricks/spark-sklearn/branches{/branch}",
        "tags_url": "https://api.github.com/repos/databricks/spark-sklearn/tags",
        "blobs_url": "https://api.github.com/repos/databricks/spark-sklearn/git/blobs{/sha}",
        "git_tags_url": "https://api.github.com/repos/databricks/spark-sklearn/git/tags{/sha}",
        "git_refs_url": "https://api.github.com/repos/databricks/spark-sklearn/git/refs{/sha}",
        "trees_url": "https://api.github.com/repos/databricks/spark-sklearn/git/trees{/sha}",
        "statuses_url": "https://api.github.com/repos/databricks/spark-sklearn/statuses/{sha}",
        "languages_url": "https://api.github.com/repos/databricks/spark-sklearn/languages",
        "stargazers_url": "https://api.github.com/repos/databricks/spark-sklearn/stargazers",
        "contributors_url": "https://api.github.com/repos/databricks/spark-sklearn/contributors",
        "subscribers_url": "https://api.github.com/repos/databricks/spark-sklearn/subscribers",
        "subscription_url": "https://api.github.com/repos/databricks/spark-sklearn/subscription",
        "commits_url": "https://api.github.com/repos/databricks/spark-sklearn/commits{/sha}",
        "git_commits_url": "https://api.github.com/repos/databricks/spark-sklearn/git/commits{/sha}",
        "comments_url": "https://api.github.com/repos/databricks/spark-sklearn/comments{/number}",
        "issue_comment_url": "https://api.github.com/repos/databricks/spark-sklearn/issues/comments{/number}",
        "contents_url": "https://api.github.com/repos/databricks/spark-sklearn/contents/{+path}",
        "compare_url": "https://api.github.com/repos/databricks/spark-sklearn/compare/{base}...{head}",
        "merges_url": "https://api.github.com/repos/databricks/spark-sklearn/merges",
        "archive_url": "https://api.github.com/repos/databricks/spark-sklearn/{archive_format}{/ref}",
        "downloads_url": "https://api.github.com/repos/databricks/spark-sklearn/downloads",
        "issues_url": "https://api.github.com/repos/databricks/spark-sklearn/issues{/number}",
        "pulls_url": "https://api.github.com/repos/databricks/spark-sklearn/pulls{/number}",
        "milestones_url": "https://api.github.com/repos/databricks/spark-sklearn/milestones{/number}",
        "notifications_url": "https://api.github.com/repos/databricks/spark-sklearn/notifications{?since,all,participating}",
        "labels_url": "https://api.github.com/repos/databricks/spark-sklearn/labels{/name}",
        "releases_url": "https://api.github.com/repos/databricks/spark-sklearn/releases{/id}",
        "deployments_url": "https://api.github.com/repos/databricks/spark-sklearn/deployments",
        "created_at": "2015-09-02T18:44:51Z",
        "updated_at": "2019-09-10T17:53:55Z",
        "pushed_at": "2019-02-06T16:17:06Z",
        "git_url": "git://github.com/databricks/spark-sklearn.git",
        "ssh_url": "git@github.com:databricks/spark-sklearn.git",
        "clone_url": "https://github.com/databricks/spark-sklearn.git",
        "svn_url": "https://github.com/databricks/spark-sklearn",
        "homepage": "",
        "size": 814,
        "stargazers_count": 990,
        "watchers_count": 990,
        "language": "Python",
        "has_issues": true,
        "has_projects": false,
        "has_downloads": true,
        "has_wiki": false,
        "has_pages": false,
        "forks_count": 225,
        "mirror_url": null,
        "archived": false,
        "disabled": false,
        "open_issues_count": 14,
        "license": {
          "key": "apache-2.0",
          "name": "Apache License 2.0",
          "spdx_id": "Apache-2.0",
          "url": "https://api.github.com/licenses/apache-2.0",
          "node_id": "MDc6TGljZW5zZTI="
        },
        "forks": 225,
        "open_issues": 14,
        "watchers": 990,
        "default_branch": "master"
      }
    },
    "_links": {
      "self": {
        "href": "https://api.github.com/repos/databricks/spark-sklearn/pulls/3"
      },
      "html": {
        "href": "https://github.com/databricks/spark-sklearn/pull/3"
      },
      "issue": {
        "href": "https://api.github.com/repos/databricks/spark-sklearn/issues/3"
      },
      "comments": {
        "href": "https://api.github.com/repos/databricks/spark-sklearn/issues/3/comments"
      },
      "review_comments": {
        "href": "https://api.github.com/repos/databricks/spark-sklearn/pulls/3/comments"
      },
      "review_comment": {
        "href": "https://api.github.com/repos/databricks/spark-sklearn/pulls/comments{/number}"
      },
      "commits": {
        "href": "https://api.github.com/repos/databricks/spark-sklearn/pulls/3/commits"
      },
      "statuses": {
        "href": "https://api.github.com/repos/databricks/spark-sklearn/statuses/dbb23012315ebbdc86bd0531eaf2335ab2cbc40b"
      }
    },
    "author_association": "CONTRIBUTOR"
  }
]
