[
  {
    "url": "https://api.github.com/repos/dmlap/jvm-sizeof/pulls/2",
    "id": 90738,
    "node_id": "MDExOlB1bGxSZXF1ZXN0OTA3Mzg=",
    "html_url": "https://github.com/dmlap/jvm-sizeof/pull/2",
    "diff_url": "https://github.com/dmlap/jvm-sizeof/pull/2.diff",
    "patch_url": "https://github.com/dmlap/jvm-sizeof/pull/2.patch",
    "issue_url": "https://api.github.com/repos/dmlap/jvm-sizeof/issues/2",
    "number": 2,
    "state": "closed",
    "locked": false,
    "title": "Tally Ho!",
    "user": {
      "login": "djspiewak",
      "id": 752,
      "node_id": "MDQ6VXNlcjc1Mg==",
      "avatar_url": "https://avatars1.githubusercontent.com/u/752?v=4",
      "gravatar_id": "",
      "url": "https://api.github.com/users/djspiewak",
      "html_url": "https://github.com/djspiewak",
      "followers_url": "https://api.github.com/users/djspiewak/followers",
      "following_url": "https://api.github.com/users/djspiewak/following{/other_user}",
      "gists_url": "https://api.github.com/users/djspiewak/gists{/gist_id}",
      "starred_url": "https://api.github.com/users/djspiewak/starred{/owner}{/repo}",
      "subscriptions_url": "https://api.github.com/users/djspiewak/subscriptions",
      "organizations_url": "https://api.github.com/users/djspiewak/orgs",
      "repos_url": "https://api.github.com/users/djspiewak/repos",
      "events_url": "https://api.github.com/users/djspiewak/events{/privacy}",
      "received_events_url": "https://api.github.com/users/djspiewak/received_events",
      "type": "User",
      "site_admin": false
    },
    "body": "",
    "created_at": "2011-03-11T03:00:26Z",
    "updated_at": "2014-06-13T01:50:05Z",
    "closed_at": "2011-03-16T01:52:37Z",
    "merged_at": "2011-03-16T01:52:37Z",
    "merge_commit_sha": null,
    "assignee": null,
    "assignees": [

    ],
    "requested_reviewers": [

    ],
    "requested_teams": [

    ],
    "labels": [

    ],
    "milestone": null,
    "commits_url": "https://api.github.com/repos/dmlap/jvm-sizeof/pulls/2/commits",
    "review_comments_url": "https://api.github.com/repos/dmlap/jvm-sizeof/pulls/2/comments",
    "review_comment_url": "https://api.github.com/repos/dmlap/jvm-sizeof/pulls/comments{/number}",
    "comments_url": "https://api.github.com/repos/dmlap/jvm-sizeof/issues/2/comments",
    "statuses_url": "https://api.github.com/repos/dmlap/jvm-sizeof/statuses/28bd268db197687afb13e99bb8813142af510e8d",
    "head": {
      "label": "djspiewak:master",
      "ref": "master",
      "sha": "28bd268db197687afb13e99bb8813142af510e8d",
      "user": {
        "login": "djspiewak",
        "id": 752,
        "node_id": "MDQ6VXNlcjc1Mg==",
        "avatar_url": "https://avatars1.githubusercontent.com/u/752?v=4",
        "gravatar_id": "",
        "url": "https://api.github.com/users/djspiewak",
        "html_url": "https://github.com/djspiewak",
        "followers_url": "https://api.github.com/users/djspiewak/followers",
        "following_url": "https://api.github.com/users/djspiewak/following{/other_user}",
        "gists_url": "https://api.github.com/users/djspiewak/gists{/gist_id}",
        "starred_url": "https://api.github.com/users/djspiewak/starred{/owner}{/repo}",
        "subscriptions_url": "https://api.github.com/users/djspiewak/subscriptions",
        "organizations_url": "https://api.github.com/users/djspiewak/orgs",
        "repos_url": "https://api.github.com/users/djspiewak/repos",
        "events_url": "https://api.github.com/users/djspiewak/events{/privacy}",
        "received_events_url": "https://api.github.com/users/djspiewak/received_events",
        "type": "User",
        "site_admin": false
      },
      "repo": {
        "id": 1466375,
        "node_id": "MDEwOlJlcG9zaXRvcnkxNDY2Mzc1",
        "name": "jvm-sizeof",
        "full_name": "djspiewak/jvm-sizeof",
        "private": false,
        "owner": {
          "login": "djspiewak",
          "id": 752,
          "node_id": "MDQ6VXNlcjc1Mg==",
          "avatar_url": "https://avatars1.githubusercontent.com/u/752?v=4",
          "gravatar_id": "",
          "url": "https://api.github.com/users/djspiewak",
          "html_url": "https://github.com/djspiewak",
          "followers_url": "https://api.github.com/users/djspiewak/followers",
          "following_url": "https://api.github.com/users/djspiewak/following{/other_user}",
          "gists_url": "https://api.github.com/users/djspiewak/gists{/gist_id}",
          "starred_url": "https://api.github.com/users/djspiewak/starred{/owner}{/repo}",
          "subscriptions_url": "https://api.github.com/users/djspiewak/subscriptions",
          "organizations_url": "https://api.github.com/users/djspiewak/orgs",
          "repos_url": "https://api.github.com/users/djspiewak/repos",
          "events_url": "https://api.github.com/users/djspiewak/events{/privacy}",
          "received_events_url": "https://api.github.com/users/djspiewak/received_events",
          "type": "User",
          "site_admin": false
        },
        "html_url": "https://github.com/djspiewak/jvm-sizeof",
        "description": "A javaagent that calculates heap usage for JVM objects",
        "fork": true,
        "url": "https://api.github.com/repos/djspiewak/jvm-sizeof",
        "forks_url": "https://api.github.com/repos/djspiewak/jvm-sizeof/forks",
        "keys_url": "https://api.github.com/repos/djspiewak/jvm-sizeof/keys{/key_id}",
        "collaborators_url": "https://api.github.com/repos/djspiewak/jvm-sizeof/collaborators{/collaborator}",
        "teams_url": "https://api.github.com/repos/djspiewak/jvm-sizeof/teams",
        "hooks_url": "https://api.github.com/repos/djspiewak/jvm-sizeof/hooks",
        "issue_events_url": "https://api.github.com/repos/djspiewak/jvm-sizeof/issues/events{/number}",
        "events_url": "https://api.github.com/repos/djspiewak/jvm-sizeof/events",
        "assignees_url": "https://api.github.com/repos/djspiewak/jvm-sizeof/assignees{/user}",
        "branches_url": "https://api.github.com/repos/djspiewak/jvm-sizeof/branches{/branch}",
        "tags_url": "https://api.github.com/repos/djspiewak/jvm-sizeof/tags",
        "blobs_url": "https://api.github.com/repos/djspiewak/jvm-sizeof/git/blobs{/sha}",
        "git_tags_url": "https://api.github.com/repos/djspiewak/jvm-sizeof/git/tags{/sha}",
        "git_refs_url": "https://api.github.com/repos/djspiewak/jvm-sizeof/git/refs{/sha}",
        "trees_url": "https://api.github.com/repos/djspiewak/jvm-sizeof/git/trees{/sha}",
        "statuses_url": "https://api.github.com/repos/djspiewak/jvm-sizeof/statuses/{sha}",
        "languages_url": "https://api.github.com/repos/djspiewak/jvm-sizeof/languages",
        "stargazers_url": "https://api.github.com/repos/djspiewak/jvm-sizeof/stargazers",
        "contributors_url": "https://api.github.com/repos/djspiewak/jvm-sizeof/contributors",
        "subscribers_url": "https://api.github.com/repos/djspiewak/jvm-sizeof/subscribers",
        "subscription_url": "https://api.github.com/repos/djspiewak/jvm-sizeof/subscription",
        "commits_url": "https://api.github.com/repos/djspiewak/jvm-sizeof/commits{/sha}",
        "git_commits_url": "https://api.github.com/repos/djspiewak/jvm-sizeof/git/commits{/sha}",
        "comments_url": "https://api.github.com/repos/djspiewak/jvm-sizeof/comments{/number}",
        "issue_comment_url": "https://api.github.com/repos/djspiewak/jvm-sizeof/issues/comments{/number}",
        "contents_url": "https://api.github.com/repos/djspiewak/jvm-sizeof/contents/{+path}",
        "compare_url": "https://api.github.com/repos/djspiewak/jvm-sizeof/compare/{base}...{head}",
        "merges_url": "https://api.github.com/repos/djspiewak/jvm-sizeof/merges",
        "archive_url": "https://api.github.com/repos/djspiewak/jvm-sizeof/{archive_format}{/ref}",
        "downloads_url": "https://api.github.com/repos/djspiewak/jvm-sizeof/downloads",
        "issues_url": "https://api.github.com/repos/djspiewak/jvm-sizeof/issues{/number}",
        "pulls_url": "https://api.github.com/repos/djspiewak/jvm-sizeof/pulls{/number}",
        "milestones_url": "https://api.github.com/repos/djspiewak/jvm-sizeof/milestones{/number}",
        "notifications_url": "https://api.github.com/repos/djspiewak/jvm-sizeof/notifications{?since,all,participating}",
        "labels_url": "https://api.github.com/repos/djspiewak/jvm-sizeof/labels{/name}",
        "releases_url": "https://api.github.com/repos/djspiewak/jvm-sizeof/releases{/id}",
        "deployments_url": "https://api.github.com/repos/djspiewak/jvm-sizeof/deployments",
        "created_at": "2011-03-11T01:51:40Z",
        "updated_at": "2019-01-08T18:12:05Z",
        "pushed_at": "2011-03-11T02:59:50Z",
        "git_url": "git://github.com/djspiewak/jvm-sizeof.git",
        "ssh_url": "git@github.com:djspiewak/jvm-sizeof.git",
        "clone_url": "https://github.com/djspiewak/jvm-sizeof.git",
        "svn_url": "https://github.com/djspiewak/jvm-sizeof",
        "homepage": "",
        "size": 897,
        "stargazers_count": 3,
        "watchers_count": 3,
        "language": "Java",
        "has_issues": false,
        "has_projects": true,
        "has_downloads": true,
        "has_wiki": true,
        "has_pages": false,
        "forks_count": 2,
        "mirror_url": null,
        "archived": false,
        "disabled": false,
        "open_issues_count": 0,
        "license": null,
        "forks": 2,
        "open_issues": 0,
        "watchers": 3,
        "default_branch": "master"
      }
    },
    "base": {
      "label": "dmlap:master",
      "ref": "master",
      "sha": "4fa518d68f4fbeca1c6ea688e8229064d4a0136d",
      "user": {
        "login": "dmlap",
        "id": 56667,
        "node_id": "MDQ6VXNlcjU2NjY3",
        "avatar_url": "https://avatars1.githubusercontent.com/u/56667?v=4",
        "gravatar_id": "",
        "url": "https://api.github.com/users/dmlap",
        "html_url": "https://github.com/dmlap",
        "followers_url": "https://api.github.com/users/dmlap/followers",
        "following_url": "https://api.github.com/users/dmlap/following{/other_user}",
        "gists_url": "https://api.github.com/users/dmlap/gists{/gist_id}",
        "starred_url": "https://api.github.com/users/dmlap/starred{/owner}{/repo}",
        "subscriptions_url": "https://api.github.com/users/dmlap/subscriptions",
        "organizations_url": "https://api.github.com/users/dmlap/orgs",
        "repos_url": "https://api.github.com/users/dmlap/repos",
        "events_url": "https://api.github.com/users/dmlap/events{/privacy}",
        "received_events_url": "https://api.github.com/users/dmlap/received_events",
        "type": "User",
        "site_admin": false
      },
      "repo": {
        "id": 1444611,
        "node_id": "MDEwOlJlcG9zaXRvcnkxNDQ0NjEx",
        "name": "jvm-sizeof",
        "full_name": "dmlap/jvm-sizeof",
        "private": false,
        "owner": {
          "login": "dmlap",
          "id": 56667,
          "node_id": "MDQ6VXNlcjU2NjY3",
          "avatar_url": "https://avatars1.githubusercontent.com/u/56667?v=4",
          "gravatar_id": "",
          "url": "https://api.github.com/users/dmlap",
          "html_url": "https://github.com/dmlap",
          "followers_url": "https://api.github.com/users/dmlap/followers",
          "following_url": "https://api.github.com/users/dmlap/following{/other_user}",
          "gists_url": "https://api.github.com/users/dmlap/gists{/gist_id}",
          "starred_url": "https://api.github.com/users/dmlap/starred{/owner}{/repo}",
          "subscriptions_url": "https://api.github.com/users/dmlap/subscriptions",
          "organizations_url": "https://api.github.com/users/dmlap/orgs",
          "repos_url": "https://api.github.com/users/dmlap/repos",
          "events_url": "https://api.github.com/users/dmlap/events{/privacy}",
          "received_events_url": "https://api.github.com/users/dmlap/received_events",
          "type": "User",
          "site_admin": false
        },
        "html_url": "https://github.com/dmlap/jvm-sizeof",
        "description": "A javaagent that calculates heap usage for JVM objects",
        "fork": false,
        "url": "https://api.github.com/repos/dmlap/jvm-sizeof",
        "forks_url": "https://api.github.com/repos/dmlap/jvm-sizeof/forks",
        "keys_url": "https://api.github.com/repos/dmlap/jvm-sizeof/keys{/key_id}",
        "collaborators_url": "https://api.github.com/repos/dmlap/jvm-sizeof/collaborators{/collaborator}",
        "teams_url": "https://api.github.com/repos/dmlap/jvm-sizeof/teams",
        "hooks_url": "https://api.github.com/repos/dmlap/jvm-sizeof/hooks",
        "issue_events_url": "https://api.github.com/repos/dmlap/jvm-sizeof/issues/events{/number}",
        "events_url": "https://api.github.com/repos/dmlap/jvm-sizeof/events",
        "assignees_url": "https://api.github.com/repos/dmlap/jvm-sizeof/assignees{/user}",
        "branches_url": "https://api.github.com/repos/dmlap/jvm-sizeof/branches{/branch}",
        "tags_url": "https://api.github.com/repos/dmlap/jvm-sizeof/tags",
        "blobs_url": "https://api.github.com/repos/dmlap/jvm-sizeof/git/blobs{/sha}",
        "git_tags_url": "https://api.github.com/repos/dmlap/jvm-sizeof/git/tags{/sha}",
        "git_refs_url": "https://api.github.com/repos/dmlap/jvm-sizeof/git/refs{/sha}",
        "trees_url": "https://api.github.com/repos/dmlap/jvm-sizeof/git/trees{/sha}",
        "statuses_url": "https://api.github.com/repos/dmlap/jvm-sizeof/statuses/{sha}",
        "languages_url": "https://api.github.com/repos/dmlap/jvm-sizeof/languages",
        "stargazers_url": "https://api.github.com/repos/dmlap/jvm-sizeof/stargazers",
        "contributors_url": "https://api.github.com/repos/dmlap/jvm-sizeof/contributors",
        "subscribers_url": "https://api.github.com/repos/dmlap/jvm-sizeof/subscribers",
        "subscription_url": "https://api.github.com/repos/dmlap/jvm-sizeof/subscription",
        "commits_url": "https://api.github.com/repos/dmlap/jvm-sizeof/commits{/sha}",
        "git_commits_url": "https://api.github.com/repos/dmlap/jvm-sizeof/git/commits{/sha}",
        "comments_url": "https://api.github.com/repos/dmlap/jvm-sizeof/comments{/number}",
        "issue_comment_url": "https://api.github.com/repos/dmlap/jvm-sizeof/issues/comments{/number}",
        "contents_url": "https://api.github.com/repos/dmlap/jvm-sizeof/contents/{+path}",
        "compare_url": "https://api.github.com/repos/dmlap/jvm-sizeof/compare/{base}...{head}",
        "merges_url": "https://api.github.com/repos/dmlap/jvm-sizeof/merges",
        "archive_url": "https://api.github.com/repos/dmlap/jvm-sizeof/{archive_format}{/ref}",
        "downloads_url": "https://api.github.com/repos/dmlap/jvm-sizeof/downloads",
        "issues_url": "https://api.github.com/repos/dmlap/jvm-sizeof/issues{/number}",
        "pulls_url": "https://api.github.com/repos/dmlap/jvm-sizeof/pulls{/number}",
        "milestones_url": "https://api.github.com/repos/dmlap/jvm-sizeof/milestones{/number}",
        "notifications_url": "https://api.github.com/repos/dmlap/jvm-sizeof/notifications{?since,all,participating}",
        "labels_url": "https://api.github.com/repos/dmlap/jvm-sizeof/labels{/name}",
        "releases_url": "https://api.github.com/repos/dmlap/jvm-sizeof/releases{/id}",
        "deployments_url": "https://api.github.com/repos/dmlap/jvm-sizeof/deployments",
        "created_at": "2011-03-05T22:34:32Z",
        "updated_at": "2019-05-09T09:00:23Z",
        "pushed_at": "2011-08-01T14:11:58Z",
        "git_url": "git://github.com/dmlap/jvm-sizeof.git",
        "ssh_url": "git@github.com:dmlap/jvm-sizeof.git",
        "clone_url": "https://github.com/dmlap/jvm-sizeof.git",
        "svn_url": "https://github.com/dmlap/jvm-sizeof",
        "homepage": "",
        "size": 514,
        "stargazers_count": 11,
        "watchers_count": 11,
        "language": "Java",
        "has_issues": true,
        "has_projects": true,
        "has_downloads": true,
        "has_wiki": true,
        "has_pages": false,
        "forks_count": 6,
        "mirror_url": null,
        "archived": false,
        "disabled": false,
        "open_issues_count": 0,
        "license": null,
        "forks": 6,
        "open_issues": 0,
        "watchers": 11,
        "default_branch": "master"
      }
    },
    "_links": {
      "self": {
        "href": "https://api.github.com/repos/dmlap/jvm-sizeof/pulls/2"
      },
      "html": {
        "href": "https://github.com/dmlap/jvm-sizeof/pull/2"
      },
      "issue": {
        "href": "https://api.github.com/repos/dmlap/jvm-sizeof/issues/2"
      },
      "comments": {
        "href": "https://api.github.com/repos/dmlap/jvm-sizeof/issues/2/comments"
      },
      "review_comments": {
        "href": "https://api.github.com/repos/dmlap/jvm-sizeof/pulls/2/comments"
      },
      "review_comment": {
        "href": "https://api.github.com/repos/dmlap/jvm-sizeof/pulls/comments{/number}"
      },
      "commits": {
        "href": "https://api.github.com/repos/dmlap/jvm-sizeof/pulls/2/commits"
      },
      "statuses": {
        "href": "https://api.github.com/repos/dmlap/jvm-sizeof/statuses/28bd268db197687afb13e99bb8813142af510e8d"
      }
    },
    "author_association": "CONTRIBUTOR"
  }
]
