[
  {
    "url": "https://api.github.com/repos/RestComm/smscgateway-docker/pulls/1",
    "id": 99785493,
    "node_id": "MDExOlB1bGxSZXF1ZXN0OTk3ODU0OTM=",
    "html_url": "https://github.com/RestComm/smscgateway-docker/pull/1",
    "diff_url": "https://github.com/RestComm/smscgateway-docker/pull/1.diff",
    "patch_url": "https://github.com/RestComm/smscgateway-docker/pull/1.patch",
    "issue_url": "https://api.github.com/repos/RestComm/smscgateway-docker/issues/1",
    "number": 1,
    "state": "closed",
    "locked": false,
    "title": "add docker based on restcomm-connect with cassandra at localhost",
    "user": {
      "login": "nicosmaris",
      "id": 23616149,
      "node_id": "MDQ6VXNlcjIzNjE2MTQ5",
      "avatar_url": "https://avatars2.githubusercontent.com/u/23616149?v=4",
      "gravatar_id": "",
      "url": "https://api.github.com/users/nicosmaris",
      "html_url": "https://github.com/nicosmaris",
      "followers_url": "https://api.github.com/users/nicosmaris/followers",
      "following_url": "https://api.github.com/users/nicosmaris/following{/other_user}",
      "gists_url": "https://api.github.com/users/nicosmaris/gists{/gist_id}",
      "starred_url": "https://api.github.com/users/nicosmaris/starred{/owner}{/repo}",
      "subscriptions_url": "https://api.github.com/users/nicosmaris/subscriptions",
      "organizations_url": "https://api.github.com/users/nicosmaris/orgs",
      "repos_url": "https://api.github.com/users/nicosmaris/repos",
      "events_url": "https://api.github.com/users/nicosmaris/events{/privacy}",
      "received_events_url": "https://api.github.com/users/nicosmaris/received_events",
      "type": "User",
      "site_admin": false
    },
    "body": "Tested with travis",
    "created_at": "2016-12-30T21:46:15Z",
    "updated_at": "2017-01-16T10:12:34Z",
    "closed_at": "2017-01-12T11:36:29Z",
    "merged_at": "2017-01-12T11:36:29Z",
    "merge_commit_sha": "9fd2a80ef103a4e0951fc7fc93f56e87231ba513",
    "assignee": null,
    "assignees": [

    ],
    "requested_reviewers": [
      {
        "login": "leftyb",
        "id": 4802924,
        "node_id": "MDQ6VXNlcjQ4MDI5MjQ=",
        "avatar_url": "https://avatars0.githubusercontent.com/u/4802924?v=4",
        "gravatar_id": "",
        "url": "https://api.github.com/users/leftyb",
        "html_url": "https://github.com/leftyb",
        "followers_url": "https://api.github.com/users/leftyb/followers",
        "following_url": "https://api.github.com/users/leftyb/following{/other_user}",
        "gists_url": "https://api.github.com/users/leftyb/gists{/gist_id}",
        "starred_url": "https://api.github.com/users/leftyb/starred{/owner}{/repo}",
        "subscriptions_url": "https://api.github.com/users/leftyb/subscriptions",
        "organizations_url": "https://api.github.com/users/leftyb/orgs",
        "repos_url": "https://api.github.com/users/leftyb/repos",
        "events_url": "https://api.github.com/users/leftyb/events{/privacy}",
        "received_events_url": "https://api.github.com/users/leftyb/received_events",
        "type": "User",
        "site_admin": false
      },
      {
        "login": "vetss",
        "id": 9006410,
        "node_id": "MDQ6VXNlcjkwMDY0MTA=",
        "avatar_url": "https://avatars3.githubusercontent.com/u/9006410?v=4",
        "gravatar_id": "",
        "url": "https://api.github.com/users/vetss",
        "html_url": "https://github.com/vetss",
        "followers_url": "https://api.github.com/users/vetss/followers",
        "following_url": "https://api.github.com/users/vetss/following{/other_user}",
        "gists_url": "https://api.github.com/users/vetss/gists{/gist_id}",
        "starred_url": "https://api.github.com/users/vetss/starred{/owner}{/repo}",
        "subscriptions_url": "https://api.github.com/users/vetss/subscriptions",
        "organizations_url": "https://api.github.com/users/vetss/orgs",
        "repos_url": "https://api.github.com/users/vetss/repos",
        "events_url": "https://api.github.com/users/vetss/events{/privacy}",
        "received_events_url": "https://api.github.com/users/vetss/received_events",
        "type": "User",
        "site_admin": false
      },
      {
        "login": "nhanth87",
        "id": 9125212,
        "node_id": "MDQ6VXNlcjkxMjUyMTI=",
        "avatar_url": "https://avatars2.githubusercontent.com/u/9125212?v=4",
        "gravatar_id": "",
        "url": "https://api.github.com/users/nhanth87",
        "html_url": "https://github.com/nhanth87",
        "followers_url": "https://api.github.com/users/nhanth87/followers",
        "following_url": "https://api.github.com/users/nhanth87/following{/other_user}",
        "gists_url": "https://api.github.com/users/nhanth87/gists{/gist_id}",
        "starred_url": "https://api.github.com/users/nhanth87/starred{/owner}{/repo}",
        "subscriptions_url": "https://api.github.com/users/nhanth87/subscriptions",
        "organizations_url": "https://api.github.com/users/nhanth87/orgs",
        "repos_url": "https://api.github.com/users/nhanth87/repos",
        "events_url": "https://api.github.com/users/nhanth87/events{/privacy}",
        "received_events_url": "https://api.github.com/users/nhanth87/received_events",
        "type": "User",
        "site_admin": false
      }
    ],
    "requested_teams": [

    ],
    "labels": [

    ],
    "milestone": null,
    "commits_url": "https://api.github.com/repos/RestComm/smscgateway-docker/pulls/1/commits",
    "review_comments_url": "https://api.github.com/repos/RestComm/smscgateway-docker/pulls/1/comments",
    "review_comment_url": "https://api.github.com/repos/RestComm/smscgateway-docker/pulls/comments{/number}",
    "comments_url": "https://api.github.com/repos/RestComm/smscgateway-docker/issues/1/comments",
    "statuses_url": "https://api.github.com/repos/RestComm/smscgateway-docker/statuses/355166bef835a79b60afaeefd542fc2371b77013",
    "head": {
      "label": "nicosmaris:master",
      "ref": "master",
      "sha": "355166bef835a79b60afaeefd542fc2371b77013",
      "user": {
        "login": "nicosmaris",
        "id": 23616149,
        "node_id": "MDQ6VXNlcjIzNjE2MTQ5",
        "avatar_url": "https://avatars2.githubusercontent.com/u/23616149?v=4",
        "gravatar_id": "",
        "url": "https://api.github.com/users/nicosmaris",
        "html_url": "https://github.com/nicosmaris",
        "followers_url": "https://api.github.com/users/nicosmaris/followers",
        "following_url": "https://api.github.com/users/nicosmaris/following{/other_user}",
        "gists_url": "https://api.github.com/users/nicosmaris/gists{/gist_id}",
        "starred_url": "https://api.github.com/users/nicosmaris/starred{/owner}{/repo}",
        "subscriptions_url": "https://api.github.com/users/nicosmaris/subscriptions",
        "organizations_url": "https://api.github.com/users/nicosmaris/orgs",
        "repos_url": "https://api.github.com/users/nicosmaris/repos",
        "events_url": "https://api.github.com/users/nicosmaris/events{/privacy}",
        "received_events_url": "https://api.github.com/users/nicosmaris/received_events",
        "type": "User",
        "site_admin": false
      },
      "repo": {
        "id": 77709905,
        "node_id": "MDEwOlJlcG9zaXRvcnk3NzcwOTkwNQ==",
        "name": "smscgateway-docker",
        "full_name": "nicosmaris/smscgateway-docker",
        "private": false,
        "owner": {
          "login": "nicosmaris",
          "id": 23616149,
          "node_id": "MDQ6VXNlcjIzNjE2MTQ5",
          "avatar_url": "https://avatars2.githubusercontent.com/u/23616149?v=4",
          "gravatar_id": "",
          "url": "https://api.github.com/users/nicosmaris",
          "html_url": "https://github.com/nicosmaris",
          "followers_url": "https://api.github.com/users/nicosmaris/followers",
          "following_url": "https://api.github.com/users/nicosmaris/following{/other_user}",
          "gists_url": "https://api.github.com/users/nicosmaris/gists{/gist_id}",
          "starred_url": "https://api.github.com/users/nicosmaris/starred{/owner}{/repo}",
          "subscriptions_url": "https://api.github.com/users/nicosmaris/subscriptions",
          "organizations_url": "https://api.github.com/users/nicosmaris/orgs",
          "repos_url": "https://api.github.com/users/nicosmaris/repos",
          "events_url": "https://api.github.com/users/nicosmaris/events{/privacy}",
          "received_events_url": "https://api.github.com/users/nicosmaris/received_events",
          "type": "User",
          "site_admin": false
        },
        "html_url": "https://github.com/nicosmaris/smscgateway-docker",
        "description": null,
        "fork": true,
        "url": "https://api.github.com/repos/nicosmaris/smscgateway-docker",
        "forks_url": "https://api.github.com/repos/nicosmaris/smscgateway-docker/forks",
        "keys_url": "https://api.github.com/repos/nicosmaris/smscgateway-docker/keys{/key_id}",
        "collaborators_url": "https://api.github.com/repos/nicosmaris/smscgateway-docker/collaborators{/collaborator}",
        "teams_url": "https://api.github.com/repos/nicosmaris/smscgateway-docker/teams",
        "hooks_url": "https://api.github.com/repos/nicosmaris/smscgateway-docker/hooks",
        "issue_events_url": "https://api.github.com/repos/nicosmaris/smscgateway-docker/issues/events{/number}",
        "events_url": "https://api.github.com/repos/nicosmaris/smscgateway-docker/events",
        "assignees_url": "https://api.github.com/repos/nicosmaris/smscgateway-docker/assignees{/user}",
        "branches_url": "https://api.github.com/repos/nicosmaris/smscgateway-docker/branches{/branch}",
        "tags_url": "https://api.github.com/repos/nicosmaris/smscgateway-docker/tags",
        "blobs_url": "https://api.github.com/repos/nicosmaris/smscgateway-docker/git/blobs{/sha}",
        "git_tags_url": "https://api.github.com/repos/nicosmaris/smscgateway-docker/git/tags{/sha}",
        "git_refs_url": "https://api.github.com/repos/nicosmaris/smscgateway-docker/git/refs{/sha}",
        "trees_url": "https://api.github.com/repos/nicosmaris/smscgateway-docker/git/trees{/sha}",
        "statuses_url": "https://api.github.com/repos/nicosmaris/smscgateway-docker/statuses/{sha}",
        "languages_url": "https://api.github.com/repos/nicosmaris/smscgateway-docker/languages",
        "stargazers_url": "https://api.github.com/repos/nicosmaris/smscgateway-docker/stargazers",
        "contributors_url": "https://api.github.com/repos/nicosmaris/smscgateway-docker/contributors",
        "subscribers_url": "https://api.github.com/repos/nicosmaris/smscgateway-docker/subscribers",
        "subscription_url": "https://api.github.com/repos/nicosmaris/smscgateway-docker/subscription",
        "commits_url": "https://api.github.com/repos/nicosmaris/smscgateway-docker/commits{/sha}",
        "git_commits_url": "https://api.github.com/repos/nicosmaris/smscgateway-docker/git/commits{/sha}",
        "comments_url": "https://api.github.com/repos/nicosmaris/smscgateway-docker/comments{/number}",
        "issue_comment_url": "https://api.github.com/repos/nicosmaris/smscgateway-docker/issues/comments{/number}",
        "contents_url": "https://api.github.com/repos/nicosmaris/smscgateway-docker/contents/{+path}",
        "compare_url": "https://api.github.com/repos/nicosmaris/smscgateway-docker/compare/{base}...{head}",
        "merges_url": "https://api.github.com/repos/nicosmaris/smscgateway-docker/merges",
        "archive_url": "https://api.github.com/repos/nicosmaris/smscgateway-docker/{archive_format}{/ref}",
        "downloads_url": "https://api.github.com/repos/nicosmaris/smscgateway-docker/downloads",
        "issues_url": "https://api.github.com/repos/nicosmaris/smscgateway-docker/issues{/number}",
        "pulls_url": "https://api.github.com/repos/nicosmaris/smscgateway-docker/pulls{/number}",
        "milestones_url": "https://api.github.com/repos/nicosmaris/smscgateway-docker/milestones{/number}",
        "notifications_url": "https://api.github.com/repos/nicosmaris/smscgateway-docker/notifications{?since,all,participating}",
        "labels_url": "https://api.github.com/repos/nicosmaris/smscgateway-docker/labels{/name}",
        "releases_url": "https://api.github.com/repos/nicosmaris/smscgateway-docker/releases{/id}",
        "deployments_url": "https://api.github.com/repos/nicosmaris/smscgateway-docker/deployments",
        "created_at": "2016-12-30T20:53:38Z",
        "updated_at": "2017-01-13T18:45:34Z",
        "pushed_at": "2017-02-09T18:03:49Z",
        "git_url": "git://github.com/nicosmaris/smscgateway-docker.git",
        "ssh_url": "git@github.com:nicosmaris/smscgateway-docker.git",
        "clone_url": "https://github.com/nicosmaris/smscgateway-docker.git",
        "svn_url": "https://github.com/nicosmaris/smscgateway-docker",
        "homepage": null,
        "size": 62,
        "stargazers_count": 0,
        "watchers_count": 0,
        "language": "Shell",
        "has_issues": false,
        "has_projects": true,
        "has_downloads": true,
        "has_wiki": false,
        "has_pages": false,
        "forks_count": 0,
        "mirror_url": null,
        "archived": false,
        "disabled": false,
        "open_issues_count": 1,
        "license": {
          "key": "agpl-3.0",
          "name": "GNU Affero General Public License v3.0",
          "spdx_id": "AGPL-3.0",
          "url": "https://api.github.com/licenses/agpl-3.0",
          "node_id": "MDc6TGljZW5zZTE="
        },
        "forks": 0,
        "open_issues": 1,
        "watchers": 0,
        "default_branch": "master"
      }
    },
    "base": {
      "label": "RestComm:master",
      "ref": "master",
      "sha": "d430d7da6a8ca7ab5a8e1b799fddd6aa46e51d28",
      "user": {
        "login": "RestComm",
        "id": 667380,
        "node_id": "MDEyOk9yZ2FuaXphdGlvbjY2NzM4MA==",
        "avatar_url": "https://avatars3.githubusercontent.com/u/667380?v=4",
        "gravatar_id": "",
        "url": "https://api.github.com/users/RestComm",
        "html_url": "https://github.com/RestComm",
        "followers_url": "https://api.github.com/users/RestComm/followers",
        "following_url": "https://api.github.com/users/RestComm/following{/other_user}",
        "gists_url": "https://api.github.com/users/RestComm/gists{/gist_id}",
        "starred_url": "https://api.github.com/users/RestComm/starred{/owner}{/repo}",
        "subscriptions_url": "https://api.github.com/users/RestComm/subscriptions",
        "organizations_url": "https://api.github.com/users/RestComm/orgs",
        "repos_url": "https://api.github.com/users/RestComm/repos",
        "events_url": "https://api.github.com/users/RestComm/events{/privacy}",
        "received_events_url": "https://api.github.com/users/RestComm/received_events",
        "type": "Organization",
        "site_admin": false
      },
      "repo": {
        "id": 53850568,
        "node_id": "MDEwOlJlcG9zaXRvcnk1Mzg1MDU2OA==",
        "name": "smscgateway-docker",
        "full_name": "RestComm/smscgateway-docker",
        "private": false,
        "owner": {
          "login": "RestComm",
          "id": 667380,
          "node_id": "MDEyOk9yZ2FuaXphdGlvbjY2NzM4MA==",
          "avatar_url": "https://avatars3.githubusercontent.com/u/667380?v=4",
          "gravatar_id": "",
          "url": "https://api.github.com/users/RestComm",
          "html_url": "https://github.com/RestComm",
          "followers_url": "https://api.github.com/users/RestComm/followers",
          "following_url": "https://api.github.com/users/RestComm/following{/other_user}",
          "gists_url": "https://api.github.com/users/RestComm/gists{/gist_id}",
          "starred_url": "https://api.github.com/users/RestComm/starred{/owner}{/repo}",
          "subscriptions_url": "https://api.github.com/users/RestComm/subscriptions",
          "organizations_url": "https://api.github.com/users/RestComm/orgs",
          "repos_url": "https://api.github.com/users/RestComm/repos",
          "events_url": "https://api.github.com/users/RestComm/events{/privacy}",
          "received_events_url": "https://api.github.com/users/RestComm/received_events",
          "type": "Organization",
          "site_admin": false
        },
        "html_url": "https://github.com/RestComm/smscgateway-docker",
        "description": null,
        "fork": false,
        "url": "https://api.github.com/repos/RestComm/smscgateway-docker",
        "forks_url": "https://api.github.com/repos/RestComm/smscgateway-docker/forks",
        "keys_url": "https://api.github.com/repos/RestComm/smscgateway-docker/keys{/key_id}",
        "collaborators_url": "https://api.github.com/repos/RestComm/smscgateway-docker/collaborators{/collaborator}",
        "teams_url": "https://api.github.com/repos/RestComm/smscgateway-docker/teams",
        "hooks_url": "https://api.github.com/repos/RestComm/smscgateway-docker/hooks",
        "issue_events_url": "https://api.github.com/repos/RestComm/smscgateway-docker/issues/events{/number}",
        "events_url": "https://api.github.com/repos/RestComm/smscgateway-docker/events",
        "assignees_url": "https://api.github.com/repos/RestComm/smscgateway-docker/assignees{/user}",
        "branches_url": "https://api.github.com/repos/RestComm/smscgateway-docker/branches{/branch}",
        "tags_url": "https://api.github.com/repos/RestComm/smscgateway-docker/tags",
        "blobs_url": "https://api.github.com/repos/RestComm/smscgateway-docker/git/blobs{/sha}",
        "git_tags_url": "https://api.github.com/repos/RestComm/smscgateway-docker/git/tags{/sha}",
        "git_refs_url": "https://api.github.com/repos/RestComm/smscgateway-docker/git/refs{/sha}",
        "trees_url": "https://api.github.com/repos/RestComm/smscgateway-docker/git/trees{/sha}",
        "statuses_url": "https://api.github.com/repos/RestComm/smscgateway-docker/statuses/{sha}",
        "languages_url": "https://api.github.com/repos/RestComm/smscgateway-docker/languages",
        "stargazers_url": "https://api.github.com/repos/RestComm/smscgateway-docker/stargazers",
        "contributors_url": "https://api.github.com/repos/RestComm/smscgateway-docker/contributors",
        "subscribers_url": "https://api.github.com/repos/RestComm/smscgateway-docker/subscribers",
        "subscription_url": "https://api.github.com/repos/RestComm/smscgateway-docker/subscription",
        "commits_url": "https://api.github.com/repos/RestComm/smscgateway-docker/commits{/sha}",
        "git_commits_url": "https://api.github.com/repos/RestComm/smscgateway-docker/git/commits{/sha}",
        "comments_url": "https://api.github.com/repos/RestComm/smscgateway-docker/comments{/number}",
        "issue_comment_url": "https://api.github.com/repos/RestComm/smscgateway-docker/issues/comments{/number}",
        "contents_url": "https://api.github.com/repos/RestComm/smscgateway-docker/contents/{+path}",
        "compare_url": "https://api.github.com/repos/RestComm/smscgateway-docker/compare/{base}...{head}",
        "merges_url": "https://api.github.com/repos/RestComm/smscgateway-docker/merges",
        "archive_url": "https://api.github.com/repos/RestComm/smscgateway-docker/{archive_format}{/ref}",
        "downloads_url": "https://api.github.com/repos/RestComm/smscgateway-docker/downloads",
        "issues_url": "https://api.github.com/repos/RestComm/smscgateway-docker/issues{/number}",
        "pulls_url": "https://api.github.com/repos/RestComm/smscgateway-docker/pulls{/number}",
        "milestones_url": "https://api.github.com/repos/RestComm/smscgateway-docker/milestones{/number}",
        "notifications_url": "https://api.github.com/repos/RestComm/smscgateway-docker/notifications{?since,all,participating}",
        "labels_url": "https://api.github.com/repos/RestComm/smscgateway-docker/labels{/name}",
        "releases_url": "https://api.github.com/repos/RestComm/smscgateway-docker/releases{/id}",
        "deployments_url": "https://api.github.com/repos/RestComm/smscgateway-docker/deployments",
        "created_at": "2016-03-14T11:24:30Z",
        "updated_at": "2018-05-26T22:36:58Z",
        "pushed_at": "2018-05-26T22:36:47Z",
        "git_url": "git://github.com/RestComm/smscgateway-docker.git",
        "ssh_url": "git@github.com:RestComm/smscgateway-docker.git",
        "clone_url": "https://github.com/RestComm/smscgateway-docker.git",
        "svn_url": "https://github.com/RestComm/smscgateway-docker",
        "homepage": "http://www.restcomm.com/",
        "size": 51,
        "stargazers_count": 0,
        "watchers_count": 0,
        "language": "Shell",
        "has_issues": true,
        "has_projects": true,
        "has_downloads": true,
        "has_wiki": true,
        "has_pages": false,
        "forks_count": 6,
        "mirror_url": null,
        "archived": false,
        "disabled": false,
        "open_issues_count": 4,
        "license": {
          "key": "agpl-3.0",
          "name": "GNU Affero General Public License v3.0",
          "spdx_id": "AGPL-3.0",
          "url": "https://api.github.com/licenses/agpl-3.0",
          "node_id": "MDc6TGljZW5zZTE="
        },
        "forks": 6,
        "open_issues": 4,
        "watchers": 0,
        "default_branch": "master"
      }
    },
    "_links": {
      "self": {
        "href": "https://api.github.com/repos/RestComm/smscgateway-docker/pulls/1"
      },
      "html": {
        "href": "https://github.com/RestComm/smscgateway-docker/pull/1"
      },
      "issue": {
        "href": "https://api.github.com/repos/RestComm/smscgateway-docker/issues/1"
      },
      "comments": {
        "href": "https://api.github.com/repos/RestComm/smscgateway-docker/issues/1/comments"
      },
      "review_comments": {
        "href": "https://api.github.com/repos/RestComm/smscgateway-docker/pulls/1/comments"
      },
      "review_comment": {
        "href": "https://api.github.com/repos/RestComm/smscgateway-docker/pulls/comments{/number}"
      },
      "commits": {
        "href": "https://api.github.com/repos/RestComm/smscgateway-docker/pulls/1/commits"
      },
      "statuses": {
        "href": "https://api.github.com/repos/RestComm/smscgateway-docker/statuses/355166bef835a79b60afaeefd542fc2371b77013"
      }
    },
    "author_association": "CONTRIBUTOR"
  }
]
