[
  {
    "url": "https://api.github.com/repos/databricks/spark-avro/pulls/12",
    "id": 27402722,
    "node_id": "MDExOlB1bGxSZXF1ZXN0Mjc0MDI3MjI=",
    "html_url": "https://github.com/databricks/spark-avro/pull/12",
    "diff_url": "https://github.com/databricks/spark-avro/pull/12.diff",
    "patch_url": "https://github.com/databricks/spark-avro/pull/12.patch",
    "issue_url": "https://api.github.com/repos/databricks/spark-avro/issues/12",
    "number": 12,
    "state": "closed",
    "locked": true,
    "title": "Adding support for the new datatypes",
    "user": {
      "login": "vlyubin",
      "id": 3303322,
      "node_id": "MDQ6VXNlcjMzMDMzMjI=",
      "avatar_url": "https://avatars0.githubusercontent.com/u/3303322?v=4",
      "gravatar_id": "",
      "url": "https://api.github.com/users/vlyubin",
      "html_url": "https://github.com/vlyubin",
      "followers_url": "https://api.github.com/users/vlyubin/followers",
      "following_url": "https://api.github.com/users/vlyubin/following{/other_user}",
      "gists_url": "https://api.github.com/users/vlyubin/gists{/gist_id}",
      "starred_url": "https://api.github.com/users/vlyubin/starred{/owner}{/repo}",
      "subscriptions_url": "https://api.github.com/users/vlyubin/subscriptions",
      "organizations_url": "https://api.github.com/users/vlyubin/orgs",
      "repos_url": "https://api.github.com/users/vlyubin/repos",
      "events_url": "https://api.github.com/users/vlyubin/events{/privacy}",
      "received_events_url": "https://api.github.com/users/vlyubin/received_events",
      "type": "User",
      "site_admin": false
    },
    "body": "Adds support for new datatypes. I added a test avro file and wrote a test to ensure stuff works as expected. If you think it's a good idea, I can also add files that I used to generate test.avro, in case someone needs to update it later.\n\ncc @aarondav @marmbrus \n",
    "created_at": "2015-01-15T02:52:27Z",
    "updated_at": "2015-01-21T17:35:21Z",
    "closed_at": "2015-01-21T17:35:16Z",
    "merged_at": "2015-01-21T17:35:16Z",
    "merge_commit_sha": "3e12d477394e9be4766b4ad14999f656a4410d4b",
    "assignee": null,
    "assignees": [

    ],
    "requested_reviewers": [

    ],
    "requested_teams": [

    ],
    "labels": [

    ],
    "milestone": null,
    "commits_url": "https://api.github.com/repos/databricks/spark-avro/pulls/12/commits",
    "review_comments_url": "https://api.github.com/repos/databricks/spark-avro/pulls/12/comments",
    "review_comment_url": "https://api.github.com/repos/databricks/spark-avro/pulls/comments{/number}",
    "comments_url": "https://api.github.com/repos/databricks/spark-avro/issues/12/comments",
    "statuses_url": "https://api.github.com/repos/databricks/spark-avro/statuses/dd87dd2b80c2a93f95e11c11ecfd46d0e4abe205",
    "head": {
      "label": "vlyubin:newDatatypes",
      "ref": "newDatatypes",
      "sha": "dd87dd2b80c2a93f95e11c11ecfd46d0e4abe205",
      "user": {
        "login": "vlyubin",
        "id": 3303322,
        "node_id": "MDQ6VXNlcjMzMDMzMjI=",
        "avatar_url": "https://avatars0.githubusercontent.com/u/3303322?v=4",
        "gravatar_id": "",
        "url": "https://api.github.com/users/vlyubin",
        "html_url": "https://github.com/vlyubin",
        "followers_url": "https://api.github.com/users/vlyubin/followers",
        "following_url": "https://api.github.com/users/vlyubin/following{/other_user}",
        "gists_url": "https://api.github.com/users/vlyubin/gists{/gist_id}",
        "starred_url": "https://api.github.com/users/vlyubin/starred{/owner}{/repo}",
        "subscriptions_url": "https://api.github.com/users/vlyubin/subscriptions",
        "organizations_url": "https://api.github.com/users/vlyubin/orgs",
        "repos_url": "https://api.github.com/users/vlyubin/repos",
        "events_url": "https://api.github.com/users/vlyubin/events{/privacy}",
        "received_events_url": "https://api.github.com/users/vlyubin/received_events",
        "type": "User",
        "site_admin": false
      },
      "repo": {
        "id": 29206505,
        "node_id": "MDEwOlJlcG9zaXRvcnkyOTIwNjUwNQ==",
        "name": "spark-avro",
        "full_name": "vlyubin/spark-avro",
        "private": false,
        "owner": {
          "login": "vlyubin",
          "id": 3303322,
          "node_id": "MDQ6VXNlcjMzMDMzMjI=",
          "avatar_url": "https://avatars0.githubusercontent.com/u/3303322?v=4",
          "gravatar_id": "",
          "url": "https://api.github.com/users/vlyubin",
          "html_url": "https://github.com/vlyubin",
          "followers_url": "https://api.github.com/users/vlyubin/followers",
          "following_url": "https://api.github.com/users/vlyubin/following{/other_user}",
          "gists_url": "https://api.github.com/users/vlyubin/gists{/gist_id}",
          "starred_url": "https://api.github.com/users/vlyubin/starred{/owner}{/repo}",
          "subscriptions_url": "https://api.github.com/users/vlyubin/subscriptions",
          "organizations_url": "https://api.github.com/users/vlyubin/orgs",
          "repos_url": "https://api.github.com/users/vlyubin/repos",
          "events_url": "https://api.github.com/users/vlyubin/events{/privacy}",
          "received_events_url": "https://api.github.com/users/vlyubin/received_events",
          "type": "User",
          "site_admin": false
        },
        "html_url": "https://github.com/vlyubin/spark-avro",
        "description": "Integration utilities for using Spark with Apache Avro data",
        "fork": true,
        "url": "https://api.github.com/repos/vlyubin/spark-avro",
        "forks_url": "https://api.github.com/repos/vlyubin/spark-avro/forks",
        "keys_url": "https://api.github.com/repos/vlyubin/spark-avro/keys{/key_id}",
        "collaborators_url": "https://api.github.com/repos/vlyubin/spark-avro/collaborators{/collaborator}",
        "teams_url": "https://api.github.com/repos/vlyubin/spark-avro/teams",
        "hooks_url": "https://api.github.com/repos/vlyubin/spark-avro/hooks",
        "issue_events_url": "https://api.github.com/repos/vlyubin/spark-avro/issues/events{/number}",
        "events_url": "https://api.github.com/repos/vlyubin/spark-avro/events",
        "assignees_url": "https://api.github.com/repos/vlyubin/spark-avro/assignees{/user}",
        "branches_url": "https://api.github.com/repos/vlyubin/spark-avro/branches{/branch}",
        "tags_url": "https://api.github.com/repos/vlyubin/spark-avro/tags",
        "blobs_url": "https://api.github.com/repos/vlyubin/spark-avro/git/blobs{/sha}",
        "git_tags_url": "https://api.github.com/repos/vlyubin/spark-avro/git/tags{/sha}",
        "git_refs_url": "https://api.github.com/repos/vlyubin/spark-avro/git/refs{/sha}",
        "trees_url": "https://api.github.com/repos/vlyubin/spark-avro/git/trees{/sha}",
        "statuses_url": "https://api.github.com/repos/vlyubin/spark-avro/statuses/{sha}",
        "languages_url": "https://api.github.com/repos/vlyubin/spark-avro/languages",
        "stargazers_url": "https://api.github.com/repos/vlyubin/spark-avro/stargazers",
        "contributors_url": "https://api.github.com/repos/vlyubin/spark-avro/contributors",
        "subscribers_url": "https://api.github.com/repos/vlyubin/spark-avro/subscribers",
        "subscription_url": "https://api.github.com/repos/vlyubin/spark-avro/subscription",
        "commits_url": "https://api.github.com/repos/vlyubin/spark-avro/commits{/sha}",
        "git_commits_url": "https://api.github.com/repos/vlyubin/spark-avro/git/commits{/sha}",
        "comments_url": "https://api.github.com/repos/vlyubin/spark-avro/comments{/number}",
        "issue_comment_url": "https://api.github.com/repos/vlyubin/spark-avro/issues/comments{/number}",
        "contents_url": "https://api.github.com/repos/vlyubin/spark-avro/contents/{+path}",
        "compare_url": "https://api.github.com/repos/vlyubin/spark-avro/compare/{base}...{head}",
        "merges_url": "https://api.github.com/repos/vlyubin/spark-avro/merges",
        "archive_url": "https://api.github.com/repos/vlyubin/spark-avro/{archive_format}{/ref}",
        "downloads_url": "https://api.github.com/repos/vlyubin/spark-avro/downloads",
        "issues_url": "https://api.github.com/repos/vlyubin/spark-avro/issues{/number}",
        "pulls_url": "https://api.github.com/repos/vlyubin/spark-avro/pulls{/number}",
        "milestones_url": "https://api.github.com/repos/vlyubin/spark-avro/milestones{/number}",
        "notifications_url": "https://api.github.com/repos/vlyubin/spark-avro/notifications{?since,all,participating}",
        "labels_url": "https://api.github.com/repos/vlyubin/spark-avro/labels{/name}",
        "releases_url": "https://api.github.com/repos/vlyubin/spark-avro/releases{/id}",
        "deployments_url": "https://api.github.com/repos/vlyubin/spark-avro/deployments",
        "created_at": "2015-01-13T19:19:05Z",
        "updated_at": "2015-03-05T20:40:40Z",
        "pushed_at": "2017-01-27T13:06:22Z",
        "git_url": "git://github.com/vlyubin/spark-avro.git",
        "ssh_url": "git@github.com:vlyubin/spark-avro.git",
        "clone_url": "https://github.com/vlyubin/spark-avro.git",
        "svn_url": "https://github.com/vlyubin/spark-avro",
        "homepage": null,
        "size": 318,
        "stargazers_count": 0,
        "watchers_count": 0,
        "language": "Scala",
        "has_issues": false,
        "has_projects": true,
        "has_downloads": true,
        "has_wiki": true,
        "has_pages": false,
        "forks_count": 1,
        "mirror_url": null,
        "archived": false,
        "disabled": false,
        "open_issues_count": 0,
        "license": {
          "key": "apache-2.0",
          "name": "Apache License 2.0",
          "spdx_id": "Apache-2.0",
          "url": "https://api.github.com/licenses/apache-2.0",
          "node_id": "MDc6TGljZW5zZTI="
        },
        "forks": 1,
        "open_issues": 0,
        "watchers": 0,
        "default_branch": "master"
      }
    },
    "base": {
      "label": "databricks:master",
      "ref": "master",
      "sha": "5390f78cff7cab9c0516e7df336c5428b92dc938",
      "user": {
        "login": "databricks",
        "id": 4998052,
        "node_id": "MDEyOk9yZ2FuaXphdGlvbjQ5OTgwNTI=",
        "avatar_url": "https://avatars2.githubusercontent.com/u/4998052?v=4",
        "gravatar_id": "",
        "url": "https://api.github.com/users/databricks",
        "html_url": "https://github.com/databricks",
        "followers_url": "https://api.github.com/users/databricks/followers",
        "following_url": "https://api.github.com/users/databricks/following{/other_user}",
        "gists_url": "https://api.github.com/users/databricks/gists{/gist_id}",
        "starred_url": "https://api.github.com/users/databricks/starred{/owner}{/repo}",
        "subscriptions_url": "https://api.github.com/users/databricks/subscriptions",
        "organizations_url": "https://api.github.com/users/databricks/orgs",
        "repos_url": "https://api.github.com/users/databricks/repos",
        "events_url": "https://api.github.com/users/databricks/events{/privacy}",
        "received_events_url": "https://api.github.com/users/databricks/received_events",
        "type": "Organization",
        "site_admin": false
      },
      "repo": {
        "id": 24648767,
        "node_id": "MDEwOlJlcG9zaXRvcnkyNDY0ODc2Nw==",
        "name": "spark-avro",
        "full_name": "databricks/spark-avro",
        "private": false,
        "owner": {
          "login": "databricks",
          "id": 4998052,
          "node_id": "MDEyOk9yZ2FuaXphdGlvbjQ5OTgwNTI=",
          "avatar_url": "https://avatars2.githubusercontent.com/u/4998052?v=4",
          "gravatar_id": "",
          "url": "https://api.github.com/users/databricks",
          "html_url": "https://github.com/databricks",
          "followers_url": "https://api.github.com/users/databricks/followers",
          "following_url": "https://api.github.com/users/databricks/following{/other_user}",
          "gists_url": "https://api.github.com/users/databricks/gists{/gist_id}",
          "starred_url": "https://api.github.com/users/databricks/starred{/owner}{/repo}",
          "subscriptions_url": "https://api.github.com/users/databricks/subscriptions",
          "organizations_url": "https://api.github.com/users/databricks/orgs",
          "repos_url": "https://api.github.com/users/databricks/repos",
          "events_url": "https://api.github.com/users/databricks/events{/privacy}",
          "received_events_url": "https://api.github.com/users/databricks/received_events",
          "type": "Organization",
          "site_admin": false
        },
        "html_url": "https://github.com/databricks/spark-avro",
        "description": "Avro Data Source for Apache Spark",
        "fork": false,
        "url": "https://api.github.com/repos/databricks/spark-avro",
        "forks_url": "https://api.github.com/repos/databricks/spark-avro/forks",
        "keys_url": "https://api.github.com/repos/databricks/spark-avro/keys{/key_id}",
        "collaborators_url": "https://api.github.com/repos/databricks/spark-avro/collaborators{/collaborator}",
        "teams_url": "https://api.github.com/repos/databricks/spark-avro/teams",
        "hooks_url": "https://api.github.com/repos/databricks/spark-avro/hooks",
        "issue_events_url": "https://api.github.com/repos/databricks/spark-avro/issues/events{/number}",
        "events_url": "https://api.github.com/repos/databricks/spark-avro/events",
        "assignees_url": "https://api.github.com/repos/databricks/spark-avro/assignees{/user}",
        "branches_url": "https://api.github.com/repos/databricks/spark-avro/branches{/branch}",
        "tags_url": "https://api.github.com/repos/databricks/spark-avro/tags",
        "blobs_url": "https://api.github.com/repos/databricks/spark-avro/git/blobs{/sha}",
        "git_tags_url": "https://api.github.com/repos/databricks/spark-avro/git/tags{/sha}",
        "git_refs_url": "https://api.github.com/repos/databricks/spark-avro/git/refs{/sha}",
        "trees_url": "https://api.github.com/repos/databricks/spark-avro/git/trees{/sha}",
        "statuses_url": "https://api.github.com/repos/databricks/spark-avro/statuses/{sha}",
        "languages_url": "https://api.github.com/repos/databricks/spark-avro/languages",
        "stargazers_url": "https://api.github.com/repos/databricks/spark-avro/stargazers",
        "contributors_url": "https://api.github.com/repos/databricks/spark-avro/contributors",
        "subscribers_url": "https://api.github.com/repos/databricks/spark-avro/subscribers",
        "subscription_url": "https://api.github.com/repos/databricks/spark-avro/subscription",
        "commits_url": "https://api.github.com/repos/databricks/spark-avro/commits{/sha}",
        "git_commits_url": "https://api.github.com/repos/databricks/spark-avro/git/commits{/sha}",
        "comments_url": "https://api.github.com/repos/databricks/spark-avro/comments{/number}",
        "issue_comment_url": "https://api.github.com/repos/databricks/spark-avro/issues/comments{/number}",
        "contents_url": "https://api.github.com/repos/databricks/spark-avro/contents/{+path}",
        "compare_url": "https://api.github.com/repos/databricks/spark-avro/compare/{base}...{head}",
        "merges_url": "https://api.github.com/repos/databricks/spark-avro/merges",
        "archive_url": "https://api.github.com/repos/databricks/spark-avro/{archive_format}{/ref}",
        "downloads_url": "https://api.github.com/repos/databricks/spark-avro/downloads",
        "issues_url": "https://api.github.com/repos/databricks/spark-avro/issues{/number}",
        "pulls_url": "https://api.github.com/repos/databricks/spark-avro/pulls{/number}",
        "milestones_url": "https://api.github.com/repos/databricks/spark-avro/milestones{/number}",
        "notifications_url": "https://api.github.com/repos/databricks/spark-avro/notifications{?since,all,participating}",
        "labels_url": "https://api.github.com/repos/databricks/spark-avro/labels{/name}",
        "releases_url": "https://api.github.com/repos/databricks/spark-avro/releases{/id}",
        "deployments_url": "https://api.github.com/repos/databricks/spark-avro/deployments",
        "created_at": "2014-09-30T17:50:58Z",
        "updated_at": "2019-09-10T01:52:35Z",
        "pushed_at": "2018-12-19T19:32:32Z",
        "git_url": "git://github.com/databricks/spark-avro.git",
        "ssh_url": "git@github.com:databricks/spark-avro.git",
        "clone_url": "https://github.com/databricks/spark-avro.git",
        "svn_url": "https://github.com/databricks/spark-avro",
        "homepage": "http://databricks.com/",
        "size": 405,
        "stargazers_count": 534,
        "watchers_count": 534,
        "language": "Scala",
        "has_issues": true,
        "has_projects": true,
        "has_downloads": true,
        "has_wiki": false,
        "has_pages": false,
        "forks_count": 308,
        "mirror_url": null,
        "archived": true,
        "disabled": false,
        "open_issues_count": 77,
        "license": {
          "key": "apache-2.0",
          "name": "Apache License 2.0",
          "spdx_id": "Apache-2.0",
          "url": "https://api.github.com/licenses/apache-2.0",
          "node_id": "MDc6TGljZW5zZTI="
        },
        "forks": 308,
        "open_issues": 77,
        "watchers": 534,
        "default_branch": "branch-4.0"
      }
    },
    "_links": {
      "self": {
        "href": "https://api.github.com/repos/databricks/spark-avro/pulls/12"
      },
      "html": {
        "href": "https://github.com/databricks/spark-avro/pull/12"
      },
      "issue": {
        "href": "https://api.github.com/repos/databricks/spark-avro/issues/12"
      },
      "comments": {
        "href": "https://api.github.com/repos/databricks/spark-avro/issues/12/comments"
      },
      "review_comments": {
        "href": "https://api.github.com/repos/databricks/spark-avro/pulls/12/comments"
      },
      "review_comment": {
        "href": "https://api.github.com/repos/databricks/spark-avro/pulls/comments{/number}"
      },
      "commits": {
        "href": "https://api.github.com/repos/databricks/spark-avro/pulls/12/commits"
      },
      "statuses": {
        "href": "https://api.github.com/repos/databricks/spark-avro/statuses/dd87dd2b80c2a93f95e11c11ecfd46d0e4abe205"
      }
    },
    "author_association": "CONTRIBUTOR"
  }
]
