[
  {
    "url": "https://api.github.com/repos/apache/spark/pulls/29",
    "id": 118057246,
    "node_id": "MDExOlB1bGxSZXF1ZXN0MTE4MDU3MjQ2",
    "html_url": "https://github.com/GulajavaMinistudio/spark/pull/29",
    "diff_url": "https://github.com/GulajavaMinistudio/spark/pull/29.diff",
    "patch_url": "https://github.com/GulajavaMinistudio/spark/pull/29.patch",
    "issue_url": "https://api.github.com/repos/apache/spark/issues/29",
    "number": 29,
    "state": "closed",
    "locked": false,
    "title": "Update upstream",
    "user": {
      "login": "GulajavaMinistudio",
      "id": 11639412,
      "node_id": "MDQ6VXNlcjExNjM5NDEy",
      "avatar_url": "https://avatars0.githubusercontent.com/u/11639412?v=4",
      "gravatar_id": "",
      "url": "https://api.github.com/users/GulajavaMinistudio",
      "html_url": "https://github.com/GulajavaMinistudio",
      "followers_url": "https://api.github.com/users/GulajavaMinistudio/followers",
      "following_url": "https://api.github.com/users/GulajavaMinistudio/following{/other_user}",
      "gists_url": "https://api.github.com/users/GulajavaMinistudio/gists{/gist_id}",
      "starred_url": "https://api.github.com/users/GulajavaMinistudio/starred{/owner}{/repo}",
      "subscriptions_url": "https://api.github.com/users/GulajavaMinistudio/subscriptions",
      "organizations_url": "https://api.github.com/users/GulajavaMinistudio/orgs",
      "repos_url": "https://api.github.com/users/GulajavaMinistudio/repos",
      "events_url": "https://api.github.com/users/GulajavaMinistudio/events{/privacy}",
      "received_events_url": "https://api.github.com/users/GulajavaMinistudio/received_events",
      "type": "User",
      "site_admin": false
    },
    "body": "## What changes were proposed in this pull request?\r\n\r\n(Please fill in changes proposed in this fix)\r\n\r\n## How was this patch tested?\r\n\r\n(Please explain how this patch was tested. E.g. unit tests, integration tests, manual tests)\r\n(If this patch involves UI changes, please attach a screenshot; otherwise, remove this)\r\n\r\nPlease review http://spark.apache.org/contributing.html before opening a pull request.\r\n",
    "created_at": "2017-04-28T00:11:17Z",
    "updated_at": "2017-04-28T00:11:34Z",
    "closed_at": "2017-04-28T00:11:34Z",
    "merged_at": "2017-04-28T00:11:34Z",
    "merge_commit_sha": "2fe942bf364672d5ff5f43398587cdb0fac3bc10",
    "assignee": null,
    "assignees": [

    ],
    "requested_reviewers": [

    ],
    "requested_teams": [

    ],
    "labels": [

    ],
    "milestone": null,
    "commits_url": "https://api.github.com/repos/apache/spark/pulls/29/commits",
    "review_comments_url": "https://api.github.com/repos/apache/spark/pulls/29/comments",
    "review_comment_url": "https://api.github.com/repos/apache/spark/pulls/comments{/number}",
    "comments_url": "https://api.github.com/repos/apache/spark/issues/29/comments",
    "statuses_url": "https://api.github.com/repos/apache/spark/statuses/823baca2cb8edb62885af547d3511c9e8923cefd",
    "head": {
      "label": "apache:master",
      "ref": "master",
      "sha": "823baca2cb8edb62885af547d3511c9e8923cefd",
      "user": {
        "login": "apache",
        "id": 47359,
        "node_id": "MDEyOk9yZ2FuaXphdGlvbjQ3MzU5",
        "avatar_url": "https://avatars0.githubusercontent.com/u/47359?v=4",
        "gravatar_id": "",
        "url": "https://api.github.com/users/apache",
        "html_url": "https://github.com/apache",
        "followers_url": "https://api.github.com/users/apache/followers",
        "following_url": "https://api.github.com/users/apache/following{/other_user}",
        "gists_url": "https://api.github.com/users/apache/gists{/gist_id}",
        "starred_url": "https://api.github.com/users/apache/starred{/owner}{/repo}",
        "subscriptions_url": "https://api.github.com/users/apache/subscriptions",
        "organizations_url": "https://api.github.com/users/apache/orgs",
        "repos_url": "https://api.github.com/users/apache/repos",
        "events_url": "https://api.github.com/users/apache/events{/privacy}",
        "received_events_url": "https://api.github.com/users/apache/received_events",
        "type": "Organization",
        "site_admin": false
      },
      "repo": {
        "id": 17165658,
        "node_id": "MDEwOlJlcG9zaXRvcnkxNzE2NTY1OA==",
        "name": "spark",
        "full_name": "apache/spark",
        "private": false,
        "owner": {
          "login": "apache",
          "id": 47359,
          "node_id": "MDEyOk9yZ2FuaXphdGlvbjQ3MzU5",
          "avatar_url": "https://avatars0.githubusercontent.com/u/47359?v=4",
          "gravatar_id": "",
          "url": "https://api.github.com/users/apache",
          "html_url": "https://github.com/apache",
          "followers_url": "https://api.github.com/users/apache/followers",
          "following_url": "https://api.github.com/users/apache/following{/other_user}",
          "gists_url": "https://api.github.com/users/apache/gists{/gist_id}",
          "starred_url": "https://api.github.com/users/apache/starred{/owner}{/repo}",
          "subscriptions_url": "https://api.github.com/users/apache/subscriptions",
          "organizations_url": "https://api.github.com/users/apache/orgs",
          "repos_url": "https://api.github.com/users/apache/repos",
          "events_url": "https://api.github.com/users/apache/events{/privacy}",
          "received_events_url": "https://api.github.com/users/apache/received_events",
          "type": "Organization",
          "site_admin": false
        },
        "html_url": "https://github.com/apache/spark",
        "description": "Apache Spark",
        "fork": false,
        "url": "https://api.github.com/repos/apache/spark",
        "forks_url": "https://api.github.com/repos/apache/spark/forks",
        "keys_url": "https://api.github.com/repos/apache/spark/keys{/key_id}",
        "collaborators_url": "https://api.github.com/repos/apache/spark/collaborators{/collaborator}",
        "teams_url": "https://api.github.com/repos/apache/spark/teams",
        "hooks_url": "https://api.github.com/repos/apache/spark/hooks",
        "issue_events_url": "https://api.github.com/repos/apache/spark/issues/events{/number}",
        "events_url": "https://api.github.com/repos/apache/spark/events",
        "assignees_url": "https://api.github.com/repos/apache/spark/assignees{/user}",
        "branches_url": "https://api.github.com/repos/apache/spark/branches{/branch}",
        "tags_url": "https://api.github.com/repos/apache/spark/tags",
        "blobs_url": "https://api.github.com/repos/apache/spark/git/blobs{/sha}",
        "git_tags_url": "https://api.github.com/repos/apache/spark/git/tags{/sha}",
        "git_refs_url": "https://api.github.com/repos/apache/spark/git/refs{/sha}",
        "trees_url": "https://api.github.com/repos/apache/spark/git/trees{/sha}",
        "statuses_url": "https://api.github.com/repos/apache/spark/statuses/{sha}",
        "languages_url": "https://api.github.com/repos/apache/spark/languages",
        "stargazers_url": "https://api.github.com/repos/apache/spark/stargazers",
        "contributors_url": "https://api.github.com/repos/apache/spark/contributors",
        "subscribers_url": "https://api.github.com/repos/apache/spark/subscribers",
        "subscription_url": "https://api.github.com/repos/apache/spark/subscription",
        "commits_url": "https://api.github.com/repos/apache/spark/commits{/sha}",
        "git_commits_url": "https://api.github.com/repos/apache/spark/git/commits{/sha}",
        "comments_url": "https://api.github.com/repos/apache/spark/comments{/number}",
        "issue_comment_url": "https://api.github.com/repos/apache/spark/issues/comments{/number}",
        "contents_url": "https://api.github.com/repos/apache/spark/contents/{+path}",
        "compare_url": "https://api.github.com/repos/apache/spark/compare/{base}...{head}",
        "merges_url": "https://api.github.com/repos/apache/spark/merges",
        "archive_url": "https://api.github.com/repos/apache/spark/{archive_format}{/ref}",
        "downloads_url": "https://api.github.com/repos/apache/spark/downloads",
        "issues_url": "https://api.github.com/repos/apache/spark/issues{/number}",
        "pulls_url": "https://api.github.com/repos/apache/spark/pulls{/number}",
        "milestones_url": "https://api.github.com/repos/apache/spark/milestones{/number}",
        "notifications_url": "https://api.github.com/repos/apache/spark/notifications{?since,all,participating}",
        "labels_url": "https://api.github.com/repos/apache/spark/labels{/name}",
        "releases_url": "https://api.github.com/repos/apache/spark/releases{/id}",
        "deployments_url": "https://api.github.com/repos/apache/spark/deployments",
        "created_at": "2014-02-25T08:00:08Z",
        "updated_at": "2019-09-11T00:30:22Z",
        "pushed_at": "2019-09-11T00:32:12Z",
        "git_url": "git://github.com/apache/spark.git",
        "ssh_url": "git@github.com:apache/spark.git",
        "clone_url": "https://github.com/apache/spark.git",
        "svn_url": "https://github.com/apache/spark",
        "homepage": "",
        "size": 310510,
        "stargazers_count": 23340,
        "watchers_count": 23340,
        "language": "Scala",
        "has_issues": false,
        "has_projects": true,
        "has_downloads": true,
        "has_wiki": false,
        "has_pages": false,
        "forks_count": 19988,
        "mirror_url": null,
        "archived": false,
        "disabled": false,
        "open_issues_count": 518,
        "license": {
          "key": "apache-2.0",
          "name": "Apache License 2.0",
          "spdx_id": "Apache-2.0",
          "url": "https://api.github.com/licenses/apache-2.0",
          "node_id": "MDc6TGljZW5zZTI="
        },
        "forks": 19988,
        "open_issues": 518,
        "watchers": 23340,
        "default_branch": "master"
      }
    },
    "base": {
      "label": "GulajavaMinistudio:master",
      "ref": "master",
      "sha": "71037e7b0fda779596acb7d5da50a9c0cad7717d",
      "user": {
        "login": "GulajavaMinistudio",
        "id": 11639412,
        "node_id": "MDQ6VXNlcjExNjM5NDEy",
        "avatar_url": "https://avatars0.githubusercontent.com/u/11639412?v=4",
        "gravatar_id": "",
        "url": "https://api.github.com/users/GulajavaMinistudio",
        "html_url": "https://github.com/GulajavaMinistudio",
        "followers_url": "https://api.github.com/users/GulajavaMinistudio/followers",
        "following_url": "https://api.github.com/users/GulajavaMinistudio/following{/other_user}",
        "gists_url": "https://api.github.com/users/GulajavaMinistudio/gists{/gist_id}",
        "starred_url": "https://api.github.com/users/GulajavaMinistudio/starred{/owner}{/repo}",
        "subscriptions_url": "https://api.github.com/users/GulajavaMinistudio/subscriptions",
        "organizations_url": "https://api.github.com/users/GulajavaMinistudio/orgs",
        "repos_url": "https://api.github.com/users/GulajavaMinistudio/repos",
        "events_url": "https://api.github.com/users/GulajavaMinistudio/events{/privacy}",
        "received_events_url": "https://api.github.com/users/GulajavaMinistudio/received_events",
        "type": "User",
        "site_admin": false
      },
      "repo": {
        "id": 86412282,
        "node_id": "MDEwOlJlcG9zaXRvcnk4NjQxMjI4Mg==",
        "name": "spark",
        "full_name": "GulajavaMinistudio/spark",
        "private": false,
        "owner": {
          "login": "GulajavaMinistudio",
          "id": 11639412,
          "node_id": "MDQ6VXNlcjExNjM5NDEy",
          "avatar_url": "https://avatars0.githubusercontent.com/u/11639412?v=4",
          "gravatar_id": "",
          "url": "https://api.github.com/users/GulajavaMinistudio",
          "html_url": "https://github.com/GulajavaMinistudio",
          "followers_url": "https://api.github.com/users/GulajavaMinistudio/followers",
          "following_url": "https://api.github.com/users/GulajavaMinistudio/following{/other_user}",
          "gists_url": "https://api.github.com/users/GulajavaMinistudio/gists{/gist_id}",
          "starred_url": "https://api.github.com/users/GulajavaMinistudio/starred{/owner}{/repo}",
          "subscriptions_url": "https://api.github.com/users/GulajavaMinistudio/subscriptions",
          "organizations_url": "https://api.github.com/users/GulajavaMinistudio/orgs",
          "repos_url": "https://api.github.com/users/GulajavaMinistudio/repos",
          "events_url": "https://api.github.com/users/GulajavaMinistudio/events{/privacy}",
          "received_events_url": "https://api.github.com/users/GulajavaMinistudio/received_events",
          "type": "User",
          "site_admin": false
        },
        "html_url": "https://github.com/GulajavaMinistudio/spark",
        "description": "Mirror of Apache Spark",
        "fork": true,
        "url": "https://api.github.com/repos/GulajavaMinistudio/spark",
        "forks_url": "https://api.github.com/repos/GulajavaMinistudio/spark/forks",
        "keys_url": "https://api.github.com/repos/GulajavaMinistudio/spark/keys{/key_id}",
        "collaborators_url": "https://api.github.com/repos/GulajavaMinistudio/spark/collaborators{/collaborator}",
        "teams_url": "https://api.github.com/repos/GulajavaMinistudio/spark/teams",
        "hooks_url": "https://api.github.com/repos/GulajavaMinistudio/spark/hooks",
        "issue_events_url": "https://api.github.com/repos/GulajavaMinistudio/spark/issues/events{/number}",
        "events_url": "https://api.github.com/repos/GulajavaMinistudio/spark/events",
        "assignees_url": "https://api.github.com/repos/GulajavaMinistudio/spark/assignees{/user}",
        "branches_url": "https://api.github.com/repos/GulajavaMinistudio/spark/branches{/branch}",
        "tags_url": "https://api.github.com/repos/GulajavaMinistudio/spark/tags",
        "blobs_url": "https://api.github.com/repos/GulajavaMinistudio/spark/git/blobs{/sha}",
        "git_tags_url": "https://api.github.com/repos/GulajavaMinistudio/spark/git/tags{/sha}",
        "git_refs_url": "https://api.github.com/repos/GulajavaMinistudio/spark/git/refs{/sha}",
        "trees_url": "https://api.github.com/repos/GulajavaMinistudio/spark/git/trees{/sha}",
        "statuses_url": "https://api.github.com/repos/GulajavaMinistudio/spark/statuses/{sha}",
        "languages_url": "https://api.github.com/repos/GulajavaMinistudio/spark/languages",
        "stargazers_url": "https://api.github.com/repos/GulajavaMinistudio/spark/stargazers",
        "contributors_url": "https://api.github.com/repos/GulajavaMinistudio/spark/contributors",
        "subscribers_url": "https://api.github.com/repos/GulajavaMinistudio/spark/subscribers",
        "subscription_url": "https://api.github.com/repos/GulajavaMinistudio/spark/subscription",
        "commits_url": "https://api.github.com/repos/GulajavaMinistudio/spark/commits{/sha}",
        "git_commits_url": "https://api.github.com/repos/GulajavaMinistudio/spark/git/commits{/sha}",
        "comments_url": "https://api.github.com/repos/GulajavaMinistudio/spark/comments{/number}",
        "issue_comment_url": "https://api.github.com/repos/GulajavaMinistudio/spark/issues/comments{/number}",
        "contents_url": "https://api.github.com/repos/GulajavaMinistudio/spark/contents/{+path}",
        "compare_url": "https://api.github.com/repos/GulajavaMinistudio/spark/compare/{base}...{head}",
        "merges_url": "https://api.github.com/repos/GulajavaMinistudio/spark/merges",
        "archive_url": "https://api.github.com/repos/GulajavaMinistudio/spark/{archive_format}{/ref}",
        "downloads_url": "https://api.github.com/repos/GulajavaMinistudio/spark/downloads",
        "issues_url": "https://api.github.com/repos/GulajavaMinistudio/spark/issues{/number}",
        "pulls_url": "https://api.github.com/repos/GulajavaMinistudio/spark/pulls{/number}",
        "milestones_url": "https://api.github.com/repos/GulajavaMinistudio/spark/milestones{/number}",
        "notifications_url": "https://api.github.com/repos/GulajavaMinistudio/spark/notifications{?since,all,participating}",
        "labels_url": "https://api.github.com/repos/GulajavaMinistudio/spark/labels{/name}",
        "releases_url": "https://api.github.com/repos/GulajavaMinistudio/spark/releases{/id}",
        "deployments_url": "https://api.github.com/repos/GulajavaMinistudio/spark/deployments",
        "created_at": "2017-03-28T03:46:27Z",
        "updated_at": "2019-09-08T16:36:26Z",
        "pushed_at": "2019-09-08T16:36:21Z",
        "git_url": "git://github.com/GulajavaMinistudio/spark.git",
        "ssh_url": "git@github.com:GulajavaMinistudio/spark.git",
        "clone_url": "https://github.com/GulajavaMinistudio/spark.git",
        "svn_url": "https://github.com/GulajavaMinistudio/spark",
        "homepage": null,
        "size": 301627,
        "stargazers_count": 1,
        "watchers_count": 1,
        "language": "Scala",
        "has_issues": false,
        "has_projects": true,
        "has_downloads": true,
        "has_wiki": false,
        "has_pages": false,
        "forks_count": 0,
        "mirror_url": null,
        "archived": false,
        "disabled": false,
        "open_issues_count": 0,
        "license": {
          "key": "apache-2.0",
          "name": "Apache License 2.0",
          "spdx_id": "Apache-2.0",
          "url": "https://api.github.com/licenses/apache-2.0",
          "node_id": "MDc6TGljZW5zZTI="
        },
        "forks": 0,
        "open_issues": 0,
        "watchers": 1,
        "default_branch": "master"
      }
    },
    "_links": {
      "self": {
        "href": "https://api.github.com/repos/apache/spark/pulls/29"
      },
      "html": {
        "href": "https://github.com/GulajavaMinistudio/spark/pull/29"
      },
      "issue": {
        "href": "https://api.github.com/repos/apache/spark/issues/29"
      },
      "comments": {
        "href": "https://api.github.com/repos/apache/spark/issues/29/comments"
      },
      "review_comments": {
        "href": "https://api.github.com/repos/apache/spark/pulls/29/comments"
      },
      "review_comment": {
        "href": "https://api.github.com/repos/apache/spark/pulls/comments{/number}"
      },
      "commits": {
        "href": "https://api.github.com/repos/apache/spark/pulls/29/commits"
      },
      "statuses": {
        "href": "https://api.github.com/repos/apache/spark/statuses/823baca2cb8edb62885af547d3511c9e8923cefd"
      }
    },
    "author_association": "OWNER"
  }
]
