[
  {
    "url": "https://api.github.com/repos/k3kaimu/d-manual/pulls/1",
    "id": 5541235,
    "node_id": "MDExOlB1bGxSZXF1ZXN0NTU0MTIzNQ==",
    "html_url": "https://github.com/k3kaimu/d-manual/pull/1",
    "diff_url": "https://github.com/k3kaimu/d-manual/pull/1.diff",
    "patch_url": "https://github.com/k3kaimu/d-manual/pull/1.patch",
    "issue_url": "https://api.github.com/repos/k3kaimu/d-manual/issues/1",
    "number": 1,
    "state": "closed",
    "locked": false,
    "title": "いくつか修正?",
    "user": {
      "login": "kyontan",
      "id": 802339,
      "node_id": "MDQ6VXNlcjgwMjMzOQ==",
      "avatar_url": "https://avatars0.githubusercontent.com/u/802339?v=4",
      "gravatar_id": "",
      "url": "https://api.github.com/users/kyontan",
      "html_url": "https://github.com/kyontan",
      "followers_url": "https://api.github.com/users/kyontan/followers",
      "following_url": "https://api.github.com/users/kyontan/following{/other_user}",
      "gists_url": "https://api.github.com/users/kyontan/gists{/gist_id}",
      "starred_url": "https://api.github.com/users/kyontan/starred{/owner}{/repo}",
      "subscriptions_url": "https://api.github.com/users/kyontan/subscriptions",
      "organizations_url": "https://api.github.com/users/kyontan/orgs",
      "repos_url": "https://api.github.com/users/kyontan/repos",
      "events_url": "https://api.github.com/users/kyontan/events{/privacy}",
      "received_events_url": "https://api.github.com/users/kyontan/received_events",
      "type": "User",
      "site_admin": false
    },
    "body": "誤字の訂正と、ターミナルへの入力を$ hoge... という形式にしました。\n",
    "created_at": "2013-05-06T08:32:24Z",
    "updated_at": "2013-05-06T08:58:46Z",
    "closed_at": "2013-05-06T08:58:46Z",
    "merged_at": "2013-05-06T08:58:46Z",
    "merge_commit_sha": "ea53280eb1947ad6805553a5868f70f5a43ad9c3",
    "assignee": null,
    "assignees": [

    ],
    "requested_reviewers": [

    ],
    "requested_teams": [

    ],
    "labels": [

    ],
    "milestone": null,
    "commits_url": "https://api.github.com/repos/k3kaimu/d-manual/pulls/1/commits",
    "review_comments_url": "https://api.github.com/repos/k3kaimu/d-manual/pulls/1/comments",
    "review_comment_url": "https://api.github.com/repos/k3kaimu/d-manual/pulls/comments{/number}",
    "comments_url": "https://api.github.com/repos/k3kaimu/d-manual/issues/1/comments",
    "statuses_url": "https://api.github.com/repos/k3kaimu/d-manual/statuses/1fc79e806e93027471e78994d4eab4fb922a29f3",
    "head": {
      "label": "kyontan:master",
      "ref": "master",
      "sha": "1fc79e806e93027471e78994d4eab4fb922a29f3",
      "user": {
        "login": "kyontan",
        "id": 802339,
        "node_id": "MDQ6VXNlcjgwMjMzOQ==",
        "avatar_url": "https://avatars0.githubusercontent.com/u/802339?v=4",
        "gravatar_id": "",
        "url": "https://api.github.com/users/kyontan",
        "html_url": "https://github.com/kyontan",
        "followers_url": "https://api.github.com/users/kyontan/followers",
        "following_url": "https://api.github.com/users/kyontan/following{/other_user}",
        "gists_url": "https://api.github.com/users/kyontan/gists{/gist_id}",
        "starred_url": "https://api.github.com/users/kyontan/starred{/owner}{/repo}",
        "subscriptions_url": "https://api.github.com/users/kyontan/subscriptions",
        "organizations_url": "https://api.github.com/users/kyontan/orgs",
        "repos_url": "https://api.github.com/users/kyontan/repos",
        "events_url": "https://api.github.com/users/kyontan/events{/privacy}",
        "received_events_url": "https://api.github.com/users/kyontan/received_events",
        "type": "User",
        "site_admin": false
      },
      "repo": {
        "id": 9882248,
        "node_id": "MDEwOlJlcG9zaXRvcnk5ODgyMjQ4",
        "name": "d-manual",
        "full_name": "kyontan/d-manual",
        "private": false,
        "owner": {
          "login": "kyontan",
          "id": 802339,
          "node_id": "MDQ6VXNlcjgwMjMzOQ==",
          "avatar_url": "https://avatars0.githubusercontent.com/u/802339?v=4",
          "gravatar_id": "",
          "url": "https://api.github.com/users/kyontan",
          "html_url": "https://github.com/kyontan",
          "followers_url": "https://api.github.com/users/kyontan/followers",
          "following_url": "https://api.github.com/users/kyontan/following{/other_user}",
          "gists_url": "https://api.github.com/users/kyontan/gists{/gist_id}",
          "starred_url": "https://api.github.com/users/kyontan/starred{/owner}{/repo}",
          "subscriptions_url": "https://api.github.com/users/kyontan/subscriptions",
          "organizations_url": "https://api.github.com/users/kyontan/orgs",
          "repos_url": "https://api.github.com/users/kyontan/repos",
          "events_url": "https://api.github.com/users/kyontan/events{/privacy}",
          "received_events_url": "https://api.github.com/users/kyontan/received_events",
          "type": "User",
          "site_admin": false
        },
        "html_url": "https://github.com/kyontan/d-manual",
        "description": "D言語のマニュアル的な何か",
        "fork": true,
        "url": "https://api.github.com/repos/kyontan/d-manual",
        "forks_url": "https://api.github.com/repos/kyontan/d-manual/forks",
        "keys_url": "https://api.github.com/repos/kyontan/d-manual/keys{/key_id}",
        "collaborators_url": "https://api.github.com/repos/kyontan/d-manual/collaborators{/collaborator}",
        "teams_url": "https://api.github.com/repos/kyontan/d-manual/teams",
        "hooks_url": "https://api.github.com/repos/kyontan/d-manual/hooks",
        "issue_events_url": "https://api.github.com/repos/kyontan/d-manual/issues/events{/number}",
        "events_url": "https://api.github.com/repos/kyontan/d-manual/events",
        "assignees_url": "https://api.github.com/repos/kyontan/d-manual/assignees{/user}",
        "branches_url": "https://api.github.com/repos/kyontan/d-manual/branches{/branch}",
        "tags_url": "https://api.github.com/repos/kyontan/d-manual/tags",
        "blobs_url": "https://api.github.com/repos/kyontan/d-manual/git/blobs{/sha}",
        "git_tags_url": "https://api.github.com/repos/kyontan/d-manual/git/tags{/sha}",
        "git_refs_url": "https://api.github.com/repos/kyontan/d-manual/git/refs{/sha}",
        "trees_url": "https://api.github.com/repos/kyontan/d-manual/git/trees{/sha}",
        "statuses_url": "https://api.github.com/repos/kyontan/d-manual/statuses/{sha}",
        "languages_url": "https://api.github.com/repos/kyontan/d-manual/languages",
        "stargazers_url": "https://api.github.com/repos/kyontan/d-manual/stargazers",
        "contributors_url": "https://api.github.com/repos/kyontan/d-manual/contributors",
        "subscribers_url": "https://api.github.com/repos/kyontan/d-manual/subscribers",
        "subscription_url": "https://api.github.com/repos/kyontan/d-manual/subscription",
        "commits_url": "https://api.github.com/repos/kyontan/d-manual/commits{/sha}",
        "git_commits_url": "https://api.github.com/repos/kyontan/d-manual/git/commits{/sha}",
        "comments_url": "https://api.github.com/repos/kyontan/d-manual/comments{/number}",
        "issue_comment_url": "https://api.github.com/repos/kyontan/d-manual/issues/comments{/number}",
        "contents_url": "https://api.github.com/repos/kyontan/d-manual/contents/{+path}",
        "compare_url": "https://api.github.com/repos/kyontan/d-manual/compare/{base}...{head}",
        "merges_url": "https://api.github.com/repos/kyontan/d-manual/merges",
        "archive_url": "https://api.github.com/repos/kyontan/d-manual/{archive_format}{/ref}",
        "downloads_url": "https://api.github.com/repos/kyontan/d-manual/downloads",
        "issues_url": "https://api.github.com/repos/kyontan/d-manual/issues{/number}",
        "pulls_url": "https://api.github.com/repos/kyontan/d-manual/pulls{/number}",
        "milestones_url": "https://api.github.com/repos/kyontan/d-manual/milestones{/number}",
        "notifications_url": "https://api.github.com/repos/kyontan/d-manual/notifications{?since,all,participating}",
        "labels_url": "https://api.github.com/repos/kyontan/d-manual/labels{/name}",
        "releases_url": "https://api.github.com/repos/kyontan/d-manual/releases{/id}",
        "deployments_url": "https://api.github.com/repos/kyontan/d-manual/deployments",
        "created_at": "2013-05-06T08:09:40Z",
        "updated_at": "2013-05-06T08:58:46Z",
        "pushed_at": "2013-05-06T08:31:17Z",
        "git_url": "git://github.com/kyontan/d-manual.git",
        "ssh_url": "git@github.com:kyontan/d-manual.git",
        "clone_url": "https://github.com/kyontan/d-manual.git",
        "svn_url": "https://github.com/kyontan/d-manual",
        "homepage": null,
        "size": 121,
        "stargazers_count": 0,
        "watchers_count": 0,
        "language": null,
        "has_issues": false,
        "has_projects": true,
        "has_downloads": true,
        "has_wiki": true,
        "has_pages": false,
        "forks_count": 0,
        "mirror_url": null,
        "archived": false,
        "disabled": false,
        "open_issues_count": 0,
        "license": null,
        "forks": 0,
        "open_issues": 0,
        "watchers": 0,
        "default_branch": "master"
      }
    },
    "base": {
      "label": "k3kaimu:master",
      "ref": "master",
      "sha": "4f0ce995797ed637a71870709097e6f9f733db01",
      "user": {
        "login": "k3kaimu",
        "id": 1687398,
        "node_id": "MDQ6VXNlcjE2ODczOTg=",
        "avatar_url": "https://avatars1.githubusercontent.com/u/1687398?v=4",
        "gravatar_id": "",
        "url": "https://api.github.com/users/k3kaimu",
        "html_url": "https://github.com/k3kaimu",
        "followers_url": "https://api.github.com/users/k3kaimu/followers",
        "following_url": "https://api.github.com/users/k3kaimu/following{/other_user}",
        "gists_url": "https://api.github.com/users/k3kaimu/gists{/gist_id}",
        "starred_url": "https://api.github.com/users/k3kaimu/starred{/owner}{/repo}",
        "subscriptions_url": "https://api.github.com/users/k3kaimu/subscriptions",
        "organizations_url": "https://api.github.com/users/k3kaimu/orgs",
        "repos_url": "https://api.github.com/users/k3kaimu/repos",
        "events_url": "https://api.github.com/users/k3kaimu/events{/privacy}",
        "received_events_url": "https://api.github.com/users/k3kaimu/received_events",
        "type": "User",
        "site_admin": false
      },
      "repo": {
        "id": 9880447,
        "node_id": "MDEwOlJlcG9zaXRvcnk5ODgwNDQ3",
        "name": "d-manual",
        "full_name": "k3kaimu/d-manual",
        "private": false,
        "owner": {
          "login": "k3kaimu",
          "id": 1687398,
          "node_id": "MDQ6VXNlcjE2ODczOTg=",
          "avatar_url": "https://avatars1.githubusercontent.com/u/1687398?v=4",
          "gravatar_id": "",
          "url": "https://api.github.com/users/k3kaimu",
          "html_url": "https://github.com/k3kaimu",
          "followers_url": "https://api.github.com/users/k3kaimu/followers",
          "following_url": "https://api.github.com/users/k3kaimu/following{/other_user}",
          "gists_url": "https://api.github.com/users/k3kaimu/gists{/gist_id}",
          "starred_url": "https://api.github.com/users/k3kaimu/starred{/owner}{/repo}",
          "subscriptions_url": "https://api.github.com/users/k3kaimu/subscriptions",
          "organizations_url": "https://api.github.com/users/k3kaimu/orgs",
          "repos_url": "https://api.github.com/users/k3kaimu/repos",
          "events_url": "https://api.github.com/users/k3kaimu/events{/privacy}",
          "received_events_url": "https://api.github.com/users/k3kaimu/received_events",
          "type": "User",
          "site_admin": false
        },
        "html_url": "https://github.com/k3kaimu/d-manual",
        "description": "D言語の簡単で詳しい入門記事",
        "fork": false,
        "url": "https://api.github.com/repos/k3kaimu/d-manual",
        "forks_url": "https://api.github.com/repos/k3kaimu/d-manual/forks",
        "keys_url": "https://api.github.com/repos/k3kaimu/d-manual/keys{/key_id}",
        "collaborators_url": "https://api.github.com/repos/k3kaimu/d-manual/collaborators{/collaborator}",
        "teams_url": "https://api.github.com/repos/k3kaimu/d-manual/teams",
        "hooks_url": "https://api.github.com/repos/k3kaimu/d-manual/hooks",
        "issue_events_url": "https://api.github.com/repos/k3kaimu/d-manual/issues/events{/number}",
        "events_url": "https://api.github.com/repos/k3kaimu/d-manual/events",
        "assignees_url": "https://api.github.com/repos/k3kaimu/d-manual/assignees{/user}",
        "branches_url": "https://api.github.com/repos/k3kaimu/d-manual/branches{/branch}",
        "tags_url": "https://api.github.com/repos/k3kaimu/d-manual/tags",
        "blobs_url": "https://api.github.com/repos/k3kaimu/d-manual/git/blobs{/sha}",
        "git_tags_url": "https://api.github.com/repos/k3kaimu/d-manual/git/tags{/sha}",
        "git_refs_url": "https://api.github.com/repos/k3kaimu/d-manual/git/refs{/sha}",
        "trees_url": "https://api.github.com/repos/k3kaimu/d-manual/git/trees{/sha}",
        "statuses_url": "https://api.github.com/repos/k3kaimu/d-manual/statuses/{sha}",
        "languages_url": "https://api.github.com/repos/k3kaimu/d-manual/languages",
        "stargazers_url": "https://api.github.com/repos/k3kaimu/d-manual/stargazers",
        "contributors_url": "https://api.github.com/repos/k3kaimu/d-manual/contributors",
        "subscribers_url": "https://api.github.com/repos/k3kaimu/d-manual/subscribers",
        "subscription_url": "https://api.github.com/repos/k3kaimu/d-manual/subscription",
        "commits_url": "https://api.github.com/repos/k3kaimu/d-manual/commits{/sha}",
        "git_commits_url": "https://api.github.com/repos/k3kaimu/d-manual/git/commits{/sha}",
        "comments_url": "https://api.github.com/repos/k3kaimu/d-manual/comments{/number}",
        "issue_comment_url": "https://api.github.com/repos/k3kaimu/d-manual/issues/comments{/number}",
        "contents_url": "https://api.github.com/repos/k3kaimu/d-manual/contents/{+path}",
        "compare_url": "https://api.github.com/repos/k3kaimu/d-manual/compare/{base}...{head}",
        "merges_url": "https://api.github.com/repos/k3kaimu/d-manual/merges",
        "archive_url": "https://api.github.com/repos/k3kaimu/d-manual/{archive_format}{/ref}",
        "downloads_url": "https://api.github.com/repos/k3kaimu/d-manual/downloads",
        "issues_url": "https://api.github.com/repos/k3kaimu/d-manual/issues{/number}",
        "pulls_url": "https://api.github.com/repos/k3kaimu/d-manual/pulls{/number}",
        "milestones_url": "https://api.github.com/repos/k3kaimu/d-manual/milestones{/number}",
        "notifications_url": "https://api.github.com/repos/k3kaimu/d-manual/notifications{?since,all,participating}",
        "labels_url": "https://api.github.com/repos/k3kaimu/d-manual/labels{/name}",
        "releases_url": "https://api.github.com/repos/k3kaimu/d-manual/releases{/id}",
        "deployments_url": "https://api.github.com/repos/k3kaimu/d-manual/deployments",
        "created_at": "2013-05-06T06:10:05Z",
        "updated_at": "2019-04-06T04:34:23Z",
        "pushed_at": "2016-05-21T08:00:33Z",
        "git_url": "git://github.com/k3kaimu/d-manual.git",
        "ssh_url": "git@github.com:k3kaimu/d-manual.git",
        "clone_url": "https://github.com/k3kaimu/d-manual.git",
        "svn_url": "https://github.com/k3kaimu/d-manual",
        "homepage": "",
        "size": 646,
        "stargazers_count": 51,
        "watchers_count": 51,
        "language": "CSS",
        "has_issues": true,
        "has_projects": true,
        "has_downloads": true,
        "has_wiki": true,
        "has_pages": true,
        "forks_count": 8,
        "mirror_url": null,
        "archived": false,
        "disabled": false,
        "open_issues_count": 3,
        "license": null,
        "forks": 8,
        "open_issues": 3,
        "watchers": 51,
        "default_branch": "master"
      }
    },
    "_links": {
      "self": {
        "href": "https://api.github.com/repos/k3kaimu/d-manual/pulls/1"
      },
      "html": {
        "href": "https://github.com/k3kaimu/d-manual/pull/1"
      },
      "issue": {
        "href": "https://api.github.com/repos/k3kaimu/d-manual/issues/1"
      },
      "comments": {
        "href": "https://api.github.com/repos/k3kaimu/d-manual/issues/1/comments"
      },
      "review_comments": {
        "href": "https://api.github.com/repos/k3kaimu/d-manual/pulls/1/comments"
      },
      "review_comment": {
        "href": "https://api.github.com/repos/k3kaimu/d-manual/pulls/comments{/number}"
      },
      "commits": {
        "href": "https://api.github.com/repos/k3kaimu/d-manual/pulls/1/commits"
      },
      "statuses": {
        "href": "https://api.github.com/repos/k3kaimu/d-manual/statuses/1fc79e806e93027471e78994d4eab4fb922a29f3"
      }
    },
    "author_association": "CONTRIBUTOR"
  }
]
