[
  {
    "url": "https://api.github.com/repos/archlinuxarm/PKGBUILDs/pulls/545",
    "id": 7679404,
    "node_id": "MDExOlB1bGxSZXF1ZXN0NzY3OTQwNA==",
    "html_url": "https://github.com/archlinuxarm/PKGBUILDs/pull/545",
    "diff_url": "https://github.com/archlinuxarm/PKGBUILDs/pull/545.diff",
    "patch_url": "https://github.com/archlinuxarm/PKGBUILDs/pull/545.patch",
    "issue_url": "https://api.github.com/repos/archlinuxarm/PKGBUILDs/issues/545",
    "number": 545,
    "state": "closed",
    "locked": false,
    "title": "Add dkms package for wifi mt7601.",
    "user": {
      "login": "leoneu",
      "id": 428276,
      "node_id": "MDQ6VXNlcjQyODI3Ng==",
      "avatar_url": "https://avatars3.githubusercontent.com/u/428276?v=4",
      "gravatar_id": "",
      "url": "https://api.github.com/users/leoneu",
      "html_url": "https://github.com/leoneu",
      "followers_url": "https://api.github.com/users/leoneu/followers",
      "following_url": "https://api.github.com/users/leoneu/following{/other_user}",
      "gists_url": "https://api.github.com/users/leoneu/gists{/gist_id}",
      "starred_url": "https://api.github.com/users/leoneu/starred{/owner}{/repo}",
      "subscriptions_url": "https://api.github.com/users/leoneu/subscriptions",
      "organizations_url": "https://api.github.com/users/leoneu/orgs",
      "repos_url": "https://api.github.com/users/leoneu/repos",
      "events_url": "https://api.github.com/users/leoneu/events{/privacy}",
      "received_events_url": "https://api.github.com/users/leoneu/received_events",
      "type": "User",
      "site_admin": false
    },
    "body": "I was able to build a package for the mt7601 wifi chipset. See README for details.\n",
    "created_at": "2013-08-17T21:02:33Z",
    "updated_at": "2014-06-12T11:00:31Z",
    "closed_at": "2013-08-18T20:21:48Z",
    "merged_at": "2013-08-18T20:21:48Z",
    "merge_commit_sha": "2468ac3b5311048580f8d96df96081f0e8ef892d",
    "assignee": null,
    "assignees": [

    ],
    "requested_reviewers": [

    ],
    "requested_teams": [

    ],
    "labels": [

    ],
    "milestone": null,
    "commits_url": "https://api.github.com/repos/archlinuxarm/PKGBUILDs/pulls/545/commits",
    "review_comments_url": "https://api.github.com/repos/archlinuxarm/PKGBUILDs/pulls/545/comments",
    "review_comment_url": "https://api.github.com/repos/archlinuxarm/PKGBUILDs/pulls/comments{/number}",
    "comments_url": "https://api.github.com/repos/archlinuxarm/PKGBUILDs/issues/545/comments",
    "statuses_url": "https://api.github.com/repos/archlinuxarm/PKGBUILDs/statuses/7848ca0ddb64c6d0b9ab385e36c7b266f6601b67",
    "head": {
      "label": "leoneu:master",
      "ref": "master",
      "sha": "7848ca0ddb64c6d0b9ab385e36c7b266f6601b67",
      "user": {
        "login": "leoneu",
        "id": 428276,
        "node_id": "MDQ6VXNlcjQyODI3Ng==",
        "avatar_url": "https://avatars3.githubusercontent.com/u/428276?v=4",
        "gravatar_id": "",
        "url": "https://api.github.com/users/leoneu",
        "html_url": "https://github.com/leoneu",
        "followers_url": "https://api.github.com/users/leoneu/followers",
        "following_url": "https://api.github.com/users/leoneu/following{/other_user}",
        "gists_url": "https://api.github.com/users/leoneu/gists{/gist_id}",
        "starred_url": "https://api.github.com/users/leoneu/starred{/owner}{/repo}",
        "subscriptions_url": "https://api.github.com/users/leoneu/subscriptions",
        "organizations_url": "https://api.github.com/users/leoneu/orgs",
        "repos_url": "https://api.github.com/users/leoneu/repos",
        "events_url": "https://api.github.com/users/leoneu/events{/privacy}",
        "received_events_url": "https://api.github.com/users/leoneu/received_events",
        "type": "User",
        "site_admin": false
      },
      "repo": {
        "id": 12151910,
        "node_id": "MDEwOlJlcG9zaXRvcnkxMjE1MTkxMA==",
        "name": "PKGBUILDs",
        "full_name": "leoneu/PKGBUILDs",
        "private": false,
        "owner": {
          "login": "leoneu",
          "id": 428276,
          "node_id": "MDQ6VXNlcjQyODI3Ng==",
          "avatar_url": "https://avatars3.githubusercontent.com/u/428276?v=4",
          "gravatar_id": "",
          "url": "https://api.github.com/users/leoneu",
          "html_url": "https://github.com/leoneu",
          "followers_url": "https://api.github.com/users/leoneu/followers",
          "following_url": "https://api.github.com/users/leoneu/following{/other_user}",
          "gists_url": "https://api.github.com/users/leoneu/gists{/gist_id}",
          "starred_url": "https://api.github.com/users/leoneu/starred{/owner}{/repo}",
          "subscriptions_url": "https://api.github.com/users/leoneu/subscriptions",
          "organizations_url": "https://api.github.com/users/leoneu/orgs",
          "repos_url": "https://api.github.com/users/leoneu/repos",
          "events_url": "https://api.github.com/users/leoneu/events{/privacy}",
          "received_events_url": "https://api.github.com/users/leoneu/received_events",
          "type": "User",
          "site_admin": false
        },
        "html_url": "https://github.com/leoneu/PKGBUILDs",
        "description": "PKGBUILDs modified to build on Arch Linux ARM",
        "fork": true,
        "url": "https://api.github.com/repos/leoneu/PKGBUILDs",
        "forks_url": "https://api.github.com/repos/leoneu/PKGBUILDs/forks",
        "keys_url": "https://api.github.com/repos/leoneu/PKGBUILDs/keys{/key_id}",
        "collaborators_url": "https://api.github.com/repos/leoneu/PKGBUILDs/collaborators{/collaborator}",
        "teams_url": "https://api.github.com/repos/leoneu/PKGBUILDs/teams",
        "hooks_url": "https://api.github.com/repos/leoneu/PKGBUILDs/hooks",
        "issue_events_url": "https://api.github.com/repos/leoneu/PKGBUILDs/issues/events{/number}",
        "events_url": "https://api.github.com/repos/leoneu/PKGBUILDs/events",
        "assignees_url": "https://api.github.com/repos/leoneu/PKGBUILDs/assignees{/user}",
        "branches_url": "https://api.github.com/repos/leoneu/PKGBUILDs/branches{/branch}",
        "tags_url": "https://api.github.com/repos/leoneu/PKGBUILDs/tags",
        "blobs_url": "https://api.github.com/repos/leoneu/PKGBUILDs/git/blobs{/sha}",
        "git_tags_url": "https://api.github.com/repos/leoneu/PKGBUILDs/git/tags{/sha}",
        "git_refs_url": "https://api.github.com/repos/leoneu/PKGBUILDs/git/refs{/sha}",
        "trees_url": "https://api.github.com/repos/leoneu/PKGBUILDs/git/trees{/sha}",
        "statuses_url": "https://api.github.com/repos/leoneu/PKGBUILDs/statuses/{sha}",
        "languages_url": "https://api.github.com/repos/leoneu/PKGBUILDs/languages",
        "stargazers_url": "https://api.github.com/repos/leoneu/PKGBUILDs/stargazers",
        "contributors_url": "https://api.github.com/repos/leoneu/PKGBUILDs/contributors",
        "subscribers_url": "https://api.github.com/repos/leoneu/PKGBUILDs/subscribers",
        "subscription_url": "https://api.github.com/repos/leoneu/PKGBUILDs/subscription",
        "commits_url": "https://api.github.com/repos/leoneu/PKGBUILDs/commits{/sha}",
        "git_commits_url": "https://api.github.com/repos/leoneu/PKGBUILDs/git/commits{/sha}",
        "comments_url": "https://api.github.com/repos/leoneu/PKGBUILDs/comments{/number}",
        "issue_comment_url": "https://api.github.com/repos/leoneu/PKGBUILDs/issues/comments{/number}",
        "contents_url": "https://api.github.com/repos/leoneu/PKGBUILDs/contents/{+path}",
        "compare_url": "https://api.github.com/repos/leoneu/PKGBUILDs/compare/{base}...{head}",
        "merges_url": "https://api.github.com/repos/leoneu/PKGBUILDs/merges",
        "archive_url": "https://api.github.com/repos/leoneu/PKGBUILDs/{archive_format}{/ref}",
        "downloads_url": "https://api.github.com/repos/leoneu/PKGBUILDs/downloads",
        "issues_url": "https://api.github.com/repos/leoneu/PKGBUILDs/issues{/number}",
        "pulls_url": "https://api.github.com/repos/leoneu/PKGBUILDs/pulls{/number}",
        "milestones_url": "https://api.github.com/repos/leoneu/PKGBUILDs/milestones{/number}",
        "notifications_url": "https://api.github.com/repos/leoneu/PKGBUILDs/notifications{?since,all,participating}",
        "labels_url": "https://api.github.com/repos/leoneu/PKGBUILDs/labels{/name}",
        "releases_url": "https://api.github.com/repos/leoneu/PKGBUILDs/releases{/id}",
        "deployments_url": "https://api.github.com/repos/leoneu/PKGBUILDs/deployments",
        "created_at": "2013-08-16T06:04:44Z",
        "updated_at": "2013-08-18T20:21:48Z",
        "pushed_at": "2013-08-18T20:12:24Z",
        "git_url": "git://github.com/leoneu/PKGBUILDs.git",
        "ssh_url": "git@github.com:leoneu/PKGBUILDs.git",
        "clone_url": "https://github.com/leoneu/PKGBUILDs.git",
        "svn_url": "https://github.com/leoneu/PKGBUILDs",
        "homepage": "http://archlinuxarm.org",
        "size": 21009,
        "stargazers_count": 0,
        "watchers_count": 0,
        "language": "Shell",
        "has_issues": false,
        "has_projects": true,
        "has_downloads": false,
        "has_wiki": true,
        "has_pages": false,
        "forks_count": 0,
        "mirror_url": null,
        "archived": false,
        "disabled": false,
        "open_issues_count": 0,
        "license": null,
        "forks": 0,
        "open_issues": 0,
        "watchers": 0,
        "default_branch": "master"
      }
    },
    "base": {
      "label": "archlinuxarm:master",
      "ref": "master",
      "sha": "6f13bffd2af7f744c7433b1ec53db1e9fa829e76",
      "user": {
        "login": "archlinuxarm",
        "id": 52997,
        "node_id": "MDEyOk9yZ2FuaXphdGlvbjUyOTk3",
        "avatar_url": "https://avatars3.githubusercontent.com/u/52997?v=4",
        "gravatar_id": "",
        "url": "https://api.github.com/users/archlinuxarm",
        "html_url": "https://github.com/archlinuxarm",
        "followers_url": "https://api.github.com/users/archlinuxarm/followers",
        "following_url": "https://api.github.com/users/archlinuxarm/following{/other_user}",
        "gists_url": "https://api.github.com/users/archlinuxarm/gists{/gist_id}",
        "starred_url": "https://api.github.com/users/archlinuxarm/starred{/owner}{/repo}",
        "subscriptions_url": "https://api.github.com/users/archlinuxarm/subscriptions",
        "organizations_url": "https://api.github.com/users/archlinuxarm/orgs",
        "repos_url": "https://api.github.com/users/archlinuxarm/repos",
        "events_url": "https://api.github.com/users/archlinuxarm/events{/privacy}",
        "received_events_url": "https://api.github.com/users/archlinuxarm/received_events",
        "type": "Organization",
        "site_admin": false
      },
      "repo": {
        "id": 273602,
        "node_id": "MDEwOlJlcG9zaXRvcnkyNzM2MDI=",
        "name": "PKGBUILDs",
        "full_name": "archlinuxarm/PKGBUILDs",
        "private": false,
        "owner": {
          "login": "archlinuxarm",
          "id": 52997,
          "node_id": "MDEyOk9yZ2FuaXphdGlvbjUyOTk3",
          "avatar_url": "https://avatars3.githubusercontent.com/u/52997?v=4",
          "gravatar_id": "",
          "url": "https://api.github.com/users/archlinuxarm",
          "html_url": "https://github.com/archlinuxarm",
          "followers_url": "https://api.github.com/users/archlinuxarm/followers",
          "following_url": "https://api.github.com/users/archlinuxarm/following{/other_user}",
          "gists_url": "https://api.github.com/users/archlinuxarm/gists{/gist_id}",
          "starred_url": "https://api.github.com/users/archlinuxarm/starred{/owner}{/repo}",
          "subscriptions_url": "https://api.github.com/users/archlinuxarm/subscriptions",
          "organizations_url": "https://api.github.com/users/archlinuxarm/orgs",
          "repos_url": "https://api.github.com/users/archlinuxarm/repos",
          "events_url": "https://api.github.com/users/archlinuxarm/events{/privacy}",
          "received_events_url": "https://api.github.com/users/archlinuxarm/received_events",
          "type": "Organization",
          "site_admin": false
        },
        "html_url": "https://github.com/archlinuxarm/PKGBUILDs",
        "description": "PKGBUILDs modified to build on Arch Linux ARM",
        "fork": false,
        "url": "https://api.github.com/repos/archlinuxarm/PKGBUILDs",
        "forks_url": "https://api.github.com/repos/archlinuxarm/PKGBUILDs/forks",
        "keys_url": "https://api.github.com/repos/archlinuxarm/PKGBUILDs/keys{/key_id}",
        "collaborators_url": "https://api.github.com/repos/archlinuxarm/PKGBUILDs/collaborators{/collaborator}",
        "teams_url": "https://api.github.com/repos/archlinuxarm/PKGBUILDs/teams",
        "hooks_url": "https://api.github.com/repos/archlinuxarm/PKGBUILDs/hooks",
        "issue_events_url": "https://api.github.com/repos/archlinuxarm/PKGBUILDs/issues/events{/number}",
        "events_url": "https://api.github.com/repos/archlinuxarm/PKGBUILDs/events",
        "assignees_url": "https://api.github.com/repos/archlinuxarm/PKGBUILDs/assignees{/user}",
        "branches_url": "https://api.github.com/repos/archlinuxarm/PKGBUILDs/branches{/branch}",
        "tags_url": "https://api.github.com/repos/archlinuxarm/PKGBUILDs/tags",
        "blobs_url": "https://api.github.com/repos/archlinuxarm/PKGBUILDs/git/blobs{/sha}",
        "git_tags_url": "https://api.github.com/repos/archlinuxarm/PKGBUILDs/git/tags{/sha}",
        "git_refs_url": "https://api.github.com/repos/archlinuxarm/PKGBUILDs/git/refs{/sha}",
        "trees_url": "https://api.github.com/repos/archlinuxarm/PKGBUILDs/git/trees{/sha}",
        "statuses_url": "https://api.github.com/repos/archlinuxarm/PKGBUILDs/statuses/{sha}",
        "languages_url": "https://api.github.com/repos/archlinuxarm/PKGBUILDs/languages",
        "stargazers_url": "https://api.github.com/repos/archlinuxarm/PKGBUILDs/stargazers",
        "contributors_url": "https://api.github.com/repos/archlinuxarm/PKGBUILDs/contributors",
        "subscribers_url": "https://api.github.com/repos/archlinuxarm/PKGBUILDs/subscribers",
        "subscription_url": "https://api.github.com/repos/archlinuxarm/PKGBUILDs/subscription",
        "commits_url": "https://api.github.com/repos/archlinuxarm/PKGBUILDs/commits{/sha}",
        "git_commits_url": "https://api.github.com/repos/archlinuxarm/PKGBUILDs/git/commits{/sha}",
        "comments_url": "https://api.github.com/repos/archlinuxarm/PKGBUILDs/comments{/number}",
        "issue_comment_url": "https://api.github.com/repos/archlinuxarm/PKGBUILDs/issues/comments{/number}",
        "contents_url": "https://api.github.com/repos/archlinuxarm/PKGBUILDs/contents/{+path}",
        "compare_url": "https://api.github.com/repos/archlinuxarm/PKGBUILDs/compare/{base}...{head}",
        "merges_url": "https://api.github.com/repos/archlinuxarm/PKGBUILDs/merges",
        "archive_url": "https://api.github.com/repos/archlinuxarm/PKGBUILDs/{archive_format}{/ref}",
        "downloads_url": "https://api.github.com/repos/archlinuxarm/PKGBUILDs/downloads",
        "issues_url": "https://api.github.com/repos/archlinuxarm/PKGBUILDs/issues{/number}",
        "pulls_url": "https://api.github.com/repos/archlinuxarm/PKGBUILDs/pulls{/number}",
        "milestones_url": "https://api.github.com/repos/archlinuxarm/PKGBUILDs/milestones{/number}",
        "notifications_url": "https://api.github.com/repos/archlinuxarm/PKGBUILDs/notifications{?since,all,participating}",
        "labels_url": "https://api.github.com/repos/archlinuxarm/PKGBUILDs/labels{/name}",
        "releases_url": "https://api.github.com/repos/archlinuxarm/PKGBUILDs/releases{/id}",
        "deployments_url": "https://api.github.com/repos/archlinuxarm/PKGBUILDs/deployments",
        "created_at": "2009-08-10T01:30:23Z",
        "updated_at": "2019-09-09T23:23:44Z",
        "pushed_at": "2019-09-09T23:23:41Z",
        "git_url": "git://github.com/archlinuxarm/PKGBUILDs.git",
        "ssh_url": "git@github.com:archlinuxarm/PKGBUILDs.git",
        "clone_url": "https://github.com/archlinuxarm/PKGBUILDs.git",
        "svn_url": "https://github.com/archlinuxarm/PKGBUILDs",
        "homepage": "https://archlinuxarm.org",
        "size": 57652,
        "stargazers_count": 726,
        "watchers_count": 726,
        "language": "Shell",
        "has_issues": false,
        "has_projects": true,
        "has_downloads": false,
        "has_wiki": false,
        "has_pages": false,
        "forks_count": 468,
        "mirror_url": null,
        "archived": false,
        "disabled": false,
        "open_issues_count": 12,
        "license": null,
        "forks": 468,
        "open_issues": 12,
        "watchers": 726,
        "default_branch": "master"
      }
    },
    "_links": {
      "self": {
        "href": "https://api.github.com/repos/archlinuxarm/PKGBUILDs/pulls/545"
      },
      "html": {
        "href": "https://github.com/archlinuxarm/PKGBUILDs/pull/545"
      },
      "issue": {
        "href": "https://api.github.com/repos/archlinuxarm/PKGBUILDs/issues/545"
      },
      "comments": {
        "href": "https://api.github.com/repos/archlinuxarm/PKGBUILDs/issues/545/comments"
      },
      "review_comments": {
        "href": "https://api.github.com/repos/archlinuxarm/PKGBUILDs/pulls/545/comments"
      },
      "review_comment": {
        "href": "https://api.github.com/repos/archlinuxarm/PKGBUILDs/pulls/comments{/number}"
      },
      "commits": {
        "href": "https://api.github.com/repos/archlinuxarm/PKGBUILDs/pulls/545/commits"
      },
      "statuses": {
        "href": "https://api.github.com/repos/archlinuxarm/PKGBUILDs/statuses/7848ca0ddb64c6d0b9ab385e36c7b266f6601b67"
      }
    },
    "author_association": "CONTRIBUTOR"
  }
]
