[
  {
    "url": "https://api.github.com/repos/jvanburen/21-373-s16/pulls/9",
    "id": 59318406,
    "node_id": "MDExOlB1bGxSZXF1ZXN0NTkzMTg0MDY=",
    "html_url": "https://github.com/jvanburen/21-373-s16/pull/9",
    "diff_url": "https://github.com/jvanburen/21-373-s16/pull/9.diff",
    "patch_url": "https://github.com/jvanburen/21-373-s16/pull/9.patch",
    "issue_url": "https://api.github.com/repos/jvanburen/21-373-s16/issues/9",
    "number": 9,
    "state": "closed",
    "locked": false,
    "title": "Add index entries for named theorems, reword a theorem.  Fixes #8",
    "user": {
      "login": "grantwwu",
      "id": 4212965,
      "node_id": "MDQ6VXNlcjQyMTI5NjU=",
      "avatar_url": "https://avatars0.githubusercontent.com/u/4212965?v=4",
      "gravatar_id": "",
      "url": "https://api.github.com/users/grantwwu",
      "html_url": "https://github.com/grantwwu",
      "followers_url": "https://api.github.com/users/grantwwu/followers",
      "following_url": "https://api.github.com/users/grantwwu/following{/other_user}",
      "gists_url": "https://api.github.com/users/grantwwu/gists{/gist_id}",
      "starred_url": "https://api.github.com/users/grantwwu/starred{/owner}{/repo}",
      "subscriptions_url": "https://api.github.com/users/grantwwu/subscriptions",
      "organizations_url": "https://api.github.com/users/grantwwu/orgs",
      "repos_url": "https://api.github.com/users/grantwwu/repos",
      "events_url": "https://api.github.com/users/grantwwu/events{/privacy}",
      "received_events_url": "https://api.github.com/users/grantwwu/received_events",
      "type": "User",
      "site_admin": false
    },
    "body": "Has a bunch of useless changes due to stripping EOL spaces.  Otherwise fixes the bug.\n",
    "created_at": "2016-02-15T03:46:32Z",
    "updated_at": "2016-02-15T03:50:48Z",
    "closed_at": "2016-02-15T03:50:48Z",
    "merged_at": "2016-02-15T03:50:48Z",
    "merge_commit_sha": "2cb33ad8a5a67edbd9f390dfca933c553021ee04",
    "assignee": null,
    "assignees": [

    ],
    "requested_reviewers": [

    ],
    "requested_teams": [

    ],
    "labels": [

    ],
    "milestone": null,
    "commits_url": "https://api.github.com/repos/jvanburen/21-373-s16/pulls/9/commits",
    "review_comments_url": "https://api.github.com/repos/jvanburen/21-373-s16/pulls/9/comments",
    "review_comment_url": "https://api.github.com/repos/jvanburen/21-373-s16/pulls/comments{/number}",
    "comments_url": "https://api.github.com/repos/jvanburen/21-373-s16/issues/9/comments",
    "statuses_url": "https://api.github.com/repos/jvanburen/21-373-s16/statuses/c41de3f8e56ea9dcad5b9e406a30039cdf3c0e8e",
    "head": {
      "label": "grantwwu:master",
      "ref": "master",
      "sha": "c41de3f8e56ea9dcad5b9e406a30039cdf3c0e8e",
      "user": {
        "login": "grantwwu",
        "id": 4212965,
        "node_id": "MDQ6VXNlcjQyMTI5NjU=",
        "avatar_url": "https://avatars0.githubusercontent.com/u/4212965?v=4",
        "gravatar_id": "",
        "url": "https://api.github.com/users/grantwwu",
        "html_url": "https://github.com/grantwwu",
        "followers_url": "https://api.github.com/users/grantwwu/followers",
        "following_url": "https://api.github.com/users/grantwwu/following{/other_user}",
        "gists_url": "https://api.github.com/users/grantwwu/gists{/gist_id}",
        "starred_url": "https://api.github.com/users/grantwwu/starred{/owner}{/repo}",
        "subscriptions_url": "https://api.github.com/users/grantwwu/subscriptions",
        "organizations_url": "https://api.github.com/users/grantwwu/orgs",
        "repos_url": "https://api.github.com/users/grantwwu/repos",
        "events_url": "https://api.github.com/users/grantwwu/events{/privacy}",
        "received_events_url": "https://api.github.com/users/grantwwu/received_events",
        "type": "User",
        "site_admin": false
      },
      "repo": {
        "id": 51724025,
        "node_id": "MDEwOlJlcG9zaXRvcnk1MTcyNDAyNQ==",
        "name": "21-373-s16",
        "full_name": "grantwwu/21-373-s16",
        "private": false,
        "owner": {
          "login": "grantwwu",
          "id": 4212965,
          "node_id": "MDQ6VXNlcjQyMTI5NjU=",
          "avatar_url": "https://avatars0.githubusercontent.com/u/4212965?v=4",
          "gravatar_id": "",
          "url": "https://api.github.com/users/grantwwu",
          "html_url": "https://github.com/grantwwu",
          "followers_url": "https://api.github.com/users/grantwwu/followers",
          "following_url": "https://api.github.com/users/grantwwu/following{/other_user}",
          "gists_url": "https://api.github.com/users/grantwwu/gists{/gist_id}",
          "starred_url": "https://api.github.com/users/grantwwu/starred{/owner}{/repo}",
          "subscriptions_url": "https://api.github.com/users/grantwwu/subscriptions",
          "organizations_url": "https://api.github.com/users/grantwwu/orgs",
          "repos_url": "https://api.github.com/users/grantwwu/repos",
          "events_url": "https://api.github.com/users/grantwwu/events{/privacy}",
          "received_events_url": "https://api.github.com/users/grantwwu/received_events",
          "type": "User",
          "site_admin": false
        },
        "html_url": "https://github.com/grantwwu/21-373-s16",
        "description": "Notes for Algebraic Structures, taught Spring 2016 at Carnegie Mellon University, by Professor Clinton Conley.",
        "fork": true,
        "url": "https://api.github.com/repos/grantwwu/21-373-s16",
        "forks_url": "https://api.github.com/repos/grantwwu/21-373-s16/forks",
        "keys_url": "https://api.github.com/repos/grantwwu/21-373-s16/keys{/key_id}",
        "collaborators_url": "https://api.github.com/repos/grantwwu/21-373-s16/collaborators{/collaborator}",
        "teams_url": "https://api.github.com/repos/grantwwu/21-373-s16/teams",
        "hooks_url": "https://api.github.com/repos/grantwwu/21-373-s16/hooks",
        "issue_events_url": "https://api.github.com/repos/grantwwu/21-373-s16/issues/events{/number}",
        "events_url": "https://api.github.com/repos/grantwwu/21-373-s16/events",
        "assignees_url": "https://api.github.com/repos/grantwwu/21-373-s16/assignees{/user}",
        "branches_url": "https://api.github.com/repos/grantwwu/21-373-s16/branches{/branch}",
        "tags_url": "https://api.github.com/repos/grantwwu/21-373-s16/tags",
        "blobs_url": "https://api.github.com/repos/grantwwu/21-373-s16/git/blobs{/sha}",
        "git_tags_url": "https://api.github.com/repos/grantwwu/21-373-s16/git/tags{/sha}",
        "git_refs_url": "https://api.github.com/repos/grantwwu/21-373-s16/git/refs{/sha}",
        "trees_url": "https://api.github.com/repos/grantwwu/21-373-s16/git/trees{/sha}",
        "statuses_url": "https://api.github.com/repos/grantwwu/21-373-s16/statuses/{sha}",
        "languages_url": "https://api.github.com/repos/grantwwu/21-373-s16/languages",
        "stargazers_url": "https://api.github.com/repos/grantwwu/21-373-s16/stargazers",
        "contributors_url": "https://api.github.com/repos/grantwwu/21-373-s16/contributors",
        "subscribers_url": "https://api.github.com/repos/grantwwu/21-373-s16/subscribers",
        "subscription_url": "https://api.github.com/repos/grantwwu/21-373-s16/subscription",
        "commits_url": "https://api.github.com/repos/grantwwu/21-373-s16/commits{/sha}",
        "git_commits_url": "https://api.github.com/repos/grantwwu/21-373-s16/git/commits{/sha}",
        "comments_url": "https://api.github.com/repos/grantwwu/21-373-s16/comments{/number}",
        "issue_comment_url": "https://api.github.com/repos/grantwwu/21-373-s16/issues/comments{/number}",
        "contents_url": "https://api.github.com/repos/grantwwu/21-373-s16/contents/{+path}",
        "compare_url": "https://api.github.com/repos/grantwwu/21-373-s16/compare/{base}...{head}",
        "merges_url": "https://api.github.com/repos/grantwwu/21-373-s16/merges",
        "archive_url": "https://api.github.com/repos/grantwwu/21-373-s16/{archive_format}{/ref}",
        "downloads_url": "https://api.github.com/repos/grantwwu/21-373-s16/downloads",
        "issues_url": "https://api.github.com/repos/grantwwu/21-373-s16/issues{/number}",
        "pulls_url": "https://api.github.com/repos/grantwwu/21-373-s16/pulls{/number}",
        "milestones_url": "https://api.github.com/repos/grantwwu/21-373-s16/milestones{/number}",
        "notifications_url": "https://api.github.com/repos/grantwwu/21-373-s16/notifications{?since,all,participating}",
        "labels_url": "https://api.github.com/repos/grantwwu/21-373-s16/labels{/name}",
        "releases_url": "https://api.github.com/repos/grantwwu/21-373-s16/releases{/id}",
        "deployments_url": "https://api.github.com/repos/grantwwu/21-373-s16/deployments",
        "created_at": "2016-02-15T01:49:16Z",
        "updated_at": "2018-04-15T23:42:10Z",
        "pushed_at": "2016-04-18T23:50:08Z",
        "git_url": "git://github.com/grantwwu/21-373-s16.git",
        "ssh_url": "git@github.com:grantwwu/21-373-s16.git",
        "clone_url": "https://github.com/grantwwu/21-373-s16.git",
        "svn_url": "https://github.com/grantwwu/21-373-s16",
        "homepage": null,
        "size": 10834,
        "stargazers_count": 0,
        "watchers_count": 0,
        "language": "TeX",
        "has_issues": false,
        "has_projects": true,
        "has_downloads": true,
        "has_wiki": false,
        "has_pages": false,
        "forks_count": 0,
        "mirror_url": null,
        "archived": true,
        "disabled": false,
        "open_issues_count": 0,
        "license": null,
        "forks": 0,
        "open_issues": 0,
        "watchers": 0,
        "default_branch": "master"
      }
    },
    "base": {
      "label": "jvanburen:master",
      "ref": "master",
      "sha": "06c38830b5038ffdd963a85e5b10ba908a1e4843",
      "user": {
        "login": "jvanburen",
        "id": 1740317,
        "node_id": "MDQ6VXNlcjE3NDAzMTc=",
        "avatar_url": "https://avatars2.githubusercontent.com/u/1740317?v=4",
        "gravatar_id": "",
        "url": "https://api.github.com/users/jvanburen",
        "html_url": "https://github.com/jvanburen",
        "followers_url": "https://api.github.com/users/jvanburen/followers",
        "following_url": "https://api.github.com/users/jvanburen/following{/other_user}",
        "gists_url": "https://api.github.com/users/jvanburen/gists{/gist_id}",
        "starred_url": "https://api.github.com/users/jvanburen/starred{/owner}{/repo}",
        "subscriptions_url": "https://api.github.com/users/jvanburen/subscriptions",
        "organizations_url": "https://api.github.com/users/jvanburen/orgs",
        "repos_url": "https://api.github.com/users/jvanburen/repos",
        "events_url": "https://api.github.com/users/jvanburen/events{/privacy}",
        "received_events_url": "https://api.github.com/users/jvanburen/received_events",
        "type": "User",
        "site_admin": false
      },
      "repo": {
        "id": 51673740,
        "node_id": "MDEwOlJlcG9zaXRvcnk1MTY3Mzc0MA==",
        "name": "21-373-s16",
        "full_name": "jvanburen/21-373-s16",
        "private": false,
        "owner": {
          "login": "jvanburen",
          "id": 1740317,
          "node_id": "MDQ6VXNlcjE3NDAzMTc=",
          "avatar_url": "https://avatars2.githubusercontent.com/u/1740317?v=4",
          "gravatar_id": "",
          "url": "https://api.github.com/users/jvanburen",
          "html_url": "https://github.com/jvanburen",
          "followers_url": "https://api.github.com/users/jvanburen/followers",
          "following_url": "https://api.github.com/users/jvanburen/following{/other_user}",
          "gists_url": "https://api.github.com/users/jvanburen/gists{/gist_id}",
          "starred_url": "https://api.github.com/users/jvanburen/starred{/owner}{/repo}",
          "subscriptions_url": "https://api.github.com/users/jvanburen/subscriptions",
          "organizations_url": "https://api.github.com/users/jvanburen/orgs",
          "repos_url": "https://api.github.com/users/jvanburen/repos",
          "events_url": "https://api.github.com/users/jvanburen/events{/privacy}",
          "received_events_url": "https://api.github.com/users/jvanburen/received_events",
          "type": "User",
          "site_admin": false
        },
        "html_url": "https://github.com/jvanburen/21-373-s16",
        "description": "Notes for Algebraic Structures, taught Spring 2016 at Carnegie Mellon University, by Professor Clinton Conley.",
        "fork": false,
        "url": "https://api.github.com/repos/jvanburen/21-373-s16",
        "forks_url": "https://api.github.com/repos/jvanburen/21-373-s16/forks",
        "keys_url": "https://api.github.com/repos/jvanburen/21-373-s16/keys{/key_id}",
        "collaborators_url": "https://api.github.com/repos/jvanburen/21-373-s16/collaborators{/collaborator}",
        "teams_url": "https://api.github.com/repos/jvanburen/21-373-s16/teams",
        "hooks_url": "https://api.github.com/repos/jvanburen/21-373-s16/hooks",
        "issue_events_url": "https://api.github.com/repos/jvanburen/21-373-s16/issues/events{/number}",
        "events_url": "https://api.github.com/repos/jvanburen/21-373-s16/events",
        "assignees_url": "https://api.github.com/repos/jvanburen/21-373-s16/assignees{/user}",
        "branches_url": "https://api.github.com/repos/jvanburen/21-373-s16/branches{/branch}",
        "tags_url": "https://api.github.com/repos/jvanburen/21-373-s16/tags",
        "blobs_url": "https://api.github.com/repos/jvanburen/21-373-s16/git/blobs{/sha}",
        "git_tags_url": "https://api.github.com/repos/jvanburen/21-373-s16/git/tags{/sha}",
        "git_refs_url": "https://api.github.com/repos/jvanburen/21-373-s16/git/refs{/sha}",
        "trees_url": "https://api.github.com/repos/jvanburen/21-373-s16/git/trees{/sha}",
        "statuses_url": "https://api.github.com/repos/jvanburen/21-373-s16/statuses/{sha}",
        "languages_url": "https://api.github.com/repos/jvanburen/21-373-s16/languages",
        "stargazers_url": "https://api.github.com/repos/jvanburen/21-373-s16/stargazers",
        "contributors_url": "https://api.github.com/repos/jvanburen/21-373-s16/contributors",
        "subscribers_url": "https://api.github.com/repos/jvanburen/21-373-s16/subscribers",
        "subscription_url": "https://api.github.com/repos/jvanburen/21-373-s16/subscription",
        "commits_url": "https://api.github.com/repos/jvanburen/21-373-s16/commits{/sha}",
        "git_commits_url": "https://api.github.com/repos/jvanburen/21-373-s16/git/commits{/sha}",
        "comments_url": "https://api.github.com/repos/jvanburen/21-373-s16/comments{/number}",
        "issue_comment_url": "https://api.github.com/repos/jvanburen/21-373-s16/issues/comments{/number}",
        "contents_url": "https://api.github.com/repos/jvanburen/21-373-s16/contents/{+path}",
        "compare_url": "https://api.github.com/repos/jvanburen/21-373-s16/compare/{base}...{head}",
        "merges_url": "https://api.github.com/repos/jvanburen/21-373-s16/merges",
        "archive_url": "https://api.github.com/repos/jvanburen/21-373-s16/{archive_format}{/ref}",
        "downloads_url": "https://api.github.com/repos/jvanburen/21-373-s16/downloads",
        "issues_url": "https://api.github.com/repos/jvanburen/21-373-s16/issues{/number}",
        "pulls_url": "https://api.github.com/repos/jvanburen/21-373-s16/pulls{/number}",
        "milestones_url": "https://api.github.com/repos/jvanburen/21-373-s16/milestones{/number}",
        "notifications_url": "https://api.github.com/repos/jvanburen/21-373-s16/notifications{?since,all,participating}",
        "labels_url": "https://api.github.com/repos/jvanburen/21-373-s16/labels{/name}",
        "releases_url": "https://api.github.com/repos/jvanburen/21-373-s16/releases{/id}",
        "deployments_url": "https://api.github.com/repos/jvanburen/21-373-s16/deployments",
        "created_at": "2016-02-14T01:10:30Z",
        "updated_at": "2019-08-31T13:09:18Z",
        "pushed_at": "2018-02-21T20:05:13Z",
        "git_url": "git://github.com/jvanburen/21-373-s16.git",
        "ssh_url": "git@github.com:jvanburen/21-373-s16.git",
        "clone_url": "https://github.com/jvanburen/21-373-s16.git",
        "svn_url": "https://github.com/jvanburen/21-373-s16",
        "homepage": null,
        "size": 11538,
        "stargazers_count": 8,
        "watchers_count": 8,
        "language": "TeX",
        "has_issues": true,
        "has_projects": true,
        "has_downloads": true,
        "has_wiki": false,
        "has_pages": false,
        "forks_count": 2,
        "mirror_url": null,
        "archived": false,
        "disabled": false,
        "open_issues_count": 5,
        "license": null,
        "forks": 2,
        "open_issues": 5,
        "watchers": 8,
        "default_branch": "master"
      }
    },
    "_links": {
      "self": {
        "href": "https://api.github.com/repos/jvanburen/21-373-s16/pulls/9"
      },
      "html": {
        "href": "https://github.com/jvanburen/21-373-s16/pull/9"
      },
      "issue": {
        "href": "https://api.github.com/repos/jvanburen/21-373-s16/issues/9"
      },
      "comments": {
        "href": "https://api.github.com/repos/jvanburen/21-373-s16/issues/9/comments"
      },
      "review_comments": {
        "href": "https://api.github.com/repos/jvanburen/21-373-s16/pulls/9/comments"
      },
      "review_comment": {
        "href": "https://api.github.com/repos/jvanburen/21-373-s16/pulls/comments{/number}"
      },
      "commits": {
        "href": "https://api.github.com/repos/jvanburen/21-373-s16/pulls/9/commits"
      },
      "statuses": {
        "href": "https://api.github.com/repos/jvanburen/21-373-s16/statuses/c41de3f8e56ea9dcad5b9e406a30039cdf3c0e8e"
      }
    },
    "author_association": "CONTRIBUTOR"
  }
]
