[
  {
    "url": "https://api.github.com/repos/jeremycole/mysql_binlog/pulls/3",
    "id": 10107431,
    "node_id": "MDExOlB1bGxSZXF1ZXN0MTAxMDc0MzE=",
    "html_url": "https://github.com/jeremycole/mysql_binlog/pull/3",
    "diff_url": "https://github.com/jeremycole/mysql_binlog/pull/3.diff",
    "patch_url": "https://github.com/jeremycole/mysql_binlog/pull/3.patch",
    "issue_url": "https://api.github.com/repos/jeremycole/mysql_binlog/issues/3",
    "number": 3,
    "state": "closed",
    "locked": false,
    "title": "Handle binary log events with a non-standard header size.",
    "user": {
      "login": "darnaut",
      "id": 1567089,
      "node_id": "MDQ6VXNlcjE1NjcwODk=",
      "avatar_url": "https://avatars0.githubusercontent.com/u/1567089?v=4",
      "gravatar_id": "",
      "url": "https://api.github.com/users/darnaut",
      "html_url": "https://github.com/darnaut",
      "followers_url": "https://api.github.com/users/darnaut/followers",
      "following_url": "https://api.github.com/users/darnaut/following{/other_user}",
      "gists_url": "https://api.github.com/users/darnaut/gists{/gist_id}",
      "starred_url": "https://api.github.com/users/darnaut/starred{/owner}{/repo}",
      "subscriptions_url": "https://api.github.com/users/darnaut/subscriptions",
      "organizations_url": "https://api.github.com/users/darnaut/orgs",
      "repos_url": "https://api.github.com/users/darnaut/repos",
      "events_url": "https://api.github.com/users/darnaut/events{/privacy}",
      "received_events_url": "https://api.github.com/users/darnaut/received_events",
      "type": "User",
      "site_admin": false
    },
    "body": "",
    "created_at": "2013-11-19T21:26:01Z",
    "updated_at": "2013-11-19T21:36:46Z",
    "closed_at": "2013-11-19T21:36:46Z",
    "merged_at": "2013-11-19T21:36:46Z",
    "merge_commit_sha": "ad7ab20aafcb45ddf25a05bf1040dbf21109787c",
    "assignee": null,
    "assignees": [

    ],
    "requested_reviewers": [

    ],
    "requested_teams": [

    ],
    "labels": [

    ],
    "milestone": null,
    "commits_url": "https://api.github.com/repos/jeremycole/mysql_binlog/pulls/3/commits",
    "review_comments_url": "https://api.github.com/repos/jeremycole/mysql_binlog/pulls/3/comments",
    "review_comment_url": "https://api.github.com/repos/jeremycole/mysql_binlog/pulls/comments{/number}",
    "comments_url": "https://api.github.com/repos/jeremycole/mysql_binlog/issues/3/comments",
    "statuses_url": "https://api.github.com/repos/jeremycole/mysql_binlog/statuses/8d097c0df31759d3245fb732e292b9ab263f78a5",
    "head": {
      "label": "darnaut:master",
      "ref": "master",
      "sha": "8d097c0df31759d3245fb732e292b9ab263f78a5",
      "user": {
        "login": "darnaut",
        "id": 1567089,
        "node_id": "MDQ6VXNlcjE1NjcwODk=",
        "avatar_url": "https://avatars0.githubusercontent.com/u/1567089?v=4",
        "gravatar_id": "",
        "url": "https://api.github.com/users/darnaut",
        "html_url": "https://github.com/darnaut",
        "followers_url": "https://api.github.com/users/darnaut/followers",
        "following_url": "https://api.github.com/users/darnaut/following{/other_user}",
        "gists_url": "https://api.github.com/users/darnaut/gists{/gist_id}",
        "starred_url": "https://api.github.com/users/darnaut/starred{/owner}{/repo}",
        "subscriptions_url": "https://api.github.com/users/darnaut/subscriptions",
        "organizations_url": "https://api.github.com/users/darnaut/orgs",
        "repos_url": "https://api.github.com/users/darnaut/repos",
        "events_url": "https://api.github.com/users/darnaut/events{/privacy}",
        "received_events_url": "https://api.github.com/users/darnaut/received_events",
        "type": "User",
        "site_admin": false
      },
      "repo": {
        "id": 14538422,
        "node_id": "MDEwOlJlcG9zaXRvcnkxNDUzODQyMg==",
        "name": "mysql_binlog",
        "full_name": "darnaut/mysql_binlog",
        "private": false,
        "owner": {
          "login": "darnaut",
          "id": 1567089,
          "node_id": "MDQ6VXNlcjE1NjcwODk=",
          "avatar_url": "https://avatars0.githubusercontent.com/u/1567089?v=4",
          "gravatar_id": "",
          "url": "https://api.github.com/users/darnaut",
          "html_url": "https://github.com/darnaut",
          "followers_url": "https://api.github.com/users/darnaut/followers",
          "following_url": "https://api.github.com/users/darnaut/following{/other_user}",
          "gists_url": "https://api.github.com/users/darnaut/gists{/gist_id}",
          "starred_url": "https://api.github.com/users/darnaut/starred{/owner}{/repo}",
          "subscriptions_url": "https://api.github.com/users/darnaut/subscriptions",
          "organizations_url": "https://api.github.com/users/darnaut/orgs",
          "repos_url": "https://api.github.com/users/darnaut/repos",
          "events_url": "https://api.github.com/users/darnaut/events{/privacy}",
          "received_events_url": "https://api.github.com/users/darnaut/received_events",
          "type": "User",
          "site_admin": false
        },
        "html_url": "https://github.com/darnaut/mysql_binlog",
        "description": "Library for parsing MySQL binary logs in Ruby",
        "fork": true,
        "url": "https://api.github.com/repos/darnaut/mysql_binlog",
        "forks_url": "https://api.github.com/repos/darnaut/mysql_binlog/forks",
        "keys_url": "https://api.github.com/repos/darnaut/mysql_binlog/keys{/key_id}",
        "collaborators_url": "https://api.github.com/repos/darnaut/mysql_binlog/collaborators{/collaborator}",
        "teams_url": "https://api.github.com/repos/darnaut/mysql_binlog/teams",
        "hooks_url": "https://api.github.com/repos/darnaut/mysql_binlog/hooks",
        "issue_events_url": "https://api.github.com/repos/darnaut/mysql_binlog/issues/events{/number}",
        "events_url": "https://api.github.com/repos/darnaut/mysql_binlog/events",
        "assignees_url": "https://api.github.com/repos/darnaut/mysql_binlog/assignees{/user}",
        "branches_url": "https://api.github.com/repos/darnaut/mysql_binlog/branches{/branch}",
        "tags_url": "https://api.github.com/repos/darnaut/mysql_binlog/tags",
        "blobs_url": "https://api.github.com/repos/darnaut/mysql_binlog/git/blobs{/sha}",
        "git_tags_url": "https://api.github.com/repos/darnaut/mysql_binlog/git/tags{/sha}",
        "git_refs_url": "https://api.github.com/repos/darnaut/mysql_binlog/git/refs{/sha}",
        "trees_url": "https://api.github.com/repos/darnaut/mysql_binlog/git/trees{/sha}",
        "statuses_url": "https://api.github.com/repos/darnaut/mysql_binlog/statuses/{sha}",
        "languages_url": "https://api.github.com/repos/darnaut/mysql_binlog/languages",
        "stargazers_url": "https://api.github.com/repos/darnaut/mysql_binlog/stargazers",
        "contributors_url": "https://api.github.com/repos/darnaut/mysql_binlog/contributors",
        "subscribers_url": "https://api.github.com/repos/darnaut/mysql_binlog/subscribers",
        "subscription_url": "https://api.github.com/repos/darnaut/mysql_binlog/subscription",
        "commits_url": "https://api.github.com/repos/darnaut/mysql_binlog/commits{/sha}",
        "git_commits_url": "https://api.github.com/repos/darnaut/mysql_binlog/git/commits{/sha}",
        "comments_url": "https://api.github.com/repos/darnaut/mysql_binlog/comments{/number}",
        "issue_comment_url": "https://api.github.com/repos/darnaut/mysql_binlog/issues/comments{/number}",
        "contents_url": "https://api.github.com/repos/darnaut/mysql_binlog/contents/{+path}",
        "compare_url": "https://api.github.com/repos/darnaut/mysql_binlog/compare/{base}...{head}",
        "merges_url": "https://api.github.com/repos/darnaut/mysql_binlog/merges",
        "archive_url": "https://api.github.com/repos/darnaut/mysql_binlog/{archive_format}{/ref}",
        "downloads_url": "https://api.github.com/repos/darnaut/mysql_binlog/downloads",
        "issues_url": "https://api.github.com/repos/darnaut/mysql_binlog/issues{/number}",
        "pulls_url": "https://api.github.com/repos/darnaut/mysql_binlog/pulls{/number}",
        "milestones_url": "https://api.github.com/repos/darnaut/mysql_binlog/milestones{/number}",
        "notifications_url": "https://api.github.com/repos/darnaut/mysql_binlog/notifications{?since,all,participating}",
        "labels_url": "https://api.github.com/repos/darnaut/mysql_binlog/labels{/name}",
        "releases_url": "https://api.github.com/repos/darnaut/mysql_binlog/releases{/id}",
        "deployments_url": "https://api.github.com/repos/darnaut/mysql_binlog/deployments",
        "created_at": "2013-11-19T21:24:20Z",
        "updated_at": "2013-11-19T21:36:46Z",
        "pushed_at": "2013-11-19T21:24:54Z",
        "git_url": "git://github.com/darnaut/mysql_binlog.git",
        "ssh_url": "git@github.com:darnaut/mysql_binlog.git",
        "clone_url": "https://github.com/darnaut/mysql_binlog.git",
        "svn_url": "https://github.com/darnaut/mysql_binlog",
        "homepage": null,
        "size": 164,
        "stargazers_count": 0,
        "watchers_count": 0,
        "language": "Ruby",
        "has_issues": false,
        "has_projects": true,
        "has_downloads": true,
        "has_wiki": true,
        "has_pages": false,
        "forks_count": 1,
        "mirror_url": null,
        "archived": false,
        "disabled": false,
        "open_issues_count": 0,
        "license": {
          "key": "other",
          "name": "Other",
          "spdx_id": "NOASSERTION",
          "url": null,
          "node_id": "MDc6TGljZW5zZTA="
        },
        "forks": 1,
        "open_issues": 0,
        "watchers": 0,
        "default_branch": "master"
      }
    },
    "base": {
      "label": "jeremycole:master",
      "ref": "master",
      "sha": "390636758d43536ba6e8939d195b0942cf19a442",
      "user": {
        "login": "jeremycole",
        "id": 450104,
        "node_id": "MDQ6VXNlcjQ1MDEwNA==",
        "avatar_url": "https://avatars2.githubusercontent.com/u/450104?v=4",
        "gravatar_id": "",
        "url": "https://api.github.com/users/jeremycole",
        "html_url": "https://github.com/jeremycole",
        "followers_url": "https://api.github.com/users/jeremycole/followers",
        "following_url": "https://api.github.com/users/jeremycole/following{/other_user}",
        "gists_url": "https://api.github.com/users/jeremycole/gists{/gist_id}",
        "starred_url": "https://api.github.com/users/jeremycole/starred{/owner}{/repo}",
        "subscriptions_url": "https://api.github.com/users/jeremycole/subscriptions",
        "organizations_url": "https://api.github.com/users/jeremycole/orgs",
        "repos_url": "https://api.github.com/users/jeremycole/repos",
        "events_url": "https://api.github.com/users/jeremycole/events{/privacy}",
        "received_events_url": "https://api.github.com/users/jeremycole/received_events",
        "type": "User",
        "site_admin": false
      },
      "repo": {
        "id": 4768566,
        "node_id": "MDEwOlJlcG9zaXRvcnk0NzY4NTY2",
        "name": "mysql_binlog",
        "full_name": "jeremycole/mysql_binlog",
        "private": false,
        "owner": {
          "login": "jeremycole",
          "id": 450104,
          "node_id": "MDQ6VXNlcjQ1MDEwNA==",
          "avatar_url": "https://avatars2.githubusercontent.com/u/450104?v=4",
          "gravatar_id": "",
          "url": "https://api.github.com/users/jeremycole",
          "html_url": "https://github.com/jeremycole",
          "followers_url": "https://api.github.com/users/jeremycole/followers",
          "following_url": "https://api.github.com/users/jeremycole/following{/other_user}",
          "gists_url": "https://api.github.com/users/jeremycole/gists{/gist_id}",
          "starred_url": "https://api.github.com/users/jeremycole/starred{/owner}{/repo}",
          "subscriptions_url": "https://api.github.com/users/jeremycole/subscriptions",
          "organizations_url": "https://api.github.com/users/jeremycole/orgs",
          "repos_url": "https://api.github.com/users/jeremycole/repos",
          "events_url": "https://api.github.com/users/jeremycole/events{/privacy}",
          "received_events_url": "https://api.github.com/users/jeremycole/received_events",
          "type": "User",
          "site_admin": false
        },
        "html_url": "https://github.com/jeremycole/mysql_binlog",
        "description": "Library for parsing MySQL binary logs in Ruby",
        "fork": false,
        "url": "https://api.github.com/repos/jeremycole/mysql_binlog",
        "forks_url": "https://api.github.com/repos/jeremycole/mysql_binlog/forks",
        "keys_url": "https://api.github.com/repos/jeremycole/mysql_binlog/keys{/key_id}",
        "collaborators_url": "https://api.github.com/repos/jeremycole/mysql_binlog/collaborators{/collaborator}",
        "teams_url": "https://api.github.com/repos/jeremycole/mysql_binlog/teams",
        "hooks_url": "https://api.github.com/repos/jeremycole/mysql_binlog/hooks",
        "issue_events_url": "https://api.github.com/repos/jeremycole/mysql_binlog/issues/events{/number}",
        "events_url": "https://api.github.com/repos/jeremycole/mysql_binlog/events",
        "assignees_url": "https://api.github.com/repos/jeremycole/mysql_binlog/assignees{/user}",
        "branches_url": "https://api.github.com/repos/jeremycole/mysql_binlog/branches{/branch}",
        "tags_url": "https://api.github.com/repos/jeremycole/mysql_binlog/tags",
        "blobs_url": "https://api.github.com/repos/jeremycole/mysql_binlog/git/blobs{/sha}",
        "git_tags_url": "https://api.github.com/repos/jeremycole/mysql_binlog/git/tags{/sha}",
        "git_refs_url": "https://api.github.com/repos/jeremycole/mysql_binlog/git/refs{/sha}",
        "trees_url": "https://api.github.com/repos/jeremycole/mysql_binlog/git/trees{/sha}",
        "statuses_url": "https://api.github.com/repos/jeremycole/mysql_binlog/statuses/{sha}",
        "languages_url": "https://api.github.com/repos/jeremycole/mysql_binlog/languages",
        "stargazers_url": "https://api.github.com/repos/jeremycole/mysql_binlog/stargazers",
        "contributors_url": "https://api.github.com/repos/jeremycole/mysql_binlog/contributors",
        "subscribers_url": "https://api.github.com/repos/jeremycole/mysql_binlog/subscribers",
        "subscription_url": "https://api.github.com/repos/jeremycole/mysql_binlog/subscription",
        "commits_url": "https://api.github.com/repos/jeremycole/mysql_binlog/commits{/sha}",
        "git_commits_url": "https://api.github.com/repos/jeremycole/mysql_binlog/git/commits{/sha}",
        "comments_url": "https://api.github.com/repos/jeremycole/mysql_binlog/comments{/number}",
        "issue_comment_url": "https://api.github.com/repos/jeremycole/mysql_binlog/issues/comments{/number}",
        "contents_url": "https://api.github.com/repos/jeremycole/mysql_binlog/contents/{+path}",
        "compare_url": "https://api.github.com/repos/jeremycole/mysql_binlog/compare/{base}...{head}",
        "merges_url": "https://api.github.com/repos/jeremycole/mysql_binlog/merges",
        "archive_url": "https://api.github.com/repos/jeremycole/mysql_binlog/{archive_format}{/ref}",
        "downloads_url": "https://api.github.com/repos/jeremycole/mysql_binlog/downloads",
        "issues_url": "https://api.github.com/repos/jeremycole/mysql_binlog/issues{/number}",
        "pulls_url": "https://api.github.com/repos/jeremycole/mysql_binlog/pulls{/number}",
        "milestones_url": "https://api.github.com/repos/jeremycole/mysql_binlog/milestones{/number}",
        "notifications_url": "https://api.github.com/repos/jeremycole/mysql_binlog/notifications{?since,all,participating}",
        "labels_url": "https://api.github.com/repos/jeremycole/mysql_binlog/labels{/name}",
        "releases_url": "https://api.github.com/repos/jeremycole/mysql_binlog/releases{/id}",
        "deployments_url": "https://api.github.com/repos/jeremycole/mysql_binlog/deployments",
        "created_at": "2012-06-23T23:49:41Z",
        "updated_at": "2019-08-26T08:05:14Z",
        "pushed_at": "2019-08-11T06:06:56Z",
        "git_url": "git://github.com/jeremycole/mysql_binlog.git",
        "ssh_url": "git@github.com:jeremycole/mysql_binlog.git",
        "clone_url": "https://github.com/jeremycole/mysql_binlog.git",
        "svn_url": "https://github.com/jeremycole/mysql_binlog",
        "homepage": null,
        "size": 98,
        "stargazers_count": 76,
        "watchers_count": 76,
        "language": "Ruby",
        "has_issues": true,
        "has_projects": true,
        "has_downloads": true,
        "has_wiki": true,
        "has_pages": false,
        "forks_count": 26,
        "mirror_url": null,
        "archived": false,
        "disabled": false,
        "open_issues_count": 1,
        "license": {
          "key": "other",
          "name": "Other",
          "spdx_id": "NOASSERTION",
          "url": null,
          "node_id": "MDc6TGljZW5zZTA="
        },
        "forks": 26,
        "open_issues": 1,
        "watchers": 76,
        "default_branch": "master"
      }
    },
    "_links": {
      "self": {
        "href": "https://api.github.com/repos/jeremycole/mysql_binlog/pulls/3"
      },
      "html": {
        "href": "https://github.com/jeremycole/mysql_binlog/pull/3"
      },
      "issue": {
        "href": "https://api.github.com/repos/jeremycole/mysql_binlog/issues/3"
      },
      "comments": {
        "href": "https://api.github.com/repos/jeremycole/mysql_binlog/issues/3/comments"
      },
      "review_comments": {
        "href": "https://api.github.com/repos/jeremycole/mysql_binlog/pulls/3/comments"
      },
      "review_comment": {
        "href": "https://api.github.com/repos/jeremycole/mysql_binlog/pulls/comments{/number}"
      },
      "commits": {
        "href": "https://api.github.com/repos/jeremycole/mysql_binlog/pulls/3/commits"
      },
      "statuses": {
        "href": "https://api.github.com/repos/jeremycole/mysql_binlog/statuses/8d097c0df31759d3245fb732e292b9ab263f78a5"
      }
    },
    "author_association": "COLLABORATOR"
  }
]
