[
  {
    "url": "https://api.github.com/repos/kohsuke/youdebug/pulls/5",
    "id": 2511399,
    "node_id": "MDExOlB1bGxSZXF1ZXN0MjUxMTM5OQ==",
    "html_url": "https://github.com/kohsuke/youdebug/pull/5",
    "diff_url": "https://github.com/kohsuke/youdebug/pull/5.diff",
    "patch_url": "https://github.com/kohsuke/youdebug/pull/5.patch",
    "issue_url": "https://api.github.com/repos/kohsuke/youdebug/issues/5",
    "number": 5,
    "state": "closed",
    "locked": false,
    "title": "I want to use com.sun.jdi.Method instance within handler closure of methodEntryBreakpoint.",
    "user": {
      "login": "uehaj",
      "id": 59012,
      "node_id": "MDQ6VXNlcjU5MDEy",
      "avatar_url": "https://avatars3.githubusercontent.com/u/59012?v=4",
      "gravatar_id": "",
      "url": "https://api.github.com/users/uehaj",
      "html_url": "https://github.com/uehaj",
      "followers_url": "https://api.github.com/users/uehaj/followers",
      "following_url": "https://api.github.com/users/uehaj/following{/other_user}",
      "gists_url": "https://api.github.com/users/uehaj/gists{/gist_id}",
      "starred_url": "https://api.github.com/users/uehaj/starred{/owner}{/repo}",
      "subscriptions_url": "https://api.github.com/users/uehaj/subscriptions",
      "organizations_url": "https://api.github.com/users/uehaj/orgs",
      "repos_url": "https://api.github.com/users/uehaj/repos",
      "events_url": "https://api.github.com/users/uehaj/events{/privacy}",
      "received_events_url": "https://api.github.com/users/uehaj/received_events",
      "type": "User",
      "site_admin": false
    },
    "body": "change to supply Method argument to methodEntry break point handler as closure parameter.\n",
    "created_at": "2012-10-02T07:26:20Z",
    "updated_at": "2013-01-06T02:32:08Z",
    "closed_at": "2013-01-06T02:32:08Z",
    "merged_at": "2013-01-06T02:32:08Z",
    "merge_commit_sha": "4cb9a0536ea79f04a1be774009cb04e803764be6",
    "assignee": null,
    "assignees": [

    ],
    "requested_reviewers": [

    ],
    "requested_teams": [

    ],
    "labels": [

    ],
    "milestone": null,
    "commits_url": "https://api.github.com/repos/kohsuke/youdebug/pulls/5/commits",
    "review_comments_url": "https://api.github.com/repos/kohsuke/youdebug/pulls/5/comments",
    "review_comment_url": "https://api.github.com/repos/kohsuke/youdebug/pulls/comments{/number}",
    "comments_url": "https://api.github.com/repos/kohsuke/youdebug/issues/5/comments",
    "statuses_url": "https://api.github.com/repos/kohsuke/youdebug/statuses/63f5ad91cbacf598066ae36e24f737fb9cc2307b",
    "head": {
      "label": "uehaj:master",
      "ref": "master",
      "sha": "63f5ad91cbacf598066ae36e24f737fb9cc2307b",
      "user": {
        "login": "uehaj",
        "id": 59012,
        "node_id": "MDQ6VXNlcjU5MDEy",
        "avatar_url": "https://avatars3.githubusercontent.com/u/59012?v=4",
        "gravatar_id": "",
        "url": "https://api.github.com/users/uehaj",
        "html_url": "https://github.com/uehaj",
        "followers_url": "https://api.github.com/users/uehaj/followers",
        "following_url": "https://api.github.com/users/uehaj/following{/other_user}",
        "gists_url": "https://api.github.com/users/uehaj/gists{/gist_id}",
        "starred_url": "https://api.github.com/users/uehaj/starred{/owner}{/repo}",
        "subscriptions_url": "https://api.github.com/users/uehaj/subscriptions",
        "organizations_url": "https://api.github.com/users/uehaj/orgs",
        "repos_url": "https://api.github.com/users/uehaj/repos",
        "events_url": "https://api.github.com/users/uehaj/events{/privacy}",
        "received_events_url": "https://api.github.com/users/uehaj/received_events",
        "type": "User",
        "site_admin": false
      },
      "repo": {
        "id": 6041422,
        "node_id": "MDEwOlJlcG9zaXRvcnk2MDQxNDIy",
        "name": "youdebug",
        "full_name": "uehaj/youdebug",
        "private": false,
        "owner": {
          "login": "uehaj",
          "id": 59012,
          "node_id": "MDQ6VXNlcjU5MDEy",
          "avatar_url": "https://avatars3.githubusercontent.com/u/59012?v=4",
          "gravatar_id": "",
          "url": "https://api.github.com/users/uehaj",
          "html_url": "https://github.com/uehaj",
          "followers_url": "https://api.github.com/users/uehaj/followers",
          "following_url": "https://api.github.com/users/uehaj/following{/other_user}",
          "gists_url": "https://api.github.com/users/uehaj/gists{/gist_id}",
          "starred_url": "https://api.github.com/users/uehaj/starred{/owner}{/repo}",
          "subscriptions_url": "https://api.github.com/users/uehaj/subscriptions",
          "organizations_url": "https://api.github.com/users/uehaj/orgs",
          "repos_url": "https://api.github.com/users/uehaj/repos",
          "events_url": "https://api.github.com/users/uehaj/events{/privacy}",
          "received_events_url": "https://api.github.com/users/uehaj/received_events",
          "type": "User",
          "site_admin": false
        },
        "html_url": "https://github.com/uehaj/youdebug",
        "description": "Non-interactive Java debugger with Groovy",
        "fork": true,
        "url": "https://api.github.com/repos/uehaj/youdebug",
        "forks_url": "https://api.github.com/repos/uehaj/youdebug/forks",
        "keys_url": "https://api.github.com/repos/uehaj/youdebug/keys{/key_id}",
        "collaborators_url": "https://api.github.com/repos/uehaj/youdebug/collaborators{/collaborator}",
        "teams_url": "https://api.github.com/repos/uehaj/youdebug/teams",
        "hooks_url": "https://api.github.com/repos/uehaj/youdebug/hooks",
        "issue_events_url": "https://api.github.com/repos/uehaj/youdebug/issues/events{/number}",
        "events_url": "https://api.github.com/repos/uehaj/youdebug/events",
        "assignees_url": "https://api.github.com/repos/uehaj/youdebug/assignees{/user}",
        "branches_url": "https://api.github.com/repos/uehaj/youdebug/branches{/branch}",
        "tags_url": "https://api.github.com/repos/uehaj/youdebug/tags",
        "blobs_url": "https://api.github.com/repos/uehaj/youdebug/git/blobs{/sha}",
        "git_tags_url": "https://api.github.com/repos/uehaj/youdebug/git/tags{/sha}",
        "git_refs_url": "https://api.github.com/repos/uehaj/youdebug/git/refs{/sha}",
        "trees_url": "https://api.github.com/repos/uehaj/youdebug/git/trees{/sha}",
        "statuses_url": "https://api.github.com/repos/uehaj/youdebug/statuses/{sha}",
        "languages_url": "https://api.github.com/repos/uehaj/youdebug/languages",
        "stargazers_url": "https://api.github.com/repos/uehaj/youdebug/stargazers",
        "contributors_url": "https://api.github.com/repos/uehaj/youdebug/contributors",
        "subscribers_url": "https://api.github.com/repos/uehaj/youdebug/subscribers",
        "subscription_url": "https://api.github.com/repos/uehaj/youdebug/subscription",
        "commits_url": "https://api.github.com/repos/uehaj/youdebug/commits{/sha}",
        "git_commits_url": "https://api.github.com/repos/uehaj/youdebug/git/commits{/sha}",
        "comments_url": "https://api.github.com/repos/uehaj/youdebug/comments{/number}",
        "issue_comment_url": "https://api.github.com/repos/uehaj/youdebug/issues/comments{/number}",
        "contents_url": "https://api.github.com/repos/uehaj/youdebug/contents/{+path}",
        "compare_url": "https://api.github.com/repos/uehaj/youdebug/compare/{base}...{head}",
        "merges_url": "https://api.github.com/repos/uehaj/youdebug/merges",
        "archive_url": "https://api.github.com/repos/uehaj/youdebug/{archive_format}{/ref}",
        "downloads_url": "https://api.github.com/repos/uehaj/youdebug/downloads",
        "issues_url": "https://api.github.com/repos/uehaj/youdebug/issues{/number}",
        "pulls_url": "https://api.github.com/repos/uehaj/youdebug/pulls{/number}",
        "milestones_url": "https://api.github.com/repos/uehaj/youdebug/milestones{/number}",
        "notifications_url": "https://api.github.com/repos/uehaj/youdebug/notifications{?since,all,participating}",
        "labels_url": "https://api.github.com/repos/uehaj/youdebug/labels{/name}",
        "releases_url": "https://api.github.com/repos/uehaj/youdebug/releases{/id}",
        "deployments_url": "https://api.github.com/repos/uehaj/youdebug/deployments",
        "created_at": "2012-10-02T07:16:01Z",
        "updated_at": "2013-01-12T12:20:18Z",
        "pushed_at": "2012-10-02T07:22:51Z",
        "git_url": "git://github.com/uehaj/youdebug.git",
        "ssh_url": "git@github.com:uehaj/youdebug.git",
        "clone_url": "https://github.com/uehaj/youdebug.git",
        "svn_url": "https://github.com/uehaj/youdebug",
        "homepage": "http://youdebug.kohsuke.org/",
        "size": 410,
        "stargazers_count": 0,
        "watchers_count": 0,
        "language": "Groovy",
        "has_issues": false,
        "has_projects": true,
        "has_downloads": false,
        "has_wiki": false,
        "has_pages": false,
        "forks_count": 0,
        "mirror_url": null,
        "archived": false,
        "disabled": false,
        "open_issues_count": 0,
        "license": {
          "key": "mit",
          "name": "MIT License",
          "spdx_id": "MIT",
          "url": "https://api.github.com/licenses/mit",
          "node_id": "MDc6TGljZW5zZTEz"
        },
        "forks": 0,
        "open_issues": 0,
        "watchers": 0,
        "default_branch": "master"
      }
    },
    "base": {
      "label": "kohsuke:master",
      "ref": "master",
      "sha": "9a83dfd408d8ef4ab37100eed91fad60c9ac0c14",
      "user": {
        "login": "kohsuke",
        "id": 50003,
        "node_id": "MDQ6VXNlcjUwMDAz",
        "avatar_url": "https://avatars1.githubusercontent.com/u/50003?v=4",
        "gravatar_id": "",
        "url": "https://api.github.com/users/kohsuke",
        "html_url": "https://github.com/kohsuke",
        "followers_url": "https://api.github.com/users/kohsuke/followers",
        "following_url": "https://api.github.com/users/kohsuke/following{/other_user}",
        "gists_url": "https://api.github.com/users/kohsuke/gists{/gist_id}",
        "starred_url": "https://api.github.com/users/kohsuke/starred{/owner}{/repo}",
        "subscriptions_url": "https://api.github.com/users/kohsuke/subscriptions",
        "organizations_url": "https://api.github.com/users/kohsuke/orgs",
        "repos_url": "https://api.github.com/users/kohsuke/repos",
        "events_url": "https://api.github.com/users/kohsuke/events{/privacy}",
        "received_events_url": "https://api.github.com/users/kohsuke/received_events",
        "type": "User",
        "site_admin": false
      },
      "repo": {
        "id": 359635,
        "node_id": "MDEwOlJlcG9zaXRvcnkzNTk2MzU=",
        "name": "youdebug",
        "full_name": "kohsuke/youdebug",
        "private": false,
        "owner": {
          "login": "kohsuke",
          "id": 50003,
          "node_id": "MDQ6VXNlcjUwMDAz",
          "avatar_url": "https://avatars1.githubusercontent.com/u/50003?v=4",
          "gravatar_id": "",
          "url": "https://api.github.com/users/kohsuke",
          "html_url": "https://github.com/kohsuke",
          "followers_url": "https://api.github.com/users/kohsuke/followers",
          "following_url": "https://api.github.com/users/kohsuke/following{/other_user}",
          "gists_url": "https://api.github.com/users/kohsuke/gists{/gist_id}",
          "starred_url": "https://api.github.com/users/kohsuke/starred{/owner}{/repo}",
          "subscriptions_url": "https://api.github.com/users/kohsuke/subscriptions",
          "organizations_url": "https://api.github.com/users/kohsuke/orgs",
          "repos_url": "https://api.github.com/users/kohsuke/repos",
          "events_url": "https://api.github.com/users/kohsuke/events{/privacy}",
          "received_events_url": "https://api.github.com/users/kohsuke/received_events",
          "type": "User",
          "site_admin": false
        },
        "html_url": "https://github.com/kohsuke/youdebug",
        "description": "Non-interactive Java debugger with Groovy",
        "fork": false,
        "url": "https://api.github.com/repos/kohsuke/youdebug",
        "forks_url": "https://api.github.com/repos/kohsuke/youdebug/forks",
        "keys_url": "https://api.github.com/repos/kohsuke/youdebug/keys{/key_id}",
        "collaborators_url": "https://api.github.com/repos/kohsuke/youdebug/collaborators{/collaborator}",
        "teams_url": "https://api.github.com/repos/kohsuke/youdebug/teams",
        "hooks_url": "https://api.github.com/repos/kohsuke/youdebug/hooks",
        "issue_events_url": "https://api.github.com/repos/kohsuke/youdebug/issues/events{/number}",
        "events_url": "https://api.github.com/repos/kohsuke/youdebug/events",
        "assignees_url": "https://api.github.com/repos/kohsuke/youdebug/assignees{/user}",
        "branches_url": "https://api.github.com/repos/kohsuke/youdebug/branches{/branch}",
        "tags_url": "https://api.github.com/repos/kohsuke/youdebug/tags",
        "blobs_url": "https://api.github.com/repos/kohsuke/youdebug/git/blobs{/sha}",
        "git_tags_url": "https://api.github.com/repos/kohsuke/youdebug/git/tags{/sha}",
        "git_refs_url": "https://api.github.com/repos/kohsuke/youdebug/git/refs{/sha}",
        "trees_url": "https://api.github.com/repos/kohsuke/youdebug/git/trees{/sha}",
        "statuses_url": "https://api.github.com/repos/kohsuke/youdebug/statuses/{sha}",
        "languages_url": "https://api.github.com/repos/kohsuke/youdebug/languages",
        "stargazers_url": "https://api.github.com/repos/kohsuke/youdebug/stargazers",
        "contributors_url": "https://api.github.com/repos/kohsuke/youdebug/contributors",
        "subscribers_url": "https://api.github.com/repos/kohsuke/youdebug/subscribers",
        "subscription_url": "https://api.github.com/repos/kohsuke/youdebug/subscription",
        "commits_url": "https://api.github.com/repos/kohsuke/youdebug/commits{/sha}",
        "git_commits_url": "https://api.github.com/repos/kohsuke/youdebug/git/commits{/sha}",
        "comments_url": "https://api.github.com/repos/kohsuke/youdebug/comments{/number}",
        "issue_comment_url": "https://api.github.com/repos/kohsuke/youdebug/issues/comments{/number}",
        "contents_url": "https://api.github.com/repos/kohsuke/youdebug/contents/{+path}",
        "compare_url": "https://api.github.com/repos/kohsuke/youdebug/compare/{base}...{head}",
        "merges_url": "https://api.github.com/repos/kohsuke/youdebug/merges",
        "archive_url": "https://api.github.com/repos/kohsuke/youdebug/{archive_format}{/ref}",
        "downloads_url": "https://api.github.com/repos/kohsuke/youdebug/downloads",
        "issues_url": "https://api.github.com/repos/kohsuke/youdebug/issues{/number}",
        "pulls_url": "https://api.github.com/repos/kohsuke/youdebug/pulls{/number}",
        "milestones_url": "https://api.github.com/repos/kohsuke/youdebug/milestones{/number}",
        "notifications_url": "https://api.github.com/repos/kohsuke/youdebug/notifications{?since,all,participating}",
        "labels_url": "https://api.github.com/repos/kohsuke/youdebug/labels{/name}",
        "releases_url": "https://api.github.com/repos/kohsuke/youdebug/releases{/id}",
        "deployments_url": "https://api.github.com/repos/kohsuke/youdebug/deployments",
        "created_at": "2009-11-03T17:27:01Z",
        "updated_at": "2019-08-13T14:29:01Z",
        "pushed_at": "2014-06-09T18:18:41Z",
        "git_url": "git://github.com/kohsuke/youdebug.git",
        "ssh_url": "git@github.com:kohsuke/youdebug.git",
        "clone_url": "https://github.com/kohsuke/youdebug.git",
        "svn_url": "https://github.com/kohsuke/youdebug",
        "homepage": "http://youdebug.kohsuke.org/",
        "size": 660,
        "stargazers_count": 66,
        "watchers_count": 66,
        "language": "Groovy",
        "has_issues": true,
        "has_projects": true,
        "has_downloads": false,
        "has_wiki": false,
        "has_pages": true,
        "forks_count": 13,
        "mirror_url": null,
        "archived": false,
        "disabled": false,
        "open_issues_count": 1,
        "license": {
          "key": "mit",
          "name": "MIT License",
          "spdx_id": "MIT",
          "url": "https://api.github.com/licenses/mit",
          "node_id": "MDc6TGljZW5zZTEz"
        },
        "forks": 13,
        "open_issues": 1,
        "watchers": 66,
        "default_branch": "master"
      }
    },
    "_links": {
      "self": {
        "href": "https://api.github.com/repos/kohsuke/youdebug/pulls/5"
      },
      "html": {
        "href": "https://github.com/kohsuke/youdebug/pull/5"
      },
      "issue": {
        "href": "https://api.github.com/repos/kohsuke/youdebug/issues/5"
      },
      "comments": {
        "href": "https://api.github.com/repos/kohsuke/youdebug/issues/5/comments"
      },
      "review_comments": {
        "href": "https://api.github.com/repos/kohsuke/youdebug/pulls/5/comments"
      },
      "review_comment": {
        "href": "https://api.github.com/repos/kohsuke/youdebug/pulls/comments{/number}"
      },
      "commits": {
        "href": "https://api.github.com/repos/kohsuke/youdebug/pulls/5/commits"
      },
      "statuses": {
        "href": "https://api.github.com/repos/kohsuke/youdebug/statuses/63f5ad91cbacf598066ae36e24f737fb9cc2307b"
      }
    },
    "author_association": "CONTRIBUTOR"
  }
]
