[
  {
    "url": "https://api.github.com/repos/apache/ambari/pulls/2873",
    "id": 261710007,
    "node_id": "MDExOlB1bGxSZXF1ZXN0MjYxNzEwMDA3",
    "html_url": "https://github.com/apache/ambari/pull/2873",
    "diff_url": "https://github.com/apache/ambari/pull/2873.diff",
    "patch_url": "https://github.com/apache/ambari/pull/2873.patch",
    "issue_url": "https://api.github.com/repos/apache/ambari/issues/2873",
    "number": 2873,
    "state": "closed",
    "locked": false,
    "title": "[AMBARI-25197] NullPointerException if there is no proper HDP/HDF rep…",
    "user": {
      "login": "apappu",
      "id": 18563068,
      "node_id": "MDQ6VXNlcjE4NTYzMDY4",
      "avatar_url": "https://avatars3.githubusercontent.com/u/18563068?v=4",
      "gravatar_id": "",
      "url": "https://api.github.com/users/apappu",
      "html_url": "https://github.com/apappu",
      "followers_url": "https://api.github.com/users/apappu/followers",
      "following_url": "https://api.github.com/users/apappu/following{/other_user}",
      "gists_url": "https://api.github.com/users/apappu/gists{/gist_id}",
      "starred_url": "https://api.github.com/users/apappu/starred{/owner}{/repo}",
      "subscriptions_url": "https://api.github.com/users/apappu/subscriptions",
      "organizations_url": "https://api.github.com/users/apappu/orgs",
      "repos_url": "https://api.github.com/users/apappu/repos",
      "events_url": "https://api.github.com/users/apappu/events{/privacy}",
      "received_events_url": "https://api.github.com/users/apappu/received_events",
      "type": "User",
      "site_admin": false
    },
    "body": "…o version folder \r\n\r\n## What changes were proposed in this pull request?\r\nDoing a null check and then printing the corresponding error message so that users can check it.\r\n(Please fill in changes proposed in this fix)\r\n\r\n## How was this patch tested?\r\nDeployed the changes in Ambari server and tested without having stacks definitions with stack definitions. now it prints proper error message.\r\n\r\n(Please explain how this patch was tested. Ex: unit tests, manual tests)\r\n(If this patch involves UI changes, please attach a screen-shot; otherwise, remove this)\r\n\r\nPlease review [Ambari Contributing Guide](https://cwiki.apache.org/confluence/display/AMBARI/How+to+Contribute) before opening a pull request.",
    "created_at": "2019-03-15T21:54:13Z",
    "updated_at": "2019-03-20T12:42:23Z",
    "closed_at": "2019-03-20T12:42:23Z",
    "merged_at": "2019-03-20T12:42:23Z",
    "merge_commit_sha": "2bc4779a1e6aabe638101fc8b0e28cd1963d6b13",
    "assignee": {
      "login": "apappu",
      "id": 18563068,
      "node_id": "MDQ6VXNlcjE4NTYzMDY4",
      "avatar_url": "https://avatars3.githubusercontent.com/u/18563068?v=4",
      "gravatar_id": "",
      "url": "https://api.github.com/users/apappu",
      "html_url": "https://github.com/apappu",
      "followers_url": "https://api.github.com/users/apappu/followers",
      "following_url": "https://api.github.com/users/apappu/following{/other_user}",
      "gists_url": "https://api.github.com/users/apappu/gists{/gist_id}",
      "starred_url": "https://api.github.com/users/apappu/starred{/owner}{/repo}",
      "subscriptions_url": "https://api.github.com/users/apappu/subscriptions",
      "organizations_url": "https://api.github.com/users/apappu/orgs",
      "repos_url": "https://api.github.com/users/apappu/repos",
      "events_url": "https://api.github.com/users/apappu/events{/privacy}",
      "received_events_url": "https://api.github.com/users/apappu/received_events",
      "type": "User",
      "site_admin": false
    },
    "assignees": [
      {
        "login": "apappu",
        "id": 18563068,
        "node_id": "MDQ6VXNlcjE4NTYzMDY4",
        "avatar_url": "https://avatars3.githubusercontent.com/u/18563068?v=4",
        "gravatar_id": "",
        "url": "https://api.github.com/users/apappu",
        "html_url": "https://github.com/apappu",
        "followers_url": "https://api.github.com/users/apappu/followers",
        "following_url": "https://api.github.com/users/apappu/following{/other_user}",
        "gists_url": "https://api.github.com/users/apappu/gists{/gist_id}",
        "starred_url": "https://api.github.com/users/apappu/starred{/owner}{/repo}",
        "subscriptions_url": "https://api.github.com/users/apappu/subscriptions",
        "organizations_url": "https://api.github.com/users/apappu/orgs",
        "repos_url": "https://api.github.com/users/apappu/repos",
        "events_url": "https://api.github.com/users/apappu/events{/privacy}",
        "received_events_url": "https://api.github.com/users/apappu/received_events",
        "type": "User",
        "site_admin": false
      }
    ],
    "requested_reviewers": [

    ],
    "requested_teams": [

    ],
    "labels": [

    ],
    "milestone": null,
    "commits_url": "https://api.github.com/repos/apache/ambari/pulls/2873/commits",
    "review_comments_url": "https://api.github.com/repos/apache/ambari/pulls/2873/comments",
    "review_comment_url": "https://api.github.com/repos/apache/ambari/pulls/comments{/number}",
    "comments_url": "https://api.github.com/repos/apache/ambari/issues/2873/comments",
    "statuses_url": "https://api.github.com/repos/apache/ambari/statuses/64287b16411a51032ff4cf9dbe79375f731bb211",
    "head": {
      "label": "apappu:AMBARI-25197",
      "ref": "AMBARI-25197",
      "sha": "64287b16411a51032ff4cf9dbe79375f731bb211",
      "user": {
        "login": "apappu",
        "id": 18563068,
        "node_id": "MDQ6VXNlcjE4NTYzMDY4",
        "avatar_url": "https://avatars3.githubusercontent.com/u/18563068?v=4",
        "gravatar_id": "",
        "url": "https://api.github.com/users/apappu",
        "html_url": "https://github.com/apappu",
        "followers_url": "https://api.github.com/users/apappu/followers",
        "following_url": "https://api.github.com/users/apappu/following{/other_user}",
        "gists_url": "https://api.github.com/users/apappu/gists{/gist_id}",
        "starred_url": "https://api.github.com/users/apappu/starred{/owner}{/repo}",
        "subscriptions_url": "https://api.github.com/users/apappu/subscriptions",
        "organizations_url": "https://api.github.com/users/apappu/orgs",
        "repos_url": "https://api.github.com/users/apappu/repos",
        "events_url": "https://api.github.com/users/apappu/events{/privacy}",
        "received_events_url": "https://api.github.com/users/apappu/received_events",
        "type": "User",
        "site_admin": false
      },
      "repo": {
        "id": 120372661,
        "node_id": "MDEwOlJlcG9zaXRvcnkxMjAzNzI2NjE=",
        "name": "ambari",
        "full_name": "apappu/ambari",
        "private": false,
        "owner": {
          "login": "apappu",
          "id": 18563068,
          "node_id": "MDQ6VXNlcjE4NTYzMDY4",
          "avatar_url": "https://avatars3.githubusercontent.com/u/18563068?v=4",
          "gravatar_id": "",
          "url": "https://api.github.com/users/apappu",
          "html_url": "https://github.com/apappu",
          "followers_url": "https://api.github.com/users/apappu/followers",
          "following_url": "https://api.github.com/users/apappu/following{/other_user}",
          "gists_url": "https://api.github.com/users/apappu/gists{/gist_id}",
          "starred_url": "https://api.github.com/users/apappu/starred{/owner}{/repo}",
          "subscriptions_url": "https://api.github.com/users/apappu/subscriptions",
          "organizations_url": "https://api.github.com/users/apappu/orgs",
          "repos_url": "https://api.github.com/users/apappu/repos",
          "events_url": "https://api.github.com/users/apappu/events{/privacy}",
          "received_events_url": "https://api.github.com/users/apappu/received_events",
          "type": "User",
          "site_admin": false
        },
        "html_url": "https://github.com/apappu/ambari",
        "description": "Mirror of Apache Ambari",
        "fork": true,
        "url": "https://api.github.com/repos/apappu/ambari",
        "forks_url": "https://api.github.com/repos/apappu/ambari/forks",
        "keys_url": "https://api.github.com/repos/apappu/ambari/keys{/key_id}",
        "collaborators_url": "https://api.github.com/repos/apappu/ambari/collaborators{/collaborator}",
        "teams_url": "https://api.github.com/repos/apappu/ambari/teams",
        "hooks_url": "https://api.github.com/repos/apappu/ambari/hooks",
        "issue_events_url": "https://api.github.com/repos/apappu/ambari/issues/events{/number}",
        "events_url": "https://api.github.com/repos/apappu/ambari/events",
        "assignees_url": "https://api.github.com/repos/apappu/ambari/assignees{/user}",
        "branches_url": "https://api.github.com/repos/apappu/ambari/branches{/branch}",
        "tags_url": "https://api.github.com/repos/apappu/ambari/tags",
        "blobs_url": "https://api.github.com/repos/apappu/ambari/git/blobs{/sha}",
        "git_tags_url": "https://api.github.com/repos/apappu/ambari/git/tags{/sha}",
        "git_refs_url": "https://api.github.com/repos/apappu/ambari/git/refs{/sha}",
        "trees_url": "https://api.github.com/repos/apappu/ambari/git/trees{/sha}",
        "statuses_url": "https://api.github.com/repos/apappu/ambari/statuses/{sha}",
        "languages_url": "https://api.github.com/repos/apappu/ambari/languages",
        "stargazers_url": "https://api.github.com/repos/apappu/ambari/stargazers",
        "contributors_url": "https://api.github.com/repos/apappu/ambari/contributors",
        "subscribers_url": "https://api.github.com/repos/apappu/ambari/subscribers",
        "subscription_url": "https://api.github.com/repos/apappu/ambari/subscription",
        "commits_url": "https://api.github.com/repos/apappu/ambari/commits{/sha}",
        "git_commits_url": "https://api.github.com/repos/apappu/ambari/git/commits{/sha}",
        "comments_url": "https://api.github.com/repos/apappu/ambari/comments{/number}",
        "issue_comment_url": "https://api.github.com/repos/apappu/ambari/issues/comments{/number}",
        "contents_url": "https://api.github.com/repos/apappu/ambari/contents/{+path}",
        "compare_url": "https://api.github.com/repos/apappu/ambari/compare/{base}...{head}",
        "merges_url": "https://api.github.com/repos/apappu/ambari/merges",
        "archive_url": "https://api.github.com/repos/apappu/ambari/{archive_format}{/ref}",
        "downloads_url": "https://api.github.com/repos/apappu/ambari/downloads",
        "issues_url": "https://api.github.com/repos/apappu/ambari/issues{/number}",
        "pulls_url": "https://api.github.com/repos/apappu/ambari/pulls{/number}",
        "milestones_url": "https://api.github.com/repos/apappu/ambari/milestones{/number}",
        "notifications_url": "https://api.github.com/repos/apappu/ambari/notifications{?since,all,participating}",
        "labels_url": "https://api.github.com/repos/apappu/ambari/labels{/name}",
        "releases_url": "https://api.github.com/repos/apappu/ambari/releases{/id}",
        "deployments_url": "https://api.github.com/repos/apappu/ambari/deployments",
        "created_at": "2018-02-05T22:57:26Z",
        "updated_at": "2019-04-05T17:27:40Z",
        "pushed_at": "2019-07-17T00:19:28Z",
        "git_url": "git://github.com/apappu/ambari.git",
        "ssh_url": "git@github.com:apappu/ambari.git",
        "clone_url": "https://github.com/apappu/ambari.git",
        "svn_url": "https://github.com/apappu/ambari",
        "homepage": null,
        "size": 328354,
        "stargazers_count": 0,
        "watchers_count": 0,
        "language": "Java",
        "has_issues": false,
        "has_projects": true,
        "has_downloads": true,
        "has_wiki": false,
        "has_pages": false,
        "forks_count": 0,
        "mirror_url": null,
        "archived": false,
        "disabled": false,
        "open_issues_count": 0,
        "license": {
          "key": "apache-2.0",
          "name": "Apache License 2.0",
          "spdx_id": "Apache-2.0",
          "url": "https://api.github.com/licenses/apache-2.0",
          "node_id": "MDc6TGljZW5zZTI="
        },
        "forks": 0,
        "open_issues": 0,
        "watchers": 0,
        "default_branch": "trunk"
      }
    },
    "base": {
      "label": "apache:trunk",
      "ref": "trunk",
      "sha": "eb73c4866a0048c858e022a3fd27670e30df94a5",
      "user": {
        "login": "apache",
        "id": 47359,
        "node_id": "MDEyOk9yZ2FuaXphdGlvbjQ3MzU5",
        "avatar_url": "https://avatars0.githubusercontent.com/u/47359?v=4",
        "gravatar_id": "",
        "url": "https://api.github.com/users/apache",
        "html_url": "https://github.com/apache",
        "followers_url": "https://api.github.com/users/apache/followers",
        "following_url": "https://api.github.com/users/apache/following{/other_user}",
        "gists_url": "https://api.github.com/users/apache/gists{/gist_id}",
        "starred_url": "https://api.github.com/users/apache/starred{/owner}{/repo}",
        "subscriptions_url": "https://api.github.com/users/apache/subscriptions",
        "organizations_url": "https://api.github.com/users/apache/orgs",
        "repos_url": "https://api.github.com/users/apache/repos",
        "events_url": "https://api.github.com/users/apache/events{/privacy}",
        "received_events_url": "https://api.github.com/users/apache/received_events",
        "type": "Organization",
        "site_admin": false
      },
      "repo": {
        "id": 2442457,
        "node_id": "MDEwOlJlcG9zaXRvcnkyNDQyNDU3",
        "name": "ambari",
        "full_name": "apache/ambari",
        "private": false,
        "owner": {
          "login": "apache",
          "id": 47359,
          "node_id": "MDEyOk9yZ2FuaXphdGlvbjQ3MzU5",
          "avatar_url": "https://avatars0.githubusercontent.com/u/47359?v=4",
          "gravatar_id": "",
          "url": "https://api.github.com/users/apache",
          "html_url": "https://github.com/apache",
          "followers_url": "https://api.github.com/users/apache/followers",
          "following_url": "https://api.github.com/users/apache/following{/other_user}",
          "gists_url": "https://api.github.com/users/apache/gists{/gist_id}",
          "starred_url": "https://api.github.com/users/apache/starred{/owner}{/repo}",
          "subscriptions_url": "https://api.github.com/users/apache/subscriptions",
          "organizations_url": "https://api.github.com/users/apache/orgs",
          "repos_url": "https://api.github.com/users/apache/repos",
          "events_url": "https://api.github.com/users/apache/events{/privacy}",
          "received_events_url": "https://api.github.com/users/apache/received_events",
          "type": "Organization",
          "site_admin": false
        },
        "html_url": "https://github.com/apache/ambari",
        "description": "Mirror of Apache Ambari",
        "fork": false,
        "url": "https://api.github.com/repos/apache/ambari",
        "forks_url": "https://api.github.com/repos/apache/ambari/forks",
        "keys_url": "https://api.github.com/repos/apache/ambari/keys{/key_id}",
        "collaborators_url": "https://api.github.com/repos/apache/ambari/collaborators{/collaborator}",
        "teams_url": "https://api.github.com/repos/apache/ambari/teams",
        "hooks_url": "https://api.github.com/repos/apache/ambari/hooks",
        "issue_events_url": "https://api.github.com/repos/apache/ambari/issues/events{/number}",
        "events_url": "https://api.github.com/repos/apache/ambari/events",
        "assignees_url": "https://api.github.com/repos/apache/ambari/assignees{/user}",
        "branches_url": "https://api.github.com/repos/apache/ambari/branches{/branch}",
        "tags_url": "https://api.github.com/repos/apache/ambari/tags",
        "blobs_url": "https://api.github.com/repos/apache/ambari/git/blobs{/sha}",
        "git_tags_url": "https://api.github.com/repos/apache/ambari/git/tags{/sha}",
        "git_refs_url": "https://api.github.com/repos/apache/ambari/git/refs{/sha}",
        "trees_url": "https://api.github.com/repos/apache/ambari/git/trees{/sha}",
        "statuses_url": "https://api.github.com/repos/apache/ambari/statuses/{sha}",
        "languages_url": "https://api.github.com/repos/apache/ambari/languages",
        "stargazers_url": "https://api.github.com/repos/apache/ambari/stargazers",
        "contributors_url": "https://api.github.com/repos/apache/ambari/contributors",
        "subscribers_url": "https://api.github.com/repos/apache/ambari/subscribers",
        "subscription_url": "https://api.github.com/repos/apache/ambari/subscription",
        "commits_url": "https://api.github.com/repos/apache/ambari/commits{/sha}",
        "git_commits_url": "https://api.github.com/repos/apache/ambari/git/commits{/sha}",
        "comments_url": "https://api.github.com/repos/apache/ambari/comments{/number}",
        "issue_comment_url": "https://api.github.com/repos/apache/ambari/issues/comments{/number}",
        "contents_url": "https://api.github.com/repos/apache/ambari/contents/{+path}",
        "compare_url": "https://api.github.com/repos/apache/ambari/compare/{base}...{head}",
        "merges_url": "https://api.github.com/repos/apache/ambari/merges",
        "archive_url": "https://api.github.com/repos/apache/ambari/{archive_format}{/ref}",
        "downloads_url": "https://api.github.com/repos/apache/ambari/downloads",
        "issues_url": "https://api.github.com/repos/apache/ambari/issues{/number}",
        "pulls_url": "https://api.github.com/repos/apache/ambari/pulls{/number}",
        "milestones_url": "https://api.github.com/repos/apache/ambari/milestones{/number}",
        "notifications_url": "https://api.github.com/repos/apache/ambari/notifications{?since,all,participating}",
        "labels_url": "https://api.github.com/repos/apache/ambari/labels{/name}",
        "releases_url": "https://api.github.com/repos/apache/ambari/releases{/id}",
        "deployments_url": "https://api.github.com/repos/apache/ambari/deployments",
        "created_at": "2011-09-23T07:00:08Z",
        "updated_at": "2019-09-10T09:48:53Z",
        "pushed_at": "2019-09-09T15:45:46Z",
        "git_url": "git://github.com/apache/ambari.git",
        "ssh_url": "git@github.com:apache/ambari.git",
        "clone_url": "https://github.com/apache/ambari.git",
        "svn_url": "https://github.com/apache/ambari",
        "homepage": null,
        "size": 341940,
        "stargazers_count": 1187,
        "watchers_count": 1187,
        "language": "Java",
        "has_issues": false,
        "has_projects": true,
        "has_downloads": true,
        "has_wiki": false,
        "has_pages": false,
        "forks_count": 1089,
        "mirror_url": null,
        "archived": false,
        "disabled": false,
        "open_issues_count": 37,
        "license": {
          "key": "apache-2.0",
          "name": "Apache License 2.0",
          "spdx_id": "Apache-2.0",
          "url": "https://api.github.com/licenses/apache-2.0",
          "node_id": "MDc6TGljZW5zZTI="
        },
        "forks": 1089,
        "open_issues": 37,
        "watchers": 1187,
        "default_branch": "trunk"
      }
    },
    "_links": {
      "self": {
        "href": "https://api.github.com/repos/apache/ambari/pulls/2873"
      },
      "html": {
        "href": "https://github.com/apache/ambari/pull/2873"
      },
      "issue": {
        "href": "https://api.github.com/repos/apache/ambari/issues/2873"
      },
      "comments": {
        "href": "https://api.github.com/repos/apache/ambari/issues/2873/comments"
      },
      "review_comments": {
        "href": "https://api.github.com/repos/apache/ambari/pulls/2873/comments"
      },
      "review_comment": {
        "href": "https://api.github.com/repos/apache/ambari/pulls/comments{/number}"
      },
      "commits": {
        "href": "https://api.github.com/repos/apache/ambari/pulls/2873/commits"
      },
      "statuses": {
        "href": "https://api.github.com/repos/apache/ambari/statuses/64287b16411a51032ff4cf9dbe79375f731bb211"
      }
    },
    "author_association": "CONTRIBUTOR"
  }
]
