[
  {
    "url": "https://api.github.com/repos/apache/flink/pulls/1",
    "id": 99527168,
    "node_id": "MDExOlB1bGxSZXF1ZXN0OTk1MjcxNjg=",
    "html_url": "https://github.com/wongxingjun/flink/pull/1",
    "diff_url": "https://github.com/wongxingjun/flink/pull/1.diff",
    "patch_url": "https://github.com/wongxingjun/flink/pull/1.patch",
    "issue_url": "https://api.github.com/repos/apache/flink/issues/1",
    "number": 1,
    "state": "closed",
    "locked": false,
    "title": "update from origin master",
    "user": {
      "login": "wongxingjun",
      "id": 6941795,
      "node_id": "MDQ6VXNlcjY5NDE3OTU=",
      "avatar_url": "https://avatars2.githubusercontent.com/u/6941795?v=4",
      "gravatar_id": "",
      "url": "https://api.github.com/users/wongxingjun",
      "html_url": "https://github.com/wongxingjun",
      "followers_url": "https://api.github.com/users/wongxingjun/followers",
      "following_url": "https://api.github.com/users/wongxingjun/following{/other_user}",
      "gists_url": "https://api.github.com/users/wongxingjun/gists{/gist_id}",
      "starred_url": "https://api.github.com/users/wongxingjun/starred{/owner}{/repo}",
      "subscriptions_url": "https://api.github.com/users/wongxingjun/subscriptions",
      "organizations_url": "https://api.github.com/users/wongxingjun/orgs",
      "repos_url": "https://api.github.com/users/wongxingjun/repos",
      "events_url": "https://api.github.com/users/wongxingjun/events{/privacy}",
      "received_events_url": "https://api.github.com/users/wongxingjun/received_events",
      "type": "User",
      "site_admin": false
    },
    "body": "Thanks for contributing to Apache Flink. Before you open your pull request, please take the following check list into consideration.\r\nIf your changes take all of the items into account, feel free to open your pull request. For more information and/or questions please refer to the [How To Contribute guide](http://flink.apache.org/how-to-contribute.html).\r\nIn addition to going through the list, please provide a meaningful description of your changes.\r\n\r\n- [ ] General\r\n  - The pull request references the related JIRA issue (\"[FLINK-XXX] Jira title text\")\r\n  - The pull request addresses only one issue\r\n  - Each commit in the PR has a meaningful commit message (including the JIRA id)\r\n\r\n- [ ] Documentation\r\n  - Documentation has been added for new functionality\r\n  - Old documentation affected by the pull request has been updated\r\n  - JavaDoc for public methods has been added\r\n\r\n- [ ] Tests & Build\r\n  - Functionality added by the pull request is covered by tests\r\n  - `mvn clean verify` has been executed successfully locally or a Travis build has passed\r\n",
    "created_at": "2016-12-28T09:30:11Z",
    "updated_at": "2016-12-28T09:30:25Z",
    "closed_at": "2016-12-28T09:30:25Z",
    "merged_at": "2016-12-28T09:30:25Z",
    "merge_commit_sha": "a9c38fd71662a3b222a6e6b6d588c2559168ba89",
    "assignee": null,
    "assignees": [

    ],
    "requested_reviewers": [

    ],
    "requested_teams": [

    ],
    "labels": [

    ],
    "milestone": null,
    "commits_url": "https://api.github.com/repos/apache/flink/pulls/1/commits",
    "review_comments_url": "https://api.github.com/repos/apache/flink/pulls/1/comments",
    "review_comment_url": "https://api.github.com/repos/apache/flink/pulls/comments{/number}",
    "comments_url": "https://api.github.com/repos/apache/flink/issues/1/comments",
    "statuses_url": "https://api.github.com/repos/apache/flink/statuses/235a169691bd3c3ff2a25b7a7763c6900a0f2c6c",
    "head": {
      "label": "apache:master",
      "ref": "master",
      "sha": "235a169691bd3c3ff2a25b7a7763c6900a0f2c6c",
      "user": {
        "login": "apache",
        "id": 47359,
        "node_id": "MDEyOk9yZ2FuaXphdGlvbjQ3MzU5",
        "avatar_url": "https://avatars0.githubusercontent.com/u/47359?v=4",
        "gravatar_id": "",
        "url": "https://api.github.com/users/apache",
        "html_url": "https://github.com/apache",
        "followers_url": "https://api.github.com/users/apache/followers",
        "following_url": "https://api.github.com/users/apache/following{/other_user}",
        "gists_url": "https://api.github.com/users/apache/gists{/gist_id}",
        "starred_url": "https://api.github.com/users/apache/starred{/owner}{/repo}",
        "subscriptions_url": "https://api.github.com/users/apache/subscriptions",
        "organizations_url": "https://api.github.com/users/apache/orgs",
        "repos_url": "https://api.github.com/users/apache/repos",
        "events_url": "https://api.github.com/users/apache/events{/privacy}",
        "received_events_url": "https://api.github.com/users/apache/received_events",
        "type": "Organization",
        "site_admin": false
      },
      "repo": {
        "id": 20587599,
        "node_id": "MDEwOlJlcG9zaXRvcnkyMDU4NzU5OQ==",
        "name": "flink",
        "full_name": "apache/flink",
        "private": false,
        "owner": {
          "login": "apache",
          "id": 47359,
          "node_id": "MDEyOk9yZ2FuaXphdGlvbjQ3MzU5",
          "avatar_url": "https://avatars0.githubusercontent.com/u/47359?v=4",
          "gravatar_id": "",
          "url": "https://api.github.com/users/apache",
          "html_url": "https://github.com/apache",
          "followers_url": "https://api.github.com/users/apache/followers",
          "following_url": "https://api.github.com/users/apache/following{/other_user}",
          "gists_url": "https://api.github.com/users/apache/gists{/gist_id}",
          "starred_url": "https://api.github.com/users/apache/starred{/owner}{/repo}",
          "subscriptions_url": "https://api.github.com/users/apache/subscriptions",
          "organizations_url": "https://api.github.com/users/apache/orgs",
          "repos_url": "https://api.github.com/users/apache/repos",
          "events_url": "https://api.github.com/users/apache/events{/privacy}",
          "received_events_url": "https://api.github.com/users/apache/received_events",
          "type": "Organization",
          "site_admin": false
        },
        "html_url": "https://github.com/apache/flink",
        "description": "Apache Flink",
        "fork": false,
        "url": "https://api.github.com/repos/apache/flink",
        "forks_url": "https://api.github.com/repos/apache/flink/forks",
        "keys_url": "https://api.github.com/repos/apache/flink/keys{/key_id}",
        "collaborators_url": "https://api.github.com/repos/apache/flink/collaborators{/collaborator}",
        "teams_url": "https://api.github.com/repos/apache/flink/teams",
        "hooks_url": "https://api.github.com/repos/apache/flink/hooks",
        "issue_events_url": "https://api.github.com/repos/apache/flink/issues/events{/number}",
        "events_url": "https://api.github.com/repos/apache/flink/events",
        "assignees_url": "https://api.github.com/repos/apache/flink/assignees{/user}",
        "branches_url": "https://api.github.com/repos/apache/flink/branches{/branch}",
        "tags_url": "https://api.github.com/repos/apache/flink/tags",
        "blobs_url": "https://api.github.com/repos/apache/flink/git/blobs{/sha}",
        "git_tags_url": "https://api.github.com/repos/apache/flink/git/tags{/sha}",
        "git_refs_url": "https://api.github.com/repos/apache/flink/git/refs{/sha}",
        "trees_url": "https://api.github.com/repos/apache/flink/git/trees{/sha}",
        "statuses_url": "https://api.github.com/repos/apache/flink/statuses/{sha}",
        "languages_url": "https://api.github.com/repos/apache/flink/languages",
        "stargazers_url": "https://api.github.com/repos/apache/flink/stargazers",
        "contributors_url": "https://api.github.com/repos/apache/flink/contributors",
        "subscribers_url": "https://api.github.com/repos/apache/flink/subscribers",
        "subscription_url": "https://api.github.com/repos/apache/flink/subscription",
        "commits_url": "https://api.github.com/repos/apache/flink/commits{/sha}",
        "git_commits_url": "https://api.github.com/repos/apache/flink/git/commits{/sha}",
        "comments_url": "https://api.github.com/repos/apache/flink/comments{/number}",
        "issue_comment_url": "https://api.github.com/repos/apache/flink/issues/comments{/number}",
        "contents_url": "https://api.github.com/repos/apache/flink/contents/{+path}",
        "compare_url": "https://api.github.com/repos/apache/flink/compare/{base}...{head}",
        "merges_url": "https://api.github.com/repos/apache/flink/merges",
        "archive_url": "https://api.github.com/repos/apache/flink/{archive_format}{/ref}",
        "downloads_url": "https://api.github.com/repos/apache/flink/downloads",
        "issues_url": "https://api.github.com/repos/apache/flink/issues{/number}",
        "pulls_url": "https://api.github.com/repos/apache/flink/pulls{/number}",
        "milestones_url": "https://api.github.com/repos/apache/flink/milestones{/number}",
        "notifications_url": "https://api.github.com/repos/apache/flink/notifications{?since,all,participating}",
        "labels_url": "https://api.github.com/repos/apache/flink/labels{/name}",
        "releases_url": "https://api.github.com/repos/apache/flink/releases{/id}",
        "deployments_url": "https://api.github.com/repos/apache/flink/deployments",
        "created_at": "2014-06-07T07:00:10Z",
        "updated_at": "2019-09-11T09:22:53Z",
        "pushed_at": "2019-09-11T08:48:25Z",
        "git_url": "git://github.com/apache/flink.git",
        "ssh_url": "git@github.com:apache/flink.git",
        "clone_url": "https://github.com/apache/flink.git",
        "svn_url": "https://github.com/apache/flink",
        "homepage": "",
        "size": 260742,
        "stargazers_count": 10286,
        "watchers_count": 10286,
        "language": "Java",
        "has_issues": false,
        "has_projects": false,
        "has_downloads": true,
        "has_wiki": false,
        "has_pages": false,
        "forks_count": 5509,
        "mirror_url": null,
        "archived": false,
        "disabled": false,
        "open_issues_count": 532,
        "license": {
          "key": "apache-2.0",
          "name": "Apache License 2.0",
          "spdx_id": "Apache-2.0",
          "url": "https://api.github.com/licenses/apache-2.0",
          "node_id": "MDc6TGljZW5zZTI="
        },
        "forks": 5509,
        "open_issues": 532,
        "watchers": 10286,
        "default_branch": "master"
      }
    },
    "base": {
      "label": "wongxingjun:master",
      "ref": "master",
      "sha": "bdfcf10c4764b44575844730fc9d900ec42a8dcf",
      "user": {
        "login": "wongxingjun",
        "id": 6941795,
        "node_id": "MDQ6VXNlcjY5NDE3OTU=",
        "avatar_url": "https://avatars2.githubusercontent.com/u/6941795?v=4",
        "gravatar_id": "",
        "url": "https://api.github.com/users/wongxingjun",
        "html_url": "https://github.com/wongxingjun",
        "followers_url": "https://api.github.com/users/wongxingjun/followers",
        "following_url": "https://api.github.com/users/wongxingjun/following{/other_user}",
        "gists_url": "https://api.github.com/users/wongxingjun/gists{/gist_id}",
        "starred_url": "https://api.github.com/users/wongxingjun/starred{/owner}{/repo}",
        "subscriptions_url": "https://api.github.com/users/wongxingjun/subscriptions",
        "organizations_url": "https://api.github.com/users/wongxingjun/orgs",
        "repos_url": "https://api.github.com/users/wongxingjun/repos",
        "events_url": "https://api.github.com/users/wongxingjun/events{/privacy}",
        "received_events_url": "https://api.github.com/users/wongxingjun/received_events",
        "type": "User",
        "site_admin": false
      },
      "repo": {
        "id": 62542205,
        "node_id": "MDEwOlJlcG9zaXRvcnk2MjU0MjIwNQ==",
        "name": "flink",
        "full_name": "wongxingjun/flink",
        "private": false,
        "owner": {
          "login": "wongxingjun",
          "id": 6941795,
          "node_id": "MDQ6VXNlcjY5NDE3OTU=",
          "avatar_url": "https://avatars2.githubusercontent.com/u/6941795?v=4",
          "gravatar_id": "",
          "url": "https://api.github.com/users/wongxingjun",
          "html_url": "https://github.com/wongxingjun",
          "followers_url": "https://api.github.com/users/wongxingjun/followers",
          "following_url": "https://api.github.com/users/wongxingjun/following{/other_user}",
          "gists_url": "https://api.github.com/users/wongxingjun/gists{/gist_id}",
          "starred_url": "https://api.github.com/users/wongxingjun/starred{/owner}{/repo}",
          "subscriptions_url": "https://api.github.com/users/wongxingjun/subscriptions",
          "organizations_url": "https://api.github.com/users/wongxingjun/orgs",
          "repos_url": "https://api.github.com/users/wongxingjun/repos",
          "events_url": "https://api.github.com/users/wongxingjun/events{/privacy}",
          "received_events_url": "https://api.github.com/users/wongxingjun/received_events",
          "type": "User",
          "site_admin": false
        },
        "html_url": "https://github.com/wongxingjun/flink",
        "description": "Mirror of Apache Flink",
        "fork": true,
        "url": "https://api.github.com/repos/wongxingjun/flink",
        "forks_url": "https://api.github.com/repos/wongxingjun/flink/forks",
        "keys_url": "https://api.github.com/repos/wongxingjun/flink/keys{/key_id}",
        "collaborators_url": "https://api.github.com/repos/wongxingjun/flink/collaborators{/collaborator}",
        "teams_url": "https://api.github.com/repos/wongxingjun/flink/teams",
        "hooks_url": "https://api.github.com/repos/wongxingjun/flink/hooks",
        "issue_events_url": "https://api.github.com/repos/wongxingjun/flink/issues/events{/number}",
        "events_url": "https://api.github.com/repos/wongxingjun/flink/events",
        "assignees_url": "https://api.github.com/repos/wongxingjun/flink/assignees{/user}",
        "branches_url": "https://api.github.com/repos/wongxingjun/flink/branches{/branch}",
        "tags_url": "https://api.github.com/repos/wongxingjun/flink/tags",
        "blobs_url": "https://api.github.com/repos/wongxingjun/flink/git/blobs{/sha}",
        "git_tags_url": "https://api.github.com/repos/wongxingjun/flink/git/tags{/sha}",
        "git_refs_url": "https://api.github.com/repos/wongxingjun/flink/git/refs{/sha}",
        "trees_url": "https://api.github.com/repos/wongxingjun/flink/git/trees{/sha}",
        "statuses_url": "https://api.github.com/repos/wongxingjun/flink/statuses/{sha}",
        "languages_url": "https://api.github.com/repos/wongxingjun/flink/languages",
        "stargazers_url": "https://api.github.com/repos/wongxingjun/flink/stargazers",
        "contributors_url": "https://api.github.com/repos/wongxingjun/flink/contributors",
        "subscribers_url": "https://api.github.com/repos/wongxingjun/flink/subscribers",
        "subscription_url": "https://api.github.com/repos/wongxingjun/flink/subscription",
        "commits_url": "https://api.github.com/repos/wongxingjun/flink/commits{/sha}",
        "git_commits_url": "https://api.github.com/repos/wongxingjun/flink/git/commits{/sha}",
        "comments_url": "https://api.github.com/repos/wongxingjun/flink/comments{/number}",
        "issue_comment_url": "https://api.github.com/repos/wongxingjun/flink/issues/comments{/number}",
        "contents_url": "https://api.github.com/repos/wongxingjun/flink/contents/{+path}",
        "compare_url": "https://api.github.com/repos/wongxingjun/flink/compare/{base}...{head}",
        "merges_url": "https://api.github.com/repos/wongxingjun/flink/merges",
        "archive_url": "https://api.github.com/repos/wongxingjun/flink/{archive_format}{/ref}",
        "downloads_url": "https://api.github.com/repos/wongxingjun/flink/downloads",
        "issues_url": "https://api.github.com/repos/wongxingjun/flink/issues{/number}",
        "pulls_url": "https://api.github.com/repos/wongxingjun/flink/pulls{/number}",
        "milestones_url": "https://api.github.com/repos/wongxingjun/flink/milestones{/number}",
        "notifications_url": "https://api.github.com/repos/wongxingjun/flink/notifications{?since,all,participating}",
        "labels_url": "https://api.github.com/repos/wongxingjun/flink/labels{/name}",
        "releases_url": "https://api.github.com/repos/wongxingjun/flink/releases{/id}",
        "deployments_url": "https://api.github.com/repos/wongxingjun/flink/deployments",
        "created_at": "2016-07-04T07:50:04Z",
        "updated_at": "2016-07-04T07:50:25Z",
        "pushed_at": "2016-12-28T09:30:26Z",
        "git_url": "git://github.com/wongxingjun/flink.git",
        "ssh_url": "git@github.com:wongxingjun/flink.git",
        "clone_url": "https://github.com/wongxingjun/flink.git",
        "svn_url": "https://github.com/wongxingjun/flink",
        "homepage": null,
        "size": 109689,
        "stargazers_count": 0,
        "watchers_count": 0,
        "language": "Java",
        "has_issues": false,
        "has_projects": true,
        "has_downloads": true,
        "has_wiki": false,
        "has_pages": false,
        "forks_count": 0,
        "mirror_url": null,
        "archived": false,
        "disabled": false,
        "open_issues_count": 0,
        "license": {
          "key": "apache-2.0",
          "name": "Apache License 2.0",
          "spdx_id": "Apache-2.0",
          "url": "https://api.github.com/licenses/apache-2.0",
          "node_id": "MDc6TGljZW5zZTI="
        },
        "forks": 0,
        "open_issues": 0,
        "watchers": 0,
        "default_branch": "master"
      }
    },
    "_links": {
      "self": {
        "href": "https://api.github.com/repos/apache/flink/pulls/1"
      },
      "html": {
        "href": "https://github.com/wongxingjun/flink/pull/1"
      },
      "issue": {
        "href": "https://api.github.com/repos/apache/flink/issues/1"
      },
      "comments": {
        "href": "https://api.github.com/repos/apache/flink/issues/1/comments"
      },
      "review_comments": {
        "href": "https://api.github.com/repos/apache/flink/pulls/1/comments"
      },
      "review_comment": {
        "href": "https://api.github.com/repos/apache/flink/pulls/comments{/number}"
      },
      "commits": {
        "href": "https://api.github.com/repos/apache/flink/pulls/1/commits"
      },
      "statuses": {
        "href": "https://api.github.com/repos/apache/flink/statuses/235a169691bd3c3ff2a25b7a7763c6900a0f2c6c"
      }
    },
    "author_association": "OWNER"
  }
]
