[
  {
    "url": "https://api.github.com/repos/apache/storm/pulls/989",
    "id": 55109506,
    "node_id": "MDExOlB1bGxSZXF1ZXN0NTUxMDk1MDY=",
    "html_url": "https://github.com/apache/storm/pull/989",
    "diff_url": "https://github.com/apache/storm/pull/989.diff",
    "patch_url": "https://github.com/apache/storm/pull/989.patch",
    "issue_url": "https://api.github.com/repos/apache/storm/issues/989",
    "number": 989,
    "state": "closed",
    "locked": false,
    "title": "AvroGenericRecordBolt instead of SequenceFileBolt",
    "user": {
      "login": "johanwitters",
      "id": 9951058,
      "node_id": "MDQ6VXNlcjk5NTEwNTg=",
      "avatar_url": "https://avatars3.githubusercontent.com/u/9951058?v=4",
      "gravatar_id": "",
      "url": "https://api.github.com/users/johanwitters",
      "html_url": "https://github.com/johanwitters",
      "followers_url": "https://api.github.com/users/johanwitters/followers",
      "following_url": "https://api.github.com/users/johanwitters/following{/other_user}",
      "gists_url": "https://api.github.com/users/johanwitters/gists{/gist_id}",
      "starred_url": "https://api.github.com/users/johanwitters/starred{/owner}{/repo}",
      "subscriptions_url": "https://api.github.com/users/johanwitters/subscriptions",
      "organizations_url": "https://api.github.com/users/johanwitters/orgs",
      "repos_url": "https://api.github.com/users/johanwitters/repos",
      "events_url": "https://api.github.com/users/johanwitters/events{/privacy}",
      "received_events_url": "https://api.github.com/users/johanwitters/received_events",
      "type": "User",
      "site_admin": false
    },
    "body": "Changing the **example code** and use **AvroGenericRecordBolt**  instead of\n**SequenceFileBolt**…\n\nSection “Support for Avro Files” starts by explained the use of org.apache.storm.hdfs.bolt.AvroGenericRecordBolt for Avro files.\nHowever, the example code uses SequenceFileBolt instead, and that\ndoesn’t work, obviously because the method withSchemaAsString isn’t\npart of SequenceFileBolt, but part of\norg.apache.storm.hdfs.bolt.AvroGenericRecordBolt instead. So, the\nchange is nothing but changing the name of class SequenceFileBolt and\nreplace it with the correct AvroGenericRecordBolt.\n",
    "created_at": "2016-01-05T16:15:05Z",
    "updated_at": "2016-01-05T17:18:37Z",
    "closed_at": "2016-01-05T17:18:37Z",
    "merged_at": "2016-01-05T17:18:37Z",
    "merge_commit_sha": "210748f24bb0866bdbe88a5bb172943f9175fbfc",
    "assignee": null,
    "assignees": [

    ],
    "requested_reviewers": [

    ],
    "requested_teams": [

    ],
    "labels": [

    ],
    "milestone": null,
    "commits_url": "https://api.github.com/repos/apache/storm/pulls/989/commits",
    "review_comments_url": "https://api.github.com/repos/apache/storm/pulls/989/comments",
    "review_comment_url": "https://api.github.com/repos/apache/storm/pulls/comments{/number}",
    "comments_url": "https://api.github.com/repos/apache/storm/issues/989/comments",
    "statuses_url": "https://api.github.com/repos/apache/storm/statuses/51746991079dee7ac4ad4045eb3cfbadc78fc038",
    "head": {
      "label": "johanwitters:master",
      "ref": "master",
      "sha": "51746991079dee7ac4ad4045eb3cfbadc78fc038",
      "user": {
        "login": "johanwitters",
        "id": 9951058,
        "node_id": "MDQ6VXNlcjk5NTEwNTg=",
        "avatar_url": "https://avatars3.githubusercontent.com/u/9951058?v=4",
        "gravatar_id": "",
        "url": "https://api.github.com/users/johanwitters",
        "html_url": "https://github.com/johanwitters",
        "followers_url": "https://api.github.com/users/johanwitters/followers",
        "following_url": "https://api.github.com/users/johanwitters/following{/other_user}",
        "gists_url": "https://api.github.com/users/johanwitters/gists{/gist_id}",
        "starred_url": "https://api.github.com/users/johanwitters/starred{/owner}{/repo}",
        "subscriptions_url": "https://api.github.com/users/johanwitters/subscriptions",
        "organizations_url": "https://api.github.com/users/johanwitters/orgs",
        "repos_url": "https://api.github.com/users/johanwitters/repos",
        "events_url": "https://api.github.com/users/johanwitters/events{/privacy}",
        "received_events_url": "https://api.github.com/users/johanwitters/received_events",
        "type": "User",
        "site_admin": false
      },
      "repo": {
        "id": 49076042,
        "node_id": "MDEwOlJlcG9zaXRvcnk0OTA3NjA0Mg==",
        "name": "storm",
        "full_name": "johanwitters/storm",
        "private": false,
        "owner": {
          "login": "johanwitters",
          "id": 9951058,
          "node_id": "MDQ6VXNlcjk5NTEwNTg=",
          "avatar_url": "https://avatars3.githubusercontent.com/u/9951058?v=4",
          "gravatar_id": "",
          "url": "https://api.github.com/users/johanwitters",
          "html_url": "https://github.com/johanwitters",
          "followers_url": "https://api.github.com/users/johanwitters/followers",
          "following_url": "https://api.github.com/users/johanwitters/following{/other_user}",
          "gists_url": "https://api.github.com/users/johanwitters/gists{/gist_id}",
          "starred_url": "https://api.github.com/users/johanwitters/starred{/owner}{/repo}",
          "subscriptions_url": "https://api.github.com/users/johanwitters/subscriptions",
          "organizations_url": "https://api.github.com/users/johanwitters/orgs",
          "repos_url": "https://api.github.com/users/johanwitters/repos",
          "events_url": "https://api.github.com/users/johanwitters/events{/privacy}",
          "received_events_url": "https://api.github.com/users/johanwitters/received_events",
          "type": "User",
          "site_admin": false
        },
        "html_url": "https://github.com/johanwitters/storm",
        "description": "Mirror of Apache Storm",
        "fork": true,
        "url": "https://api.github.com/repos/johanwitters/storm",
        "forks_url": "https://api.github.com/repos/johanwitters/storm/forks",
        "keys_url": "https://api.github.com/repos/johanwitters/storm/keys{/key_id}",
        "collaborators_url": "https://api.github.com/repos/johanwitters/storm/collaborators{/collaborator}",
        "teams_url": "https://api.github.com/repos/johanwitters/storm/teams",
        "hooks_url": "https://api.github.com/repos/johanwitters/storm/hooks",
        "issue_events_url": "https://api.github.com/repos/johanwitters/storm/issues/events{/number}",
        "events_url": "https://api.github.com/repos/johanwitters/storm/events",
        "assignees_url": "https://api.github.com/repos/johanwitters/storm/assignees{/user}",
        "branches_url": "https://api.github.com/repos/johanwitters/storm/branches{/branch}",
        "tags_url": "https://api.github.com/repos/johanwitters/storm/tags",
        "blobs_url": "https://api.github.com/repos/johanwitters/storm/git/blobs{/sha}",
        "git_tags_url": "https://api.github.com/repos/johanwitters/storm/git/tags{/sha}",
        "git_refs_url": "https://api.github.com/repos/johanwitters/storm/git/refs{/sha}",
        "trees_url": "https://api.github.com/repos/johanwitters/storm/git/trees{/sha}",
        "statuses_url": "https://api.github.com/repos/johanwitters/storm/statuses/{sha}",
        "languages_url": "https://api.github.com/repos/johanwitters/storm/languages",
        "stargazers_url": "https://api.github.com/repos/johanwitters/storm/stargazers",
        "contributors_url": "https://api.github.com/repos/johanwitters/storm/contributors",
        "subscribers_url": "https://api.github.com/repos/johanwitters/storm/subscribers",
        "subscription_url": "https://api.github.com/repos/johanwitters/storm/subscription",
        "commits_url": "https://api.github.com/repos/johanwitters/storm/commits{/sha}",
        "git_commits_url": "https://api.github.com/repos/johanwitters/storm/git/commits{/sha}",
        "comments_url": "https://api.github.com/repos/johanwitters/storm/comments{/number}",
        "issue_comment_url": "https://api.github.com/repos/johanwitters/storm/issues/comments{/number}",
        "contents_url": "https://api.github.com/repos/johanwitters/storm/contents/{+path}",
        "compare_url": "https://api.github.com/repos/johanwitters/storm/compare/{base}...{head}",
        "merges_url": "https://api.github.com/repos/johanwitters/storm/merges",
        "archive_url": "https://api.github.com/repos/johanwitters/storm/{archive_format}{/ref}",
        "downloads_url": "https://api.github.com/repos/johanwitters/storm/downloads",
        "issues_url": "https://api.github.com/repos/johanwitters/storm/issues{/number}",
        "pulls_url": "https://api.github.com/repos/johanwitters/storm/pulls{/number}",
        "milestones_url": "https://api.github.com/repos/johanwitters/storm/milestones{/number}",
        "notifications_url": "https://api.github.com/repos/johanwitters/storm/notifications{?since,all,participating}",
        "labels_url": "https://api.github.com/repos/johanwitters/storm/labels{/name}",
        "releases_url": "https://api.github.com/repos/johanwitters/storm/releases{/id}",
        "deployments_url": "https://api.github.com/repos/johanwitters/storm/deployments",
        "created_at": "2016-01-05T15:55:49Z",
        "updated_at": "2016-01-05T15:55:53Z",
        "pushed_at": "2016-01-05T16:13:38Z",
        "git_url": "git://github.com/johanwitters/storm.git",
        "ssh_url": "git@github.com:johanwitters/storm.git",
        "clone_url": "https://github.com/johanwitters/storm.git",
        "svn_url": "https://github.com/johanwitters/storm",
        "homepage": null,
        "size": 152914,
        "stargazers_count": 0,
        "watchers_count": 0,
        "language": "Java",
        "has_issues": false,
        "has_projects": true,
        "has_downloads": true,
        "has_wiki": false,
        "has_pages": false,
        "forks_count": 0,
        "mirror_url": null,
        "archived": false,
        "disabled": false,
        "open_issues_count": 0,
        "license": {
          "key": "apache-2.0",
          "name": "Apache License 2.0",
          "spdx_id": "Apache-2.0",
          "url": "https://api.github.com/licenses/apache-2.0",
          "node_id": "MDc6TGljZW5zZTI="
        },
        "forks": 0,
        "open_issues": 0,
        "watchers": 0,
        "default_branch": "master"
      }
    },
    "base": {
      "label": "apache:master",
      "ref": "master",
      "sha": "c242378be261ae31f43a56c09ef5d0c861dc181e",
      "user": {
        "login": "apache",
        "id": 47359,
        "node_id": "MDEyOk9yZ2FuaXphdGlvbjQ3MzU5",
        "avatar_url": "https://avatars0.githubusercontent.com/u/47359?v=4",
        "gravatar_id": "",
        "url": "https://api.github.com/users/apache",
        "html_url": "https://github.com/apache",
        "followers_url": "https://api.github.com/users/apache/followers",
        "following_url": "https://api.github.com/users/apache/following{/other_user}",
        "gists_url": "https://api.github.com/users/apache/gists{/gist_id}",
        "starred_url": "https://api.github.com/users/apache/starred{/owner}{/repo}",
        "subscriptions_url": "https://api.github.com/users/apache/subscriptions",
        "organizations_url": "https://api.github.com/users/apache/orgs",
        "repos_url": "https://api.github.com/users/apache/repos",
        "events_url": "https://api.github.com/users/apache/events{/privacy}",
        "received_events_url": "https://api.github.com/users/apache/received_events",
        "type": "Organization",
        "site_admin": false
      },
      "repo": {
        "id": 14135470,
        "node_id": "MDEwOlJlcG9zaXRvcnkxNDEzNTQ3MA==",
        "name": "storm",
        "full_name": "apache/storm",
        "private": false,
        "owner": {
          "login": "apache",
          "id": 47359,
          "node_id": "MDEyOk9yZ2FuaXphdGlvbjQ3MzU5",
          "avatar_url": "https://avatars0.githubusercontent.com/u/47359?v=4",
          "gravatar_id": "",
          "url": "https://api.github.com/users/apache",
          "html_url": "https://github.com/apache",
          "followers_url": "https://api.github.com/users/apache/followers",
          "following_url": "https://api.github.com/users/apache/following{/other_user}",
          "gists_url": "https://api.github.com/users/apache/gists{/gist_id}",
          "starred_url": "https://api.github.com/users/apache/starred{/owner}{/repo}",
          "subscriptions_url": "https://api.github.com/users/apache/subscriptions",
          "organizations_url": "https://api.github.com/users/apache/orgs",
          "repos_url": "https://api.github.com/users/apache/repos",
          "events_url": "https://api.github.com/users/apache/events{/privacy}",
          "received_events_url": "https://api.github.com/users/apache/received_events",
          "type": "Organization",
          "site_admin": false
        },
        "html_url": "https://github.com/apache/storm",
        "description": "Mirror of Apache Storm",
        "fork": false,
        "url": "https://api.github.com/repos/apache/storm",
        "forks_url": "https://api.github.com/repos/apache/storm/forks",
        "keys_url": "https://api.github.com/repos/apache/storm/keys{/key_id}",
        "collaborators_url": "https://api.github.com/repos/apache/storm/collaborators{/collaborator}",
        "teams_url": "https://api.github.com/repos/apache/storm/teams",
        "hooks_url": "https://api.github.com/repos/apache/storm/hooks",
        "issue_events_url": "https://api.github.com/repos/apache/storm/issues/events{/number}",
        "events_url": "https://api.github.com/repos/apache/storm/events",
        "assignees_url": "https://api.github.com/repos/apache/storm/assignees{/user}",
        "branches_url": "https://api.github.com/repos/apache/storm/branches{/branch}",
        "tags_url": "https://api.github.com/repos/apache/storm/tags",
        "blobs_url": "https://api.github.com/repos/apache/storm/git/blobs{/sha}",
        "git_tags_url": "https://api.github.com/repos/apache/storm/git/tags{/sha}",
        "git_refs_url": "https://api.github.com/repos/apache/storm/git/refs{/sha}",
        "trees_url": "https://api.github.com/repos/apache/storm/git/trees{/sha}",
        "statuses_url": "https://api.github.com/repos/apache/storm/statuses/{sha}",
        "languages_url": "https://api.github.com/repos/apache/storm/languages",
        "stargazers_url": "https://api.github.com/repos/apache/storm/stargazers",
        "contributors_url": "https://api.github.com/repos/apache/storm/contributors",
        "subscribers_url": "https://api.github.com/repos/apache/storm/subscribers",
        "subscription_url": "https://api.github.com/repos/apache/storm/subscription",
        "commits_url": "https://api.github.com/repos/apache/storm/commits{/sha}",
        "git_commits_url": "https://api.github.com/repos/apache/storm/git/commits{/sha}",
        "comments_url": "https://api.github.com/repos/apache/storm/comments{/number}",
        "issue_comment_url": "https://api.github.com/repos/apache/storm/issues/comments{/number}",
        "contents_url": "https://api.github.com/repos/apache/storm/contents/{+path}",
        "compare_url": "https://api.github.com/repos/apache/storm/compare/{base}...{head}",
        "merges_url": "https://api.github.com/repos/apache/storm/merges",
        "archive_url": "https://api.github.com/repos/apache/storm/{archive_format}{/ref}",
        "downloads_url": "https://api.github.com/repos/apache/storm/downloads",
        "issues_url": "https://api.github.com/repos/apache/storm/issues{/number}",
        "pulls_url": "https://api.github.com/repos/apache/storm/pulls{/number}",
        "milestones_url": "https://api.github.com/repos/apache/storm/milestones{/number}",
        "notifications_url": "https://api.github.com/repos/apache/storm/notifications{?since,all,participating}",
        "labels_url": "https://api.github.com/repos/apache/storm/labels{/name}",
        "releases_url": "https://api.github.com/repos/apache/storm/releases{/id}",
        "deployments_url": "https://api.github.com/repos/apache/storm/deployments",
        "created_at": "2013-11-05T08:00:14Z",
        "updated_at": "2019-09-10T10:22:35Z",
        "pushed_at": "2019-09-09T20:49:13Z",
        "git_url": "git://github.com/apache/storm.git",
        "ssh_url": "git@github.com:apache/storm.git",
        "clone_url": "https://github.com/apache/storm.git",
        "svn_url": "https://github.com/apache/storm",
        "homepage": null,
        "size": 179269,
        "stargazers_count": 5835,
        "watchers_count": 5835,
        "language": "Java",
        "has_issues": false,
        "has_projects": true,
        "has_downloads": true,
        "has_wiki": false,
        "has_pages": true,
        "forks_count": 3953,
        "mirror_url": null,
        "archived": false,
        "disabled": false,
        "open_issues_count": 33,
        "license": {
          "key": "other",
          "name": "Other",
          "spdx_id": "NOASSERTION",
          "url": null,
          "node_id": "MDc6TGljZW5zZTA="
        },
        "forks": 3953,
        "open_issues": 33,
        "watchers": 5835,
        "default_branch": "master"
      }
    },
    "_links": {
      "self": {
        "href": "https://api.github.com/repos/apache/storm/pulls/989"
      },
      "html": {
        "href": "https://github.com/apache/storm/pull/989"
      },
      "issue": {
        "href": "https://api.github.com/repos/apache/storm/issues/989"
      },
      "comments": {
        "href": "https://api.github.com/repos/apache/storm/issues/989/comments"
      },
      "review_comments": {
        "href": "https://api.github.com/repos/apache/storm/pulls/989/comments"
      },
      "review_comment": {
        "href": "https://api.github.com/repos/apache/storm/pulls/comments{/number}"
      },
      "commits": {
        "href": "https://api.github.com/repos/apache/storm/pulls/989/commits"
      },
      "statuses": {
        "href": "https://api.github.com/repos/apache/storm/statuses/51746991079dee7ac4ad4045eb3cfbadc78fc038"
      }
    },
    "author_association": "CONTRIBUTOR"
  }
]
