[
  {
    "url": "https://api.github.com/repos/k9mail/k-9/pulls/55",
    "id": 381282,
    "node_id": "MDExOlB1bGxSZXF1ZXN0MzgxMjgy",
    "html_url": "https://github.com/k9mail/k-9/pull/55",
    "diff_url": "https://github.com/k9mail/k-9/pull/55.diff",
    "patch_url": "https://github.com/k9mail/k-9/pull/55.patch",
    "issue_url": "https://api.github.com/repos/k9mail/k-9/issues/55",
    "number": 55,
    "state": "closed",
    "locked": false,
    "title": "Prefer StringBuilder over StringBuffer",
    "user": {
      "login": "gaul",
      "id": 848247,
      "node_id": "MDQ6VXNlcjg0ODI0Nw==",
      "avatar_url": "https://avatars1.githubusercontent.com/u/848247?v=4",
      "gravatar_id": "",
      "url": "https://api.github.com/users/gaul",
      "html_url": "https://github.com/gaul",
      "followers_url": "https://api.github.com/users/gaul/followers",
      "following_url": "https://api.github.com/users/gaul/following{/other_user}",
      "gists_url": "https://api.github.com/users/gaul/gists{/gist_id}",
      "starred_url": "https://api.github.com/users/gaul/starred{/owner}{/repo}",
      "subscriptions_url": "https://api.github.com/users/gaul/subscriptions",
      "organizations_url": "https://api.github.com/users/gaul/orgs",
      "repos_url": "https://api.github.com/users/gaul/repos",
      "events_url": "https://api.github.com/users/gaul/events{/privacy}",
      "received_events_url": "https://api.github.com/users/gaul/received_events",
      "type": "User",
      "site_admin": false
    },
    "body": "The former is unsynchronized and slightly faster.\n",
    "created_at": "2011-10-06T04:53:54Z",
    "updated_at": "2011-10-06T16:04:44Z",
    "closed_at": "2011-10-06T16:04:44Z",
    "merged_at": "2011-10-06T16:04:44Z",
    "merge_commit_sha": "23a7d73bc815b8129193f25ac8c2f552e2289ce2",
    "assignee": null,
    "assignees": [

    ],
    "requested_reviewers": [

    ],
    "requested_teams": [

    ],
    "labels": [

    ],
    "milestone": null,
    "commits_url": "https://api.github.com/repos/k9mail/k-9/pulls/55/commits",
    "review_comments_url": "https://api.github.com/repos/k9mail/k-9/pulls/55/comments",
    "review_comment_url": "https://api.github.com/repos/k9mail/k-9/pulls/comments{/number}",
    "comments_url": "https://api.github.com/repos/k9mail/k-9/issues/55/comments",
    "statuses_url": "https://api.github.com/repos/k9mail/k-9/statuses/47eb0fa2e1f8c3454d76b8d8cc12722e7f2b3eb4",
    "head": {
      "label": "gaul:stringbuilder",
      "ref": "stringbuilder",
      "sha": "47eb0fa2e1f8c3454d76b8d8cc12722e7f2b3eb4",
      "user": {
        "login": "gaul",
        "id": 848247,
        "node_id": "MDQ6VXNlcjg0ODI0Nw==",
        "avatar_url": "https://avatars1.githubusercontent.com/u/848247?v=4",
        "gravatar_id": "",
        "url": "https://api.github.com/users/gaul",
        "html_url": "https://github.com/gaul",
        "followers_url": "https://api.github.com/users/gaul/followers",
        "following_url": "https://api.github.com/users/gaul/following{/other_user}",
        "gists_url": "https://api.github.com/users/gaul/gists{/gist_id}",
        "starred_url": "https://api.github.com/users/gaul/starred{/owner}{/repo}",
        "subscriptions_url": "https://api.github.com/users/gaul/subscriptions",
        "organizations_url": "https://api.github.com/users/gaul/orgs",
        "repos_url": "https://api.github.com/users/gaul/repos",
        "events_url": "https://api.github.com/users/gaul/events{/privacy}",
        "received_events_url": "https://api.github.com/users/gaul/received_events",
        "type": "User",
        "site_admin": false
      },
      "repo": {
        "id": 1969727,
        "node_id": "MDEwOlJlcG9zaXRvcnkxOTY5NzI3",
        "name": "k-9",
        "full_name": "gaul/k-9",
        "private": false,
        "owner": {
          "login": "gaul",
          "id": 848247,
          "node_id": "MDQ6VXNlcjg0ODI0Nw==",
          "avatar_url": "https://avatars1.githubusercontent.com/u/848247?v=4",
          "gravatar_id": "",
          "url": "https://api.github.com/users/gaul",
          "html_url": "https://github.com/gaul",
          "followers_url": "https://api.github.com/users/gaul/followers",
          "following_url": "https://api.github.com/users/gaul/following{/other_user}",
          "gists_url": "https://api.github.com/users/gaul/gists{/gist_id}",
          "starred_url": "https://api.github.com/users/gaul/starred{/owner}{/repo}",
          "subscriptions_url": "https://api.github.com/users/gaul/subscriptions",
          "organizations_url": "https://api.github.com/users/gaul/orgs",
          "repos_url": "https://api.github.com/users/gaul/repos",
          "events_url": "https://api.github.com/users/gaul/events{/privacy}",
          "received_events_url": "https://api.github.com/users/gaul/received_events",
          "type": "User",
          "site_admin": false
        },
        "html_url": "https://github.com/gaul/k-9",
        "description": "K-9 Mail, An advanced email client for Android",
        "fork": true,
        "url": "https://api.github.com/repos/gaul/k-9",
        "forks_url": "https://api.github.com/repos/gaul/k-9/forks",
        "keys_url": "https://api.github.com/repos/gaul/k-9/keys{/key_id}",
        "collaborators_url": "https://api.github.com/repos/gaul/k-9/collaborators{/collaborator}",
        "teams_url": "https://api.github.com/repos/gaul/k-9/teams",
        "hooks_url": "https://api.github.com/repos/gaul/k-9/hooks",
        "issue_events_url": "https://api.github.com/repos/gaul/k-9/issues/events{/number}",
        "events_url": "https://api.github.com/repos/gaul/k-9/events",
        "assignees_url": "https://api.github.com/repos/gaul/k-9/assignees{/user}",
        "branches_url": "https://api.github.com/repos/gaul/k-9/branches{/branch}",
        "tags_url": "https://api.github.com/repos/gaul/k-9/tags",
        "blobs_url": "https://api.github.com/repos/gaul/k-9/git/blobs{/sha}",
        "git_tags_url": "https://api.github.com/repos/gaul/k-9/git/tags{/sha}",
        "git_refs_url": "https://api.github.com/repos/gaul/k-9/git/refs{/sha}",
        "trees_url": "https://api.github.com/repos/gaul/k-9/git/trees{/sha}",
        "statuses_url": "https://api.github.com/repos/gaul/k-9/statuses/{sha}",
        "languages_url": "https://api.github.com/repos/gaul/k-9/languages",
        "stargazers_url": "https://api.github.com/repos/gaul/k-9/stargazers",
        "contributors_url": "https://api.github.com/repos/gaul/k-9/contributors",
        "subscribers_url": "https://api.github.com/repos/gaul/k-9/subscribers",
        "subscription_url": "https://api.github.com/repos/gaul/k-9/subscription",
        "commits_url": "https://api.github.com/repos/gaul/k-9/commits{/sha}",
        "git_commits_url": "https://api.github.com/repos/gaul/k-9/git/commits{/sha}",
        "comments_url": "https://api.github.com/repos/gaul/k-9/comments{/number}",
        "issue_comment_url": "https://api.github.com/repos/gaul/k-9/issues/comments{/number}",
        "contents_url": "https://api.github.com/repos/gaul/k-9/contents/{+path}",
        "compare_url": "https://api.github.com/repos/gaul/k-9/compare/{base}...{head}",
        "merges_url": "https://api.github.com/repos/gaul/k-9/merges",
        "archive_url": "https://api.github.com/repos/gaul/k-9/{archive_format}{/ref}",
        "downloads_url": "https://api.github.com/repos/gaul/k-9/downloads",
        "issues_url": "https://api.github.com/repos/gaul/k-9/issues{/number}",
        "pulls_url": "https://api.github.com/repos/gaul/k-9/pulls{/number}",
        "milestones_url": "https://api.github.com/repos/gaul/k-9/milestones{/number}",
        "notifications_url": "https://api.github.com/repos/gaul/k-9/notifications{?since,all,participating}",
        "labels_url": "https://api.github.com/repos/gaul/k-9/labels{/name}",
        "releases_url": "https://api.github.com/repos/gaul/k-9/releases{/id}",
        "deployments_url": "https://api.github.com/repos/gaul/k-9/deployments",
        "created_at": "2011-06-29T00:38:30Z",
        "updated_at": "2013-10-31T01:57:24Z",
        "pushed_at": "2018-02-10T20:10:04Z",
        "git_url": "git://github.com/gaul/k-9.git",
        "ssh_url": "git@github.com:gaul/k-9.git",
        "clone_url": "https://github.com/gaul/k-9.git",
        "svn_url": "https://github.com/gaul/k-9",
        "homepage": "http://gaul.org/",
        "size": 15527,
        "stargazers_count": 0,
        "watchers_count": 0,
        "language": "Java",
        "has_issues": false,
        "has_projects": true,
        "has_downloads": true,
        "has_wiki": true,
        "has_pages": false,
        "forks_count": 1,
        "mirror_url": null,
        "archived": false,
        "disabled": false,
        "open_issues_count": 0,
        "license": {
          "key": "other",
          "name": "Other",
          "spdx_id": "NOASSERTION",
          "url": null,
          "node_id": "MDc6TGljZW5zZTA="
        },
        "forks": 1,
        "open_issues": 0,
        "watchers": 0,
        "default_branch": "master"
      }
    },
    "base": {
      "label": "k9mail:master",
      "ref": "master",
      "sha": "0619eaf79c0cfb180fc896226bb34cb5fad428b3",
      "user": {
        "login": "k9mail",
        "id": 567044,
        "node_id": "MDEyOk9yZ2FuaXphdGlvbjU2NzA0NA==",
        "avatar_url": "https://avatars2.githubusercontent.com/u/567044?v=4",
        "gravatar_id": "",
        "url": "https://api.github.com/users/k9mail",
        "html_url": "https://github.com/k9mail",
        "followers_url": "https://api.github.com/users/k9mail/followers",
        "following_url": "https://api.github.com/users/k9mail/following{/other_user}",
        "gists_url": "https://api.github.com/users/k9mail/gists{/gist_id}",
        "starred_url": "https://api.github.com/users/k9mail/starred{/owner}{/repo}",
        "subscriptions_url": "https://api.github.com/users/k9mail/subscriptions",
        "organizations_url": "https://api.github.com/users/k9mail/orgs",
        "repos_url": "https://api.github.com/users/k9mail/repos",
        "events_url": "https://api.github.com/users/k9mail/events{/privacy}",
        "received_events_url": "https://api.github.com/users/k9mail/received_events",
        "type": "Organization",
        "site_admin": false
      },
      "repo": {
        "id": 1326671,
        "node_id": "MDEwOlJlcG9zaXRvcnkxMzI2Njcx",
        "name": "k-9",
        "full_name": "k9mail/k-9",
        "private": false,
        "owner": {
          "login": "k9mail",
          "id": 567044,
          "node_id": "MDEyOk9yZ2FuaXphdGlvbjU2NzA0NA==",
          "avatar_url": "https://avatars2.githubusercontent.com/u/567044?v=4",
          "gravatar_id": "",
          "url": "https://api.github.com/users/k9mail",
          "html_url": "https://github.com/k9mail",
          "followers_url": "https://api.github.com/users/k9mail/followers",
          "following_url": "https://api.github.com/users/k9mail/following{/other_user}",
          "gists_url": "https://api.github.com/users/k9mail/gists{/gist_id}",
          "starred_url": "https://api.github.com/users/k9mail/starred{/owner}{/repo}",
          "subscriptions_url": "https://api.github.com/users/k9mail/subscriptions",
          "organizations_url": "https://api.github.com/users/k9mail/orgs",
          "repos_url": "https://api.github.com/users/k9mail/repos",
          "events_url": "https://api.github.com/users/k9mail/events{/privacy}",
          "received_events_url": "https://api.github.com/users/k9mail/received_events",
          "type": "Organization",
          "site_admin": false
        },
        "html_url": "https://github.com/k9mail/k-9",
        "description": "K-9 Mail – Advanced Email for Android 📧",
        "fork": false,
        "url": "https://api.github.com/repos/k9mail/k-9",
        "forks_url": "https://api.github.com/repos/k9mail/k-9/forks",
        "keys_url": "https://api.github.com/repos/k9mail/k-9/keys{/key_id}",
        "collaborators_url": "https://api.github.com/repos/k9mail/k-9/collaborators{/collaborator}",
        "teams_url": "https://api.github.com/repos/k9mail/k-9/teams",
        "hooks_url": "https://api.github.com/repos/k9mail/k-9/hooks",
        "issue_events_url": "https://api.github.com/repos/k9mail/k-9/issues/events{/number}",
        "events_url": "https://api.github.com/repos/k9mail/k-9/events",
        "assignees_url": "https://api.github.com/repos/k9mail/k-9/assignees{/user}",
        "branches_url": "https://api.github.com/repos/k9mail/k-9/branches{/branch}",
        "tags_url": "https://api.github.com/repos/k9mail/k-9/tags",
        "blobs_url": "https://api.github.com/repos/k9mail/k-9/git/blobs{/sha}",
        "git_tags_url": "https://api.github.com/repos/k9mail/k-9/git/tags{/sha}",
        "git_refs_url": "https://api.github.com/repos/k9mail/k-9/git/refs{/sha}",
        "trees_url": "https://api.github.com/repos/k9mail/k-9/git/trees{/sha}",
        "statuses_url": "https://api.github.com/repos/k9mail/k-9/statuses/{sha}",
        "languages_url": "https://api.github.com/repos/k9mail/k-9/languages",
        "stargazers_url": "https://api.github.com/repos/k9mail/k-9/stargazers",
        "contributors_url": "https://api.github.com/repos/k9mail/k-9/contributors",
        "subscribers_url": "https://api.github.com/repos/k9mail/k-9/subscribers",
        "subscription_url": "https://api.github.com/repos/k9mail/k-9/subscription",
        "commits_url": "https://api.github.com/repos/k9mail/k-9/commits{/sha}",
        "git_commits_url": "https://api.github.com/repos/k9mail/k-9/git/commits{/sha}",
        "comments_url": "https://api.github.com/repos/k9mail/k-9/comments{/number}",
        "issue_comment_url": "https://api.github.com/repos/k9mail/k-9/issues/comments{/number}",
        "contents_url": "https://api.github.com/repos/k9mail/k-9/contents/{+path}",
        "compare_url": "https://api.github.com/repos/k9mail/k-9/compare/{base}...{head}",
        "merges_url": "https://api.github.com/repos/k9mail/k-9/merges",
        "archive_url": "https://api.github.com/repos/k9mail/k-9/{archive_format}{/ref}",
        "downloads_url": "https://api.github.com/repos/k9mail/k-9/downloads",
        "issues_url": "https://api.github.com/repos/k9mail/k-9/issues{/number}",
        "pulls_url": "https://api.github.com/repos/k9mail/k-9/pulls{/number}",
        "milestones_url": "https://api.github.com/repos/k9mail/k-9/milestones{/number}",
        "notifications_url": "https://api.github.com/repos/k9mail/k-9/notifications{?since,all,participating}",
        "labels_url": "https://api.github.com/repos/k9mail/k-9/labels{/name}",
        "releases_url": "https://api.github.com/repos/k9mail/k-9/releases{/id}",
        "deployments_url": "https://api.github.com/repos/k9mail/k-9/deployments",
        "created_at": "2011-02-04T02:40:00Z",
        "updated_at": "2019-09-10T07:38:10Z",
        "pushed_at": "2019-09-07T19:21:29Z",
        "git_url": "git://github.com/k9mail/k-9.git",
        "ssh_url": "git@github.com:k9mail/k-9.git",
        "clone_url": "https://github.com/k9mail/k-9.git",
        "svn_url": "https://github.com/k9mail/k-9",
        "homepage": "https://k9mail.github.io",
        "size": 63146,
        "stargazers_count": 4542,
        "watchers_count": 4542,
        "language": "Java",
        "has_issues": true,
        "has_projects": true,
        "has_downloads": true,
        "has_wiki": true,
        "has_pages": true,
        "forks_count": 2009,
        "mirror_url": null,
        "archived": false,
        "disabled": false,
        "open_issues_count": 628,
        "license": {
          "key": "apache-2.0",
          "name": "Apache License 2.0",
          "spdx_id": "Apache-2.0",
          "url": "https://api.github.com/licenses/apache-2.0",
          "node_id": "MDc6TGljZW5zZTI="
        },
        "forks": 2009,
        "open_issues": 628,
        "watchers": 4542,
        "default_branch": "master"
      }
    },
    "_links": {
      "self": {
        "href": "https://api.github.com/repos/k9mail/k-9/pulls/55"
      },
      "html": {
        "href": "https://github.com/k9mail/k-9/pull/55"
      },
      "issue": {
        "href": "https://api.github.com/repos/k9mail/k-9/issues/55"
      },
      "comments": {
        "href": "https://api.github.com/repos/k9mail/k-9/issues/55/comments"
      },
      "review_comments": {
        "href": "https://api.github.com/repos/k9mail/k-9/pulls/55/comments"
      },
      "review_comment": {
        "href": "https://api.github.com/repos/k9mail/k-9/pulls/comments{/number}"
      },
      "commits": {
        "href": "https://api.github.com/repos/k9mail/k-9/pulls/55/commits"
      },
      "statuses": {
        "href": "https://api.github.com/repos/k9mail/k-9/statuses/47eb0fa2e1f8c3454d76b8d8cc12722e7f2b3eb4"
      }
    },
    "author_association": "CONTRIBUTOR"
  }
]
