[
  {
    "url": "https://api.github.com/repos/KoryNunn/cherrypick/pulls/2",
    "id": 16982466,
    "node_id": "MDExOlB1bGxSZXF1ZXN0MTY5ODI0NjY=",
    "html_url": "https://github.com/KoryNunn/cherrypick/pull/2",
    "diff_url": "https://github.com/KoryNunn/cherrypick/pull/2.diff",
    "patch_url": "https://github.com/KoryNunn/cherrypick/pull/2.patch",
    "issue_url": "https://api.github.com/repos/KoryNunn/cherrypick/issues/2",
    "number": 2,
    "state": "closed",
    "locked": false,
    "title": "Added check for object actually being an object",
    "user": {
      "login": "gbenvenuti",
      "id": 331314,
      "node_id": "MDQ6VXNlcjMzMTMxNA==",
      "avatar_url": "https://avatars3.githubusercontent.com/u/331314?v=4",
      "gravatar_id": "",
      "url": "https://api.github.com/users/gbenvenuti",
      "html_url": "https://github.com/gbenvenuti",
      "followers_url": "https://api.github.com/users/gbenvenuti/followers",
      "following_url": "https://api.github.com/users/gbenvenuti/following{/other_user}",
      "gists_url": "https://api.github.com/users/gbenvenuti/gists{/gist_id}",
      "starred_url": "https://api.github.com/users/gbenvenuti/starred{/owner}{/repo}",
      "subscriptions_url": "https://api.github.com/users/gbenvenuti/subscriptions",
      "organizations_url": "https://api.github.com/users/gbenvenuti/orgs",
      "repos_url": "https://api.github.com/users/gbenvenuti/repos",
      "events_url": "https://api.github.com/users/gbenvenuti/events{/privacy}",
      "received_events_url": "https://api.github.com/users/gbenvenuti/received_events",
      "type": "User",
      "site_admin": false
    },
    "body": "",
    "created_at": "2014-06-11T07:10:42Z",
    "updated_at": "2014-06-18T03:51:58Z",
    "closed_at": "2014-06-11T07:21:59Z",
    "merged_at": "2014-06-11T07:21:59Z",
    "merge_commit_sha": "04253de46cc4480a1cc61f2f72e962bfc47928ac",
    "assignee": null,
    "assignees": [

    ],
    "requested_reviewers": [

    ],
    "requested_teams": [

    ],
    "labels": [

    ],
    "milestone": null,
    "commits_url": "https://api.github.com/repos/KoryNunn/cherrypick/pulls/2/commits",
    "review_comments_url": "https://api.github.com/repos/KoryNunn/cherrypick/pulls/2/comments",
    "review_comment_url": "https://api.github.com/repos/KoryNunn/cherrypick/pulls/comments{/number}",
    "comments_url": "https://api.github.com/repos/KoryNunn/cherrypick/issues/2/comments",
    "statuses_url": "https://api.github.com/repos/KoryNunn/cherrypick/statuses/c69382544df12f8acbdae5036e814aac91074c22",
    "head": {
      "label": "gbenvenuti:master",
      "ref": "master",
      "sha": "c69382544df12f8acbdae5036e814aac91074c22",
      "user": {
        "login": "gbenvenuti",
        "id": 331314,
        "node_id": "MDQ6VXNlcjMzMTMxNA==",
        "avatar_url": "https://avatars3.githubusercontent.com/u/331314?v=4",
        "gravatar_id": "",
        "url": "https://api.github.com/users/gbenvenuti",
        "html_url": "https://github.com/gbenvenuti",
        "followers_url": "https://api.github.com/users/gbenvenuti/followers",
        "following_url": "https://api.github.com/users/gbenvenuti/following{/other_user}",
        "gists_url": "https://api.github.com/users/gbenvenuti/gists{/gist_id}",
        "starred_url": "https://api.github.com/users/gbenvenuti/starred{/owner}{/repo}",
        "subscriptions_url": "https://api.github.com/users/gbenvenuti/subscriptions",
        "organizations_url": "https://api.github.com/users/gbenvenuti/orgs",
        "repos_url": "https://api.github.com/users/gbenvenuti/repos",
        "events_url": "https://api.github.com/users/gbenvenuti/events{/privacy}",
        "received_events_url": "https://api.github.com/users/gbenvenuti/received_events",
        "type": "User",
        "site_admin": false
      },
      "repo": {
        "id": 20715750,
        "node_id": "MDEwOlJlcG9zaXRvcnkyMDcxNTc1MA==",
        "name": "cherrypick",
        "full_name": "gbenvenuti/cherrypick",
        "private": false,
        "owner": {
          "login": "gbenvenuti",
          "id": 331314,
          "node_id": "MDQ6VXNlcjMzMTMxNA==",
          "avatar_url": "https://avatars3.githubusercontent.com/u/331314?v=4",
          "gravatar_id": "",
          "url": "https://api.github.com/users/gbenvenuti",
          "html_url": "https://github.com/gbenvenuti",
          "followers_url": "https://api.github.com/users/gbenvenuti/followers",
          "following_url": "https://api.github.com/users/gbenvenuti/following{/other_user}",
          "gists_url": "https://api.github.com/users/gbenvenuti/gists{/gist_id}",
          "starred_url": "https://api.github.com/users/gbenvenuti/starred{/owner}{/repo}",
          "subscriptions_url": "https://api.github.com/users/gbenvenuti/subscriptions",
          "organizations_url": "https://api.github.com/users/gbenvenuti/orgs",
          "repos_url": "https://api.github.com/users/gbenvenuti/repos",
          "events_url": "https://api.github.com/users/gbenvenuti/events{/privacy}",
          "received_events_url": "https://api.github.com/users/gbenvenuti/received_events",
          "type": "User",
          "site_admin": false
        },
        "html_url": "https://github.com/gbenvenuti/cherrypick",
        "description": "cherrypick props off an object",
        "fork": true,
        "url": "https://api.github.com/repos/gbenvenuti/cherrypick",
        "forks_url": "https://api.github.com/repos/gbenvenuti/cherrypick/forks",
        "keys_url": "https://api.github.com/repos/gbenvenuti/cherrypick/keys{/key_id}",
        "collaborators_url": "https://api.github.com/repos/gbenvenuti/cherrypick/collaborators{/collaborator}",
        "teams_url": "https://api.github.com/repos/gbenvenuti/cherrypick/teams",
        "hooks_url": "https://api.github.com/repos/gbenvenuti/cherrypick/hooks",
        "issue_events_url": "https://api.github.com/repos/gbenvenuti/cherrypick/issues/events{/number}",
        "events_url": "https://api.github.com/repos/gbenvenuti/cherrypick/events",
        "assignees_url": "https://api.github.com/repos/gbenvenuti/cherrypick/assignees{/user}",
        "branches_url": "https://api.github.com/repos/gbenvenuti/cherrypick/branches{/branch}",
        "tags_url": "https://api.github.com/repos/gbenvenuti/cherrypick/tags",
        "blobs_url": "https://api.github.com/repos/gbenvenuti/cherrypick/git/blobs{/sha}",
        "git_tags_url": "https://api.github.com/repos/gbenvenuti/cherrypick/git/tags{/sha}",
        "git_refs_url": "https://api.github.com/repos/gbenvenuti/cherrypick/git/refs{/sha}",
        "trees_url": "https://api.github.com/repos/gbenvenuti/cherrypick/git/trees{/sha}",
        "statuses_url": "https://api.github.com/repos/gbenvenuti/cherrypick/statuses/{sha}",
        "languages_url": "https://api.github.com/repos/gbenvenuti/cherrypick/languages",
        "stargazers_url": "https://api.github.com/repos/gbenvenuti/cherrypick/stargazers",
        "contributors_url": "https://api.github.com/repos/gbenvenuti/cherrypick/contributors",
        "subscribers_url": "https://api.github.com/repos/gbenvenuti/cherrypick/subscribers",
        "subscription_url": "https://api.github.com/repos/gbenvenuti/cherrypick/subscription",
        "commits_url": "https://api.github.com/repos/gbenvenuti/cherrypick/commits{/sha}",
        "git_commits_url": "https://api.github.com/repos/gbenvenuti/cherrypick/git/commits{/sha}",
        "comments_url": "https://api.github.com/repos/gbenvenuti/cherrypick/comments{/number}",
        "issue_comment_url": "https://api.github.com/repos/gbenvenuti/cherrypick/issues/comments{/number}",
        "contents_url": "https://api.github.com/repos/gbenvenuti/cherrypick/contents/{+path}",
        "compare_url": "https://api.github.com/repos/gbenvenuti/cherrypick/compare/{base}...{head}",
        "merges_url": "https://api.github.com/repos/gbenvenuti/cherrypick/merges",
        "archive_url": "https://api.github.com/repos/gbenvenuti/cherrypick/{archive_format}{/ref}",
        "downloads_url": "https://api.github.com/repos/gbenvenuti/cherrypick/downloads",
        "issues_url": "https://api.github.com/repos/gbenvenuti/cherrypick/issues{/number}",
        "pulls_url": "https://api.github.com/repos/gbenvenuti/cherrypick/pulls{/number}",
        "milestones_url": "https://api.github.com/repos/gbenvenuti/cherrypick/milestones{/number}",
        "notifications_url": "https://api.github.com/repos/gbenvenuti/cherrypick/notifications{?since,all,participating}",
        "labels_url": "https://api.github.com/repos/gbenvenuti/cherrypick/labels{/name}",
        "releases_url": "https://api.github.com/repos/gbenvenuti/cherrypick/releases{/id}",
        "deployments_url": "https://api.github.com/repos/gbenvenuti/cherrypick/deployments",
        "created_at": "2014-06-11T07:04:15Z",
        "updated_at": "2014-06-11T07:22:00Z",
        "pushed_at": "2014-06-11T07:21:44Z",
        "git_url": "git://github.com/gbenvenuti/cherrypick.git",
        "ssh_url": "git@github.com:gbenvenuti/cherrypick.git",
        "clone_url": "https://github.com/gbenvenuti/cherrypick.git",
        "svn_url": "https://github.com/gbenvenuti/cherrypick",
        "homepage": null,
        "size": 124,
        "stargazers_count": 0,
        "watchers_count": 0,
        "language": "JavaScript",
        "has_issues": false,
        "has_projects": true,
        "has_downloads": true,
        "has_wiki": true,
        "has_pages": false,
        "forks_count": 0,
        "mirror_url": null,
        "archived": false,
        "disabled": false,
        "open_issues_count": 0,
        "license": null,
        "forks": 0,
        "open_issues": 0,
        "watchers": 0,
        "default_branch": "master"
      }
    },
    "base": {
      "label": "KoryNunn:master",
      "ref": "master",
      "sha": "0d57a2fc4133222ecdb6c01e675e3e5b6672ef70",
      "user": {
        "login": "KoryNunn",
        "id": 1401037,
        "node_id": "MDQ6VXNlcjE0MDEwMzc=",
        "avatar_url": "https://avatars1.githubusercontent.com/u/1401037?v=4",
        "gravatar_id": "",
        "url": "https://api.github.com/users/KoryNunn",
        "html_url": "https://github.com/KoryNunn",
        "followers_url": "https://api.github.com/users/KoryNunn/followers",
        "following_url": "https://api.github.com/users/KoryNunn/following{/other_user}",
        "gists_url": "https://api.github.com/users/KoryNunn/gists{/gist_id}",
        "starred_url": "https://api.github.com/users/KoryNunn/starred{/owner}{/repo}",
        "subscriptions_url": "https://api.github.com/users/KoryNunn/subscriptions",
        "organizations_url": "https://api.github.com/users/KoryNunn/orgs",
        "repos_url": "https://api.github.com/users/KoryNunn/repos",
        "events_url": "https://api.github.com/users/KoryNunn/events{/privacy}",
        "received_events_url": "https://api.github.com/users/KoryNunn/received_events",
        "type": "User",
        "site_admin": false
      },
      "repo": {
        "id": 17618598,
        "node_id": "MDEwOlJlcG9zaXRvcnkxNzYxODU5OA==",
        "name": "cherrypick",
        "full_name": "KoryNunn/cherrypick",
        "private": false,
        "owner": {
          "login": "KoryNunn",
          "id": 1401037,
          "node_id": "MDQ6VXNlcjE0MDEwMzc=",
          "avatar_url": "https://avatars1.githubusercontent.com/u/1401037?v=4",
          "gravatar_id": "",
          "url": "https://api.github.com/users/KoryNunn",
          "html_url": "https://github.com/KoryNunn",
          "followers_url": "https://api.github.com/users/KoryNunn/followers",
          "following_url": "https://api.github.com/users/KoryNunn/following{/other_user}",
          "gists_url": "https://api.github.com/users/KoryNunn/gists{/gist_id}",
          "starred_url": "https://api.github.com/users/KoryNunn/starred{/owner}{/repo}",
          "subscriptions_url": "https://api.github.com/users/KoryNunn/subscriptions",
          "organizations_url": "https://api.github.com/users/KoryNunn/orgs",
          "repos_url": "https://api.github.com/users/KoryNunn/repos",
          "events_url": "https://api.github.com/users/KoryNunn/events{/privacy}",
          "received_events_url": "https://api.github.com/users/KoryNunn/received_events",
          "type": "User",
          "site_admin": false
        },
        "html_url": "https://github.com/KoryNunn/cherrypick",
        "description": "cherrypick props off an object",
        "fork": false,
        "url": "https://api.github.com/repos/KoryNunn/cherrypick",
        "forks_url": "https://api.github.com/repos/KoryNunn/cherrypick/forks",
        "keys_url": "https://api.github.com/repos/KoryNunn/cherrypick/keys{/key_id}",
        "collaborators_url": "https://api.github.com/repos/KoryNunn/cherrypick/collaborators{/collaborator}",
        "teams_url": "https://api.github.com/repos/KoryNunn/cherrypick/teams",
        "hooks_url": "https://api.github.com/repos/KoryNunn/cherrypick/hooks",
        "issue_events_url": "https://api.github.com/repos/KoryNunn/cherrypick/issues/events{/number}",
        "events_url": "https://api.github.com/repos/KoryNunn/cherrypick/events",
        "assignees_url": "https://api.github.com/repos/KoryNunn/cherrypick/assignees{/user}",
        "branches_url": "https://api.github.com/repos/KoryNunn/cherrypick/branches{/branch}",
        "tags_url": "https://api.github.com/repos/KoryNunn/cherrypick/tags",
        "blobs_url": "https://api.github.com/repos/KoryNunn/cherrypick/git/blobs{/sha}",
        "git_tags_url": "https://api.github.com/repos/KoryNunn/cherrypick/git/tags{/sha}",
        "git_refs_url": "https://api.github.com/repos/KoryNunn/cherrypick/git/refs{/sha}",
        "trees_url": "https://api.github.com/repos/KoryNunn/cherrypick/git/trees{/sha}",
        "statuses_url": "https://api.github.com/repos/KoryNunn/cherrypick/statuses/{sha}",
        "languages_url": "https://api.github.com/repos/KoryNunn/cherrypick/languages",
        "stargazers_url": "https://api.github.com/repos/KoryNunn/cherrypick/stargazers",
        "contributors_url": "https://api.github.com/repos/KoryNunn/cherrypick/contributors",
        "subscribers_url": "https://api.github.com/repos/KoryNunn/cherrypick/subscribers",
        "subscription_url": "https://api.github.com/repos/KoryNunn/cherrypick/subscription",
        "commits_url": "https://api.github.com/repos/KoryNunn/cherrypick/commits{/sha}",
        "git_commits_url": "https://api.github.com/repos/KoryNunn/cherrypick/git/commits{/sha}",
        "comments_url": "https://api.github.com/repos/KoryNunn/cherrypick/comments{/number}",
        "issue_comment_url": "https://api.github.com/repos/KoryNunn/cherrypick/issues/comments{/number}",
        "contents_url": "https://api.github.com/repos/KoryNunn/cherrypick/contents/{+path}",
        "compare_url": "https://api.github.com/repos/KoryNunn/cherrypick/compare/{base}...{head}",
        "merges_url": "https://api.github.com/repos/KoryNunn/cherrypick/merges",
        "archive_url": "https://api.github.com/repos/KoryNunn/cherrypick/{archive_format}{/ref}",
        "downloads_url": "https://api.github.com/repos/KoryNunn/cherrypick/downloads",
        "issues_url": "https://api.github.com/repos/KoryNunn/cherrypick/issues{/number}",
        "pulls_url": "https://api.github.com/repos/KoryNunn/cherrypick/pulls{/number}",
        "milestones_url": "https://api.github.com/repos/KoryNunn/cherrypick/milestones{/number}",
        "notifications_url": "https://api.github.com/repos/KoryNunn/cherrypick/notifications{?since,all,participating}",
        "labels_url": "https://api.github.com/repos/KoryNunn/cherrypick/labels{/name}",
        "releases_url": "https://api.github.com/repos/KoryNunn/cherrypick/releases{/id}",
        "deployments_url": "https://api.github.com/repos/KoryNunn/cherrypick/deployments",
        "created_at": "2014-03-11T04:40:59Z",
        "updated_at": "2015-05-24T19:02:28Z",
        "pushed_at": "2015-05-21T00:52:31Z",
        "git_url": "git://github.com/KoryNunn/cherrypick.git",
        "ssh_url": "git@github.com:KoryNunn/cherrypick.git",
        "clone_url": "https://github.com/KoryNunn/cherrypick.git",
        "svn_url": "https://github.com/KoryNunn/cherrypick",
        "homepage": null,
        "size": 234,
        "stargazers_count": 1,
        "watchers_count": 1,
        "language": "JavaScript",
        "has_issues": true,
        "has_projects": true,
        "has_downloads": true,
        "has_wiki": true,
        "has_pages": false,
        "forks_count": 3,
        "mirror_url": null,
        "archived": false,
        "disabled": false,
        "open_issues_count": 0,
        "license": {
          "key": "mit",
          "name": "MIT License",
          "spdx_id": "MIT",
          "url": "https://api.github.com/licenses/mit",
          "node_id": "MDc6TGljZW5zZTEz"
        },
        "forks": 3,
        "open_issues": 0,
        "watchers": 1,
        "default_branch": "master"
      }
    },
    "_links": {
      "self": {
        "href": "https://api.github.com/repos/KoryNunn/cherrypick/pulls/2"
      },
      "html": {
        "href": "https://github.com/KoryNunn/cherrypick/pull/2"
      },
      "issue": {
        "href": "https://api.github.com/repos/KoryNunn/cherrypick/issues/2"
      },
      "comments": {
        "href": "https://api.github.com/repos/KoryNunn/cherrypick/issues/2/comments"
      },
      "review_comments": {
        "href": "https://api.github.com/repos/KoryNunn/cherrypick/pulls/2/comments"
      },
      "review_comment": {
        "href": "https://api.github.com/repos/KoryNunn/cherrypick/pulls/comments{/number}"
      },
      "commits": {
        "href": "https://api.github.com/repos/KoryNunn/cherrypick/pulls/2/commits"
      },
      "statuses": {
        "href": "https://api.github.com/repos/KoryNunn/cherrypick/statuses/c69382544df12f8acbdae5036e814aac91074c22"
      }
    },
    "author_association": "CONTRIBUTOR"
  }
]
