[
  {
    "url": "https://api.github.com/repos/HKou/vivae/pulls/2",
    "id": 48756,
    "node_id": "MDExOlB1bGxSZXF1ZXN0NDg3NTY=",
    "html_url": "https://github.com/HKou/vivae/pull/2",
    "diff_url": "https://github.com/HKou/vivae/pull/2.diff",
    "patch_url": "https://github.com/HKou/vivae/pull/2.patch",
    "issue_url": "https://api.github.com/repos/HKou/vivae/issues/2",
    "number": 2,
    "state": "closed",
    "locked": false,
    "title": "Commits from belkaram",
    "user": {
      "login": "tonyclifton",
      "id": 540891,
      "node_id": "MDQ6VXNlcjU0MDg5MQ==",
      "avatar_url": "https://avatars0.githubusercontent.com/u/540891?v=4",
      "gravatar_id": "",
      "url": "https://api.github.com/users/tonyclifton",
      "html_url": "https://github.com/tonyclifton",
      "followers_url": "https://api.github.com/users/tonyclifton/followers",
      "following_url": "https://api.github.com/users/tonyclifton/following{/other_user}",
      "gists_url": "https://api.github.com/users/tonyclifton/gists{/gist_id}",
      "starred_url": "https://api.github.com/users/tonyclifton/starred{/owner}{/repo}",
      "subscriptions_url": "https://api.github.com/users/tonyclifton/subscriptions",
      "organizations_url": "https://api.github.com/users/tonyclifton/orgs",
      "repos_url": "https://api.github.com/users/tonyclifton/repos",
      "events_url": "https://api.github.com/users/tonyclifton/events{/privacy}",
      "received_events_url": "https://api.github.com/users/tonyclifton/received_events",
      "type": "User",
      "site_admin": false
    },
    "body": "toniclifton forked belkaram's vivae fork and did:\n- added libraries\n- refactorized belkaram package to cea package\n- added main() to FRNNExperiment (back).\n",
    "created_at": "2010-12-30T23:28:33Z",
    "updated_at": "2014-06-20T07:19:07Z",
    "closed_at": "2011-01-03T11:55:57Z",
    "merged_at": "2011-01-03T11:55:57Z",
    "merge_commit_sha": "",
    "assignee": null,
    "assignees": [

    ],
    "requested_reviewers": [

    ],
    "requested_teams": [

    ],
    "labels": [

    ],
    "milestone": null,
    "commits_url": "https://api.github.com/repos/HKou/vivae/pulls/2/commits",
    "review_comments_url": "https://api.github.com/repos/HKou/vivae/pulls/2/comments",
    "review_comment_url": "https://api.github.com/repos/HKou/vivae/pulls/comments{/number}",
    "comments_url": "https://api.github.com/repos/HKou/vivae/issues/2/comments",
    "statuses_url": "https://api.github.com/repos/HKou/vivae/statuses/ac8a74733c1a8358e63d1d71ee1905785b2b5895",
    "head": {
      "label": "tonyclifton:master",
      "ref": "master",
      "sha": "ac8a74733c1a8358e63d1d71ee1905785b2b5895",
      "user": {
        "login": "tonyclifton",
        "id": 540891,
        "node_id": "MDQ6VXNlcjU0MDg5MQ==",
        "avatar_url": "https://avatars0.githubusercontent.com/u/540891?v=4",
        "gravatar_id": "",
        "url": "https://api.github.com/users/tonyclifton",
        "html_url": "https://github.com/tonyclifton",
        "followers_url": "https://api.github.com/users/tonyclifton/followers",
        "following_url": "https://api.github.com/users/tonyclifton/following{/other_user}",
        "gists_url": "https://api.github.com/users/tonyclifton/gists{/gist_id}",
        "starred_url": "https://api.github.com/users/tonyclifton/starred{/owner}{/repo}",
        "subscriptions_url": "https://api.github.com/users/tonyclifton/subscriptions",
        "organizations_url": "https://api.github.com/users/tonyclifton/orgs",
        "repos_url": "https://api.github.com/users/tonyclifton/repos",
        "events_url": "https://api.github.com/users/tonyclifton/events{/privacy}",
        "received_events_url": "https://api.github.com/users/tonyclifton/received_events",
        "type": "User",
        "site_admin": false
      },
      "repo": {
        "id": 1209694,
        "node_id": "MDEwOlJlcG9zaXRvcnkxMjA5Njk0",
        "name": "vivae",
        "full_name": "tonyclifton/vivae",
        "private": false,
        "owner": {
          "login": "tonyclifton",
          "id": 540891,
          "node_id": "MDQ6VXNlcjU0MDg5MQ==",
          "avatar_url": "https://avatars0.githubusercontent.com/u/540891?v=4",
          "gravatar_id": "",
          "url": "https://api.github.com/users/tonyclifton",
          "html_url": "https://github.com/tonyclifton",
          "followers_url": "https://api.github.com/users/tonyclifton/followers",
          "following_url": "https://api.github.com/users/tonyclifton/following{/other_user}",
          "gists_url": "https://api.github.com/users/tonyclifton/gists{/gist_id}",
          "starred_url": "https://api.github.com/users/tonyclifton/starred{/owner}{/repo}",
          "subscriptions_url": "https://api.github.com/users/tonyclifton/subscriptions",
          "organizations_url": "https://api.github.com/users/tonyclifton/orgs",
          "repos_url": "https://api.github.com/users/tonyclifton/repos",
          "events_url": "https://api.github.com/users/tonyclifton/events{/privacy}",
          "received_events_url": "https://api.github.com/users/tonyclifton/received_events",
          "type": "User",
          "site_admin": false
        },
        "html_url": "https://github.com/tonyclifton/vivae",
        "description": "Visual Vector Agent Environment",
        "fork": true,
        "url": "https://api.github.com/repos/tonyclifton/vivae",
        "forks_url": "https://api.github.com/repos/tonyclifton/vivae/forks",
        "keys_url": "https://api.github.com/repos/tonyclifton/vivae/keys{/key_id}",
        "collaborators_url": "https://api.github.com/repos/tonyclifton/vivae/collaborators{/collaborator}",
        "teams_url": "https://api.github.com/repos/tonyclifton/vivae/teams",
        "hooks_url": "https://api.github.com/repos/tonyclifton/vivae/hooks",
        "issue_events_url": "https://api.github.com/repos/tonyclifton/vivae/issues/events{/number}",
        "events_url": "https://api.github.com/repos/tonyclifton/vivae/events",
        "assignees_url": "https://api.github.com/repos/tonyclifton/vivae/assignees{/user}",
        "branches_url": "https://api.github.com/repos/tonyclifton/vivae/branches{/branch}",
        "tags_url": "https://api.github.com/repos/tonyclifton/vivae/tags",
        "blobs_url": "https://api.github.com/repos/tonyclifton/vivae/git/blobs{/sha}",
        "git_tags_url": "https://api.github.com/repos/tonyclifton/vivae/git/tags{/sha}",
        "git_refs_url": "https://api.github.com/repos/tonyclifton/vivae/git/refs{/sha}",
        "trees_url": "https://api.github.com/repos/tonyclifton/vivae/git/trees{/sha}",
        "statuses_url": "https://api.github.com/repos/tonyclifton/vivae/statuses/{sha}",
        "languages_url": "https://api.github.com/repos/tonyclifton/vivae/languages",
        "stargazers_url": "https://api.github.com/repos/tonyclifton/vivae/stargazers",
        "contributors_url": "https://api.github.com/repos/tonyclifton/vivae/contributors",
        "subscribers_url": "https://api.github.com/repos/tonyclifton/vivae/subscribers",
        "subscription_url": "https://api.github.com/repos/tonyclifton/vivae/subscription",
        "commits_url": "https://api.github.com/repos/tonyclifton/vivae/commits{/sha}",
        "git_commits_url": "https://api.github.com/repos/tonyclifton/vivae/git/commits{/sha}",
        "comments_url": "https://api.github.com/repos/tonyclifton/vivae/comments{/number}",
        "issue_comment_url": "https://api.github.com/repos/tonyclifton/vivae/issues/comments{/number}",
        "contents_url": "https://api.github.com/repos/tonyclifton/vivae/contents/{+path}",
        "compare_url": "https://api.github.com/repos/tonyclifton/vivae/compare/{base}...{head}",
        "merges_url": "https://api.github.com/repos/tonyclifton/vivae/merges",
        "archive_url": "https://api.github.com/repos/tonyclifton/vivae/{archive_format}{/ref}",
        "downloads_url": "https://api.github.com/repos/tonyclifton/vivae/downloads",
        "issues_url": "https://api.github.com/repos/tonyclifton/vivae/issues{/number}",
        "pulls_url": "https://api.github.com/repos/tonyclifton/vivae/pulls{/number}",
        "milestones_url": "https://api.github.com/repos/tonyclifton/vivae/milestones{/number}",
        "notifications_url": "https://api.github.com/repos/tonyclifton/vivae/notifications{?since,all,participating}",
        "labels_url": "https://api.github.com/repos/tonyclifton/vivae/labels{/name}",
        "releases_url": "https://api.github.com/repos/tonyclifton/vivae/releases{/id}",
        "deployments_url": "https://api.github.com/repos/tonyclifton/vivae/deployments",
        "created_at": "2010-12-30T23:02:54Z",
        "updated_at": "2014-01-28T16:46:04Z",
        "pushed_at": "2011-01-03T11:49:05Z",
        "git_url": "git://github.com/tonyclifton/vivae.git",
        "ssh_url": "git@github.com:tonyclifton/vivae.git",
        "clone_url": "https://github.com/tonyclifton/vivae.git",
        "svn_url": "https://github.com/tonyclifton/vivae",
        "homepage": "",
        "size": 13847,
        "stargazers_count": 1,
        "watchers_count": 1,
        "language": "Java",
        "has_issues": false,
        "has_projects": true,
        "has_downloads": true,
        "has_wiki": true,
        "has_pages": false,
        "forks_count": 0,
        "mirror_url": null,
        "archived": false,
        "disabled": false,
        "open_issues_count": 0,
        "license": null,
        "forks": 0,
        "open_issues": 0,
        "watchers": 1,
        "default_branch": "master"
      }
    },
    "base": {
      "label": "HKou:master",
      "ref": "master",
      "sha": "a73c4f583d6e3c530519df46045e7d6592a5a38b",
      "user": {
        "login": "HKou",
        "id": 103248,
        "node_id": "MDQ6VXNlcjEwMzI0OA==",
        "avatar_url": "https://avatars0.githubusercontent.com/u/103248?v=4",
        "gravatar_id": "",
        "url": "https://api.github.com/users/HKou",
        "html_url": "https://github.com/HKou",
        "followers_url": "https://api.github.com/users/HKou/followers",
        "following_url": "https://api.github.com/users/HKou/following{/other_user}",
        "gists_url": "https://api.github.com/users/HKou/gists{/gist_id}",
        "starred_url": "https://api.github.com/users/HKou/starred{/owner}{/repo}",
        "subscriptions_url": "https://api.github.com/users/HKou/subscriptions",
        "organizations_url": "https://api.github.com/users/HKou/orgs",
        "repos_url": "https://api.github.com/users/HKou/repos",
        "events_url": "https://api.github.com/users/HKou/events{/privacy}",
        "received_events_url": "https://api.github.com/users/HKou/received_events",
        "type": "User",
        "site_admin": false
      },
      "repo": {
        "id": 300043,
        "node_id": "MDEwOlJlcG9zaXRvcnkzMDAwNDM=",
        "name": "vivae",
        "full_name": "HKou/vivae",
        "private": false,
        "owner": {
          "login": "HKou",
          "id": 103248,
          "node_id": "MDQ6VXNlcjEwMzI0OA==",
          "avatar_url": "https://avatars0.githubusercontent.com/u/103248?v=4",
          "gravatar_id": "",
          "url": "https://api.github.com/users/HKou",
          "html_url": "https://github.com/HKou",
          "followers_url": "https://api.github.com/users/HKou/followers",
          "following_url": "https://api.github.com/users/HKou/following{/other_user}",
          "gists_url": "https://api.github.com/users/HKou/gists{/gist_id}",
          "starred_url": "https://api.github.com/users/HKou/starred{/owner}{/repo}",
          "subscriptions_url": "https://api.github.com/users/HKou/subscriptions",
          "organizations_url": "https://api.github.com/users/HKou/orgs",
          "repos_url": "https://api.github.com/users/HKou/repos",
          "events_url": "https://api.github.com/users/HKou/events{/privacy}",
          "received_events_url": "https://api.github.com/users/HKou/received_events",
          "type": "User",
          "site_admin": false
        },
        "html_url": "https://github.com/HKou/vivae",
        "description": "Visual Vector Agent Environment",
        "fork": false,
        "url": "https://api.github.com/repos/HKou/vivae",
        "forks_url": "https://api.github.com/repos/HKou/vivae/forks",
        "keys_url": "https://api.github.com/repos/HKou/vivae/keys{/key_id}",
        "collaborators_url": "https://api.github.com/repos/HKou/vivae/collaborators{/collaborator}",
        "teams_url": "https://api.github.com/repos/HKou/vivae/teams",
        "hooks_url": "https://api.github.com/repos/HKou/vivae/hooks",
        "issue_events_url": "https://api.github.com/repos/HKou/vivae/issues/events{/number}",
        "events_url": "https://api.github.com/repos/HKou/vivae/events",
        "assignees_url": "https://api.github.com/repos/HKou/vivae/assignees{/user}",
        "branches_url": "https://api.github.com/repos/HKou/vivae/branches{/branch}",
        "tags_url": "https://api.github.com/repos/HKou/vivae/tags",
        "blobs_url": "https://api.github.com/repos/HKou/vivae/git/blobs{/sha}",
        "git_tags_url": "https://api.github.com/repos/HKou/vivae/git/tags{/sha}",
        "git_refs_url": "https://api.github.com/repos/HKou/vivae/git/refs{/sha}",
        "trees_url": "https://api.github.com/repos/HKou/vivae/git/trees{/sha}",
        "statuses_url": "https://api.github.com/repos/HKou/vivae/statuses/{sha}",
        "languages_url": "https://api.github.com/repos/HKou/vivae/languages",
        "stargazers_url": "https://api.github.com/repos/HKou/vivae/stargazers",
        "contributors_url": "https://api.github.com/repos/HKou/vivae/contributors",
        "subscribers_url": "https://api.github.com/repos/HKou/vivae/subscribers",
        "subscription_url": "https://api.github.com/repos/HKou/vivae/subscription",
        "commits_url": "https://api.github.com/repos/HKou/vivae/commits{/sha}",
        "git_commits_url": "https://api.github.com/repos/HKou/vivae/git/commits{/sha}",
        "comments_url": "https://api.github.com/repos/HKou/vivae/comments{/number}",
        "issue_comment_url": "https://api.github.com/repos/HKou/vivae/issues/comments{/number}",
        "contents_url": "https://api.github.com/repos/HKou/vivae/contents/{+path}",
        "compare_url": "https://api.github.com/repos/HKou/vivae/compare/{base}...{head}",
        "merges_url": "https://api.github.com/repos/HKou/vivae/merges",
        "archive_url": "https://api.github.com/repos/HKou/vivae/{archive_format}{/ref}",
        "downloads_url": "https://api.github.com/repos/HKou/vivae/downloads",
        "issues_url": "https://api.github.com/repos/HKou/vivae/issues{/number}",
        "pulls_url": "https://api.github.com/repos/HKou/vivae/pulls{/number}",
        "milestones_url": "https://api.github.com/repos/HKou/vivae/milestones{/number}",
        "notifications_url": "https://api.github.com/repos/HKou/vivae/notifications{?since,all,participating}",
        "labels_url": "https://api.github.com/repos/HKou/vivae/labels{/name}",
        "releases_url": "https://api.github.com/repos/HKou/vivae/releases{/id}",
        "deployments_url": "https://api.github.com/repos/HKou/vivae/deployments",
        "created_at": "2009-09-07T14:58:48Z",
        "updated_at": "2019-08-13T14:27:57Z",
        "pushed_at": "2011-01-03T11:55:55Z",
        "git_url": "git://github.com/HKou/vivae.git",
        "ssh_url": "git@github.com:HKou/vivae.git",
        "clone_url": "https://github.com/HKou/vivae.git",
        "svn_url": "https://github.com/HKou/vivae",
        "homepage": "",
        "size": 10647,
        "stargazers_count": 7,
        "watchers_count": 7,
        "language": "Java",
        "has_issues": true,
        "has_projects": true,
        "has_downloads": true,
        "has_wiki": true,
        "has_pages": false,
        "forks_count": 10,
        "mirror_url": null,
        "archived": false,
        "disabled": false,
        "open_issues_count": 0,
        "license": null,
        "forks": 10,
        "open_issues": 0,
        "watchers": 7,
        "default_branch": "master"
      }
    },
    "_links": {
      "self": {
        "href": "https://api.github.com/repos/HKou/vivae/pulls/2"
      },
      "html": {
        "href": "https://github.com/HKou/vivae/pull/2"
      },
      "issue": {
        "href": "https://api.github.com/repos/HKou/vivae/issues/2"
      },
      "comments": {
        "href": "https://api.github.com/repos/HKou/vivae/issues/2/comments"
      },
      "review_comments": {
        "href": "https://api.github.com/repos/HKou/vivae/pulls/2/comments"
      },
      "review_comment": {
        "href": "https://api.github.com/repos/HKou/vivae/pulls/comments{/number}"
      },
      "commits": {
        "href": "https://api.github.com/repos/HKou/vivae/pulls/2/commits"
      },
      "statuses": {
        "href": "https://api.github.com/repos/HKou/vivae/statuses/ac8a74733c1a8358e63d1d71ee1905785b2b5895"
      }
    },
    "author_association": "NONE"
  }
]
