[
  {
    "url": "https://api.github.com/repos/apache/rocketmq/pulls/885",
    "id": 255755689,
    "node_id": "MDExOlB1bGxSZXF1ZXN0MjU1NzU1Njg5",
    "html_url": "https://github.com/apache/rocketmq/pull/885",
    "diff_url": "https://github.com/apache/rocketmq/pull/885.diff",
    "patch_url": "https://github.com/apache/rocketmq/pull/885.patch",
    "issue_url": "https://api.github.com/repos/apache/rocketmq/issues/885",
    "number": 885,
    "state": "closed",
    "locked": false,
    "title": "[RIP-9] Add the Configuration_System in RocketMQ ",
    "user": {
      "login": "lyjLovezxn",
      "id": 45747135,
      "node_id": "MDQ6VXNlcjQ1NzQ3MTM1",
      "avatar_url": "https://avatars3.githubusercontent.com/u/45747135?v=4",
      "gravatar_id": "",
      "url": "https://api.github.com/users/lyjLovezxn",
      "html_url": "https://github.com/lyjLovezxn",
      "followers_url": "https://api.github.com/users/lyjLovezxn/followers",
      "following_url": "https://api.github.com/users/lyjLovezxn/following{/other_user}",
      "gists_url": "https://api.github.com/users/lyjLovezxn/gists{/gist_id}",
      "starred_url": "https://api.github.com/users/lyjLovezxn/starred{/owner}{/repo}",
      "subscriptions_url": "https://api.github.com/users/lyjLovezxn/subscriptions",
      "organizations_url": "https://api.github.com/users/lyjLovezxn/orgs",
      "repos_url": "https://api.github.com/users/lyjLovezxn/repos",
      "events_url": "https://api.github.com/users/lyjLovezxn/events{/privacy}",
      "received_events_url": "https://api.github.com/users/lyjLovezxn/received_events",
      "type": "User",
      "site_admin": false
    },
    "body": "## What is the purpose of the change\r\n\r\nAdd the Configuration_System in RocketMQ \r\n\r\n## Brief changelog\r\n\r\nAdd the English Document of Configuration_System in RocketMQ \r\n\r\n## Verifying this change\r\n\r\nFollow this checklist to help us incorporate your contribution quickly and easily. Notice, `it would be helpful if you could finish the following 5 checklist(the last one is not necessary)before request the community to review your PR`.\r\n\r\n- [x] Make sure there is a [Github issue](https://github.com/apache/rocketmq/issues) filed for the change (usually before you start working on it). Trivial changes like typos do not require a Github issue. Your pull request should address just this issue, without pulling in other changes - one PR resolves one issue. \r\n- [x] Format the pull request title like `[ISSUE #123] Fix UnknownException when host config not exist`. Each commit in the pull request should have a meaningful subject line and body.\r\n- [x] Write a pull request description that is detailed enough to understand what the pull request does, how, and why.\r\n- [x] Write necessary unit-test(over 80% coverage) to verify your logic correction, more mock a little better when cross module dependency exist. If the new feature or significant change is committed, please remember to add integration-test in [test module](https://github.com/apache/rocketmq/tree/master/test).\r\n- [x] Run `mvn -B clean apache-rat:check findbugs:findbugs checkstyle:checkstyle` to make sure basic checks pass. Run `mvn clean install -DskipITs` to make sure unit-test pass. Run `mvn clean test-compile failsafe:integration-test`  to make sure integration-test pass.\r\n- [ ] If this contribution is large, please file an [Apache Individual Contributor License Agreement](http://www.apache.org/licenses/#clas).\r\n",
    "created_at": "2019-02-25T04:44:32Z",
    "updated_at": "2019-03-08T07:40:32Z",
    "closed_at": "2019-02-25T07:19:39Z",
    "merged_at": "2019-02-25T07:19:39Z",
    "merge_commit_sha": "e4bbcc84aeac99f4f524f4ec96086432e9c0ed0c",
    "assignee": null,
    "assignees": [

    ],
    "requested_reviewers": [

    ],
    "requested_teams": [

    ],
    "labels": [
      {
        "id": 1255955502,
        "node_id": "MDU6TGFiZWwxMjU1OTU1NTAy",
        "url": "https://api.github.com/repos/apache/rocketmq/labels/doc",
        "name": "doc",
        "color": "a3f5f7",
        "default": false
      }
    ],
    "milestone": {
      "url": "https://api.github.com/repos/apache/rocketmq/milestones/7",
      "html_url": "https://github.com/apache/rocketmq/milestone/7",
      "labels_url": "https://api.github.com/repos/apache/rocketmq/milestones/7/labels",
      "id": 4074928,
      "node_id": "MDk6TWlsZXN0b25lNDA3NDkyOA==",
      "number": 7,
      "title": "4.5.0",
      "description": "",
      "creator": {
        "login": "vongosling",
        "id": 635581,
        "node_id": "MDQ6VXNlcjYzNTU4MQ==",
        "avatar_url": "https://avatars3.githubusercontent.com/u/635581?v=4",
        "gravatar_id": "",
        "url": "https://api.github.com/users/vongosling",
        "html_url": "https://github.com/vongosling",
        "followers_url": "https://api.github.com/users/vongosling/followers",
        "following_url": "https://api.github.com/users/vongosling/following{/other_user}",
        "gists_url": "https://api.github.com/users/vongosling/gists{/gist_id}",
        "starred_url": "https://api.github.com/users/vongosling/starred{/owner}{/repo}",
        "subscriptions_url": "https://api.github.com/users/vongosling/subscriptions",
        "organizations_url": "https://api.github.com/users/vongosling/orgs",
        "repos_url": "https://api.github.com/users/vongosling/repos",
        "events_url": "https://api.github.com/users/vongosling/events{/privacy}",
        "received_events_url": "https://api.github.com/users/vongosling/received_events",
        "type": "User",
        "site_admin": false
      },
      "open_issues": 3,
      "closed_issues": 101,
      "state": "closed",
      "created_at": "2019-02-21T03:34:30Z",
      "updated_at": "2019-07-11T09:16:35Z",
      "due_on": "2019-03-31T07:00:00Z",
      "closed_at": "2019-04-10T03:03:13Z"
    },
    "commits_url": "https://api.github.com/repos/apache/rocketmq/pulls/885/commits",
    "review_comments_url": "https://api.github.com/repos/apache/rocketmq/pulls/885/comments",
    "review_comment_url": "https://api.github.com/repos/apache/rocketmq/pulls/comments{/number}",
    "comments_url": "https://api.github.com/repos/apache/rocketmq/issues/885/comments",
    "statuses_url": "https://api.github.com/repos/apache/rocketmq/statuses/03398c4ccd7d109f5050c6b2135873313efd60b5",
    "head": {
      "label": "lyjLovezxn:develop",
      "ref": "develop",
      "sha": "03398c4ccd7d109f5050c6b2135873313efd60b5",
      "user": {
        "login": "lyjLovezxn",
        "id": 45747135,
        "node_id": "MDQ6VXNlcjQ1NzQ3MTM1",
        "avatar_url": "https://avatars3.githubusercontent.com/u/45747135?v=4",
        "gravatar_id": "",
        "url": "https://api.github.com/users/lyjLovezxn",
        "html_url": "https://github.com/lyjLovezxn",
        "followers_url": "https://api.github.com/users/lyjLovezxn/followers",
        "following_url": "https://api.github.com/users/lyjLovezxn/following{/other_user}",
        "gists_url": "https://api.github.com/users/lyjLovezxn/gists{/gist_id}",
        "starred_url": "https://api.github.com/users/lyjLovezxn/starred{/owner}{/repo}",
        "subscriptions_url": "https://api.github.com/users/lyjLovezxn/subscriptions",
        "organizations_url": "https://api.github.com/users/lyjLovezxn/orgs",
        "repos_url": "https://api.github.com/users/lyjLovezxn/repos",
        "events_url": "https://api.github.com/users/lyjLovezxn/events{/privacy}",
        "received_events_url": "https://api.github.com/users/lyjLovezxn/received_events",
        "type": "User",
        "site_admin": false
      },
      "repo": {
        "id": 172019034,
        "node_id": "MDEwOlJlcG9zaXRvcnkxNzIwMTkwMzQ=",
        "name": "rocketmq",
        "full_name": "lyjLovezxn/rocketmq",
        "private": false,
        "owner": {
          "login": "lyjLovezxn",
          "id": 45747135,
          "node_id": "MDQ6VXNlcjQ1NzQ3MTM1",
          "avatar_url": "https://avatars3.githubusercontent.com/u/45747135?v=4",
          "gravatar_id": "",
          "url": "https://api.github.com/users/lyjLovezxn",
          "html_url": "https://github.com/lyjLovezxn",
          "followers_url": "https://api.github.com/users/lyjLovezxn/followers",
          "following_url": "https://api.github.com/users/lyjLovezxn/following{/other_user}",
          "gists_url": "https://api.github.com/users/lyjLovezxn/gists{/gist_id}",
          "starred_url": "https://api.github.com/users/lyjLovezxn/starred{/owner}{/repo}",
          "subscriptions_url": "https://api.github.com/users/lyjLovezxn/subscriptions",
          "organizations_url": "https://api.github.com/users/lyjLovezxn/orgs",
          "repos_url": "https://api.github.com/users/lyjLovezxn/repos",
          "events_url": "https://api.github.com/users/lyjLovezxn/events{/privacy}",
          "received_events_url": "https://api.github.com/users/lyjLovezxn/received_events",
          "type": "User",
          "site_admin": false
        },
        "html_url": "https://github.com/lyjLovezxn/rocketmq",
        "description": "Mirror of Apache RocketMQ",
        "fork": true,
        "url": "https://api.github.com/repos/lyjLovezxn/rocketmq",
        "forks_url": "https://api.github.com/repos/lyjLovezxn/rocketmq/forks",
        "keys_url": "https://api.github.com/repos/lyjLovezxn/rocketmq/keys{/key_id}",
        "collaborators_url": "https://api.github.com/repos/lyjLovezxn/rocketmq/collaborators{/collaborator}",
        "teams_url": "https://api.github.com/repos/lyjLovezxn/rocketmq/teams",
        "hooks_url": "https://api.github.com/repos/lyjLovezxn/rocketmq/hooks",
        "issue_events_url": "https://api.github.com/repos/lyjLovezxn/rocketmq/issues/events{/number}",
        "events_url": "https://api.github.com/repos/lyjLovezxn/rocketmq/events",
        "assignees_url": "https://api.github.com/repos/lyjLovezxn/rocketmq/assignees{/user}",
        "branches_url": "https://api.github.com/repos/lyjLovezxn/rocketmq/branches{/branch}",
        "tags_url": "https://api.github.com/repos/lyjLovezxn/rocketmq/tags",
        "blobs_url": "https://api.github.com/repos/lyjLovezxn/rocketmq/git/blobs{/sha}",
        "git_tags_url": "https://api.github.com/repos/lyjLovezxn/rocketmq/git/tags{/sha}",
        "git_refs_url": "https://api.github.com/repos/lyjLovezxn/rocketmq/git/refs{/sha}",
        "trees_url": "https://api.github.com/repos/lyjLovezxn/rocketmq/git/trees{/sha}",
        "statuses_url": "https://api.github.com/repos/lyjLovezxn/rocketmq/statuses/{sha}",
        "languages_url": "https://api.github.com/repos/lyjLovezxn/rocketmq/languages",
        "stargazers_url": "https://api.github.com/repos/lyjLovezxn/rocketmq/stargazers",
        "contributors_url": "https://api.github.com/repos/lyjLovezxn/rocketmq/contributors",
        "subscribers_url": "https://api.github.com/repos/lyjLovezxn/rocketmq/subscribers",
        "subscription_url": "https://api.github.com/repos/lyjLovezxn/rocketmq/subscription",
        "commits_url": "https://api.github.com/repos/lyjLovezxn/rocketmq/commits{/sha}",
        "git_commits_url": "https://api.github.com/repos/lyjLovezxn/rocketmq/git/commits{/sha}",
        "comments_url": "https://api.github.com/repos/lyjLovezxn/rocketmq/comments{/number}",
        "issue_comment_url": "https://api.github.com/repos/lyjLovezxn/rocketmq/issues/comments{/number}",
        "contents_url": "https://api.github.com/repos/lyjLovezxn/rocketmq/contents/{+path}",
        "compare_url": "https://api.github.com/repos/lyjLovezxn/rocketmq/compare/{base}...{head}",
        "merges_url": "https://api.github.com/repos/lyjLovezxn/rocketmq/merges",
        "archive_url": "https://api.github.com/repos/lyjLovezxn/rocketmq/{archive_format}{/ref}",
        "downloads_url": "https://api.github.com/repos/lyjLovezxn/rocketmq/downloads",
        "issues_url": "https://api.github.com/repos/lyjLovezxn/rocketmq/issues{/number}",
        "pulls_url": "https://api.github.com/repos/lyjLovezxn/rocketmq/pulls{/number}",
        "milestones_url": "https://api.github.com/repos/lyjLovezxn/rocketmq/milestones{/number}",
        "notifications_url": "https://api.github.com/repos/lyjLovezxn/rocketmq/notifications{?since,all,participating}",
        "labels_url": "https://api.github.com/repos/lyjLovezxn/rocketmq/labels{/name}",
        "releases_url": "https://api.github.com/repos/lyjLovezxn/rocketmq/releases{/id}",
        "deployments_url": "https://api.github.com/repos/lyjLovezxn/rocketmq/deployments",
        "created_at": "2019-02-22T07:48:52Z",
        "updated_at": "2019-02-22T07:54:14Z",
        "pushed_at": "2019-02-25T04:20:17Z",
        "git_url": "git://github.com/lyjLovezxn/rocketmq.git",
        "ssh_url": "git@github.com:lyjLovezxn/rocketmq.git",
        "clone_url": "https://github.com/lyjLovezxn/rocketmq.git",
        "svn_url": "https://github.com/lyjLovezxn/rocketmq",
        "homepage": null,
        "size": 6202,
        "stargazers_count": 0,
        "watchers_count": 0,
        "language": "Java",
        "has_issues": false,
        "has_projects": true,
        "has_downloads": true,
        "has_wiki": true,
        "has_pages": false,
        "forks_count": 0,
        "mirror_url": null,
        "archived": false,
        "disabled": false,
        "open_issues_count": 0,
        "license": {
          "key": "apache-2.0",
          "name": "Apache License 2.0",
          "spdx_id": "Apache-2.0",
          "url": "https://api.github.com/licenses/apache-2.0",
          "node_id": "MDc6TGljZW5zZTI="
        },
        "forks": 0,
        "open_issues": 0,
        "watchers": 0,
        "default_branch": "master"
      }
    },
    "base": {
      "label": "apache:develop",
      "ref": "develop",
      "sha": "580037fc43d4ffb55bd59b60cfa6e8a9b57e8ca1",
      "user": {
        "login": "apache",
        "id": 47359,
        "node_id": "MDEyOk9yZ2FuaXphdGlvbjQ3MzU5",
        "avatar_url": "https://avatars0.githubusercontent.com/u/47359?v=4",
        "gravatar_id": "",
        "url": "https://api.github.com/users/apache",
        "html_url": "https://github.com/apache",
        "followers_url": "https://api.github.com/users/apache/followers",
        "following_url": "https://api.github.com/users/apache/following{/other_user}",
        "gists_url": "https://api.github.com/users/apache/gists{/gist_id}",
        "starred_url": "https://api.github.com/users/apache/starred{/owner}{/repo}",
        "subscriptions_url": "https://api.github.com/users/apache/subscriptions",
        "organizations_url": "https://api.github.com/users/apache/orgs",
        "repos_url": "https://api.github.com/users/apache/repos",
        "events_url": "https://api.github.com/users/apache/events{/privacy}",
        "received_events_url": "https://api.github.com/users/apache/received_events",
        "type": "Organization",
        "site_admin": false
      },
      "repo": {
        "id": 75164823,
        "node_id": "MDEwOlJlcG9zaXRvcnk3NTE2NDgyMw==",
        "name": "rocketmq",
        "full_name": "apache/rocketmq",
        "private": false,
        "owner": {
          "login": "apache",
          "id": 47359,
          "node_id": "MDEyOk9yZ2FuaXphdGlvbjQ3MzU5",
          "avatar_url": "https://avatars0.githubusercontent.com/u/47359?v=4",
          "gravatar_id": "",
          "url": "https://api.github.com/users/apache",
          "html_url": "https://github.com/apache",
          "followers_url": "https://api.github.com/users/apache/followers",
          "following_url": "https://api.github.com/users/apache/following{/other_user}",
          "gists_url": "https://api.github.com/users/apache/gists{/gist_id}",
          "starred_url": "https://api.github.com/users/apache/starred{/owner}{/repo}",
          "subscriptions_url": "https://api.github.com/users/apache/subscriptions",
          "organizations_url": "https://api.github.com/users/apache/orgs",
          "repos_url": "https://api.github.com/users/apache/repos",
          "events_url": "https://api.github.com/users/apache/events{/privacy}",
          "received_events_url": "https://api.github.com/users/apache/received_events",
          "type": "Organization",
          "site_admin": false
        },
        "html_url": "https://github.com/apache/rocketmq",
        "description": "Mirror of Apache RocketMQ",
        "fork": false,
        "url": "https://api.github.com/repos/apache/rocketmq",
        "forks_url": "https://api.github.com/repos/apache/rocketmq/forks",
        "keys_url": "https://api.github.com/repos/apache/rocketmq/keys{/key_id}",
        "collaborators_url": "https://api.github.com/repos/apache/rocketmq/collaborators{/collaborator}",
        "teams_url": "https://api.github.com/repos/apache/rocketmq/teams",
        "hooks_url": "https://api.github.com/repos/apache/rocketmq/hooks",
        "issue_events_url": "https://api.github.com/repos/apache/rocketmq/issues/events{/number}",
        "events_url": "https://api.github.com/repos/apache/rocketmq/events",
        "assignees_url": "https://api.github.com/repos/apache/rocketmq/assignees{/user}",
        "branches_url": "https://api.github.com/repos/apache/rocketmq/branches{/branch}",
        "tags_url": "https://api.github.com/repos/apache/rocketmq/tags",
        "blobs_url": "https://api.github.com/repos/apache/rocketmq/git/blobs{/sha}",
        "git_tags_url": "https://api.github.com/repos/apache/rocketmq/git/tags{/sha}",
        "git_refs_url": "https://api.github.com/repos/apache/rocketmq/git/refs{/sha}",
        "trees_url": "https://api.github.com/repos/apache/rocketmq/git/trees{/sha}",
        "statuses_url": "https://api.github.com/repos/apache/rocketmq/statuses/{sha}",
        "languages_url": "https://api.github.com/repos/apache/rocketmq/languages",
        "stargazers_url": "https://api.github.com/repos/apache/rocketmq/stargazers",
        "contributors_url": "https://api.github.com/repos/apache/rocketmq/contributors",
        "subscribers_url": "https://api.github.com/repos/apache/rocketmq/subscribers",
        "subscription_url": "https://api.github.com/repos/apache/rocketmq/subscription",
        "commits_url": "https://api.github.com/repos/apache/rocketmq/commits{/sha}",
        "git_commits_url": "https://api.github.com/repos/apache/rocketmq/git/commits{/sha}",
        "comments_url": "https://api.github.com/repos/apache/rocketmq/comments{/number}",
        "issue_comment_url": "https://api.github.com/repos/apache/rocketmq/issues/comments{/number}",
        "contents_url": "https://api.github.com/repos/apache/rocketmq/contents/{+path}",
        "compare_url": "https://api.github.com/repos/apache/rocketmq/compare/{base}...{head}",
        "merges_url": "https://api.github.com/repos/apache/rocketmq/merges",
        "archive_url": "https://api.github.com/repos/apache/rocketmq/{archive_format}{/ref}",
        "downloads_url": "https://api.github.com/repos/apache/rocketmq/downloads",
        "issues_url": "https://api.github.com/repos/apache/rocketmq/issues{/number}",
        "pulls_url": "https://api.github.com/repos/apache/rocketmq/pulls{/number}",
        "milestones_url": "https://api.github.com/repos/apache/rocketmq/milestones{/number}",
        "notifications_url": "https://api.github.com/repos/apache/rocketmq/notifications{?since,all,participating}",
        "labels_url": "https://api.github.com/repos/apache/rocketmq/labels{/name}",
        "releases_url": "https://api.github.com/repos/apache/rocketmq/releases{/id}",
        "deployments_url": "https://api.github.com/repos/apache/rocketmq/deployments",
        "created_at": "2016-11-30T08:00:08Z",
        "updated_at": "2019-09-11T06:15:29Z",
        "pushed_at": "2019-09-09T06:41:24Z",
        "git_url": "git://github.com/apache/rocketmq.git",
        "ssh_url": "git@github.com:apache/rocketmq.git",
        "clone_url": "https://github.com/apache/rocketmq.git",
        "svn_url": "https://github.com/apache/rocketmq",
        "homepage": null,
        "size": 7580,
        "stargazers_count": 8908,
        "watchers_count": 8908,
        "language": "Java",
        "has_issues": true,
        "has_projects": true,
        "has_downloads": true,
        "has_wiki": true,
        "has_pages": false,
        "forks_count": 4626,
        "mirror_url": null,
        "archived": false,
        "disabled": false,
        "open_issues_count": 261,
        "license": {
          "key": "apache-2.0",
          "name": "Apache License 2.0",
          "spdx_id": "Apache-2.0",
          "url": "https://api.github.com/licenses/apache-2.0",
          "node_id": "MDc6TGljZW5zZTI="
        },
        "forks": 4626,
        "open_issues": 261,
        "watchers": 8908,
        "default_branch": "master"
      }
    },
    "_links": {
      "self": {
        "href": "https://api.github.com/repos/apache/rocketmq/pulls/885"
      },
      "html": {
        "href": "https://github.com/apache/rocketmq/pull/885"
      },
      "issue": {
        "href": "https://api.github.com/repos/apache/rocketmq/issues/885"
      },
      "comments": {
        "href": "https://api.github.com/repos/apache/rocketmq/issues/885/comments"
      },
      "review_comments": {
        "href": "https://api.github.com/repos/apache/rocketmq/pulls/885/comments"
      },
      "review_comment": {
        "href": "https://api.github.com/repos/apache/rocketmq/pulls/comments{/number}"
      },
      "commits": {
        "href": "https://api.github.com/repos/apache/rocketmq/pulls/885/commits"
      },
      "statuses": {
        "href": "https://api.github.com/repos/apache/rocketmq/statuses/03398c4ccd7d109f5050c6b2135873313efd60b5"
      }
    },
    "author_association": "CONTRIBUTOR"
  }
]
