[
  {
    "url": "https://api.github.com/repos/apache/spark/pulls/1",
    "id": 72981859,
    "node_id": "MDExOlB1bGxSZXF1ZXN0NzI5ODE4NTk=",
    "html_url": "https://github.com/LifengWang/spark/pull/1",
    "diff_url": "https://github.com/LifengWang/spark/pull/1.diff",
    "patch_url": "https://github.com/LifengWang/spark/pull/1.patch",
    "issue_url": "https://api.github.com/repos/apache/spark/issues/1",
    "number": 1,
    "state": "closed",
    "locked": false,
    "title": "merge from master",
    "user": {
      "login": "LifengWang",
      "id": 5210110,
      "node_id": "MDQ6VXNlcjUyMTAxMTA=",
      "avatar_url": "https://avatars2.githubusercontent.com/u/5210110?v=4",
      "gravatar_id": "",
      "url": "https://api.github.com/users/LifengWang",
      "html_url": "https://github.com/LifengWang",
      "followers_url": "https://api.github.com/users/LifengWang/followers",
      "following_url": "https://api.github.com/users/LifengWang/following{/other_user}",
      "gists_url": "https://api.github.com/users/LifengWang/gists{/gist_id}",
      "starred_url": "https://api.github.com/users/LifengWang/starred{/owner}{/repo}",
      "subscriptions_url": "https://api.github.com/users/LifengWang/subscriptions",
      "organizations_url": "https://api.github.com/users/LifengWang/orgs",
      "repos_url": "https://api.github.com/users/LifengWang/repos",
      "events_url": "https://api.github.com/users/LifengWang/events{/privacy}",
      "received_events_url": "https://api.github.com/users/LifengWang/received_events",
      "type": "User",
      "site_admin": false
    },
    "body": "",
    "created_at": "2016-06-08T03:30:47Z",
    "updated_at": "2016-06-08T03:30:54Z",
    "closed_at": "2016-06-08T03:30:54Z",
    "merged_at": "2016-06-08T03:30:54Z",
    "merge_commit_sha": "1bcee9cc7eb12dcec7f6fb06964d36e1fa507bc6",
    "assignee": null,
    "assignees": [

    ],
    "requested_reviewers": [

    ],
    "requested_teams": [

    ],
    "labels": [

    ],
    "milestone": null,
    "commits_url": "https://api.github.com/repos/apache/spark/pulls/1/commits",
    "review_comments_url": "https://api.github.com/repos/apache/spark/pulls/1/comments",
    "review_comment_url": "https://api.github.com/repos/apache/spark/pulls/comments{/number}",
    "comments_url": "https://api.github.com/repos/apache/spark/issues/1/comments",
    "statuses_url": "https://api.github.com/repos/apache/spark/statuses/91fbc880b69bddcf5310afecc49df1102408e1f3",
    "head": {
      "label": "apache:master",
      "ref": "master",
      "sha": "91fbc880b69bddcf5310afecc49df1102408e1f3",
      "user": {
        "login": "apache",
        "id": 47359,
        "node_id": "MDEyOk9yZ2FuaXphdGlvbjQ3MzU5",
        "avatar_url": "https://avatars0.githubusercontent.com/u/47359?v=4",
        "gravatar_id": "",
        "url": "https://api.github.com/users/apache",
        "html_url": "https://github.com/apache",
        "followers_url": "https://api.github.com/users/apache/followers",
        "following_url": "https://api.github.com/users/apache/following{/other_user}",
        "gists_url": "https://api.github.com/users/apache/gists{/gist_id}",
        "starred_url": "https://api.github.com/users/apache/starred{/owner}{/repo}",
        "subscriptions_url": "https://api.github.com/users/apache/subscriptions",
        "organizations_url": "https://api.github.com/users/apache/orgs",
        "repos_url": "https://api.github.com/users/apache/repos",
        "events_url": "https://api.github.com/users/apache/events{/privacy}",
        "received_events_url": "https://api.github.com/users/apache/received_events",
        "type": "Organization",
        "site_admin": false
      },
      "repo": {
        "id": 17165658,
        "node_id": "MDEwOlJlcG9zaXRvcnkxNzE2NTY1OA==",
        "name": "spark",
        "full_name": "apache/spark",
        "private": false,
        "owner": {
          "login": "apache",
          "id": 47359,
          "node_id": "MDEyOk9yZ2FuaXphdGlvbjQ3MzU5",
          "avatar_url": "https://avatars0.githubusercontent.com/u/47359?v=4",
          "gravatar_id": "",
          "url": "https://api.github.com/users/apache",
          "html_url": "https://github.com/apache",
          "followers_url": "https://api.github.com/users/apache/followers",
          "following_url": "https://api.github.com/users/apache/following{/other_user}",
          "gists_url": "https://api.github.com/users/apache/gists{/gist_id}",
          "starred_url": "https://api.github.com/users/apache/starred{/owner}{/repo}",
          "subscriptions_url": "https://api.github.com/users/apache/subscriptions",
          "organizations_url": "https://api.github.com/users/apache/orgs",
          "repos_url": "https://api.github.com/users/apache/repos",
          "events_url": "https://api.github.com/users/apache/events{/privacy}",
          "received_events_url": "https://api.github.com/users/apache/received_events",
          "type": "Organization",
          "site_admin": false
        },
        "html_url": "https://github.com/apache/spark",
        "description": "Apache Spark",
        "fork": false,
        "url": "https://api.github.com/repos/apache/spark",
        "forks_url": "https://api.github.com/repos/apache/spark/forks",
        "keys_url": "https://api.github.com/repos/apache/spark/keys{/key_id}",
        "collaborators_url": "https://api.github.com/repos/apache/spark/collaborators{/collaborator}",
        "teams_url": "https://api.github.com/repos/apache/spark/teams",
        "hooks_url": "https://api.github.com/repos/apache/spark/hooks",
        "issue_events_url": "https://api.github.com/repos/apache/spark/issues/events{/number}",
        "events_url": "https://api.github.com/repos/apache/spark/events",
        "assignees_url": "https://api.github.com/repos/apache/spark/assignees{/user}",
        "branches_url": "https://api.github.com/repos/apache/spark/branches{/branch}",
        "tags_url": "https://api.github.com/repos/apache/spark/tags",
        "blobs_url": "https://api.github.com/repos/apache/spark/git/blobs{/sha}",
        "git_tags_url": "https://api.github.com/repos/apache/spark/git/tags{/sha}",
        "git_refs_url": "https://api.github.com/repos/apache/spark/git/refs{/sha}",
        "trees_url": "https://api.github.com/repos/apache/spark/git/trees{/sha}",
        "statuses_url": "https://api.github.com/repos/apache/spark/statuses/{sha}",
        "languages_url": "https://api.github.com/repos/apache/spark/languages",
        "stargazers_url": "https://api.github.com/repos/apache/spark/stargazers",
        "contributors_url": "https://api.github.com/repos/apache/spark/contributors",
        "subscribers_url": "https://api.github.com/repos/apache/spark/subscribers",
        "subscription_url": "https://api.github.com/repos/apache/spark/subscription",
        "commits_url": "https://api.github.com/repos/apache/spark/commits{/sha}",
        "git_commits_url": "https://api.github.com/repos/apache/spark/git/commits{/sha}",
        "comments_url": "https://api.github.com/repos/apache/spark/comments{/number}",
        "issue_comment_url": "https://api.github.com/repos/apache/spark/issues/comments{/number}",
        "contents_url": "https://api.github.com/repos/apache/spark/contents/{+path}",
        "compare_url": "https://api.github.com/repos/apache/spark/compare/{base}...{head}",
        "merges_url": "https://api.github.com/repos/apache/spark/merges",
        "archive_url": "https://api.github.com/repos/apache/spark/{archive_format}{/ref}",
        "downloads_url": "https://api.github.com/repos/apache/spark/downloads",
        "issues_url": "https://api.github.com/repos/apache/spark/issues{/number}",
        "pulls_url": "https://api.github.com/repos/apache/spark/pulls{/number}",
        "milestones_url": "https://api.github.com/repos/apache/spark/milestones{/number}",
        "notifications_url": "https://api.github.com/repos/apache/spark/notifications{?since,all,participating}",
        "labels_url": "https://api.github.com/repos/apache/spark/labels{/name}",
        "releases_url": "https://api.github.com/repos/apache/spark/releases{/id}",
        "deployments_url": "https://api.github.com/repos/apache/spark/deployments",
        "created_at": "2014-02-25T08:00:08Z",
        "updated_at": "2019-09-11T01:45:14Z",
        "pushed_at": "2019-09-11T01:27:32Z",
        "git_url": "git://github.com/apache/spark.git",
        "ssh_url": "git@github.com:apache/spark.git",
        "clone_url": "https://github.com/apache/spark.git",
        "svn_url": "https://github.com/apache/spark",
        "homepage": "",
        "size": 310510,
        "stargazers_count": 23342,
        "watchers_count": 23342,
        "language": "Scala",
        "has_issues": false,
        "has_projects": true,
        "has_downloads": true,
        "has_wiki": false,
        "has_pages": false,
        "forks_count": 19988,
        "mirror_url": null,
        "archived": false,
        "disabled": false,
        "open_issues_count": 519,
        "license": {
          "key": "apache-2.0",
          "name": "Apache License 2.0",
          "spdx_id": "Apache-2.0",
          "url": "https://api.github.com/licenses/apache-2.0",
          "node_id": "MDc6TGljZW5zZTI="
        },
        "forks": 19988,
        "open_issues": 519,
        "watchers": 23342,
        "default_branch": "master"
      }
    },
    "base": {
      "label": "LifengWang:master",
      "ref": "master",
      "sha": "40a10d7675578f8370d07e23810d9fc5d58e0550",
      "user": {
        "login": "LifengWang",
        "id": 5210110,
        "node_id": "MDQ6VXNlcjUyMTAxMTA=",
        "avatar_url": "https://avatars2.githubusercontent.com/u/5210110?v=4",
        "gravatar_id": "",
        "url": "https://api.github.com/users/LifengWang",
        "html_url": "https://github.com/LifengWang",
        "followers_url": "https://api.github.com/users/LifengWang/followers",
        "following_url": "https://api.github.com/users/LifengWang/following{/other_user}",
        "gists_url": "https://api.github.com/users/LifengWang/gists{/gist_id}",
        "starred_url": "https://api.github.com/users/LifengWang/starred{/owner}{/repo}",
        "subscriptions_url": "https://api.github.com/users/LifengWang/subscriptions",
        "organizations_url": "https://api.github.com/users/LifengWang/orgs",
        "repos_url": "https://api.github.com/users/LifengWang/repos",
        "events_url": "https://api.github.com/users/LifengWang/events{/privacy}",
        "received_events_url": "https://api.github.com/users/LifengWang/received_events",
        "type": "User",
        "site_admin": false
      },
      "repo": {
        "id": 44714716,
        "node_id": "MDEwOlJlcG9zaXRvcnk0NDcxNDcxNg==",
        "name": "spark",
        "full_name": "LifengWang/spark",
        "private": false,
        "owner": {
          "login": "LifengWang",
          "id": 5210110,
          "node_id": "MDQ6VXNlcjUyMTAxMTA=",
          "avatar_url": "https://avatars2.githubusercontent.com/u/5210110?v=4",
          "gravatar_id": "",
          "url": "https://api.github.com/users/LifengWang",
          "html_url": "https://github.com/LifengWang",
          "followers_url": "https://api.github.com/users/LifengWang/followers",
          "following_url": "https://api.github.com/users/LifengWang/following{/other_user}",
          "gists_url": "https://api.github.com/users/LifengWang/gists{/gist_id}",
          "starred_url": "https://api.github.com/users/LifengWang/starred{/owner}{/repo}",
          "subscriptions_url": "https://api.github.com/users/LifengWang/subscriptions",
          "organizations_url": "https://api.github.com/users/LifengWang/orgs",
          "repos_url": "https://api.github.com/users/LifengWang/repos",
          "events_url": "https://api.github.com/users/LifengWang/events{/privacy}",
          "received_events_url": "https://api.github.com/users/LifengWang/received_events",
          "type": "User",
          "site_admin": false
        },
        "html_url": "https://github.com/LifengWang/spark",
        "description": "Mirror of Apache Spark",
        "fork": true,
        "url": "https://api.github.com/repos/LifengWang/spark",
        "forks_url": "https://api.github.com/repos/LifengWang/spark/forks",
        "keys_url": "https://api.github.com/repos/LifengWang/spark/keys{/key_id}",
        "collaborators_url": "https://api.github.com/repos/LifengWang/spark/collaborators{/collaborator}",
        "teams_url": "https://api.github.com/repos/LifengWang/spark/teams",
        "hooks_url": "https://api.github.com/repos/LifengWang/spark/hooks",
        "issue_events_url": "https://api.github.com/repos/LifengWang/spark/issues/events{/number}",
        "events_url": "https://api.github.com/repos/LifengWang/spark/events",
        "assignees_url": "https://api.github.com/repos/LifengWang/spark/assignees{/user}",
        "branches_url": "https://api.github.com/repos/LifengWang/spark/branches{/branch}",
        "tags_url": "https://api.github.com/repos/LifengWang/spark/tags",
        "blobs_url": "https://api.github.com/repos/LifengWang/spark/git/blobs{/sha}",
        "git_tags_url": "https://api.github.com/repos/LifengWang/spark/git/tags{/sha}",
        "git_refs_url": "https://api.github.com/repos/LifengWang/spark/git/refs{/sha}",
        "trees_url": "https://api.github.com/repos/LifengWang/spark/git/trees{/sha}",
        "statuses_url": "https://api.github.com/repos/LifengWang/spark/statuses/{sha}",
        "languages_url": "https://api.github.com/repos/LifengWang/spark/languages",
        "stargazers_url": "https://api.github.com/repos/LifengWang/spark/stargazers",
        "contributors_url": "https://api.github.com/repos/LifengWang/spark/contributors",
        "subscribers_url": "https://api.github.com/repos/LifengWang/spark/subscribers",
        "subscription_url": "https://api.github.com/repos/LifengWang/spark/subscription",
        "commits_url": "https://api.github.com/repos/LifengWang/spark/commits{/sha}",
        "git_commits_url": "https://api.github.com/repos/LifengWang/spark/git/commits{/sha}",
        "comments_url": "https://api.github.com/repos/LifengWang/spark/comments{/number}",
        "issue_comment_url": "https://api.github.com/repos/LifengWang/spark/issues/comments{/number}",
        "contents_url": "https://api.github.com/repos/LifengWang/spark/contents/{+path}",
        "compare_url": "https://api.github.com/repos/LifengWang/spark/compare/{base}...{head}",
        "merges_url": "https://api.github.com/repos/LifengWang/spark/merges",
        "archive_url": "https://api.github.com/repos/LifengWang/spark/{archive_format}{/ref}",
        "downloads_url": "https://api.github.com/repos/LifengWang/spark/downloads",
        "issues_url": "https://api.github.com/repos/LifengWang/spark/issues{/number}",
        "pulls_url": "https://api.github.com/repos/LifengWang/spark/pulls{/number}",
        "milestones_url": "https://api.github.com/repos/LifengWang/spark/milestones{/number}",
        "notifications_url": "https://api.github.com/repos/LifengWang/spark/notifications{?since,all,participating}",
        "labels_url": "https://api.github.com/repos/LifengWang/spark/labels{/name}",
        "releases_url": "https://api.github.com/repos/LifengWang/spark/releases{/id}",
        "deployments_url": "https://api.github.com/repos/LifengWang/spark/deployments",
        "created_at": "2015-10-22T01:33:29Z",
        "updated_at": "2016-06-08T03:31:11Z",
        "pushed_at": "2016-06-08T03:30:54Z",
        "git_url": "git://github.com/LifengWang/spark.git",
        "ssh_url": "git@github.com:LifengWang/spark.git",
        "clone_url": "https://github.com/LifengWang/spark.git",
        "svn_url": "https://github.com/LifengWang/spark",
        "homepage": null,
        "size": 177674,
        "stargazers_count": 0,
        "watchers_count": 0,
        "language": "Scala",
        "has_issues": false,
        "has_projects": true,
        "has_downloads": true,
        "has_wiki": false,
        "has_pages": false,
        "forks_count": 0,
        "mirror_url": null,
        "archived": false,
        "disabled": false,
        "open_issues_count": 0,
        "license": {
          "key": "apache-2.0",
          "name": "Apache License 2.0",
          "spdx_id": "Apache-2.0",
          "url": "https://api.github.com/licenses/apache-2.0",
          "node_id": "MDc6TGljZW5zZTI="
        },
        "forks": 0,
        "open_issues": 0,
        "watchers": 0,
        "default_branch": "master"
      }
    },
    "_links": {
      "self": {
        "href": "https://api.github.com/repos/apache/spark/pulls/1"
      },
      "html": {
        "href": "https://github.com/LifengWang/spark/pull/1"
      },
      "issue": {
        "href": "https://api.github.com/repos/apache/spark/issues/1"
      },
      "comments": {
        "href": "https://api.github.com/repos/apache/spark/issues/1/comments"
      },
      "review_comments": {
        "href": "https://api.github.com/repos/apache/spark/pulls/1/comments"
      },
      "review_comment": {
        "href": "https://api.github.com/repos/apache/spark/pulls/comments{/number}"
      },
      "commits": {
        "href": "https://api.github.com/repos/apache/spark/pulls/1/commits"
      },
      "statuses": {
        "href": "https://api.github.com/repos/apache/spark/statuses/91fbc880b69bddcf5310afecc49df1102408e1f3"
      }
    },
    "author_association": "OWNER"
  }
]
