[
  {
    "url": "https://api.github.com/repos/drj11/pypng/pulls/14",
    "id": 39161497,
    "node_id": "MDExOlB1bGxSZXF1ZXN0MzkxNjE0OTc=",
    "html_url": "https://github.com/Scondo/purepng/pull/14",
    "diff_url": "https://github.com/Scondo/purepng/pull/14.diff",
    "patch_url": "https://github.com/Scondo/purepng/pull/14.patch",
    "issue_url": "https://api.github.com/repos/drj11/pypng/issues/14",
    "number": 14,
    "state": "closed",
    "locked": false,
    "title": "Interpret sRGB chunk",
    "user": {
      "login": "brechtm",
      "id": 652887,
      "node_id": "MDQ6VXNlcjY1Mjg4Nw==",
      "avatar_url": "https://avatars0.githubusercontent.com/u/652887?v=4",
      "gravatar_id": "",
      "url": "https://api.github.com/users/brechtm",
      "html_url": "https://github.com/brechtm",
      "followers_url": "https://api.github.com/users/brechtm/followers",
      "following_url": "https://api.github.com/users/brechtm/following{/other_user}",
      "gists_url": "https://api.github.com/users/brechtm/gists{/gist_id}",
      "starred_url": "https://api.github.com/users/brechtm/starred{/owner}{/repo}",
      "subscriptions_url": "https://api.github.com/users/brechtm/subscriptions",
      "organizations_url": "https://api.github.com/users/brechtm/orgs",
      "repos_url": "https://api.github.com/users/brechtm/repos",
      "events_url": "https://api.github.com/users/brechtm/events{/privacy}",
      "received_events_url": "https://api.github.com/users/brechtm/received_events",
      "type": "User",
      "site_admin": false
    },
    "body": "",
    "created_at": "2015-07-03T09:55:21Z",
    "updated_at": "2015-07-05T10:12:34Z",
    "closed_at": "2015-07-05T10:12:34Z",
    "merged_at": "2015-07-05T10:12:34Z",
    "merge_commit_sha": "b197efcb5ebf6e6872c3e97c087c66fe779903d8",
    "assignee": null,
    "assignees": [

    ],
    "requested_reviewers": [

    ],
    "requested_teams": [

    ],
    "labels": [

    ],
    "milestone": null,
    "commits_url": "https://api.github.com/repos/drj11/pypng/pulls/14/commits",
    "review_comments_url": "https://api.github.com/repos/drj11/pypng/pulls/14/comments",
    "review_comment_url": "https://api.github.com/repos/drj11/pypng/pulls/comments{/number}",
    "comments_url": "https://api.github.com/repos/drj11/pypng/issues/14/comments",
    "statuses_url": "https://api.github.com/repos/drj11/pypng/statuses/5a035da1708325c896af023cb3bf73a4c55c64ee",
    "head": {
      "label": "brechtm:master",
      "ref": "master",
      "sha": "5a035da1708325c896af023cb3bf73a4c55c64ee",
      "user": {
        "login": "brechtm",
        "id": 652887,
        "node_id": "MDQ6VXNlcjY1Mjg4Nw==",
        "avatar_url": "https://avatars0.githubusercontent.com/u/652887?v=4",
        "gravatar_id": "",
        "url": "https://api.github.com/users/brechtm",
        "html_url": "https://github.com/brechtm",
        "followers_url": "https://api.github.com/users/brechtm/followers",
        "following_url": "https://api.github.com/users/brechtm/following{/other_user}",
        "gists_url": "https://api.github.com/users/brechtm/gists{/gist_id}",
        "starred_url": "https://api.github.com/users/brechtm/starred{/owner}{/repo}",
        "subscriptions_url": "https://api.github.com/users/brechtm/subscriptions",
        "organizations_url": "https://api.github.com/users/brechtm/orgs",
        "repos_url": "https://api.github.com/users/brechtm/repos",
        "events_url": "https://api.github.com/users/brechtm/events{/privacy}",
        "received_events_url": "https://api.github.com/users/brechtm/received_events",
        "type": "User",
        "site_admin": false
      },
      "repo": {
        "id": 38071714,
        "node_id": "MDEwOlJlcG9zaXRvcnkzODA3MTcxNA==",
        "name": "purepng",
        "full_name": "brechtm/purepng",
        "private": false,
        "owner": {
          "login": "brechtm",
          "id": 652887,
          "node_id": "MDQ6VXNlcjY1Mjg4Nw==",
          "avatar_url": "https://avatars0.githubusercontent.com/u/652887?v=4",
          "gravatar_id": "",
          "url": "https://api.github.com/users/brechtm",
          "html_url": "https://github.com/brechtm",
          "followers_url": "https://api.github.com/users/brechtm/followers",
          "following_url": "https://api.github.com/users/brechtm/following{/other_user}",
          "gists_url": "https://api.github.com/users/brechtm/gists{/gist_id}",
          "starred_url": "https://api.github.com/users/brechtm/starred{/owner}{/repo}",
          "subscriptions_url": "https://api.github.com/users/brechtm/subscriptions",
          "organizations_url": "https://api.github.com/users/brechtm/orgs",
          "repos_url": "https://api.github.com/users/brechtm/repos",
          "events_url": "https://api.github.com/users/brechtm/events{/privacy}",
          "received_events_url": "https://api.github.com/users/brechtm/received_events",
          "type": "User",
          "site_admin": false
        },
        "html_url": "https://github.com/brechtm/purepng",
        "description": "Pure Python library for PNG image encoding/decoding",
        "fork": true,
        "url": "https://api.github.com/repos/brechtm/purepng",
        "forks_url": "https://api.github.com/repos/brechtm/purepng/forks",
        "keys_url": "https://api.github.com/repos/brechtm/purepng/keys{/key_id}",
        "collaborators_url": "https://api.github.com/repos/brechtm/purepng/collaborators{/collaborator}",
        "teams_url": "https://api.github.com/repos/brechtm/purepng/teams",
        "hooks_url": "https://api.github.com/repos/brechtm/purepng/hooks",
        "issue_events_url": "https://api.github.com/repos/brechtm/purepng/issues/events{/number}",
        "events_url": "https://api.github.com/repos/brechtm/purepng/events",
        "assignees_url": "https://api.github.com/repos/brechtm/purepng/assignees{/user}",
        "branches_url": "https://api.github.com/repos/brechtm/purepng/branches{/branch}",
        "tags_url": "https://api.github.com/repos/brechtm/purepng/tags",
        "blobs_url": "https://api.github.com/repos/brechtm/purepng/git/blobs{/sha}",
        "git_tags_url": "https://api.github.com/repos/brechtm/purepng/git/tags{/sha}",
        "git_refs_url": "https://api.github.com/repos/brechtm/purepng/git/refs{/sha}",
        "trees_url": "https://api.github.com/repos/brechtm/purepng/git/trees{/sha}",
        "statuses_url": "https://api.github.com/repos/brechtm/purepng/statuses/{sha}",
        "languages_url": "https://api.github.com/repos/brechtm/purepng/languages",
        "stargazers_url": "https://api.github.com/repos/brechtm/purepng/stargazers",
        "contributors_url": "https://api.github.com/repos/brechtm/purepng/contributors",
        "subscribers_url": "https://api.github.com/repos/brechtm/purepng/subscribers",
        "subscription_url": "https://api.github.com/repos/brechtm/purepng/subscription",
        "commits_url": "https://api.github.com/repos/brechtm/purepng/commits{/sha}",
        "git_commits_url": "https://api.github.com/repos/brechtm/purepng/git/commits{/sha}",
        "comments_url": "https://api.github.com/repos/brechtm/purepng/comments{/number}",
        "issue_comment_url": "https://api.github.com/repos/brechtm/purepng/issues/comments{/number}",
        "contents_url": "https://api.github.com/repos/brechtm/purepng/contents/{+path}",
        "compare_url": "https://api.github.com/repos/brechtm/purepng/compare/{base}...{head}",
        "merges_url": "https://api.github.com/repos/brechtm/purepng/merges",
        "archive_url": "https://api.github.com/repos/brechtm/purepng/{archive_format}{/ref}",
        "downloads_url": "https://api.github.com/repos/brechtm/purepng/downloads",
        "issues_url": "https://api.github.com/repos/brechtm/purepng/issues{/number}",
        "pulls_url": "https://api.github.com/repos/brechtm/purepng/pulls{/number}",
        "milestones_url": "https://api.github.com/repos/brechtm/purepng/milestones{/number}",
        "notifications_url": "https://api.github.com/repos/brechtm/purepng/notifications{?since,all,participating}",
        "labels_url": "https://api.github.com/repos/brechtm/purepng/labels{/name}",
        "releases_url": "https://api.github.com/repos/brechtm/purepng/releases{/id}",
        "deployments_url": "https://api.github.com/repos/brechtm/purepng/deployments",
        "created_at": "2015-06-25T20:14:09Z",
        "updated_at": "2015-06-25T20:14:09Z",
        "pushed_at": "2015-07-03T16:39:58Z",
        "git_url": "git://github.com/brechtm/purepng.git",
        "ssh_url": "git@github.com:brechtm/purepng.git",
        "clone_url": "https://github.com/brechtm/purepng.git",
        "svn_url": "https://github.com/brechtm/purepng",
        "homepage": null,
        "size": 1307,
        "stargazers_count": 0,
        "watchers_count": 0,
        "language": "Python",
        "has_issues": false,
        "has_projects": true,
        "has_downloads": true,
        "has_wiki": false,
        "has_pages": false,
        "forks_count": 0,
        "mirror_url": null,
        "archived": false,
        "disabled": false,
        "open_issues_count": 0,
        "license": {
          "key": "mit",
          "name": "MIT License",
          "spdx_id": "MIT",
          "url": "https://api.github.com/licenses/mit",
          "node_id": "MDc6TGljZW5zZTEz"
        },
        "forks": 0,
        "open_issues": 0,
        "watchers": 0,
        "default_branch": "master"
      }
    },
    "base": {
      "label": "Scondo:master",
      "ref": "master",
      "sha": "1fab4a898a712faff20e9aa73f8062cf663c5beb",
      "user": {
        "login": "Scondo",
        "id": 1354284,
        "node_id": "MDQ6VXNlcjEzNTQyODQ=",
        "avatar_url": "https://avatars1.githubusercontent.com/u/1354284?v=4",
        "gravatar_id": "",
        "url": "https://api.github.com/users/Scondo",
        "html_url": "https://github.com/Scondo",
        "followers_url": "https://api.github.com/users/Scondo/followers",
        "following_url": "https://api.github.com/users/Scondo/following{/other_user}",
        "gists_url": "https://api.github.com/users/Scondo/gists{/gist_id}",
        "starred_url": "https://api.github.com/users/Scondo/starred{/owner}{/repo}",
        "subscriptions_url": "https://api.github.com/users/Scondo/subscriptions",
        "organizations_url": "https://api.github.com/users/Scondo/orgs",
        "repos_url": "https://api.github.com/users/Scondo/repos",
        "events_url": "https://api.github.com/users/Scondo/events{/privacy}",
        "received_events_url": "https://api.github.com/users/Scondo/received_events",
        "type": "User",
        "site_admin": false
      },
      "repo": {
        "id": 9322873,
        "node_id": "MDEwOlJlcG9zaXRvcnk5MzIyODcz",
        "name": "purepng",
        "full_name": "Scondo/purepng",
        "private": false,
        "owner": {
          "login": "Scondo",
          "id": 1354284,
          "node_id": "MDQ6VXNlcjEzNTQyODQ=",
          "avatar_url": "https://avatars1.githubusercontent.com/u/1354284?v=4",
          "gravatar_id": "",
          "url": "https://api.github.com/users/Scondo",
          "html_url": "https://github.com/Scondo",
          "followers_url": "https://api.github.com/users/Scondo/followers",
          "following_url": "https://api.github.com/users/Scondo/following{/other_user}",
          "gists_url": "https://api.github.com/users/Scondo/gists{/gist_id}",
          "starred_url": "https://api.github.com/users/Scondo/starred{/owner}{/repo}",
          "subscriptions_url": "https://api.github.com/users/Scondo/subscriptions",
          "organizations_url": "https://api.github.com/users/Scondo/orgs",
          "repos_url": "https://api.github.com/users/Scondo/repos",
          "events_url": "https://api.github.com/users/Scondo/events{/privacy}",
          "received_events_url": "https://api.github.com/users/Scondo/received_events",
          "type": "User",
          "site_admin": false
        },
        "html_url": "https://github.com/Scondo/purepng",
        "description": "Pure Python library for PNG image encoding/decoding",
        "fork": true,
        "url": "https://api.github.com/repos/Scondo/purepng",
        "forks_url": "https://api.github.com/repos/Scondo/purepng/forks",
        "keys_url": "https://api.github.com/repos/Scondo/purepng/keys{/key_id}",
        "collaborators_url": "https://api.github.com/repos/Scondo/purepng/collaborators{/collaborator}",
        "teams_url": "https://api.github.com/repos/Scondo/purepng/teams",
        "hooks_url": "https://api.github.com/repos/Scondo/purepng/hooks",
        "issue_events_url": "https://api.github.com/repos/Scondo/purepng/issues/events{/number}",
        "events_url": "https://api.github.com/repos/Scondo/purepng/events",
        "assignees_url": "https://api.github.com/repos/Scondo/purepng/assignees{/user}",
        "branches_url": "https://api.github.com/repos/Scondo/purepng/branches{/branch}",
        "tags_url": "https://api.github.com/repos/Scondo/purepng/tags",
        "blobs_url": "https://api.github.com/repos/Scondo/purepng/git/blobs{/sha}",
        "git_tags_url": "https://api.github.com/repos/Scondo/purepng/git/tags{/sha}",
        "git_refs_url": "https://api.github.com/repos/Scondo/purepng/git/refs{/sha}",
        "trees_url": "https://api.github.com/repos/Scondo/purepng/git/trees{/sha}",
        "statuses_url": "https://api.github.com/repos/Scondo/purepng/statuses/{sha}",
        "languages_url": "https://api.github.com/repos/Scondo/purepng/languages",
        "stargazers_url": "https://api.github.com/repos/Scondo/purepng/stargazers",
        "contributors_url": "https://api.github.com/repos/Scondo/purepng/contributors",
        "subscribers_url": "https://api.github.com/repos/Scondo/purepng/subscribers",
        "subscription_url": "https://api.github.com/repos/Scondo/purepng/subscription",
        "commits_url": "https://api.github.com/repos/Scondo/purepng/commits{/sha}",
        "git_commits_url": "https://api.github.com/repos/Scondo/purepng/git/commits{/sha}",
        "comments_url": "https://api.github.com/repos/Scondo/purepng/comments{/number}",
        "issue_comment_url": "https://api.github.com/repos/Scondo/purepng/issues/comments{/number}",
        "contents_url": "https://api.github.com/repos/Scondo/purepng/contents/{+path}",
        "compare_url": "https://api.github.com/repos/Scondo/purepng/compare/{base}...{head}",
        "merges_url": "https://api.github.com/repos/Scondo/purepng/merges",
        "archive_url": "https://api.github.com/repos/Scondo/purepng/{archive_format}{/ref}",
        "downloads_url": "https://api.github.com/repos/Scondo/purepng/downloads",
        "issues_url": "https://api.github.com/repos/Scondo/purepng/issues{/number}",
        "pulls_url": "https://api.github.com/repos/Scondo/purepng/pulls{/number}",
        "milestones_url": "https://api.github.com/repos/Scondo/purepng/milestones{/number}",
        "notifications_url": "https://api.github.com/repos/Scondo/purepng/notifications{?since,all,participating}",
        "labels_url": "https://api.github.com/repos/Scondo/purepng/labels{/name}",
        "releases_url": "https://api.github.com/repos/Scondo/purepng/releases{/id}",
        "deployments_url": "https://api.github.com/repos/Scondo/purepng/deployments",
        "created_at": "2013-04-09T14:17:35Z",
        "updated_at": "2019-01-28T10:50:02Z",
        "pushed_at": "2019-04-17T15:33:51Z",
        "git_url": "git://github.com/Scondo/purepng.git",
        "ssh_url": "git@github.com:Scondo/purepng.git",
        "clone_url": "https://github.com/Scondo/purepng.git",
        "svn_url": "https://github.com/Scondo/purepng",
        "homepage": null,
        "size": 1858,
        "stargazers_count": 12,
        "watchers_count": 12,
        "language": "Python",
        "has_issues": true,
        "has_projects": true,
        "has_downloads": true,
        "has_wiki": false,
        "has_pages": false,
        "forks_count": 5,
        "mirror_url": null,
        "archived": false,
        "disabled": false,
        "open_issues_count": 9,
        "license": {
          "key": "mit",
          "name": "MIT License",
          "spdx_id": "MIT",
          "url": "https://api.github.com/licenses/mit",
          "node_id": "MDc6TGljZW5zZTEz"
        },
        "forks": 5,
        "open_issues": 9,
        "watchers": 12,
        "default_branch": "master"
      }
    },
    "_links": {
      "self": {
        "href": "https://api.github.com/repos/drj11/pypng/pulls/14"
      },
      "html": {
        "href": "https://github.com/Scondo/purepng/pull/14"
      },
      "issue": {
        "href": "https://api.github.com/repos/drj11/pypng/issues/14"
      },
      "comments": {
        "href": "https://api.github.com/repos/drj11/pypng/issues/14/comments"
      },
      "review_comments": {
        "href": "https://api.github.com/repos/drj11/pypng/pulls/14/comments"
      },
      "review_comment": {
        "href": "https://api.github.com/repos/drj11/pypng/pulls/comments{/number}"
      },
      "commits": {
        "href": "https://api.github.com/repos/drj11/pypng/pulls/14/commits"
      },
      "statuses": {
        "href": "https://api.github.com/repos/drj11/pypng/statuses/5a035da1708325c896af023cb3bf73a4c55c64ee"
      }
    },
    "author_association": "NONE"
  }
]
