[
  {
    "url": "https://api.github.com/repos/magefree/mage/pulls/377",
    "id": 12020540,
    "node_id": "MDExOlB1bGxSZXF1ZXN0MTIwMjA1NDA=",
    "html_url": "https://github.com/magefree/mage/pull/377",
    "diff_url": "https://github.com/magefree/mage/pull/377.diff",
    "patch_url": "https://github.com/magefree/mage/pull/377.patch",
    "issue_url": "https://api.github.com/repos/magefree/mage/issues/377",
    "number": 377,
    "state": "closed",
    "locked": false,
    "title": "Some improvements for Unix on Mage Server and Client",
    "user": {
      "login": "jbonofre",
      "id": 158903,
      "node_id": "MDQ6VXNlcjE1ODkwMw==",
      "avatar_url": "https://avatars0.githubusercontent.com/u/158903?v=4",
      "gravatar_id": "",
      "url": "https://api.github.com/users/jbonofre",
      "html_url": "https://github.com/jbonofre",
      "followers_url": "https://api.github.com/users/jbonofre/followers",
      "following_url": "https://api.github.com/users/jbonofre/following{/other_user}",
      "gists_url": "https://api.github.com/users/jbonofre/gists{/gist_id}",
      "starred_url": "https://api.github.com/users/jbonofre/starred{/owner}{/repo}",
      "subscriptions_url": "https://api.github.com/users/jbonofre/subscriptions",
      "organizations_url": "https://api.github.com/users/jbonofre/orgs",
      "repos_url": "https://api.github.com/users/jbonofre/repos",
      "events_url": "https://api.github.com/users/jbonofre/events{/privacy}",
      "received_events_url": "https://api.github.com/users/jbonofre/received_events",
      "type": "User",
      "site_admin": false
    },
    "body": "",
    "created_at": "2014-01-30T02:14:54Z",
    "updated_at": "2014-08-02T21:56:29Z",
    "closed_at": "2014-02-03T00:03:25Z",
    "merged_at": "2014-02-03T00:03:25Z",
    "merge_commit_sha": "c6dfee2ffbd2b6d98c8a77505dfa360e710af7b3",
    "assignee": null,
    "assignees": [

    ],
    "requested_reviewers": [

    ],
    "requested_teams": [

    ],
    "labels": [

    ],
    "milestone": null,
    "commits_url": "https://api.github.com/repos/magefree/mage/pulls/377/commits",
    "review_comments_url": "https://api.github.com/repos/magefree/mage/pulls/377/comments",
    "review_comment_url": "https://api.github.com/repos/magefree/mage/pulls/comments{/number}",
    "comments_url": "https://api.github.com/repos/magefree/mage/issues/377/comments",
    "statuses_url": "https://api.github.com/repos/magefree/mage/statuses/378bb6ca5ead1bb0690d5e57940923d2c83ea5b1",
    "head": {
      "label": "jbonofre:master",
      "ref": "master",
      "sha": "378bb6ca5ead1bb0690d5e57940923d2c83ea5b1",
      "user": {
        "login": "jbonofre",
        "id": 158903,
        "node_id": "MDQ6VXNlcjE1ODkwMw==",
        "avatar_url": "https://avatars0.githubusercontent.com/u/158903?v=4",
        "gravatar_id": "",
        "url": "https://api.github.com/users/jbonofre",
        "html_url": "https://github.com/jbonofre",
        "followers_url": "https://api.github.com/users/jbonofre/followers",
        "following_url": "https://api.github.com/users/jbonofre/following{/other_user}",
        "gists_url": "https://api.github.com/users/jbonofre/gists{/gist_id}",
        "starred_url": "https://api.github.com/users/jbonofre/starred{/owner}{/repo}",
        "subscriptions_url": "https://api.github.com/users/jbonofre/subscriptions",
        "organizations_url": "https://api.github.com/users/jbonofre/orgs",
        "repos_url": "https://api.github.com/users/jbonofre/repos",
        "events_url": "https://api.github.com/users/jbonofre/events{/privacy}",
        "received_events_url": "https://api.github.com/users/jbonofre/received_events",
        "type": "User",
        "site_admin": false
      },
      "repo": null
    },
    "base": {
      "label": "magefree:master",
      "ref": "master",
      "sha": "4ab572bd0eb305d24760087ae42bd61f8a930c76",
      "user": {
        "login": "magefree",
        "id": 1705456,
        "node_id": "MDEyOk9yZ2FuaXphdGlvbjE3MDU0NTY=",
        "avatar_url": "https://avatars2.githubusercontent.com/u/1705456?v=4",
        "gravatar_id": "",
        "url": "https://api.github.com/users/magefree",
        "html_url": "https://github.com/magefree",
        "followers_url": "https://api.github.com/users/magefree/followers",
        "following_url": "https://api.github.com/users/magefree/following{/other_user}",
        "gists_url": "https://api.github.com/users/magefree/gists{/gist_id}",
        "starred_url": "https://api.github.com/users/magefree/starred{/owner}{/repo}",
        "subscriptions_url": "https://api.github.com/users/magefree/subscriptions",
        "organizations_url": "https://api.github.com/users/magefree/orgs",
        "repos_url": "https://api.github.com/users/magefree/repos",
        "events_url": "https://api.github.com/users/magefree/events{/privacy}",
        "received_events_url": "https://api.github.com/users/magefree/received_events",
        "type": "Organization",
        "site_admin": false
      },
      "repo": {
        "id": 4158448,
        "node_id": "MDEwOlJlcG9zaXRvcnk0MTU4NDQ4",
        "name": "mage",
        "full_name": "magefree/mage",
        "private": false,
        "owner": {
          "login": "magefree",
          "id": 1705456,
          "node_id": "MDEyOk9yZ2FuaXphdGlvbjE3MDU0NTY=",
          "avatar_url": "https://avatars2.githubusercontent.com/u/1705456?v=4",
          "gravatar_id": "",
          "url": "https://api.github.com/users/magefree",
          "html_url": "https://github.com/magefree",
          "followers_url": "https://api.github.com/users/magefree/followers",
          "following_url": "https://api.github.com/users/magefree/following{/other_user}",
          "gists_url": "https://api.github.com/users/magefree/gists{/gist_id}",
          "starred_url": "https://api.github.com/users/magefree/starred{/owner}{/repo}",
          "subscriptions_url": "https://api.github.com/users/magefree/subscriptions",
          "organizations_url": "https://api.github.com/users/magefree/orgs",
          "repos_url": "https://api.github.com/users/magefree/repos",
          "events_url": "https://api.github.com/users/magefree/events{/privacy}",
          "received_events_url": "https://api.github.com/users/magefree/received_events",
          "type": "Organization",
          "site_admin": false
        },
        "html_url": "https://github.com/magefree/mage",
        "description": "Magic Another Game Engine",
        "fork": false,
        "url": "https://api.github.com/repos/magefree/mage",
        "forks_url": "https://api.github.com/repos/magefree/mage/forks",
        "keys_url": "https://api.github.com/repos/magefree/mage/keys{/key_id}",
        "collaborators_url": "https://api.github.com/repos/magefree/mage/collaborators{/collaborator}",
        "teams_url": "https://api.github.com/repos/magefree/mage/teams",
        "hooks_url": "https://api.github.com/repos/magefree/mage/hooks",
        "issue_events_url": "https://api.github.com/repos/magefree/mage/issues/events{/number}",
        "events_url": "https://api.github.com/repos/magefree/mage/events",
        "assignees_url": "https://api.github.com/repos/magefree/mage/assignees{/user}",
        "branches_url": "https://api.github.com/repos/magefree/mage/branches{/branch}",
        "tags_url": "https://api.github.com/repos/magefree/mage/tags",
        "blobs_url": "https://api.github.com/repos/magefree/mage/git/blobs{/sha}",
        "git_tags_url": "https://api.github.com/repos/magefree/mage/git/tags{/sha}",
        "git_refs_url": "https://api.github.com/repos/magefree/mage/git/refs{/sha}",
        "trees_url": "https://api.github.com/repos/magefree/mage/git/trees{/sha}",
        "statuses_url": "https://api.github.com/repos/magefree/mage/statuses/{sha}",
        "languages_url": "https://api.github.com/repos/magefree/mage/languages",
        "stargazers_url": "https://api.github.com/repos/magefree/mage/stargazers",
        "contributors_url": "https://api.github.com/repos/magefree/mage/contributors",
        "subscribers_url": "https://api.github.com/repos/magefree/mage/subscribers",
        "subscription_url": "https://api.github.com/repos/magefree/mage/subscription",
        "commits_url": "https://api.github.com/repos/magefree/mage/commits{/sha}",
        "git_commits_url": "https://api.github.com/repos/magefree/mage/git/commits{/sha}",
        "comments_url": "https://api.github.com/repos/magefree/mage/comments{/number}",
        "issue_comment_url": "https://api.github.com/repos/magefree/mage/issues/comments{/number}",
        "contents_url": "https://api.github.com/repos/magefree/mage/contents/{+path}",
        "compare_url": "https://api.github.com/repos/magefree/mage/compare/{base}...{head}",
        "merges_url": "https://api.github.com/repos/magefree/mage/merges",
        "archive_url": "https://api.github.com/repos/magefree/mage/{archive_format}{/ref}",
        "downloads_url": "https://api.github.com/repos/magefree/mage/downloads",
        "issues_url": "https://api.github.com/repos/magefree/mage/issues{/number}",
        "pulls_url": "https://api.github.com/repos/magefree/mage/pulls{/number}",
        "milestones_url": "https://api.github.com/repos/magefree/mage/milestones{/number}",
        "notifications_url": "https://api.github.com/repos/magefree/mage/notifications{?since,all,participating}",
        "labels_url": "https://api.github.com/repos/magefree/mage/labels{/name}",
        "releases_url": "https://api.github.com/repos/magefree/mage/releases{/id}",
        "deployments_url": "https://api.github.com/repos/magefree/mage/deployments",
        "created_at": "2012-04-27T13:18:34Z",
        "updated_at": "2019-09-11T01:43:48Z",
        "pushed_at": "2019-09-11T01:43:46Z",
        "git_url": "git://github.com/magefree/mage.git",
        "ssh_url": "git@github.com:magefree/mage.git",
        "clone_url": "https://github.com/magefree/mage.git",
        "svn_url": "https://github.com/magefree/mage",
        "homepage": "http://xmage.de",
        "size": 532763,
        "stargazers_count": 929,
        "watchers_count": 929,
        "language": "Java",
        "has_issues": true,
        "has_projects": true,
        "has_downloads": true,
        "has_wiki": true,
        "has_pages": false,
        "forks_count": 473,
        "mirror_url": null,
        "archived": false,
        "disabled": false,
        "open_issues_count": 969,
        "license": {
          "key": "mit",
          "name": "MIT License",
          "spdx_id": "MIT",
          "url": "https://api.github.com/licenses/mit",
          "node_id": "MDc6TGljZW5zZTEz"
        },
        "forks": 473,
        "open_issues": 969,
        "watchers": 929,
        "default_branch": "master"
      }
    },
    "_links": {
      "self": {
        "href": "https://api.github.com/repos/magefree/mage/pulls/377"
      },
      "html": {
        "href": "https://github.com/magefree/mage/pull/377"
      },
      "issue": {
        "href": "https://api.github.com/repos/magefree/mage/issues/377"
      },
      "comments": {
        "href": "https://api.github.com/repos/magefree/mage/issues/377/comments"
      },
      "review_comments": {
        "href": "https://api.github.com/repos/magefree/mage/pulls/377/comments"
      },
      "review_comment": {
        "href": "https://api.github.com/repos/magefree/mage/pulls/comments{/number}"
      },
      "commits": {
        "href": "https://api.github.com/repos/magefree/mage/pulls/377/commits"
      },
      "statuses": {
        "href": "https://api.github.com/repos/magefree/mage/statuses/378bb6ca5ead1bb0690d5e57940923d2c83ea5b1"
      }
    },
    "author_association": "CONTRIBUTOR"
  }
]
