[
  {
    "url": "https://api.github.com/repos/apache/incubator-mxnet/pulls/2440",
    "id": 74190628,
    "node_id": "MDExOlB1bGxSZXF1ZXN0NzQxOTA2Mjg=",
    "html_url": "https://github.com/apache/incubator-mxnet/pull/2440",
    "diff_url": "https://github.com/apache/incubator-mxnet/pull/2440.diff",
    "patch_url": "https://github.com/apache/incubator-mxnet/pull/2440.patch",
    "issue_url": "https://api.github.com/repos/apache/incubator-mxnet/issues/2440",
    "number": 2440,
    "state": "closed",
    "locked": false,
    "title": "fix worker node could not exit",
    "user": {
      "login": "wzl12356",
      "id": 16952500,
      "node_id": "MDQ6VXNlcjE2OTUyNTAw",
      "avatar_url": "https://avatars3.githubusercontent.com/u/16952500?v=4",
      "gravatar_id": "",
      "url": "https://api.github.com/users/wzl12356",
      "html_url": "https://github.com/wzl12356",
      "followers_url": "https://api.github.com/users/wzl12356/followers",
      "following_url": "https://api.github.com/users/wzl12356/following{/other_user}",
      "gists_url": "https://api.github.com/users/wzl12356/gists{/gist_id}",
      "starred_url": "https://api.github.com/users/wzl12356/starred{/owner}{/repo}",
      "subscriptions_url": "https://api.github.com/users/wzl12356/subscriptions",
      "organizations_url": "https://api.github.com/users/wzl12356/orgs",
      "repos_url": "https://api.github.com/users/wzl12356/repos",
      "events_url": "https://api.github.com/users/wzl12356/events{/privacy}",
      "received_events_url": "https://api.github.com/users/wzl12356/received_events",
      "type": "User",
      "site_admin": false
    },
    "body": "https://github.com/dmlc/mxnet/issues/2412\nfix worker node could not exit\nWait all worker nodes to send kStopServer command.\n",
    "created_at": "2016-06-17T05:29:12Z",
    "updated_at": "2016-06-17T23:25:07Z",
    "closed_at": "2016-06-17T23:25:07Z",
    "merged_at": "2016-06-17T23:25:07Z",
    "merge_commit_sha": "7a2b67e002561f8fea23fe343f85204285b12add",
    "assignee": null,
    "assignees": [

    ],
    "requested_reviewers": [

    ],
    "requested_teams": [

    ],
    "labels": [

    ],
    "milestone": null,
    "commits_url": "https://api.github.com/repos/apache/incubator-mxnet/pulls/2440/commits",
    "review_comments_url": "https://api.github.com/repos/apache/incubator-mxnet/pulls/2440/comments",
    "review_comment_url": "https://api.github.com/repos/apache/incubator-mxnet/pulls/comments{/number}",
    "comments_url": "https://api.github.com/repos/apache/incubator-mxnet/issues/2440/comments",
    "statuses_url": "https://api.github.com/repos/apache/incubator-mxnet/statuses/316e0aa1ab8acf1d5d7cdec1e63e57584264116b",
    "head": {
      "label": "wzl12356:master",
      "ref": "master",
      "sha": "316e0aa1ab8acf1d5d7cdec1e63e57584264116b",
      "user": {
        "login": "wzl12356",
        "id": 16952500,
        "node_id": "MDQ6VXNlcjE2OTUyNTAw",
        "avatar_url": "https://avatars3.githubusercontent.com/u/16952500?v=4",
        "gravatar_id": "",
        "url": "https://api.github.com/users/wzl12356",
        "html_url": "https://github.com/wzl12356",
        "followers_url": "https://api.github.com/users/wzl12356/followers",
        "following_url": "https://api.github.com/users/wzl12356/following{/other_user}",
        "gists_url": "https://api.github.com/users/wzl12356/gists{/gist_id}",
        "starred_url": "https://api.github.com/users/wzl12356/starred{/owner}{/repo}",
        "subscriptions_url": "https://api.github.com/users/wzl12356/subscriptions",
        "organizations_url": "https://api.github.com/users/wzl12356/orgs",
        "repos_url": "https://api.github.com/users/wzl12356/repos",
        "events_url": "https://api.github.com/users/wzl12356/events{/privacy}",
        "received_events_url": "https://api.github.com/users/wzl12356/received_events",
        "type": "User",
        "site_admin": false
      },
      "repo": null
    },
    "base": {
      "label": "apache:master",
      "ref": "master",
      "sha": "4b88c19912f97304d137b7b45619949bc5e7c792",
      "user": {
        "login": "apache",
        "id": 47359,
        "node_id": "MDEyOk9yZ2FuaXphdGlvbjQ3MzU5",
        "avatar_url": "https://avatars0.githubusercontent.com/u/47359?v=4",
        "gravatar_id": "",
        "url": "https://api.github.com/users/apache",
        "html_url": "https://github.com/apache",
        "followers_url": "https://api.github.com/users/apache/followers",
        "following_url": "https://api.github.com/users/apache/following{/other_user}",
        "gists_url": "https://api.github.com/users/apache/gists{/gist_id}",
        "starred_url": "https://api.github.com/users/apache/starred{/owner}{/repo}",
        "subscriptions_url": "https://api.github.com/users/apache/subscriptions",
        "organizations_url": "https://api.github.com/users/apache/orgs",
        "repos_url": "https://api.github.com/users/apache/repos",
        "events_url": "https://api.github.com/users/apache/events{/privacy}",
        "received_events_url": "https://api.github.com/users/apache/received_events",
        "type": "Organization",
        "site_admin": false
      },
      "repo": {
        "id": 34864402,
        "node_id": "MDEwOlJlcG9zaXRvcnkzNDg2NDQwMg==",
        "name": "incubator-mxnet",
        "full_name": "apache/incubator-mxnet",
        "private": false,
        "owner": {
          "login": "apache",
          "id": 47359,
          "node_id": "MDEyOk9yZ2FuaXphdGlvbjQ3MzU5",
          "avatar_url": "https://avatars0.githubusercontent.com/u/47359?v=4",
          "gravatar_id": "",
          "url": "https://api.github.com/users/apache",
          "html_url": "https://github.com/apache",
          "followers_url": "https://api.github.com/users/apache/followers",
          "following_url": "https://api.github.com/users/apache/following{/other_user}",
          "gists_url": "https://api.github.com/users/apache/gists{/gist_id}",
          "starred_url": "https://api.github.com/users/apache/starred{/owner}{/repo}",
          "subscriptions_url": "https://api.github.com/users/apache/subscriptions",
          "organizations_url": "https://api.github.com/users/apache/orgs",
          "repos_url": "https://api.github.com/users/apache/repos",
          "events_url": "https://api.github.com/users/apache/events{/privacy}",
          "received_events_url": "https://api.github.com/users/apache/received_events",
          "type": "Organization",
          "site_admin": false
        },
        "html_url": "https://github.com/apache/incubator-mxnet",
        "description": "Lightweight, Portable, Flexible Distributed/Mobile Deep Learning with Dynamic, Mutation-aware Dataflow Dep Scheduler; for Python, R, Julia, Scala, Go, Javascript and more",
        "fork": false,
        "url": "https://api.github.com/repos/apache/incubator-mxnet",
        "forks_url": "https://api.github.com/repos/apache/incubator-mxnet/forks",
        "keys_url": "https://api.github.com/repos/apache/incubator-mxnet/keys{/key_id}",
        "collaborators_url": "https://api.github.com/repos/apache/incubator-mxnet/collaborators{/collaborator}",
        "teams_url": "https://api.github.com/repos/apache/incubator-mxnet/teams",
        "hooks_url": "https://api.github.com/repos/apache/incubator-mxnet/hooks",
        "issue_events_url": "https://api.github.com/repos/apache/incubator-mxnet/issues/events{/number}",
        "events_url": "https://api.github.com/repos/apache/incubator-mxnet/events",
        "assignees_url": "https://api.github.com/repos/apache/incubator-mxnet/assignees{/user}",
        "branches_url": "https://api.github.com/repos/apache/incubator-mxnet/branches{/branch}",
        "tags_url": "https://api.github.com/repos/apache/incubator-mxnet/tags",
        "blobs_url": "https://api.github.com/repos/apache/incubator-mxnet/git/blobs{/sha}",
        "git_tags_url": "https://api.github.com/repos/apache/incubator-mxnet/git/tags{/sha}",
        "git_refs_url": "https://api.github.com/repos/apache/incubator-mxnet/git/refs{/sha}",
        "trees_url": "https://api.github.com/repos/apache/incubator-mxnet/git/trees{/sha}",
        "statuses_url": "https://api.github.com/repos/apache/incubator-mxnet/statuses/{sha}",
        "languages_url": "https://api.github.com/repos/apache/incubator-mxnet/languages",
        "stargazers_url": "https://api.github.com/repos/apache/incubator-mxnet/stargazers",
        "contributors_url": "https://api.github.com/repos/apache/incubator-mxnet/contributors",
        "subscribers_url": "https://api.github.com/repos/apache/incubator-mxnet/subscribers",
        "subscription_url": "https://api.github.com/repos/apache/incubator-mxnet/subscription",
        "commits_url": "https://api.github.com/repos/apache/incubator-mxnet/commits{/sha}",
        "git_commits_url": "https://api.github.com/repos/apache/incubator-mxnet/git/commits{/sha}",
        "comments_url": "https://api.github.com/repos/apache/incubator-mxnet/comments{/number}",
        "issue_comment_url": "https://api.github.com/repos/apache/incubator-mxnet/issues/comments{/number}",
        "contents_url": "https://api.github.com/repos/apache/incubator-mxnet/contents/{+path}",
        "compare_url": "https://api.github.com/repos/apache/incubator-mxnet/compare/{base}...{head}",
        "merges_url": "https://api.github.com/repos/apache/incubator-mxnet/merges",
        "archive_url": "https://api.github.com/repos/apache/incubator-mxnet/{archive_format}{/ref}",
        "downloads_url": "https://api.github.com/repos/apache/incubator-mxnet/downloads",
        "issues_url": "https://api.github.com/repos/apache/incubator-mxnet/issues{/number}",
        "pulls_url": "https://api.github.com/repos/apache/incubator-mxnet/pulls{/number}",
        "milestones_url": "https://api.github.com/repos/apache/incubator-mxnet/milestones{/number}",
        "notifications_url": "https://api.github.com/repos/apache/incubator-mxnet/notifications{?since,all,participating}",
        "labels_url": "https://api.github.com/repos/apache/incubator-mxnet/labels{/name}",
        "releases_url": "https://api.github.com/repos/apache/incubator-mxnet/releases{/id}",
        "deployments_url": "https://api.github.com/repos/apache/incubator-mxnet/deployments",
        "created_at": "2015-04-30T16:21:15Z",
        "updated_at": "2019-09-10T21:34:11Z",
        "pushed_at": "2019-09-11T01:15:06Z",
        "git_url": "git://github.com/apache/incubator-mxnet.git",
        "ssh_url": "git@github.com:apache/incubator-mxnet.git",
        "clone_url": "https://github.com/apache/incubator-mxnet.git",
        "svn_url": "https://github.com/apache/incubator-mxnet",
        "homepage": "https://mxnet.apache.org",
        "size": 69716,
        "stargazers_count": 17672,
        "watchers_count": 17672,
        "language": "Python",
        "has_issues": true,
        "has_projects": true,
        "has_downloads": true,
        "has_wiki": false,
        "has_pages": false,
        "forks_count": 6285,
        "mirror_url": null,
        "archived": false,
        "disabled": false,
        "open_issues_count": 1415,
        "license": {
          "key": "apache-2.0",
          "name": "Apache License 2.0",
          "spdx_id": "Apache-2.0",
          "url": "https://api.github.com/licenses/apache-2.0",
          "node_id": "MDc6TGljZW5zZTI="
        },
        "forks": 6285,
        "open_issues": 1415,
        "watchers": 17672,
        "default_branch": "master"
      }
    },
    "_links": {
      "self": {
        "href": "https://api.github.com/repos/apache/incubator-mxnet/pulls/2440"
      },
      "html": {
        "href": "https://github.com/apache/incubator-mxnet/pull/2440"
      },
      "issue": {
        "href": "https://api.github.com/repos/apache/incubator-mxnet/issues/2440"
      },
      "comments": {
        "href": "https://api.github.com/repos/apache/incubator-mxnet/issues/2440/comments"
      },
      "review_comments": {
        "href": "https://api.github.com/repos/apache/incubator-mxnet/pulls/2440/comments"
      },
      "review_comment": {
        "href": "https://api.github.com/repos/apache/incubator-mxnet/pulls/comments{/number}"
      },
      "commits": {
        "href": "https://api.github.com/repos/apache/incubator-mxnet/pulls/2440/commits"
      },
      "statuses": {
        "href": "https://api.github.com/repos/apache/incubator-mxnet/statuses/316e0aa1ab8acf1d5d7cdec1e63e57584264116b"
      }
    },
    "author_association": "CONTRIBUTOR"
  }
]
