[
  {
    "url": "https://api.github.com/repos/wicketstuff/core/pulls/5",
    "id": 56902,
    "node_id": "MDExOlB1bGxSZXF1ZXN0NTY5MDI=",
    "html_url": "https://github.com/wicketstuff/core/pull/5",
    "diff_url": "https://github.com/wicketstuff/core/pull/5.diff",
    "patch_url": "https://github.com/wicketstuff/core/pull/5.patch",
    "issue_url": "https://api.github.com/repos/wicketstuff/core/issues/5",
    "number": 5,
    "state": "closed",
    "locked": false,
    "title": "Merge a fix that adds GaeInitializer#destroy()",
    "user": {
      "login": "martin-g",
      "id": 232002,
      "node_id": "MDQ6VXNlcjIzMjAwMg==",
      "avatar_url": "https://avatars2.githubusercontent.com/u/232002?v=4",
      "gravatar_id": "",
      "url": "https://api.github.com/users/martin-g",
      "html_url": "https://github.com/martin-g",
      "followers_url": "https://api.github.com/users/martin-g/followers",
      "following_url": "https://api.github.com/users/martin-g/following{/other_user}",
      "gists_url": "https://api.github.com/users/martin-g/gists{/gist_id}",
      "starred_url": "https://api.github.com/users/martin-g/starred{/owner}{/repo}",
      "subscriptions_url": "https://api.github.com/users/martin-g/subscriptions",
      "organizations_url": "https://api.github.com/users/martin-g/orgs",
      "repos_url": "https://api.github.com/users/martin-g/repos",
      "events_url": "https://api.github.com/users/martin-g/events{/privacy}",
      "received_events_url": "https://api.github.com/users/martin-g/received_events",
      "type": "User",
      "site_admin": false
    },
    "body": "Recently Wicket 1.5 IInitializer has been merged with IDestroyer.\n\n(Testing how pull requesting is working in github)\n",
    "created_at": "2011-01-18T11:46:42Z",
    "updated_at": "2011-01-18T11:54:34Z",
    "closed_at": "2011-01-18T11:54:34Z",
    "merged_at": "2011-01-18T11:54:34Z",
    "merge_commit_sha": "",
    "assignee": null,
    "assignees": [

    ],
    "requested_reviewers": [

    ],
    "requested_teams": [

    ],
    "labels": [

    ],
    "milestone": null,
    "commits_url": "https://api.github.com/repos/wicketstuff/core/pulls/5/commits",
    "review_comments_url": "https://api.github.com/repos/wicketstuff/core/pulls/5/comments",
    "review_comment_url": "https://api.github.com/repos/wicketstuff/core/pulls/comments{/number}",
    "comments_url": "https://api.github.com/repos/wicketstuff/core/issues/5/comments",
    "statuses_url": "https://api.github.com/repos/wicketstuff/core/statuses/a73f0b0c80762c2931103b7c8587abc56ad01c86",
    "head": {
      "label": "martin-g:master",
      "ref": "master",
      "sha": "a73f0b0c80762c2931103b7c8587abc56ad01c86",
      "user": {
        "login": "martin-g",
        "id": 232002,
        "node_id": "MDQ6VXNlcjIzMjAwMg==",
        "avatar_url": "https://avatars2.githubusercontent.com/u/232002?v=4",
        "gravatar_id": "",
        "url": "https://api.github.com/users/martin-g",
        "html_url": "https://github.com/martin-g",
        "followers_url": "https://api.github.com/users/martin-g/followers",
        "following_url": "https://api.github.com/users/martin-g/following{/other_user}",
        "gists_url": "https://api.github.com/users/martin-g/gists{/gist_id}",
        "starred_url": "https://api.github.com/users/martin-g/starred{/owner}{/repo}",
        "subscriptions_url": "https://api.github.com/users/martin-g/subscriptions",
        "organizations_url": "https://api.github.com/users/martin-g/orgs",
        "repos_url": "https://api.github.com/users/martin-g/repos",
        "events_url": "https://api.github.com/users/martin-g/events{/privacy}",
        "received_events_url": "https://api.github.com/users/martin-g/received_events",
        "type": "User",
        "site_admin": false
      },
      "repo": {
        "id": 1266858,
        "node_id": "MDEwOlJlcG9zaXRvcnkxMjY2ODU4",
        "name": "wicketstuff-core",
        "full_name": "martin-g/wicketstuff-core",
        "private": false,
        "owner": {
          "login": "martin-g",
          "id": 232002,
          "node_id": "MDQ6VXNlcjIzMjAwMg==",
          "avatar_url": "https://avatars2.githubusercontent.com/u/232002?v=4",
          "gravatar_id": "",
          "url": "https://api.github.com/users/martin-g",
          "html_url": "https://github.com/martin-g",
          "followers_url": "https://api.github.com/users/martin-g/followers",
          "following_url": "https://api.github.com/users/martin-g/following{/other_user}",
          "gists_url": "https://api.github.com/users/martin-g/gists{/gist_id}",
          "starred_url": "https://api.github.com/users/martin-g/starred{/owner}{/repo}",
          "subscriptions_url": "https://api.github.com/users/martin-g/subscriptions",
          "organizations_url": "https://api.github.com/users/martin-g/orgs",
          "repos_url": "https://api.github.com/users/martin-g/repos",
          "events_url": "https://api.github.com/users/martin-g/events{/privacy}",
          "received_events_url": "https://api.github.com/users/martin-g/received_events",
          "type": "User",
          "site_admin": false
        },
        "html_url": "https://github.com/martin-g/wicketstuff-core",
        "description": null,
        "fork": true,
        "url": "https://api.github.com/repos/martin-g/wicketstuff-core",
        "forks_url": "https://api.github.com/repos/martin-g/wicketstuff-core/forks",
        "keys_url": "https://api.github.com/repos/martin-g/wicketstuff-core/keys{/key_id}",
        "collaborators_url": "https://api.github.com/repos/martin-g/wicketstuff-core/collaborators{/collaborator}",
        "teams_url": "https://api.github.com/repos/martin-g/wicketstuff-core/teams",
        "hooks_url": "https://api.github.com/repos/martin-g/wicketstuff-core/hooks",
        "issue_events_url": "https://api.github.com/repos/martin-g/wicketstuff-core/issues/events{/number}",
        "events_url": "https://api.github.com/repos/martin-g/wicketstuff-core/events",
        "assignees_url": "https://api.github.com/repos/martin-g/wicketstuff-core/assignees{/user}",
        "branches_url": "https://api.github.com/repos/martin-g/wicketstuff-core/branches{/branch}",
        "tags_url": "https://api.github.com/repos/martin-g/wicketstuff-core/tags",
        "blobs_url": "https://api.github.com/repos/martin-g/wicketstuff-core/git/blobs{/sha}",
        "git_tags_url": "https://api.github.com/repos/martin-g/wicketstuff-core/git/tags{/sha}",
        "git_refs_url": "https://api.github.com/repos/martin-g/wicketstuff-core/git/refs{/sha}",
        "trees_url": "https://api.github.com/repos/martin-g/wicketstuff-core/git/trees{/sha}",
        "statuses_url": "https://api.github.com/repos/martin-g/wicketstuff-core/statuses/{sha}",
        "languages_url": "https://api.github.com/repos/martin-g/wicketstuff-core/languages",
        "stargazers_url": "https://api.github.com/repos/martin-g/wicketstuff-core/stargazers",
        "contributors_url": "https://api.github.com/repos/martin-g/wicketstuff-core/contributors",
        "subscribers_url": "https://api.github.com/repos/martin-g/wicketstuff-core/subscribers",
        "subscription_url": "https://api.github.com/repos/martin-g/wicketstuff-core/subscription",
        "commits_url": "https://api.github.com/repos/martin-g/wicketstuff-core/commits{/sha}",
        "git_commits_url": "https://api.github.com/repos/martin-g/wicketstuff-core/git/commits{/sha}",
        "comments_url": "https://api.github.com/repos/martin-g/wicketstuff-core/comments{/number}",
        "issue_comment_url": "https://api.github.com/repos/martin-g/wicketstuff-core/issues/comments{/number}",
        "contents_url": "https://api.github.com/repos/martin-g/wicketstuff-core/contents/{+path}",
        "compare_url": "https://api.github.com/repos/martin-g/wicketstuff-core/compare/{base}...{head}",
        "merges_url": "https://api.github.com/repos/martin-g/wicketstuff-core/merges",
        "archive_url": "https://api.github.com/repos/martin-g/wicketstuff-core/{archive_format}{/ref}",
        "downloads_url": "https://api.github.com/repos/martin-g/wicketstuff-core/downloads",
        "issues_url": "https://api.github.com/repos/martin-g/wicketstuff-core/issues{/number}",
        "pulls_url": "https://api.github.com/repos/martin-g/wicketstuff-core/pulls{/number}",
        "milestones_url": "https://api.github.com/repos/martin-g/wicketstuff-core/milestones{/number}",
        "notifications_url": "https://api.github.com/repos/martin-g/wicketstuff-core/notifications{?since,all,participating}",
        "labels_url": "https://api.github.com/repos/martin-g/wicketstuff-core/labels{/name}",
        "releases_url": "https://api.github.com/repos/martin-g/wicketstuff-core/releases{/id}",
        "deployments_url": "https://api.github.com/repos/martin-g/wicketstuff-core/deployments",
        "created_at": "2011-01-18T11:38:34Z",
        "updated_at": "2013-09-28T15:27:41Z",
        "pushed_at": "2011-01-18T11:44:15Z",
        "git_url": "git://github.com/martin-g/wicketstuff-core.git",
        "ssh_url": "git@github.com:martin-g/wicketstuff-core.git",
        "clone_url": "https://github.com/martin-g/wicketstuff-core.git",
        "svn_url": "https://github.com/martin-g/wicketstuff-core",
        "homepage": "",
        "size": 16393,
        "stargazers_count": 0,
        "watchers_count": 0,
        "language": "JavaScript",
        "has_issues": false,
        "has_projects": true,
        "has_downloads": true,
        "has_wiki": true,
        "has_pages": false,
        "forks_count": 2,
        "mirror_url": null,
        "archived": false,
        "disabled": false,
        "open_issues_count": 0,
        "license": null,
        "forks": 2,
        "open_issues": 0,
        "watchers": 0,
        "default_branch": "master"
      }
    },
    "base": {
      "label": "wicketstuff:master",
      "ref": "master",
      "sha": "67e6b68c0216fd1f75c3343ffe5b8007eb88f4b5",
      "user": {
        "login": "wicketstuff",
        "id": 324158,
        "node_id": "MDEyOk9yZ2FuaXphdGlvbjMyNDE1OA==",
        "avatar_url": "https://avatars2.githubusercontent.com/u/324158?v=4",
        "gravatar_id": "",
        "url": "https://api.github.com/users/wicketstuff",
        "html_url": "https://github.com/wicketstuff",
        "followers_url": "https://api.github.com/users/wicketstuff/followers",
        "following_url": "https://api.github.com/users/wicketstuff/following{/other_user}",
        "gists_url": "https://api.github.com/users/wicketstuff/gists{/gist_id}",
        "starred_url": "https://api.github.com/users/wicketstuff/starred{/owner}{/repo}",
        "subscriptions_url": "https://api.github.com/users/wicketstuff/subscriptions",
        "organizations_url": "https://api.github.com/users/wicketstuff/orgs",
        "repos_url": "https://api.github.com/users/wicketstuff/repos",
        "events_url": "https://api.github.com/users/wicketstuff/events{/privacy}",
        "received_events_url": "https://api.github.com/users/wicketstuff/received_events",
        "type": "Organization",
        "site_admin": false
      },
      "repo": {
        "id": 1206855,
        "node_id": "MDEwOlJlcG9zaXRvcnkxMjA2ODU1",
        "name": "core",
        "full_name": "wicketstuff/core",
        "private": false,
        "owner": {
          "login": "wicketstuff",
          "id": 324158,
          "node_id": "MDEyOk9yZ2FuaXphdGlvbjMyNDE1OA==",
          "avatar_url": "https://avatars2.githubusercontent.com/u/324158?v=4",
          "gravatar_id": "",
          "url": "https://api.github.com/users/wicketstuff",
          "html_url": "https://github.com/wicketstuff",
          "followers_url": "https://api.github.com/users/wicketstuff/followers",
          "following_url": "https://api.github.com/users/wicketstuff/following{/other_user}",
          "gists_url": "https://api.github.com/users/wicketstuff/gists{/gist_id}",
          "starred_url": "https://api.github.com/users/wicketstuff/starred{/owner}{/repo}",
          "subscriptions_url": "https://api.github.com/users/wicketstuff/subscriptions",
          "organizations_url": "https://api.github.com/users/wicketstuff/orgs",
          "repos_url": "https://api.github.com/users/wicketstuff/repos",
          "events_url": "https://api.github.com/users/wicketstuff/events{/privacy}",
          "received_events_url": "https://api.github.com/users/wicketstuff/received_events",
          "type": "Organization",
          "site_admin": false
        },
        "html_url": "https://github.com/wicketstuff/core",
        "description": "Wicketstuff-core projects are bundled user contributions for use with Apache Wicket (https://wicket.apache.org/).   They are released in step with Wicket releases to make them easy to use.",
        "fork": false,
        "url": "https://api.github.com/repos/wicketstuff/core",
        "forks_url": "https://api.github.com/repos/wicketstuff/core/forks",
        "keys_url": "https://api.github.com/repos/wicketstuff/core/keys{/key_id}",
        "collaborators_url": "https://api.github.com/repos/wicketstuff/core/collaborators{/collaborator}",
        "teams_url": "https://api.github.com/repos/wicketstuff/core/teams",
        "hooks_url": "https://api.github.com/repos/wicketstuff/core/hooks",
        "issue_events_url": "https://api.github.com/repos/wicketstuff/core/issues/events{/number}",
        "events_url": "https://api.github.com/repos/wicketstuff/core/events",
        "assignees_url": "https://api.github.com/repos/wicketstuff/core/assignees{/user}",
        "branches_url": "https://api.github.com/repos/wicketstuff/core/branches{/branch}",
        "tags_url": "https://api.github.com/repos/wicketstuff/core/tags",
        "blobs_url": "https://api.github.com/repos/wicketstuff/core/git/blobs{/sha}",
        "git_tags_url": "https://api.github.com/repos/wicketstuff/core/git/tags{/sha}",
        "git_refs_url": "https://api.github.com/repos/wicketstuff/core/git/refs{/sha}",
        "trees_url": "https://api.github.com/repos/wicketstuff/core/git/trees{/sha}",
        "statuses_url": "https://api.github.com/repos/wicketstuff/core/statuses/{sha}",
        "languages_url": "https://api.github.com/repos/wicketstuff/core/languages",
        "stargazers_url": "https://api.github.com/repos/wicketstuff/core/stargazers",
        "contributors_url": "https://api.github.com/repos/wicketstuff/core/contributors",
        "subscribers_url": "https://api.github.com/repos/wicketstuff/core/subscribers",
        "subscription_url": "https://api.github.com/repos/wicketstuff/core/subscription",
        "commits_url": "https://api.github.com/repos/wicketstuff/core/commits{/sha}",
        "git_commits_url": "https://api.github.com/repos/wicketstuff/core/git/commits{/sha}",
        "comments_url": "https://api.github.com/repos/wicketstuff/core/comments{/number}",
        "issue_comment_url": "https://api.github.com/repos/wicketstuff/core/issues/comments{/number}",
        "contents_url": "https://api.github.com/repos/wicketstuff/core/contents/{+path}",
        "compare_url": "https://api.github.com/repos/wicketstuff/core/compare/{base}...{head}",
        "merges_url": "https://api.github.com/repos/wicketstuff/core/merges",
        "archive_url": "https://api.github.com/repos/wicketstuff/core/{archive_format}{/ref}",
        "downloads_url": "https://api.github.com/repos/wicketstuff/core/downloads",
        "issues_url": "https://api.github.com/repos/wicketstuff/core/issues{/number}",
        "pulls_url": "https://api.github.com/repos/wicketstuff/core/pulls{/number}",
        "milestones_url": "https://api.github.com/repos/wicketstuff/core/milestones{/number}",
        "notifications_url": "https://api.github.com/repos/wicketstuff/core/notifications{?since,all,participating}",
        "labels_url": "https://api.github.com/repos/wicketstuff/core/labels{/name}",
        "releases_url": "https://api.github.com/repos/wicketstuff/core/releases{/id}",
        "deployments_url": "https://api.github.com/repos/wicketstuff/core/deployments",
        "created_at": "2010-12-29T20:59:26Z",
        "updated_at": "2019-09-05T08:43:35Z",
        "pushed_at": "2019-09-05T08:43:33Z",
        "git_url": "git://github.com/wicketstuff/core.git",
        "ssh_url": "git@github.com:wicketstuff/core.git",
        "clone_url": "https://github.com/wicketstuff/core.git",
        "svn_url": "https://github.com/wicketstuff/core",
        "homepage": "",
        "size": 63176,
        "stargazers_count": 323,
        "watchers_count": 323,
        "language": "Java",
        "has_issues": true,
        "has_projects": true,
        "has_downloads": true,
        "has_wiki": true,
        "has_pages": true,
        "forks_count": 303,
        "mirror_url": null,
        "archived": false,
        "disabled": false,
        "open_issues_count": 57,
        "license": null,
        "forks": 303,
        "open_issues": 57,
        "watchers": 323,
        "default_branch": "master"
      }
    },
    "_links": {
      "self": {
        "href": "https://api.github.com/repos/wicketstuff/core/pulls/5"
      },
      "html": {
        "href": "https://github.com/wicketstuff/core/pull/5"
      },
      "issue": {
        "href": "https://api.github.com/repos/wicketstuff/core/issues/5"
      },
      "comments": {
        "href": "https://api.github.com/repos/wicketstuff/core/issues/5/comments"
      },
      "review_comments": {
        "href": "https://api.github.com/repos/wicketstuff/core/pulls/5/comments"
      },
      "review_comment": {
        "href": "https://api.github.com/repos/wicketstuff/core/pulls/comments{/number}"
      },
      "commits": {
        "href": "https://api.github.com/repos/wicketstuff/core/pulls/5/commits"
      },
      "statuses": {
        "href": "https://api.github.com/repos/wicketstuff/core/statuses/a73f0b0c80762c2931103b7c8587abc56ad01c86"
      }
    },
    "author_association": "MEMBER"
  }
]
