[
  {
    "url": "https://api.github.com/repos/eclipse-ee4j/grizzly/pulls/2068",
    "id": 287324157,
    "node_id": "MDExOlB1bGxSZXF1ZXN0Mjg3MzI0MTU3",
    "html_url": "https://github.com/eclipse-ee4j/grizzly/pull/2068",
    "diff_url": "https://github.com/eclipse-ee4j/grizzly/pull/2068.diff",
    "patch_url": "https://github.com/eclipse-ee4j/grizzly/pull/2068.patch",
    "issue_url": "https://api.github.com/repos/eclipse-ee4j/grizzly/issues/2068",
    "number": 2068,
    "state": "closed",
    "locked": false,
    "title": "Fix max requests count not accurate",
    "user": {
      "login": "Linary",
      "id": 9151831,
      "node_id": "MDQ6VXNlcjkxNTE4MzE=",
      "avatar_url": "https://avatars0.githubusercontent.com/u/9151831?v=4",
      "gravatar_id": "",
      "url": "https://api.github.com/users/Linary",
      "html_url": "https://github.com/Linary",
      "followers_url": "https://api.github.com/users/Linary/followers",
      "following_url": "https://api.github.com/users/Linary/following{/other_user}",
      "gists_url": "https://api.github.com/users/Linary/gists{/gist_id}",
      "starred_url": "https://api.github.com/users/Linary/starred{/owner}{/repo}",
      "subscriptions_url": "https://api.github.com/users/Linary/subscriptions",
      "organizations_url": "https://api.github.com/users/Linary/orgs",
      "repos_url": "https://api.github.com/users/Linary/repos",
      "events_url": "https://api.github.com/users/Linary/events{/privacy}",
      "received_events_url": "https://api.github.com/users/Linary/received_events",
      "type": "User",
      "site_admin": false
    },
    "body": "I modified the parameter maxRequestsCount to 5 and tested it, but found that a connection was closed after processing 6 requests.\r\nSo I tracked the code and found that after processing the fifth request, this condition keepAliveContext.requestsProcessed <= maxRequestCountis still true until the sixth request.",
    "created_at": "2019-06-12T02:23:06Z",
    "updated_at": "2019-07-10T09:33:08Z",
    "closed_at": "2019-07-10T09:33:08Z",
    "merged_at": "2019-07-10T09:33:08Z",
    "merge_commit_sha": "1077c13296365f4e14a7284bdc1ffc88b23c39d6",
    "assignee": null,
    "assignees": [

    ],
    "requested_reviewers": [

    ],
    "requested_teams": [

    ],
    "labels": [

    ],
    "milestone": null,
    "commits_url": "https://api.github.com/repos/eclipse-ee4j/grizzly/pulls/2068/commits",
    "review_comments_url": "https://api.github.com/repos/eclipse-ee4j/grizzly/pulls/2068/comments",
    "review_comment_url": "https://api.github.com/repos/eclipse-ee4j/grizzly/pulls/comments{/number}",
    "comments_url": "https://api.github.com/repos/eclipse-ee4j/grizzly/issues/2068/comments",
    "statuses_url": "https://api.github.com/repos/eclipse-ee4j/grizzly/statuses/9332e16a7a5996e04ae129815563c9a846ec87ed",
    "head": {
      "label": "Linary:master",
      "ref": "master",
      "sha": "9332e16a7a5996e04ae129815563c9a846ec87ed",
      "user": {
        "login": "Linary",
        "id": 9151831,
        "node_id": "MDQ6VXNlcjkxNTE4MzE=",
        "avatar_url": "https://avatars0.githubusercontent.com/u/9151831?v=4",
        "gravatar_id": "",
        "url": "https://api.github.com/users/Linary",
        "html_url": "https://github.com/Linary",
        "followers_url": "https://api.github.com/users/Linary/followers",
        "following_url": "https://api.github.com/users/Linary/following{/other_user}",
        "gists_url": "https://api.github.com/users/Linary/gists{/gist_id}",
        "starred_url": "https://api.github.com/users/Linary/starred{/owner}{/repo}",
        "subscriptions_url": "https://api.github.com/users/Linary/subscriptions",
        "organizations_url": "https://api.github.com/users/Linary/orgs",
        "repos_url": "https://api.github.com/users/Linary/repos",
        "events_url": "https://api.github.com/users/Linary/events{/privacy}",
        "received_events_url": "https://api.github.com/users/Linary/received_events",
        "type": "User",
        "site_admin": false
      },
      "repo": {
        "id": 191479250,
        "node_id": "MDEwOlJlcG9zaXRvcnkxOTE0NzkyNTA=",
        "name": "grizzly",
        "full_name": "Linary/grizzly",
        "private": false,
        "owner": {
          "login": "Linary",
          "id": 9151831,
          "node_id": "MDQ6VXNlcjkxNTE4MzE=",
          "avatar_url": "https://avatars0.githubusercontent.com/u/9151831?v=4",
          "gravatar_id": "",
          "url": "https://api.github.com/users/Linary",
          "html_url": "https://github.com/Linary",
          "followers_url": "https://api.github.com/users/Linary/followers",
          "following_url": "https://api.github.com/users/Linary/following{/other_user}",
          "gists_url": "https://api.github.com/users/Linary/gists{/gist_id}",
          "starred_url": "https://api.github.com/users/Linary/starred{/owner}{/repo}",
          "subscriptions_url": "https://api.github.com/users/Linary/subscriptions",
          "organizations_url": "https://api.github.com/users/Linary/orgs",
          "repos_url": "https://api.github.com/users/Linary/repos",
          "events_url": "https://api.github.com/users/Linary/events{/privacy}",
          "received_events_url": "https://api.github.com/users/Linary/received_events",
          "type": "User",
          "site_admin": false
        },
        "html_url": "https://github.com/Linary/grizzly",
        "description": "Grizzly",
        "fork": true,
        "url": "https://api.github.com/repos/Linary/grizzly",
        "forks_url": "https://api.github.com/repos/Linary/grizzly/forks",
        "keys_url": "https://api.github.com/repos/Linary/grizzly/keys{/key_id}",
        "collaborators_url": "https://api.github.com/repos/Linary/grizzly/collaborators{/collaborator}",
        "teams_url": "https://api.github.com/repos/Linary/grizzly/teams",
        "hooks_url": "https://api.github.com/repos/Linary/grizzly/hooks",
        "issue_events_url": "https://api.github.com/repos/Linary/grizzly/issues/events{/number}",
        "events_url": "https://api.github.com/repos/Linary/grizzly/events",
        "assignees_url": "https://api.github.com/repos/Linary/grizzly/assignees{/user}",
        "branches_url": "https://api.github.com/repos/Linary/grizzly/branches{/branch}",
        "tags_url": "https://api.github.com/repos/Linary/grizzly/tags",
        "blobs_url": "https://api.github.com/repos/Linary/grizzly/git/blobs{/sha}",
        "git_tags_url": "https://api.github.com/repos/Linary/grizzly/git/tags{/sha}",
        "git_refs_url": "https://api.github.com/repos/Linary/grizzly/git/refs{/sha}",
        "trees_url": "https://api.github.com/repos/Linary/grizzly/git/trees{/sha}",
        "statuses_url": "https://api.github.com/repos/Linary/grizzly/statuses/{sha}",
        "languages_url": "https://api.github.com/repos/Linary/grizzly/languages",
        "stargazers_url": "https://api.github.com/repos/Linary/grizzly/stargazers",
        "contributors_url": "https://api.github.com/repos/Linary/grizzly/contributors",
        "subscribers_url": "https://api.github.com/repos/Linary/grizzly/subscribers",
        "subscription_url": "https://api.github.com/repos/Linary/grizzly/subscription",
        "commits_url": "https://api.github.com/repos/Linary/grizzly/commits{/sha}",
        "git_commits_url": "https://api.github.com/repos/Linary/grizzly/git/commits{/sha}",
        "comments_url": "https://api.github.com/repos/Linary/grizzly/comments{/number}",
        "issue_comment_url": "https://api.github.com/repos/Linary/grizzly/issues/comments{/number}",
        "contents_url": "https://api.github.com/repos/Linary/grizzly/contents/{+path}",
        "compare_url": "https://api.github.com/repos/Linary/grizzly/compare/{base}...{head}",
        "merges_url": "https://api.github.com/repos/Linary/grizzly/merges",
        "archive_url": "https://api.github.com/repos/Linary/grizzly/{archive_format}{/ref}",
        "downloads_url": "https://api.github.com/repos/Linary/grizzly/downloads",
        "issues_url": "https://api.github.com/repos/Linary/grizzly/issues{/number}",
        "pulls_url": "https://api.github.com/repos/Linary/grizzly/pulls{/number}",
        "milestones_url": "https://api.github.com/repos/Linary/grizzly/milestones{/number}",
        "notifications_url": "https://api.github.com/repos/Linary/grizzly/notifications{?since,all,participating}",
        "labels_url": "https://api.github.com/repos/Linary/grizzly/labels{/name}",
        "releases_url": "https://api.github.com/repos/Linary/grizzly/releases{/id}",
        "deployments_url": "https://api.github.com/repos/Linary/grizzly/deployments",
        "created_at": "2019-06-12T02:01:58Z",
        "updated_at": "2019-06-17T06:21:54Z",
        "pushed_at": "2019-06-17T06:21:52Z",
        "git_url": "git://github.com/Linary/grizzly.git",
        "ssh_url": "git@github.com:Linary/grizzly.git",
        "clone_url": "https://github.com/Linary/grizzly.git",
        "svn_url": "https://github.com/Linary/grizzly",
        "homepage": null,
        "size": 1973,
        "stargazers_count": 0,
        "watchers_count": 0,
        "language": "Java",
        "has_issues": false,
        "has_projects": true,
        "has_downloads": true,
        "has_wiki": true,
        "has_pages": false,
        "forks_count": 0,
        "mirror_url": null,
        "archived": false,
        "disabled": false,
        "open_issues_count": 0,
        "license": {
          "key": "other",
          "name": "Other",
          "spdx_id": "NOASSERTION",
          "url": null,
          "node_id": "MDc6TGljZW5zZTA="
        },
        "forks": 0,
        "open_issues": 0,
        "watchers": 0,
        "default_branch": "master"
      }
    },
    "base": {
      "label": "eclipse-ee4j:master",
      "ref": "master",
      "sha": "9ca448f046dec567ebbb7b45e2b48f79fef81ac7",
      "user": {
        "login": "eclipse-ee4j",
        "id": 31900942,
        "node_id": "MDEyOk9yZ2FuaXphdGlvbjMxOTAwOTQy",
        "avatar_url": "https://avatars3.githubusercontent.com/u/31900942?v=4",
        "gravatar_id": "",
        "url": "https://api.github.com/users/eclipse-ee4j",
        "html_url": "https://github.com/eclipse-ee4j",
        "followers_url": "https://api.github.com/users/eclipse-ee4j/followers",
        "following_url": "https://api.github.com/users/eclipse-ee4j/following{/other_user}",
        "gists_url": "https://api.github.com/users/eclipse-ee4j/gists{/gist_id}",
        "starred_url": "https://api.github.com/users/eclipse-ee4j/starred{/owner}{/repo}",
        "subscriptions_url": "https://api.github.com/users/eclipse-ee4j/subscriptions",
        "organizations_url": "https://api.github.com/users/eclipse-ee4j/orgs",
        "repos_url": "https://api.github.com/users/eclipse-ee4j/repos",
        "events_url": "https://api.github.com/users/eclipse-ee4j/events{/privacy}",
        "received_events_url": "https://api.github.com/users/eclipse-ee4j/received_events",
        "type": "Organization",
        "site_admin": false
      },
      "repo": {
        "id": 120756407,
        "node_id": "MDEwOlJlcG9zaXRvcnkxMjA3NTY0MDc=",
        "name": "grizzly",
        "full_name": "eclipse-ee4j/grizzly",
        "private": false,
        "owner": {
          "login": "eclipse-ee4j",
          "id": 31900942,
          "node_id": "MDEyOk9yZ2FuaXphdGlvbjMxOTAwOTQy",
          "avatar_url": "https://avatars3.githubusercontent.com/u/31900942?v=4",
          "gravatar_id": "",
          "url": "https://api.github.com/users/eclipse-ee4j",
          "html_url": "https://github.com/eclipse-ee4j",
          "followers_url": "https://api.github.com/users/eclipse-ee4j/followers",
          "following_url": "https://api.github.com/users/eclipse-ee4j/following{/other_user}",
          "gists_url": "https://api.github.com/users/eclipse-ee4j/gists{/gist_id}",
          "starred_url": "https://api.github.com/users/eclipse-ee4j/starred{/owner}{/repo}",
          "subscriptions_url": "https://api.github.com/users/eclipse-ee4j/subscriptions",
          "organizations_url": "https://api.github.com/users/eclipse-ee4j/orgs",
          "repos_url": "https://api.github.com/users/eclipse-ee4j/repos",
          "events_url": "https://api.github.com/users/eclipse-ee4j/events{/privacy}",
          "received_events_url": "https://api.github.com/users/eclipse-ee4j/received_events",
          "type": "Organization",
          "site_admin": false
        },
        "html_url": "https://github.com/eclipse-ee4j/grizzly",
        "description": "Grizzly",
        "fork": false,
        "url": "https://api.github.com/repos/eclipse-ee4j/grizzly",
        "forks_url": "https://api.github.com/repos/eclipse-ee4j/grizzly/forks",
        "keys_url": "https://api.github.com/repos/eclipse-ee4j/grizzly/keys{/key_id}",
        "collaborators_url": "https://api.github.com/repos/eclipse-ee4j/grizzly/collaborators{/collaborator}",
        "teams_url": "https://api.github.com/repos/eclipse-ee4j/grizzly/teams",
        "hooks_url": "https://api.github.com/repos/eclipse-ee4j/grizzly/hooks",
        "issue_events_url": "https://api.github.com/repos/eclipse-ee4j/grizzly/issues/events{/number}",
        "events_url": "https://api.github.com/repos/eclipse-ee4j/grizzly/events",
        "assignees_url": "https://api.github.com/repos/eclipse-ee4j/grizzly/assignees{/user}",
        "branches_url": "https://api.github.com/repos/eclipse-ee4j/grizzly/branches{/branch}",
        "tags_url": "https://api.github.com/repos/eclipse-ee4j/grizzly/tags",
        "blobs_url": "https://api.github.com/repos/eclipse-ee4j/grizzly/git/blobs{/sha}",
        "git_tags_url": "https://api.github.com/repos/eclipse-ee4j/grizzly/git/tags{/sha}",
        "git_refs_url": "https://api.github.com/repos/eclipse-ee4j/grizzly/git/refs{/sha}",
        "trees_url": "https://api.github.com/repos/eclipse-ee4j/grizzly/git/trees{/sha}",
        "statuses_url": "https://api.github.com/repos/eclipse-ee4j/grizzly/statuses/{sha}",
        "languages_url": "https://api.github.com/repos/eclipse-ee4j/grizzly/languages",
        "stargazers_url": "https://api.github.com/repos/eclipse-ee4j/grizzly/stargazers",
        "contributors_url": "https://api.github.com/repos/eclipse-ee4j/grizzly/contributors",
        "subscribers_url": "https://api.github.com/repos/eclipse-ee4j/grizzly/subscribers",
        "subscription_url": "https://api.github.com/repos/eclipse-ee4j/grizzly/subscription",
        "commits_url": "https://api.github.com/repos/eclipse-ee4j/grizzly/commits{/sha}",
        "git_commits_url": "https://api.github.com/repos/eclipse-ee4j/grizzly/git/commits{/sha}",
        "comments_url": "https://api.github.com/repos/eclipse-ee4j/grizzly/comments{/number}",
        "issue_comment_url": "https://api.github.com/repos/eclipse-ee4j/grizzly/issues/comments{/number}",
        "contents_url": "https://api.github.com/repos/eclipse-ee4j/grizzly/contents/{+path}",
        "compare_url": "https://api.github.com/repos/eclipse-ee4j/grizzly/compare/{base}...{head}",
        "merges_url": "https://api.github.com/repos/eclipse-ee4j/grizzly/merges",
        "archive_url": "https://api.github.com/repos/eclipse-ee4j/grizzly/{archive_format}{/ref}",
        "downloads_url": "https://api.github.com/repos/eclipse-ee4j/grizzly/downloads",
        "issues_url": "https://api.github.com/repos/eclipse-ee4j/grizzly/issues{/number}",
        "pulls_url": "https://api.github.com/repos/eclipse-ee4j/grizzly/pulls{/number}",
        "milestones_url": "https://api.github.com/repos/eclipse-ee4j/grizzly/milestones{/number}",
        "notifications_url": "https://api.github.com/repos/eclipse-ee4j/grizzly/notifications{?since,all,participating}",
        "labels_url": "https://api.github.com/repos/eclipse-ee4j/grizzly/labels{/name}",
        "releases_url": "https://api.github.com/repos/eclipse-ee4j/grizzly/releases{/id}",
        "deployments_url": "https://api.github.com/repos/eclipse-ee4j/grizzly/deployments",
        "created_at": "2018-02-08T12:06:03Z",
        "updated_at": "2019-09-05T09:29:26Z",
        "pushed_at": "2019-08-13T13:38:45Z",
        "git_url": "git://github.com/eclipse-ee4j/grizzly.git",
        "ssh_url": "git@github.com:eclipse-ee4j/grizzly.git",
        "clone_url": "https://github.com/eclipse-ee4j/grizzly.git",
        "svn_url": "https://github.com/eclipse-ee4j/grizzly",
        "homepage": null,
        "size": 1981,
        "stargazers_count": 56,
        "watchers_count": 56,
        "language": "Java",
        "has_issues": true,
        "has_projects": true,
        "has_downloads": true,
        "has_wiki": true,
        "has_pages": false,
        "forks_count": 31,
        "mirror_url": null,
        "archived": false,
        "disabled": false,
        "open_issues_count": 52,
        "license": {
          "key": "other",
          "name": "Other",
          "spdx_id": "NOASSERTION",
          "url": null,
          "node_id": "MDc6TGljZW5zZTA="
        },
        "forks": 31,
        "open_issues": 52,
        "watchers": 56,
        "default_branch": "master"
      }
    },
    "_links": {
      "self": {
        "href": "https://api.github.com/repos/eclipse-ee4j/grizzly/pulls/2068"
      },
      "html": {
        "href": "https://github.com/eclipse-ee4j/grizzly/pull/2068"
      },
      "issue": {
        "href": "https://api.github.com/repos/eclipse-ee4j/grizzly/issues/2068"
      },
      "comments": {
        "href": "https://api.github.com/repos/eclipse-ee4j/grizzly/issues/2068/comments"
      },
      "review_comments": {
        "href": "https://api.github.com/repos/eclipse-ee4j/grizzly/pulls/2068/comments"
      },
      "review_comment": {
        "href": "https://api.github.com/repos/eclipse-ee4j/grizzly/pulls/comments{/number}"
      },
      "commits": {
        "href": "https://api.github.com/repos/eclipse-ee4j/grizzly/pulls/2068/commits"
      },
      "statuses": {
        "href": "https://api.github.com/repos/eclipse-ee4j/grizzly/statuses/9332e16a7a5996e04ae129815563c9a846ec87ed"
      }
    },
    "author_association": "CONTRIBUTOR"
  }
]
