[
  {
    "url": "https://api.github.com/repos/Jasonette/JASONETTE-Android/pulls/209",
    "id": 156578889,
    "node_id": "MDExOlB1bGxSZXF1ZXN0MTU2NTc4ODg5",
    "html_url": "https://github.com/Jasonette/JASONETTE-Android/pull/209",
    "diff_url": "https://github.com/Jasonette/JASONETTE-Android/pull/209.diff",
    "patch_url": "https://github.com/Jasonette/JASONETTE-Android/pull/209.patch",
    "issue_url": "https://api.github.com/repos/Jasonette/JASONETTE-Android/issues/209",
    "number": 209,
    "state": "closed",
    "locked": false,
    "title": "Update build.prop files",
    "user": {
      "login": "realtebo",
      "id": 1268699,
      "node_id": "MDQ6VXNlcjEyNjg2OTk=",
      "avatar_url": "https://avatars2.githubusercontent.com/u/1268699?v=4",
      "gravatar_id": "",
      "url": "https://api.github.com/users/realtebo",
      "html_url": "https://github.com/realtebo",
      "followers_url": "https://api.github.com/users/realtebo/followers",
      "following_url": "https://api.github.com/users/realtebo/following{/other_user}",
      "gists_url": "https://api.github.com/users/realtebo/gists{/gist_id}",
      "starred_url": "https://api.github.com/users/realtebo/starred{/owner}{/repo}",
      "subscriptions_url": "https://api.github.com/users/realtebo/subscriptions",
      "organizations_url": "https://api.github.com/users/realtebo/orgs",
      "repos_url": "https://api.github.com/users/realtebo/repos",
      "events_url": "https://api.github.com/users/realtebo/events{/privacy}",
      "received_events_url": "https://api.github.com/users/realtebo/received_events",
      "type": "User",
      "site_admin": false
    },
    "body": "",
    "created_at": "2017-12-05T21:27:54Z",
    "updated_at": "2017-12-07T05:47:11Z",
    "closed_at": "2017-12-07T01:39:30Z",
    "merged_at": "2017-12-07T01:39:30Z",
    "merge_commit_sha": "b8df121469f249ea85b5a376925cc55008f8ea43",
    "assignee": null,
    "assignees": [

    ],
    "requested_reviewers": [

    ],
    "requested_teams": [

    ],
    "labels": [

    ],
    "milestone": null,
    "commits_url": "https://api.github.com/repos/Jasonette/JASONETTE-Android/pulls/209/commits",
    "review_comments_url": "https://api.github.com/repos/Jasonette/JASONETTE-Android/pulls/209/comments",
    "review_comment_url": "https://api.github.com/repos/Jasonette/JASONETTE-Android/pulls/comments{/number}",
    "comments_url": "https://api.github.com/repos/Jasonette/JASONETTE-Android/issues/209/comments",
    "statuses_url": "https://api.github.com/repos/Jasonette/JASONETTE-Android/statuses/890e9d82af7806df6404b16e236830c179f435ce",
    "head": {
      "label": "realtebo:develop",
      "ref": "develop",
      "sha": "890e9d82af7806df6404b16e236830c179f435ce",
      "user": {
        "login": "realtebo",
        "id": 1268699,
        "node_id": "MDQ6VXNlcjEyNjg2OTk=",
        "avatar_url": "https://avatars2.githubusercontent.com/u/1268699?v=4",
        "gravatar_id": "",
        "url": "https://api.github.com/users/realtebo",
        "html_url": "https://github.com/realtebo",
        "followers_url": "https://api.github.com/users/realtebo/followers",
        "following_url": "https://api.github.com/users/realtebo/following{/other_user}",
        "gists_url": "https://api.github.com/users/realtebo/gists{/gist_id}",
        "starred_url": "https://api.github.com/users/realtebo/starred{/owner}{/repo}",
        "subscriptions_url": "https://api.github.com/users/realtebo/subscriptions",
        "organizations_url": "https://api.github.com/users/realtebo/orgs",
        "repos_url": "https://api.github.com/users/realtebo/repos",
        "events_url": "https://api.github.com/users/realtebo/events{/privacy}",
        "received_events_url": "https://api.github.com/users/realtebo/received_events",
        "type": "User",
        "site_admin": false
      },
      "repo": {
        "id": 113232704,
        "node_id": "MDEwOlJlcG9zaXRvcnkxMTMyMzI3MDQ=",
        "name": "JASONETTE-Android",
        "full_name": "realtebo/JASONETTE-Android",
        "private": false,
        "owner": {
          "login": "realtebo",
          "id": 1268699,
          "node_id": "MDQ6VXNlcjEyNjg2OTk=",
          "avatar_url": "https://avatars2.githubusercontent.com/u/1268699?v=4",
          "gravatar_id": "",
          "url": "https://api.github.com/users/realtebo",
          "html_url": "https://github.com/realtebo",
          "followers_url": "https://api.github.com/users/realtebo/followers",
          "following_url": "https://api.github.com/users/realtebo/following{/other_user}",
          "gists_url": "https://api.github.com/users/realtebo/gists{/gist_id}",
          "starred_url": "https://api.github.com/users/realtebo/starred{/owner}{/repo}",
          "subscriptions_url": "https://api.github.com/users/realtebo/subscriptions",
          "organizations_url": "https://api.github.com/users/realtebo/orgs",
          "repos_url": "https://api.github.com/users/realtebo/repos",
          "events_url": "https://api.github.com/users/realtebo/events{/privacy}",
          "received_events_url": "https://api.github.com/users/realtebo/received_events",
          "type": "User",
          "site_admin": false
        },
        "html_url": "https://github.com/realtebo/JASONETTE-Android",
        "description": "📡 Native App over HTTP, on Android",
        "fork": true,
        "url": "https://api.github.com/repos/realtebo/JASONETTE-Android",
        "forks_url": "https://api.github.com/repos/realtebo/JASONETTE-Android/forks",
        "keys_url": "https://api.github.com/repos/realtebo/JASONETTE-Android/keys{/key_id}",
        "collaborators_url": "https://api.github.com/repos/realtebo/JASONETTE-Android/collaborators{/collaborator}",
        "teams_url": "https://api.github.com/repos/realtebo/JASONETTE-Android/teams",
        "hooks_url": "https://api.github.com/repos/realtebo/JASONETTE-Android/hooks",
        "issue_events_url": "https://api.github.com/repos/realtebo/JASONETTE-Android/issues/events{/number}",
        "events_url": "https://api.github.com/repos/realtebo/JASONETTE-Android/events",
        "assignees_url": "https://api.github.com/repos/realtebo/JASONETTE-Android/assignees{/user}",
        "branches_url": "https://api.github.com/repos/realtebo/JASONETTE-Android/branches{/branch}",
        "tags_url": "https://api.github.com/repos/realtebo/JASONETTE-Android/tags",
        "blobs_url": "https://api.github.com/repos/realtebo/JASONETTE-Android/git/blobs{/sha}",
        "git_tags_url": "https://api.github.com/repos/realtebo/JASONETTE-Android/git/tags{/sha}",
        "git_refs_url": "https://api.github.com/repos/realtebo/JASONETTE-Android/git/refs{/sha}",
        "trees_url": "https://api.github.com/repos/realtebo/JASONETTE-Android/git/trees{/sha}",
        "statuses_url": "https://api.github.com/repos/realtebo/JASONETTE-Android/statuses/{sha}",
        "languages_url": "https://api.github.com/repos/realtebo/JASONETTE-Android/languages",
        "stargazers_url": "https://api.github.com/repos/realtebo/JASONETTE-Android/stargazers",
        "contributors_url": "https://api.github.com/repos/realtebo/JASONETTE-Android/contributors",
        "subscribers_url": "https://api.github.com/repos/realtebo/JASONETTE-Android/subscribers",
        "subscription_url": "https://api.github.com/repos/realtebo/JASONETTE-Android/subscription",
        "commits_url": "https://api.github.com/repos/realtebo/JASONETTE-Android/commits{/sha}",
        "git_commits_url": "https://api.github.com/repos/realtebo/JASONETTE-Android/git/commits{/sha}",
        "comments_url": "https://api.github.com/repos/realtebo/JASONETTE-Android/comments{/number}",
        "issue_comment_url": "https://api.github.com/repos/realtebo/JASONETTE-Android/issues/comments{/number}",
        "contents_url": "https://api.github.com/repos/realtebo/JASONETTE-Android/contents/{+path}",
        "compare_url": "https://api.github.com/repos/realtebo/JASONETTE-Android/compare/{base}...{head}",
        "merges_url": "https://api.github.com/repos/realtebo/JASONETTE-Android/merges",
        "archive_url": "https://api.github.com/repos/realtebo/JASONETTE-Android/{archive_format}{/ref}",
        "downloads_url": "https://api.github.com/repos/realtebo/JASONETTE-Android/downloads",
        "issues_url": "https://api.github.com/repos/realtebo/JASONETTE-Android/issues{/number}",
        "pulls_url": "https://api.github.com/repos/realtebo/JASONETTE-Android/pulls{/number}",
        "milestones_url": "https://api.github.com/repos/realtebo/JASONETTE-Android/milestones{/number}",
        "notifications_url": "https://api.github.com/repos/realtebo/JASONETTE-Android/notifications{?since,all,participating}",
        "labels_url": "https://api.github.com/repos/realtebo/JASONETTE-Android/labels{/name}",
        "releases_url": "https://api.github.com/repos/realtebo/JASONETTE-Android/releases{/id}",
        "deployments_url": "https://api.github.com/repos/realtebo/JASONETTE-Android/deployments",
        "created_at": "2017-12-05T21:03:12Z",
        "updated_at": "2017-12-05T21:03:14Z",
        "pushed_at": "2017-12-05T22:25:12Z",
        "git_url": "git://github.com/realtebo/JASONETTE-Android.git",
        "ssh_url": "git@github.com:realtebo/JASONETTE-Android.git",
        "clone_url": "https://github.com/realtebo/JASONETTE-Android.git",
        "svn_url": "https://github.com/realtebo/JASONETTE-Android",
        "homepage": "https://www.jasonette.com",
        "size": 1497,
        "stargazers_count": 0,
        "watchers_count": 0,
        "language": "Java",
        "has_issues": false,
        "has_projects": true,
        "has_downloads": true,
        "has_wiki": true,
        "has_pages": false,
        "forks_count": 0,
        "mirror_url": null,
        "archived": false,
        "disabled": false,
        "open_issues_count": 0,
        "license": {
          "key": "mit",
          "name": "MIT License",
          "spdx_id": "MIT",
          "url": "https://api.github.com/licenses/mit",
          "node_id": "MDc6TGljZW5zZTEz"
        },
        "forks": 0,
        "open_issues": 0,
        "watchers": 0,
        "default_branch": "develop"
      }
    },
    "base": {
      "label": "Jasonette:develop",
      "ref": "develop",
      "sha": "580238059a1d3935ed04d40a33b66f146721c534",
      "user": {
        "login": "Jasonette",
        "id": 20961094,
        "node_id": "MDEyOk9yZ2FuaXphdGlvbjIwOTYxMDk0",
        "avatar_url": "https://avatars1.githubusercontent.com/u/20961094?v=4",
        "gravatar_id": "",
        "url": "https://api.github.com/users/Jasonette",
        "html_url": "https://github.com/Jasonette",
        "followers_url": "https://api.github.com/users/Jasonette/followers",
        "following_url": "https://api.github.com/users/Jasonette/following{/other_user}",
        "gists_url": "https://api.github.com/users/Jasonette/gists{/gist_id}",
        "starred_url": "https://api.github.com/users/Jasonette/starred{/owner}{/repo}",
        "subscriptions_url": "https://api.github.com/users/Jasonette/subscriptions",
        "organizations_url": "https://api.github.com/users/Jasonette/orgs",
        "repos_url": "https://api.github.com/users/Jasonette/repos",
        "events_url": "https://api.github.com/users/Jasonette/events{/privacy}",
        "received_events_url": "https://api.github.com/users/Jasonette/received_events",
        "type": "Organization",
        "site_admin": false
      },
      "repo": {
        "id": 76435282,
        "node_id": "MDEwOlJlcG9zaXRvcnk3NjQzNTI4Mg==",
        "name": "JASONETTE-Android",
        "full_name": "Jasonette/JASONETTE-Android",
        "private": false,
        "owner": {
          "login": "Jasonette",
          "id": 20961094,
          "node_id": "MDEyOk9yZ2FuaXphdGlvbjIwOTYxMDk0",
          "avatar_url": "https://avatars1.githubusercontent.com/u/20961094?v=4",
          "gravatar_id": "",
          "url": "https://api.github.com/users/Jasonette",
          "html_url": "https://github.com/Jasonette",
          "followers_url": "https://api.github.com/users/Jasonette/followers",
          "following_url": "https://api.github.com/users/Jasonette/following{/other_user}",
          "gists_url": "https://api.github.com/users/Jasonette/gists{/gist_id}",
          "starred_url": "https://api.github.com/users/Jasonette/starred{/owner}{/repo}",
          "subscriptions_url": "https://api.github.com/users/Jasonette/subscriptions",
          "organizations_url": "https://api.github.com/users/Jasonette/orgs",
          "repos_url": "https://api.github.com/users/Jasonette/repos",
          "events_url": "https://api.github.com/users/Jasonette/events{/privacy}",
          "received_events_url": "https://api.github.com/users/Jasonette/received_events",
          "type": "Organization",
          "site_admin": false
        },
        "html_url": "https://github.com/Jasonette/JASONETTE-Android",
        "description": "📡 Native App over HTTP, on Android",
        "fork": false,
        "url": "https://api.github.com/repos/Jasonette/JASONETTE-Android",
        "forks_url": "https://api.github.com/repos/Jasonette/JASONETTE-Android/forks",
        "keys_url": "https://api.github.com/repos/Jasonette/JASONETTE-Android/keys{/key_id}",
        "collaborators_url": "https://api.github.com/repos/Jasonette/JASONETTE-Android/collaborators{/collaborator}",
        "teams_url": "https://api.github.com/repos/Jasonette/JASONETTE-Android/teams",
        "hooks_url": "https://api.github.com/repos/Jasonette/JASONETTE-Android/hooks",
        "issue_events_url": "https://api.github.com/repos/Jasonette/JASONETTE-Android/issues/events{/number}",
        "events_url": "https://api.github.com/repos/Jasonette/JASONETTE-Android/events",
        "assignees_url": "https://api.github.com/repos/Jasonette/JASONETTE-Android/assignees{/user}",
        "branches_url": "https://api.github.com/repos/Jasonette/JASONETTE-Android/branches{/branch}",
        "tags_url": "https://api.github.com/repos/Jasonette/JASONETTE-Android/tags",
        "blobs_url": "https://api.github.com/repos/Jasonette/JASONETTE-Android/git/blobs{/sha}",
        "git_tags_url": "https://api.github.com/repos/Jasonette/JASONETTE-Android/git/tags{/sha}",
        "git_refs_url": "https://api.github.com/repos/Jasonette/JASONETTE-Android/git/refs{/sha}",
        "trees_url": "https://api.github.com/repos/Jasonette/JASONETTE-Android/git/trees{/sha}",
        "statuses_url": "https://api.github.com/repos/Jasonette/JASONETTE-Android/statuses/{sha}",
        "languages_url": "https://api.github.com/repos/Jasonette/JASONETTE-Android/languages",
        "stargazers_url": "https://api.github.com/repos/Jasonette/JASONETTE-Android/stargazers",
        "contributors_url": "https://api.github.com/repos/Jasonette/JASONETTE-Android/contributors",
        "subscribers_url": "https://api.github.com/repos/Jasonette/JASONETTE-Android/subscribers",
        "subscription_url": "https://api.github.com/repos/Jasonette/JASONETTE-Android/subscription",
        "commits_url": "https://api.github.com/repos/Jasonette/JASONETTE-Android/commits{/sha}",
        "git_commits_url": "https://api.github.com/repos/Jasonette/JASONETTE-Android/git/commits{/sha}",
        "comments_url": "https://api.github.com/repos/Jasonette/JASONETTE-Android/comments{/number}",
        "issue_comment_url": "https://api.github.com/repos/Jasonette/JASONETTE-Android/issues/comments{/number}",
        "contents_url": "https://api.github.com/repos/Jasonette/JASONETTE-Android/contents/{+path}",
        "compare_url": "https://api.github.com/repos/Jasonette/JASONETTE-Android/compare/{base}...{head}",
        "merges_url": "https://api.github.com/repos/Jasonette/JASONETTE-Android/merges",
        "archive_url": "https://api.github.com/repos/Jasonette/JASONETTE-Android/{archive_format}{/ref}",
        "downloads_url": "https://api.github.com/repos/Jasonette/JASONETTE-Android/downloads",
        "issues_url": "https://api.github.com/repos/Jasonette/JASONETTE-Android/issues{/number}",
        "pulls_url": "https://api.github.com/repos/Jasonette/JASONETTE-Android/pulls{/number}",
        "milestones_url": "https://api.github.com/repos/Jasonette/JASONETTE-Android/milestones{/number}",
        "notifications_url": "https://api.github.com/repos/Jasonette/JASONETTE-Android/notifications{?since,all,participating}",
        "labels_url": "https://api.github.com/repos/Jasonette/JASONETTE-Android/labels{/name}",
        "releases_url": "https://api.github.com/repos/Jasonette/JASONETTE-Android/releases{/id}",
        "deployments_url": "https://api.github.com/repos/Jasonette/JASONETTE-Android/deployments",
        "created_at": "2016-12-14T07:25:18Z",
        "updated_at": "2019-09-06T19:20:20Z",
        "pushed_at": "2019-07-16T01:42:54Z",
        "git_url": "git://github.com/Jasonette/JASONETTE-Android.git",
        "ssh_url": "git@github.com:Jasonette/JASONETTE-Android.git",
        "clone_url": "https://github.com/Jasonette/JASONETTE-Android.git",
        "svn_url": "https://github.com/Jasonette/JASONETTE-Android",
        "homepage": "https://www.jasonette.com",
        "size": 1530,
        "stargazers_count": 1535,
        "watchers_count": 1535,
        "language": "Java",
        "has_issues": true,
        "has_projects": true,
        "has_downloads": true,
        "has_wiki": true,
        "has_pages": false,
        "forks_count": 207,
        "mirror_url": null,
        "archived": false,
        "disabled": false,
        "open_issues_count": 79,
        "license": {
          "key": "mit",
          "name": "MIT License",
          "spdx_id": "MIT",
          "url": "https://api.github.com/licenses/mit",
          "node_id": "MDc6TGljZW5zZTEz"
        },
        "forks": 207,
        "open_issues": 79,
        "watchers": 1535,
        "default_branch": "develop"
      }
    },
    "_links": {
      "self": {
        "href": "https://api.github.com/repos/Jasonette/JASONETTE-Android/pulls/209"
      },
      "html": {
        "href": "https://github.com/Jasonette/JASONETTE-Android/pull/209"
      },
      "issue": {
        "href": "https://api.github.com/repos/Jasonette/JASONETTE-Android/issues/209"
      },
      "comments": {
        "href": "https://api.github.com/repos/Jasonette/JASONETTE-Android/issues/209/comments"
      },
      "review_comments": {
        "href": "https://api.github.com/repos/Jasonette/JASONETTE-Android/pulls/209/comments"
      },
      "review_comment": {
        "href": "https://api.github.com/repos/Jasonette/JASONETTE-Android/pulls/comments{/number}"
      },
      "commits": {
        "href": "https://api.github.com/repos/Jasonette/JASONETTE-Android/pulls/209/commits"
      },
      "statuses": {
        "href": "https://api.github.com/repos/Jasonette/JASONETTE-Android/statuses/890e9d82af7806df6404b16e236830c179f435ce"
      }
    },
    "author_association": "CONTRIBUTOR"
  }
]
