[
  {
    "url": "https://api.github.com/repos/apache/trafficcontrol/pulls/3686",
    "id": 289468268,
    "node_id": "MDExOlB1bGxSZXF1ZXN0Mjg5NDY4MjY4",
    "html_url": "https://github.com/apache/trafficcontrol/pull/3686",
    "diff_url": "https://github.com/apache/trafficcontrol/pull/3686.diff",
    "patch_url": "https://github.com/apache/trafficcontrol/pull/3686.patch",
    "issue_url": "https://api.github.com/repos/apache/trafficcontrol/issues/3686",
    "number": 3686,
    "state": "closed",
    "locked": false,
    "title": "Update cdn-in-a-box Documentation with more pitfalls",
    "user": {
      "login": "dsouza93",
      "id": 12902933,
      "node_id": "MDQ6VXNlcjEyOTAyOTMz",
      "avatar_url": "https://avatars0.githubusercontent.com/u/12902933?v=4",
      "gravatar_id": "",
      "url": "https://api.github.com/users/dsouza93",
      "html_url": "https://github.com/dsouza93",
      "followers_url": "https://api.github.com/users/dsouza93/followers",
      "following_url": "https://api.github.com/users/dsouza93/following{/other_user}",
      "gists_url": "https://api.github.com/users/dsouza93/gists{/gist_id}",
      "starred_url": "https://api.github.com/users/dsouza93/starred{/owner}{/repo}",
      "subscriptions_url": "https://api.github.com/users/dsouza93/subscriptions",
      "organizations_url": "https://api.github.com/users/dsouza93/orgs",
      "repos_url": "https://api.github.com/users/dsouza93/repos",
      "events_url": "https://api.github.com/users/dsouza93/events{/privacy}",
      "received_events_url": "https://api.github.com/users/dsouza93/received_events",
      "type": "User",
      "site_admin": false
    },
    "body": "<!--\r\n************ STOP!! ************\r\nIf this Pull Request is intended to fix a security vulnerability, DO NOT submit it! Instead, contact\r\nthe Apache Software Foundation Security Team at security@trafficcontrol.apache.org and follow the\r\nguidelines at https://www.apache.org/security/ regarding vulnerability disclosure.\r\n-->\r\n## What does this PR (Pull Request) do?\r\n<!-- Explain the changes you made here. If this fixes an Issue, identify it by\r\nreplacing the text in the checkbox item with the Issue number e.g.\r\n\r\n- [x] This PR fixes #9001 OR is not related to any Issue\r\n\r\n^ This will automatically close Issue number 9001 when the Pull Request is\r\nmerged (The '#' is important).\r\n\r\nBe sure you check the box properly, see the \"The following criteria are ALL\r\nmet by this PR\" section for details.\r\n-->\r\n\r\nUpdates the cdn-in-a-box documentation to include some pitfalls I ran into when starting it up. They include having to snap the cdn to get an initial CRconfig and clearing the volumes when the self signed certs are failing.\r\n\r\n## Which Traffic Control components are affected by this PR?\r\n<!-- Please delete all components from this list that are NOT affected by this\r\nPull Request. Also, feel free to add the name of a tool or script that is\r\naffected but not on the list.\r\n\r\nAdditionally, if this Pull Request does NOT affect documentation, please\r\nexplain why documentation is not required. -->\r\n\r\n- CDN in a Box\r\n- Documentation\r\n\r\n## What is the best way to verify this PR?\r\n<!-- Please include here ALL the steps necessary to test your Pull Request. If\r\nit includes tests (and most should), outline here the steps needed to run the\r\ntests. If not, lay out the manual testing procedure and please explain why\r\ntests are unnecessary for this Pull Request. -->\r\n\r\nDoes the new doc make sense? \r\n",
    "created_at": "2019-06-18T21:57:34Z",
    "updated_at": "2019-06-19T15:57:26Z",
    "closed_at": "2019-06-19T15:57:26Z",
    "merged_at": "2019-06-19T15:57:26Z",
    "merge_commit_sha": "1e342cbd96989e1f7bb0a3f2de6492a14e22a690",
    "assignee": null,
    "assignees": [

    ],
    "requested_reviewers": [

    ],
    "requested_teams": [

    ],
    "labels": [
      {
        "id": 1002382353,
        "node_id": "MDU6TGFiZWwxMDAyMzgyMzUz",
        "url": "https://api.github.com/repos/apache/trafficcontrol/labels/cdn-in-a-box",
        "name": "cdn-in-a-box",
        "color": "c6d84e",
        "default": false
      },
      {
        "id": 675816289,
        "node_id": "MDU6TGFiZWw2NzU4MTYyODk=",
        "url": "https://api.github.com/repos/apache/trafficcontrol/labels/documentation",
        "name": "documentation",
        "color": "0052cc",
        "default": true
      }
    ],
    "milestone": null,
    "commits_url": "https://api.github.com/repos/apache/trafficcontrol/pulls/3686/commits",
    "review_comments_url": "https://api.github.com/repos/apache/trafficcontrol/pulls/3686/comments",
    "review_comment_url": "https://api.github.com/repos/apache/trafficcontrol/pulls/comments{/number}",
    "comments_url": "https://api.github.com/repos/apache/trafficcontrol/issues/3686/comments",
    "statuses_url": "https://api.github.com/repos/apache/trafficcontrol/statuses/6d6b23535b52521b28520f8df9d351a8ef870e69",
    "head": {
      "label": "dsouza93:cdn_box_common_pitfalls",
      "ref": "cdn_box_common_pitfalls",
      "sha": "6d6b23535b52521b28520f8df9d351a8ef870e69",
      "user": {
        "login": "dsouza93",
        "id": 12902933,
        "node_id": "MDQ6VXNlcjEyOTAyOTMz",
        "avatar_url": "https://avatars0.githubusercontent.com/u/12902933?v=4",
        "gravatar_id": "",
        "url": "https://api.github.com/users/dsouza93",
        "html_url": "https://github.com/dsouza93",
        "followers_url": "https://api.github.com/users/dsouza93/followers",
        "following_url": "https://api.github.com/users/dsouza93/following{/other_user}",
        "gists_url": "https://api.github.com/users/dsouza93/gists{/gist_id}",
        "starred_url": "https://api.github.com/users/dsouza93/starred{/owner}{/repo}",
        "subscriptions_url": "https://api.github.com/users/dsouza93/subscriptions",
        "organizations_url": "https://api.github.com/users/dsouza93/orgs",
        "repos_url": "https://api.github.com/users/dsouza93/repos",
        "events_url": "https://api.github.com/users/dsouza93/events{/privacy}",
        "received_events_url": "https://api.github.com/users/dsouza93/received_events",
        "type": "User",
        "site_admin": false
      },
      "repo": {
        "id": 148365285,
        "node_id": "MDEwOlJlcG9zaXRvcnkxNDgzNjUyODU=",
        "name": "trafficcontrol",
        "full_name": "dsouza93/trafficcontrol",
        "private": false,
        "owner": {
          "login": "dsouza93",
          "id": 12902933,
          "node_id": "MDQ6VXNlcjEyOTAyOTMz",
          "avatar_url": "https://avatars0.githubusercontent.com/u/12902933?v=4",
          "gravatar_id": "",
          "url": "https://api.github.com/users/dsouza93",
          "html_url": "https://github.com/dsouza93",
          "followers_url": "https://api.github.com/users/dsouza93/followers",
          "following_url": "https://api.github.com/users/dsouza93/following{/other_user}",
          "gists_url": "https://api.github.com/users/dsouza93/gists{/gist_id}",
          "starred_url": "https://api.github.com/users/dsouza93/starred{/owner}{/repo}",
          "subscriptions_url": "https://api.github.com/users/dsouza93/subscriptions",
          "organizations_url": "https://api.github.com/users/dsouza93/orgs",
          "repos_url": "https://api.github.com/users/dsouza93/repos",
          "events_url": "https://api.github.com/users/dsouza93/events{/privacy}",
          "received_events_url": "https://api.github.com/users/dsouza93/received_events",
          "type": "User",
          "site_admin": false
        },
        "html_url": "https://github.com/dsouza93/trafficcontrol",
        "description": "Apache Traffic Control",
        "fork": true,
        "url": "https://api.github.com/repos/dsouza93/trafficcontrol",
        "forks_url": "https://api.github.com/repos/dsouza93/trafficcontrol/forks",
        "keys_url": "https://api.github.com/repos/dsouza93/trafficcontrol/keys{/key_id}",
        "collaborators_url": "https://api.github.com/repos/dsouza93/trafficcontrol/collaborators{/collaborator}",
        "teams_url": "https://api.github.com/repos/dsouza93/trafficcontrol/teams",
        "hooks_url": "https://api.github.com/repos/dsouza93/trafficcontrol/hooks",
        "issue_events_url": "https://api.github.com/repos/dsouza93/trafficcontrol/issues/events{/number}",
        "events_url": "https://api.github.com/repos/dsouza93/trafficcontrol/events",
        "assignees_url": "https://api.github.com/repos/dsouza93/trafficcontrol/assignees{/user}",
        "branches_url": "https://api.github.com/repos/dsouza93/trafficcontrol/branches{/branch}",
        "tags_url": "https://api.github.com/repos/dsouza93/trafficcontrol/tags",
        "blobs_url": "https://api.github.com/repos/dsouza93/trafficcontrol/git/blobs{/sha}",
        "git_tags_url": "https://api.github.com/repos/dsouza93/trafficcontrol/git/tags{/sha}",
        "git_refs_url": "https://api.github.com/repos/dsouza93/trafficcontrol/git/refs{/sha}",
        "trees_url": "https://api.github.com/repos/dsouza93/trafficcontrol/git/trees{/sha}",
        "statuses_url": "https://api.github.com/repos/dsouza93/trafficcontrol/statuses/{sha}",
        "languages_url": "https://api.github.com/repos/dsouza93/trafficcontrol/languages",
        "stargazers_url": "https://api.github.com/repos/dsouza93/trafficcontrol/stargazers",
        "contributors_url": "https://api.github.com/repos/dsouza93/trafficcontrol/contributors",
        "subscribers_url": "https://api.github.com/repos/dsouza93/trafficcontrol/subscribers",
        "subscription_url": "https://api.github.com/repos/dsouza93/trafficcontrol/subscription",
        "commits_url": "https://api.github.com/repos/dsouza93/trafficcontrol/commits{/sha}",
        "git_commits_url": "https://api.github.com/repos/dsouza93/trafficcontrol/git/commits{/sha}",
        "comments_url": "https://api.github.com/repos/dsouza93/trafficcontrol/comments{/number}",
        "issue_comment_url": "https://api.github.com/repos/dsouza93/trafficcontrol/issues/comments{/number}",
        "contents_url": "https://api.github.com/repos/dsouza93/trafficcontrol/contents/{+path}",
        "compare_url": "https://api.github.com/repos/dsouza93/trafficcontrol/compare/{base}...{head}",
        "merges_url": "https://api.github.com/repos/dsouza93/trafficcontrol/merges",
        "archive_url": "https://api.github.com/repos/dsouza93/trafficcontrol/{archive_format}{/ref}",
        "downloads_url": "https://api.github.com/repos/dsouza93/trafficcontrol/downloads",
        "issues_url": "https://api.github.com/repos/dsouza93/trafficcontrol/issues{/number}",
        "pulls_url": "https://api.github.com/repos/dsouza93/trafficcontrol/pulls{/number}",
        "milestones_url": "https://api.github.com/repos/dsouza93/trafficcontrol/milestones{/number}",
        "notifications_url": "https://api.github.com/repos/dsouza93/trafficcontrol/notifications{?since,all,participating}",
        "labels_url": "https://api.github.com/repos/dsouza93/trafficcontrol/labels{/name}",
        "releases_url": "https://api.github.com/repos/dsouza93/trafficcontrol/releases{/id}",
        "deployments_url": "https://api.github.com/repos/dsouza93/trafficcontrol/deployments",
        "created_at": "2018-09-11T18:57:11Z",
        "updated_at": "2019-07-31T15:37:08Z",
        "pushed_at": "2019-07-31T15:37:02Z",
        "git_url": "git://github.com/dsouza93/trafficcontrol.git",
        "ssh_url": "git@github.com:dsouza93/trafficcontrol.git",
        "clone_url": "https://github.com/dsouza93/trafficcontrol.git",
        "svn_url": "https://github.com/dsouza93/trafficcontrol",
        "homepage": "https://trafficcontrol.apache.org",
        "size": 83037,
        "stargazers_count": 0,
        "watchers_count": 0,
        "language": "Perl",
        "has_issues": false,
        "has_projects": true,
        "has_downloads": true,
        "has_wiki": false,
        "has_pages": false,
        "forks_count": 0,
        "mirror_url": null,
        "archived": false,
        "disabled": false,
        "open_issues_count": 0,
        "license": {
          "key": "other",
          "name": "Other",
          "spdx_id": "NOASSERTION",
          "url": null,
          "node_id": "MDc6TGljZW5zZTA="
        },
        "forks": 0,
        "open_issues": 0,
        "watchers": 0,
        "default_branch": "master"
      }
    },
    "base": {
      "label": "apache:master",
      "ref": "master",
      "sha": "139d796ba0e5fa4dd8b32c46bd685eaead0cdd59",
      "user": {
        "login": "apache",
        "id": 47359,
        "node_id": "MDEyOk9yZ2FuaXphdGlvbjQ3MzU5",
        "avatar_url": "https://avatars0.githubusercontent.com/u/47359?v=4",
        "gravatar_id": "",
        "url": "https://api.github.com/users/apache",
        "html_url": "https://github.com/apache",
        "followers_url": "https://api.github.com/users/apache/followers",
        "following_url": "https://api.github.com/users/apache/following{/other_user}",
        "gists_url": "https://api.github.com/users/apache/gists{/gist_id}",
        "starred_url": "https://api.github.com/users/apache/starred{/owner}{/repo}",
        "subscriptions_url": "https://api.github.com/users/apache/subscriptions",
        "organizations_url": "https://api.github.com/users/apache/orgs",
        "repos_url": "https://api.github.com/users/apache/repos",
        "events_url": "https://api.github.com/users/apache/events{/privacy}",
        "received_events_url": "https://api.github.com/users/apache/received_events",
        "type": "Organization",
        "site_admin": false
      },
      "repo": {
        "id": 67198520,
        "node_id": "MDEwOlJlcG9zaXRvcnk2NzE5ODUyMA==",
        "name": "trafficcontrol",
        "full_name": "apache/trafficcontrol",
        "private": false,
        "owner": {
          "login": "apache",
          "id": 47359,
          "node_id": "MDEyOk9yZ2FuaXphdGlvbjQ3MzU5",
          "avatar_url": "https://avatars0.githubusercontent.com/u/47359?v=4",
          "gravatar_id": "",
          "url": "https://api.github.com/users/apache",
          "html_url": "https://github.com/apache",
          "followers_url": "https://api.github.com/users/apache/followers",
          "following_url": "https://api.github.com/users/apache/following{/other_user}",
          "gists_url": "https://api.github.com/users/apache/gists{/gist_id}",
          "starred_url": "https://api.github.com/users/apache/starred{/owner}{/repo}",
          "subscriptions_url": "https://api.github.com/users/apache/subscriptions",
          "organizations_url": "https://api.github.com/users/apache/orgs",
          "repos_url": "https://api.github.com/users/apache/repos",
          "events_url": "https://api.github.com/users/apache/events{/privacy}",
          "received_events_url": "https://api.github.com/users/apache/received_events",
          "type": "Organization",
          "site_admin": false
        },
        "html_url": "https://github.com/apache/trafficcontrol",
        "description": "Apache Traffic Control",
        "fork": false,
        "url": "https://api.github.com/repos/apache/trafficcontrol",
        "forks_url": "https://api.github.com/repos/apache/trafficcontrol/forks",
        "keys_url": "https://api.github.com/repos/apache/trafficcontrol/keys{/key_id}",
        "collaborators_url": "https://api.github.com/repos/apache/trafficcontrol/collaborators{/collaborator}",
        "teams_url": "https://api.github.com/repos/apache/trafficcontrol/teams",
        "hooks_url": "https://api.github.com/repos/apache/trafficcontrol/hooks",
        "issue_events_url": "https://api.github.com/repos/apache/trafficcontrol/issues/events{/number}",
        "events_url": "https://api.github.com/repos/apache/trafficcontrol/events",
        "assignees_url": "https://api.github.com/repos/apache/trafficcontrol/assignees{/user}",
        "branches_url": "https://api.github.com/repos/apache/trafficcontrol/branches{/branch}",
        "tags_url": "https://api.github.com/repos/apache/trafficcontrol/tags",
        "blobs_url": "https://api.github.com/repos/apache/trafficcontrol/git/blobs{/sha}",
        "git_tags_url": "https://api.github.com/repos/apache/trafficcontrol/git/tags{/sha}",
        "git_refs_url": "https://api.github.com/repos/apache/trafficcontrol/git/refs{/sha}",
        "trees_url": "https://api.github.com/repos/apache/trafficcontrol/git/trees{/sha}",
        "statuses_url": "https://api.github.com/repos/apache/trafficcontrol/statuses/{sha}",
        "languages_url": "https://api.github.com/repos/apache/trafficcontrol/languages",
        "stargazers_url": "https://api.github.com/repos/apache/trafficcontrol/stargazers",
        "contributors_url": "https://api.github.com/repos/apache/trafficcontrol/contributors",
        "subscribers_url": "https://api.github.com/repos/apache/trafficcontrol/subscribers",
        "subscription_url": "https://api.github.com/repos/apache/trafficcontrol/subscription",
        "commits_url": "https://api.github.com/repos/apache/trafficcontrol/commits{/sha}",
        "git_commits_url": "https://api.github.com/repos/apache/trafficcontrol/git/commits{/sha}",
        "comments_url": "https://api.github.com/repos/apache/trafficcontrol/comments{/number}",
        "issue_comment_url": "https://api.github.com/repos/apache/trafficcontrol/issues/comments{/number}",
        "contents_url": "https://api.github.com/repos/apache/trafficcontrol/contents/{+path}",
        "compare_url": "https://api.github.com/repos/apache/trafficcontrol/compare/{base}...{head}",
        "merges_url": "https://api.github.com/repos/apache/trafficcontrol/merges",
        "archive_url": "https://api.github.com/repos/apache/trafficcontrol/{archive_format}{/ref}",
        "downloads_url": "https://api.github.com/repos/apache/trafficcontrol/downloads",
        "issues_url": "https://api.github.com/repos/apache/trafficcontrol/issues{/number}",
        "pulls_url": "https://api.github.com/repos/apache/trafficcontrol/pulls{/number}",
        "milestones_url": "https://api.github.com/repos/apache/trafficcontrol/milestones{/number}",
        "notifications_url": "https://api.github.com/repos/apache/trafficcontrol/notifications{?since,all,participating}",
        "labels_url": "https://api.github.com/repos/apache/trafficcontrol/labels{/name}",
        "releases_url": "https://api.github.com/repos/apache/trafficcontrol/releases{/id}",
        "deployments_url": "https://api.github.com/repos/apache/trafficcontrol/deployments",
        "created_at": "2016-09-02T07:00:06Z",
        "updated_at": "2019-09-10T23:48:13Z",
        "pushed_at": "2019-09-11T00:49:26Z",
        "git_url": "git://github.com/apache/trafficcontrol.git",
        "ssh_url": "git@github.com:apache/trafficcontrol.git",
        "clone_url": "https://github.com/apache/trafficcontrol.git",
        "svn_url": "https://github.com/apache/trafficcontrol",
        "homepage": "https://trafficcontrol.apache.org",
        "size": 83850,
        "stargazers_count": 355,
        "watchers_count": 355,
        "language": "Perl",
        "has_issues": true,
        "has_projects": true,
        "has_downloads": true,
        "has_wiki": false,
        "has_pages": false,
        "forks_count": 178,
        "mirror_url": null,
        "archived": false,
        "disabled": false,
        "open_issues_count": 735,
        "license": {
          "key": "other",
          "name": "Other",
          "spdx_id": "NOASSERTION",
          "url": null,
          "node_id": "MDc6TGljZW5zZTA="
        },
        "forks": 178,
        "open_issues": 735,
        "watchers": 355,
        "default_branch": "master"
      }
    },
    "_links": {
      "self": {
        "href": "https://api.github.com/repos/apache/trafficcontrol/pulls/3686"
      },
      "html": {
        "href": "https://github.com/apache/trafficcontrol/pull/3686"
      },
      "issue": {
        "href": "https://api.github.com/repos/apache/trafficcontrol/issues/3686"
      },
      "comments": {
        "href": "https://api.github.com/repos/apache/trafficcontrol/issues/3686/comments"
      },
      "review_comments": {
        "href": "https://api.github.com/repos/apache/trafficcontrol/pulls/3686/comments"
      },
      "review_comment": {
        "href": "https://api.github.com/repos/apache/trafficcontrol/pulls/comments{/number}"
      },
      "commits": {
        "href": "https://api.github.com/repos/apache/trafficcontrol/pulls/3686/commits"
      },
      "statuses": {
        "href": "https://api.github.com/repos/apache/trafficcontrol/statuses/6d6b23535b52521b28520f8df9d351a8ef870e69"
      }
    },
    "author_association": "CONTRIBUTOR"
  }
]
