[
  {
    "url": "https://api.github.com/repos/angular-ui/bootstrap/pulls/1",
    "id": 20513378,
    "node_id": "MDExOlB1bGxSZXF1ZXN0MjA1MTMzNzg=",
    "html_url": "https://github.com/NateRedding/bootstrap/pull/1",
    "diff_url": "https://github.com/NateRedding/bootstrap/pull/1.diff",
    "patch_url": "https://github.com/NateRedding/bootstrap/pull/1.patch",
    "issue_url": "https://api.github.com/repos/angular-ui/bootstrap/issues/1",
    "number": 1,
    "state": "closed",
    "locked": false,
    "title": "Update local code",
    "user": {
      "login": "NateRedding",
      "id": 3064840,
      "node_id": "MDQ6VXNlcjMwNjQ4NDA=",
      "avatar_url": "https://avatars3.githubusercontent.com/u/3064840?v=4",
      "gravatar_id": "",
      "url": "https://api.github.com/users/NateRedding",
      "html_url": "https://github.com/NateRedding",
      "followers_url": "https://api.github.com/users/NateRedding/followers",
      "following_url": "https://api.github.com/users/NateRedding/following{/other_user}",
      "gists_url": "https://api.github.com/users/NateRedding/gists{/gist_id}",
      "starred_url": "https://api.github.com/users/NateRedding/starred{/owner}{/repo}",
      "subscriptions_url": "https://api.github.com/users/NateRedding/subscriptions",
      "organizations_url": "https://api.github.com/users/NateRedding/orgs",
      "repos_url": "https://api.github.com/users/NateRedding/repos",
      "events_url": "https://api.github.com/users/NateRedding/events{/privacy}",
      "received_events_url": "https://api.github.com/users/NateRedding/received_events",
      "type": "User",
      "site_admin": false
    },
    "body": "",
    "created_at": "2014-08-29T17:45:14Z",
    "updated_at": "2014-08-29T17:45:35Z",
    "closed_at": "2014-08-29T17:45:35Z",
    "merged_at": "2014-08-29T17:45:35Z",
    "merge_commit_sha": "5b8f3b2f94ec9db7b0f45dd58cf347acfde14212",
    "assignee": null,
    "assignees": [

    ],
    "requested_reviewers": [

    ],
    "requested_teams": [

    ],
    "labels": [

    ],
    "milestone": null,
    "commits_url": "https://api.github.com/repos/angular-ui/bootstrap/pulls/1/commits",
    "review_comments_url": "https://api.github.com/repos/angular-ui/bootstrap/pulls/1/comments",
    "review_comment_url": "https://api.github.com/repos/angular-ui/bootstrap/pulls/comments{/number}",
    "comments_url": "https://api.github.com/repos/angular-ui/bootstrap/issues/1/comments",
    "statuses_url": "https://api.github.com/repos/angular-ui/bootstrap/statuses/b75f7afb9e207e4c7a74e385a51aae6d0197f2a4",
    "head": {
      "label": "angular-ui:master",
      "ref": "master",
      "sha": "b75f7afb9e207e4c7a74e385a51aae6d0197f2a4",
      "user": {
        "login": "angular-ui",
        "id": 1530011,
        "node_id": "MDEyOk9yZ2FuaXphdGlvbjE1MzAwMTE=",
        "avatar_url": "https://avatars3.githubusercontent.com/u/1530011?v=4",
        "gravatar_id": "",
        "url": "https://api.github.com/users/angular-ui",
        "html_url": "https://github.com/angular-ui",
        "followers_url": "https://api.github.com/users/angular-ui/followers",
        "following_url": "https://api.github.com/users/angular-ui/following{/other_user}",
        "gists_url": "https://api.github.com/users/angular-ui/gists{/gist_id}",
        "starred_url": "https://api.github.com/users/angular-ui/starred{/owner}{/repo}",
        "subscriptions_url": "https://api.github.com/users/angular-ui/subscriptions",
        "organizations_url": "https://api.github.com/users/angular-ui/orgs",
        "repos_url": "https://api.github.com/users/angular-ui/repos",
        "events_url": "https://api.github.com/users/angular-ui/events{/privacy}",
        "received_events_url": "https://api.github.com/users/angular-ui/received_events",
        "type": "Organization",
        "site_admin": false
      },
      "repo": {
        "id": 6094683,
        "node_id": "MDEwOlJlcG9zaXRvcnk2MDk0Njgz",
        "name": "bootstrap",
        "full_name": "angular-ui/bootstrap",
        "private": false,
        "owner": {
          "login": "angular-ui",
          "id": 1530011,
          "node_id": "MDEyOk9yZ2FuaXphdGlvbjE1MzAwMTE=",
          "avatar_url": "https://avatars3.githubusercontent.com/u/1530011?v=4",
          "gravatar_id": "",
          "url": "https://api.github.com/users/angular-ui",
          "html_url": "https://github.com/angular-ui",
          "followers_url": "https://api.github.com/users/angular-ui/followers",
          "following_url": "https://api.github.com/users/angular-ui/following{/other_user}",
          "gists_url": "https://api.github.com/users/angular-ui/gists{/gist_id}",
          "starred_url": "https://api.github.com/users/angular-ui/starred{/owner}{/repo}",
          "subscriptions_url": "https://api.github.com/users/angular-ui/subscriptions",
          "organizations_url": "https://api.github.com/users/angular-ui/orgs",
          "repos_url": "https://api.github.com/users/angular-ui/repos",
          "events_url": "https://api.github.com/users/angular-ui/events{/privacy}",
          "received_events_url": "https://api.github.com/users/angular-ui/received_events",
          "type": "Organization",
          "site_admin": false
        },
        "html_url": "https://github.com/angular-ui/bootstrap",
        "description": "PLEASE READ THE PROJECT STATUS BELOW.  Native AngularJS (Angular) directives for Bootstrap. Smaller footprint (20kB gzipped), no 3rd party JS dependencies (jQuery, bootstrap JS) required. Please read the README.md file before submitting an issue!",
        "fork": false,
        "url": "https://api.github.com/repos/angular-ui/bootstrap",
        "forks_url": "https://api.github.com/repos/angular-ui/bootstrap/forks",
        "keys_url": "https://api.github.com/repos/angular-ui/bootstrap/keys{/key_id}",
        "collaborators_url": "https://api.github.com/repos/angular-ui/bootstrap/collaborators{/collaborator}",
        "teams_url": "https://api.github.com/repos/angular-ui/bootstrap/teams",
        "hooks_url": "https://api.github.com/repos/angular-ui/bootstrap/hooks",
        "issue_events_url": "https://api.github.com/repos/angular-ui/bootstrap/issues/events{/number}",
        "events_url": "https://api.github.com/repos/angular-ui/bootstrap/events",
        "assignees_url": "https://api.github.com/repos/angular-ui/bootstrap/assignees{/user}",
        "branches_url": "https://api.github.com/repos/angular-ui/bootstrap/branches{/branch}",
        "tags_url": "https://api.github.com/repos/angular-ui/bootstrap/tags",
        "blobs_url": "https://api.github.com/repos/angular-ui/bootstrap/git/blobs{/sha}",
        "git_tags_url": "https://api.github.com/repos/angular-ui/bootstrap/git/tags{/sha}",
        "git_refs_url": "https://api.github.com/repos/angular-ui/bootstrap/git/refs{/sha}",
        "trees_url": "https://api.github.com/repos/angular-ui/bootstrap/git/trees{/sha}",
        "statuses_url": "https://api.github.com/repos/angular-ui/bootstrap/statuses/{sha}",
        "languages_url": "https://api.github.com/repos/angular-ui/bootstrap/languages",
        "stargazers_url": "https://api.github.com/repos/angular-ui/bootstrap/stargazers",
        "contributors_url": "https://api.github.com/repos/angular-ui/bootstrap/contributors",
        "subscribers_url": "https://api.github.com/repos/angular-ui/bootstrap/subscribers",
        "subscription_url": "https://api.github.com/repos/angular-ui/bootstrap/subscription",
        "commits_url": "https://api.github.com/repos/angular-ui/bootstrap/commits{/sha}",
        "git_commits_url": "https://api.github.com/repos/angular-ui/bootstrap/git/commits{/sha}",
        "comments_url": "https://api.github.com/repos/angular-ui/bootstrap/comments{/number}",
        "issue_comment_url": "https://api.github.com/repos/angular-ui/bootstrap/issues/comments{/number}",
        "contents_url": "https://api.github.com/repos/angular-ui/bootstrap/contents/{+path}",
        "compare_url": "https://api.github.com/repos/angular-ui/bootstrap/compare/{base}...{head}",
        "merges_url": "https://api.github.com/repos/angular-ui/bootstrap/merges",
        "archive_url": "https://api.github.com/repos/angular-ui/bootstrap/{archive_format}{/ref}",
        "downloads_url": "https://api.github.com/repos/angular-ui/bootstrap/downloads",
        "issues_url": "https://api.github.com/repos/angular-ui/bootstrap/issues{/number}",
        "pulls_url": "https://api.github.com/repos/angular-ui/bootstrap/pulls{/number}",
        "milestones_url": "https://api.github.com/repos/angular-ui/bootstrap/milestones{/number}",
        "notifications_url": "https://api.github.com/repos/angular-ui/bootstrap/notifications{?since,all,participating}",
        "labels_url": "https://api.github.com/repos/angular-ui/bootstrap/labels{/name}",
        "releases_url": "https://api.github.com/repos/angular-ui/bootstrap/releases{/id}",
        "deployments_url": "https://api.github.com/repos/angular-ui/bootstrap/deployments",
        "created_at": "2012-10-05T18:27:01Z",
        "updated_at": "2019-09-09T07:17:06Z",
        "pushed_at": "2019-02-10T12:36:40Z",
        "git_url": "git://github.com/angular-ui/bootstrap.git",
        "ssh_url": "git@github.com:angular-ui/bootstrap.git",
        "clone_url": "https://github.com/angular-ui/bootstrap.git",
        "svn_url": "https://github.com/angular-ui/bootstrap",
        "homepage": "http://angular-ui.github.io/bootstrap/",
        "size": 9938,
        "stargazers_count": 14711,
        "watchers_count": 14711,
        "language": "JavaScript",
        "has_issues": true,
        "has_projects": true,
        "has_downloads": true,
        "has_wiki": true,
        "has_pages": true,
        "forks_count": 7285,
        "mirror_url": null,
        "archived": true,
        "disabled": false,
        "open_issues_count": 338,
        "license": {
          "key": "mit",
          "name": "MIT License",
          "spdx_id": "MIT",
          "url": "https://api.github.com/licenses/mit",
          "node_id": "MDc6TGljZW5zZTEz"
        },
        "forks": 7285,
        "open_issues": 338,
        "watchers": 14711,
        "default_branch": "master"
      }
    },
    "base": {
      "label": "NateRedding:collapse-events",
      "ref": "collapse-events",
      "sha": "63ae06c9e17664f57b9e500f59c70851e2a6ce91",
      "user": {
        "login": "NateRedding",
        "id": 3064840,
        "node_id": "MDQ6VXNlcjMwNjQ4NDA=",
        "avatar_url": "https://avatars3.githubusercontent.com/u/3064840?v=4",
        "gravatar_id": "",
        "url": "https://api.github.com/users/NateRedding",
        "html_url": "https://github.com/NateRedding",
        "followers_url": "https://api.github.com/users/NateRedding/followers",
        "following_url": "https://api.github.com/users/NateRedding/following{/other_user}",
        "gists_url": "https://api.github.com/users/NateRedding/gists{/gist_id}",
        "starred_url": "https://api.github.com/users/NateRedding/starred{/owner}{/repo}",
        "subscriptions_url": "https://api.github.com/users/NateRedding/subscriptions",
        "organizations_url": "https://api.github.com/users/NateRedding/orgs",
        "repos_url": "https://api.github.com/users/NateRedding/repos",
        "events_url": "https://api.github.com/users/NateRedding/events{/privacy}",
        "received_events_url": "https://api.github.com/users/NateRedding/received_events",
        "type": "User",
        "site_admin": false
      },
      "repo": {
        "id": 21170286,
        "node_id": "MDEwOlJlcG9zaXRvcnkyMTE3MDI4Ng==",
        "name": "bootstrap",
        "full_name": "NateRedding/bootstrap",
        "private": false,
        "owner": {
          "login": "NateRedding",
          "id": 3064840,
          "node_id": "MDQ6VXNlcjMwNjQ4NDA=",
          "avatar_url": "https://avatars3.githubusercontent.com/u/3064840?v=4",
          "gravatar_id": "",
          "url": "https://api.github.com/users/NateRedding",
          "html_url": "https://github.com/NateRedding",
          "followers_url": "https://api.github.com/users/NateRedding/followers",
          "following_url": "https://api.github.com/users/NateRedding/following{/other_user}",
          "gists_url": "https://api.github.com/users/NateRedding/gists{/gist_id}",
          "starred_url": "https://api.github.com/users/NateRedding/starred{/owner}{/repo}",
          "subscriptions_url": "https://api.github.com/users/NateRedding/subscriptions",
          "organizations_url": "https://api.github.com/users/NateRedding/orgs",
          "repos_url": "https://api.github.com/users/NateRedding/repos",
          "events_url": "https://api.github.com/users/NateRedding/events{/privacy}",
          "received_events_url": "https://api.github.com/users/NateRedding/received_events",
          "type": "User",
          "site_admin": false
        },
        "html_url": "https://github.com/NateRedding/bootstrap",
        "description": "Native AngularJS (Angular) directives for Bootstrap. Small footprint (5kB gzipped!), no 3rd party JS dependencies (jQuery, bootstrap JS) required!",
        "fork": true,
        "url": "https://api.github.com/repos/NateRedding/bootstrap",
        "forks_url": "https://api.github.com/repos/NateRedding/bootstrap/forks",
        "keys_url": "https://api.github.com/repos/NateRedding/bootstrap/keys{/key_id}",
        "collaborators_url": "https://api.github.com/repos/NateRedding/bootstrap/collaborators{/collaborator}",
        "teams_url": "https://api.github.com/repos/NateRedding/bootstrap/teams",
        "hooks_url": "https://api.github.com/repos/NateRedding/bootstrap/hooks",
        "issue_events_url": "https://api.github.com/repos/NateRedding/bootstrap/issues/events{/number}",
        "events_url": "https://api.github.com/repos/NateRedding/bootstrap/events",
        "assignees_url": "https://api.github.com/repos/NateRedding/bootstrap/assignees{/user}",
        "branches_url": "https://api.github.com/repos/NateRedding/bootstrap/branches{/branch}",
        "tags_url": "https://api.github.com/repos/NateRedding/bootstrap/tags",
        "blobs_url": "https://api.github.com/repos/NateRedding/bootstrap/git/blobs{/sha}",
        "git_tags_url": "https://api.github.com/repos/NateRedding/bootstrap/git/tags{/sha}",
        "git_refs_url": "https://api.github.com/repos/NateRedding/bootstrap/git/refs{/sha}",
        "trees_url": "https://api.github.com/repos/NateRedding/bootstrap/git/trees{/sha}",
        "statuses_url": "https://api.github.com/repos/NateRedding/bootstrap/statuses/{sha}",
        "languages_url": "https://api.github.com/repos/NateRedding/bootstrap/languages",
        "stargazers_url": "https://api.github.com/repos/NateRedding/bootstrap/stargazers",
        "contributors_url": "https://api.github.com/repos/NateRedding/bootstrap/contributors",
        "subscribers_url": "https://api.github.com/repos/NateRedding/bootstrap/subscribers",
        "subscription_url": "https://api.github.com/repos/NateRedding/bootstrap/subscription",
        "commits_url": "https://api.github.com/repos/NateRedding/bootstrap/commits{/sha}",
        "git_commits_url": "https://api.github.com/repos/NateRedding/bootstrap/git/commits{/sha}",
        "comments_url": "https://api.github.com/repos/NateRedding/bootstrap/comments{/number}",
        "issue_comment_url": "https://api.github.com/repos/NateRedding/bootstrap/issues/comments{/number}",
        "contents_url": "https://api.github.com/repos/NateRedding/bootstrap/contents/{+path}",
        "compare_url": "https://api.github.com/repos/NateRedding/bootstrap/compare/{base}...{head}",
        "merges_url": "https://api.github.com/repos/NateRedding/bootstrap/merges",
        "archive_url": "https://api.github.com/repos/NateRedding/bootstrap/{archive_format}{/ref}",
        "downloads_url": "https://api.github.com/repos/NateRedding/bootstrap/downloads",
        "issues_url": "https://api.github.com/repos/NateRedding/bootstrap/issues{/number}",
        "pulls_url": "https://api.github.com/repos/NateRedding/bootstrap/pulls{/number}",
        "milestones_url": "https://api.github.com/repos/NateRedding/bootstrap/milestones{/number}",
        "notifications_url": "https://api.github.com/repos/NateRedding/bootstrap/notifications{?since,all,participating}",
        "labels_url": "https://api.github.com/repos/NateRedding/bootstrap/labels{/name}",
        "releases_url": "https://api.github.com/repos/NateRedding/bootstrap/releases{/id}",
        "deployments_url": "https://api.github.com/repos/NateRedding/bootstrap/deployments",
        "created_at": "2014-06-24T15:36:18Z",
        "updated_at": "2014-06-24T21:07:25Z",
        "pushed_at": "2014-08-29T18:44:31Z",
        "git_url": "git://github.com/NateRedding/bootstrap.git",
        "ssh_url": "git@github.com:NateRedding/bootstrap.git",
        "clone_url": "https://github.com/NateRedding/bootstrap.git",
        "svn_url": "https://github.com/NateRedding/bootstrap",
        "homepage": "http://angular-ui.github.io/bootstrap/",
        "size": 3375,
        "stargazers_count": 0,
        "watchers_count": 0,
        "language": "JavaScript",
        "has_issues": false,
        "has_projects": true,
        "has_downloads": true,
        "has_wiki": true,
        "has_pages": false,
        "forks_count": 0,
        "mirror_url": null,
        "archived": false,
        "disabled": false,
        "open_issues_count": 0,
        "license": {
          "key": "mit",
          "name": "MIT License",
          "spdx_id": "MIT",
          "url": "https://api.github.com/licenses/mit",
          "node_id": "MDc6TGljZW5zZTEz"
        },
        "forks": 0,
        "open_issues": 0,
        "watchers": 0,
        "default_branch": "master"
      }
    },
    "_links": {
      "self": {
        "href": "https://api.github.com/repos/angular-ui/bootstrap/pulls/1"
      },
      "html": {
        "href": "https://github.com/NateRedding/bootstrap/pull/1"
      },
      "issue": {
        "href": "https://api.github.com/repos/angular-ui/bootstrap/issues/1"
      },
      "comments": {
        "href": "https://api.github.com/repos/angular-ui/bootstrap/issues/1/comments"
      },
      "review_comments": {
        "href": "https://api.github.com/repos/angular-ui/bootstrap/pulls/1/comments"
      },
      "review_comment": {
        "href": "https://api.github.com/repos/angular-ui/bootstrap/pulls/comments{/number}"
      },
      "commits": {
        "href": "https://api.github.com/repos/angular-ui/bootstrap/pulls/1/commits"
      },
      "statuses": {
        "href": "https://api.github.com/repos/angular-ui/bootstrap/statuses/b75f7afb9e207e4c7a74e385a51aae6d0197f2a4"
      }
    },
    "author_association": "OWNER"
  }
]
