[
  {
    "url": "https://api.github.com/repos/apache/cordova-plugin-camera/pulls/284",
    "id": 141648841,
    "node_id": "MDExOlB1bGxSZXF1ZXN0MTQxNjQ4ODQx",
    "html_url": "https://github.com/apache/cordova-plugin-camera/pull/284",
    "diff_url": "https://github.com/apache/cordova-plugin-camera/pull/284.diff",
    "patch_url": "https://github.com/apache/cordova-plugin-camera/pull/284.patch",
    "issue_url": "https://api.github.com/repos/apache/cordova-plugin-camera/issues/284",
    "number": 284,
    "state": "closed",
    "locked": false,
    "title": "Update CameraProxy.js",
    "user": {
      "login": "ZenPylon",
      "id": 1970004,
      "node_id": "MDQ6VXNlcjE5NzAwMDQ=",
      "avatar_url": "https://avatars0.githubusercontent.com/u/1970004?v=4",
      "gravatar_id": "",
      "url": "https://api.github.com/users/ZenPylon",
      "html_url": "https://github.com/ZenPylon",
      "followers_url": "https://api.github.com/users/ZenPylon/followers",
      "following_url": "https://api.github.com/users/ZenPylon/following{/other_user}",
      "gists_url": "https://api.github.com/users/ZenPylon/gists{/gist_id}",
      "starred_url": "https://api.github.com/users/ZenPylon/starred{/owner}{/repo}",
      "subscriptions_url": "https://api.github.com/users/ZenPylon/subscriptions",
      "organizations_url": "https://api.github.com/users/ZenPylon/orgs",
      "repos_url": "https://api.github.com/users/ZenPylon/repos",
      "events_url": "https://api.github.com/users/ZenPylon/events{/privacy}",
      "received_events_url": "https://api.github.com/users/ZenPylon/received_events",
      "type": "User",
      "site_admin": false
    },
    "body": "Remove audio flag from getUserMedia on the browser.  Including audio resulted in some nasty audio feedback, and audio isn't really needed for taking pictures anyway.\r\n\r\n<!--\r\nPlease make sure the checklist boxes are all checked before submitting the PR. The checklist\r\nis intended as a quick reference, for complete details please see our Contributor Guidelines:\r\n\r\nhttp://cordova.apache.org/contribute/contribute_guidelines.html\r\n\r\nThanks!\r\n-->\r\n\r\n### Platforms affected\r\n\r\n\r\n### What does this PR do?\r\n\r\n\r\n### What testing has been done on this change?\r\n\r\n\r\n### Checklist\r\n- [ ] [Reported an issue](http://cordova.apache.org/contribute/issues.html) in the JIRA database\r\n- [ ] Commit message follows the format: \"CB-3232: (android) Fix bug with resolving file paths\", where CB-xxxx is the JIRA ID & \"android\" is the platform affected.\r\n- [ ] Added automated test coverage as appropriate for this change.\r\n",
    "created_at": "2017-09-18T16:34:16Z",
    "updated_at": "2018-05-28T10:57:31Z",
    "closed_at": "2018-05-24T05:42:39Z",
    "merged_at": "2018-05-24T05:42:39Z",
    "merge_commit_sha": "36343a8e076a877a5ad076df774845c779761d09",
    "assignee": null,
    "assignees": [

    ],
    "requested_reviewers": [

    ],
    "requested_teams": [

    ],
    "labels": [

    ],
    "milestone": null,
    "commits_url": "https://api.github.com/repos/apache/cordova-plugin-camera/pulls/284/commits",
    "review_comments_url": "https://api.github.com/repos/apache/cordova-plugin-camera/pulls/284/comments",
    "review_comment_url": "https://api.github.com/repos/apache/cordova-plugin-camera/pulls/comments{/number}",
    "comments_url": "https://api.github.com/repos/apache/cordova-plugin-camera/issues/284/comments",
    "statuses_url": "https://api.github.com/repos/apache/cordova-plugin-camera/statuses/2612cd2a2c030463619c29a94e83876bbe13c531",
    "head": {
      "label": "ZenPylon:patch-1",
      "ref": "patch-1",
      "sha": "2612cd2a2c030463619c29a94e83876bbe13c531",
      "user": {
        "login": "ZenPylon",
        "id": 1970004,
        "node_id": "MDQ6VXNlcjE5NzAwMDQ=",
        "avatar_url": "https://avatars0.githubusercontent.com/u/1970004?v=4",
        "gravatar_id": "",
        "url": "https://api.github.com/users/ZenPylon",
        "html_url": "https://github.com/ZenPylon",
        "followers_url": "https://api.github.com/users/ZenPylon/followers",
        "following_url": "https://api.github.com/users/ZenPylon/following{/other_user}",
        "gists_url": "https://api.github.com/users/ZenPylon/gists{/gist_id}",
        "starred_url": "https://api.github.com/users/ZenPylon/starred{/owner}{/repo}",
        "subscriptions_url": "https://api.github.com/users/ZenPylon/subscriptions",
        "organizations_url": "https://api.github.com/users/ZenPylon/orgs",
        "repos_url": "https://api.github.com/users/ZenPylon/repos",
        "events_url": "https://api.github.com/users/ZenPylon/events{/privacy}",
        "received_events_url": "https://api.github.com/users/ZenPylon/received_events",
        "type": "User",
        "site_admin": false
      },
      "repo": {
        "id": 103964357,
        "node_id": "MDEwOlJlcG9zaXRvcnkxMDM5NjQzNTc=",
        "name": "cordova-plugin-camera",
        "full_name": "ZenPylon/cordova-plugin-camera",
        "private": false,
        "owner": {
          "login": "ZenPylon",
          "id": 1970004,
          "node_id": "MDQ6VXNlcjE5NzAwMDQ=",
          "avatar_url": "https://avatars0.githubusercontent.com/u/1970004?v=4",
          "gravatar_id": "",
          "url": "https://api.github.com/users/ZenPylon",
          "html_url": "https://github.com/ZenPylon",
          "followers_url": "https://api.github.com/users/ZenPylon/followers",
          "following_url": "https://api.github.com/users/ZenPylon/following{/other_user}",
          "gists_url": "https://api.github.com/users/ZenPylon/gists{/gist_id}",
          "starred_url": "https://api.github.com/users/ZenPylon/starred{/owner}{/repo}",
          "subscriptions_url": "https://api.github.com/users/ZenPylon/subscriptions",
          "organizations_url": "https://api.github.com/users/ZenPylon/orgs",
          "repos_url": "https://api.github.com/users/ZenPylon/repos",
          "events_url": "https://api.github.com/users/ZenPylon/events{/privacy}",
          "received_events_url": "https://api.github.com/users/ZenPylon/received_events",
          "type": "User",
          "site_admin": false
        },
        "html_url": "https://github.com/ZenPylon/cordova-plugin-camera",
        "description": "Mirror of Apache Cordova Plugin camera",
        "fork": true,
        "url": "https://api.github.com/repos/ZenPylon/cordova-plugin-camera",
        "forks_url": "https://api.github.com/repos/ZenPylon/cordova-plugin-camera/forks",
        "keys_url": "https://api.github.com/repos/ZenPylon/cordova-plugin-camera/keys{/key_id}",
        "collaborators_url": "https://api.github.com/repos/ZenPylon/cordova-plugin-camera/collaborators{/collaborator}",
        "teams_url": "https://api.github.com/repos/ZenPylon/cordova-plugin-camera/teams",
        "hooks_url": "https://api.github.com/repos/ZenPylon/cordova-plugin-camera/hooks",
        "issue_events_url": "https://api.github.com/repos/ZenPylon/cordova-plugin-camera/issues/events{/number}",
        "events_url": "https://api.github.com/repos/ZenPylon/cordova-plugin-camera/events",
        "assignees_url": "https://api.github.com/repos/ZenPylon/cordova-plugin-camera/assignees{/user}",
        "branches_url": "https://api.github.com/repos/ZenPylon/cordova-plugin-camera/branches{/branch}",
        "tags_url": "https://api.github.com/repos/ZenPylon/cordova-plugin-camera/tags",
        "blobs_url": "https://api.github.com/repos/ZenPylon/cordova-plugin-camera/git/blobs{/sha}",
        "git_tags_url": "https://api.github.com/repos/ZenPylon/cordova-plugin-camera/git/tags{/sha}",
        "git_refs_url": "https://api.github.com/repos/ZenPylon/cordova-plugin-camera/git/refs{/sha}",
        "trees_url": "https://api.github.com/repos/ZenPylon/cordova-plugin-camera/git/trees{/sha}",
        "statuses_url": "https://api.github.com/repos/ZenPylon/cordova-plugin-camera/statuses/{sha}",
        "languages_url": "https://api.github.com/repos/ZenPylon/cordova-plugin-camera/languages",
        "stargazers_url": "https://api.github.com/repos/ZenPylon/cordova-plugin-camera/stargazers",
        "contributors_url": "https://api.github.com/repos/ZenPylon/cordova-plugin-camera/contributors",
        "subscribers_url": "https://api.github.com/repos/ZenPylon/cordova-plugin-camera/subscribers",
        "subscription_url": "https://api.github.com/repos/ZenPylon/cordova-plugin-camera/subscription",
        "commits_url": "https://api.github.com/repos/ZenPylon/cordova-plugin-camera/commits{/sha}",
        "git_commits_url": "https://api.github.com/repos/ZenPylon/cordova-plugin-camera/git/commits{/sha}",
        "comments_url": "https://api.github.com/repos/ZenPylon/cordova-plugin-camera/comments{/number}",
        "issue_comment_url": "https://api.github.com/repos/ZenPylon/cordova-plugin-camera/issues/comments{/number}",
        "contents_url": "https://api.github.com/repos/ZenPylon/cordova-plugin-camera/contents/{+path}",
        "compare_url": "https://api.github.com/repos/ZenPylon/cordova-plugin-camera/compare/{base}...{head}",
        "merges_url": "https://api.github.com/repos/ZenPylon/cordova-plugin-camera/merges",
        "archive_url": "https://api.github.com/repos/ZenPylon/cordova-plugin-camera/{archive_format}{/ref}",
        "downloads_url": "https://api.github.com/repos/ZenPylon/cordova-plugin-camera/downloads",
        "issues_url": "https://api.github.com/repos/ZenPylon/cordova-plugin-camera/issues{/number}",
        "pulls_url": "https://api.github.com/repos/ZenPylon/cordova-plugin-camera/pulls{/number}",
        "milestones_url": "https://api.github.com/repos/ZenPylon/cordova-plugin-camera/milestones{/number}",
        "notifications_url": "https://api.github.com/repos/ZenPylon/cordova-plugin-camera/notifications{?since,all,participating}",
        "labels_url": "https://api.github.com/repos/ZenPylon/cordova-plugin-camera/labels{/name}",
        "releases_url": "https://api.github.com/repos/ZenPylon/cordova-plugin-camera/releases{/id}",
        "deployments_url": "https://api.github.com/repos/ZenPylon/cordova-plugin-camera/deployments",
        "created_at": "2017-09-18T16:32:19Z",
        "updated_at": "2017-09-18T16:32:21Z",
        "pushed_at": "2017-09-18T16:45:21Z",
        "git_url": "git://github.com/ZenPylon/cordova-plugin-camera.git",
        "ssh_url": "git@github.com:ZenPylon/cordova-plugin-camera.git",
        "clone_url": "https://github.com/ZenPylon/cordova-plugin-camera.git",
        "svn_url": "https://github.com/ZenPylon/cordova-plugin-camera",
        "homepage": null,
        "size": 1391,
        "stargazers_count": 0,
        "watchers_count": 0,
        "language": "JavaScript",
        "has_issues": false,
        "has_projects": true,
        "has_downloads": true,
        "has_wiki": false,
        "has_pages": false,
        "forks_count": 0,
        "mirror_url": null,
        "archived": false,
        "disabled": false,
        "open_issues_count": 0,
        "license": {
          "key": "apache-2.0",
          "name": "Apache License 2.0",
          "spdx_id": "Apache-2.0",
          "url": "https://api.github.com/licenses/apache-2.0",
          "node_id": "MDc6TGljZW5zZTI="
        },
        "forks": 0,
        "open_issues": 0,
        "watchers": 0,
        "default_branch": "master"
      }
    },
    "base": {
      "label": "apache:master",
      "ref": "master",
      "sha": "16c4325fef80327bceccedb491e29064da79b556",
      "user": {
        "login": "apache",
        "id": 47359,
        "node_id": "MDEyOk9yZ2FuaXphdGlvbjQ3MzU5",
        "avatar_url": "https://avatars0.githubusercontent.com/u/47359?v=4",
        "gravatar_id": "",
        "url": "https://api.github.com/users/apache",
        "html_url": "https://github.com/apache",
        "followers_url": "https://api.github.com/users/apache/followers",
        "following_url": "https://api.github.com/users/apache/following{/other_user}",
        "gists_url": "https://api.github.com/users/apache/gists{/gist_id}",
        "starred_url": "https://api.github.com/users/apache/starred{/owner}{/repo}",
        "subscriptions_url": "https://api.github.com/users/apache/subscriptions",
        "organizations_url": "https://api.github.com/users/apache/orgs",
        "repos_url": "https://api.github.com/users/apache/repos",
        "events_url": "https://api.github.com/users/apache/events{/privacy}",
        "received_events_url": "https://api.github.com/users/apache/received_events",
        "type": "Organization",
        "site_admin": false
      },
      "repo": {
        "id": 10860591,
        "node_id": "MDEwOlJlcG9zaXRvcnkxMDg2MDU5MQ==",
        "name": "cordova-plugin-camera",
        "full_name": "apache/cordova-plugin-camera",
        "private": false,
        "owner": {
          "login": "apache",
          "id": 47359,
          "node_id": "MDEyOk9yZ2FuaXphdGlvbjQ3MzU5",
          "avatar_url": "https://avatars0.githubusercontent.com/u/47359?v=4",
          "gravatar_id": "",
          "url": "https://api.github.com/users/apache",
          "html_url": "https://github.com/apache",
          "followers_url": "https://api.github.com/users/apache/followers",
          "following_url": "https://api.github.com/users/apache/following{/other_user}",
          "gists_url": "https://api.github.com/users/apache/gists{/gist_id}",
          "starred_url": "https://api.github.com/users/apache/starred{/owner}{/repo}",
          "subscriptions_url": "https://api.github.com/users/apache/subscriptions",
          "organizations_url": "https://api.github.com/users/apache/orgs",
          "repos_url": "https://api.github.com/users/apache/repos",
          "events_url": "https://api.github.com/users/apache/events{/privacy}",
          "received_events_url": "https://api.github.com/users/apache/received_events",
          "type": "Organization",
          "site_admin": false
        },
        "html_url": "https://github.com/apache/cordova-plugin-camera",
        "description": "Apache Cordova Plugin camera",
        "fork": false,
        "url": "https://api.github.com/repos/apache/cordova-plugin-camera",
        "forks_url": "https://api.github.com/repos/apache/cordova-plugin-camera/forks",
        "keys_url": "https://api.github.com/repos/apache/cordova-plugin-camera/keys{/key_id}",
        "collaborators_url": "https://api.github.com/repos/apache/cordova-plugin-camera/collaborators{/collaborator}",
        "teams_url": "https://api.github.com/repos/apache/cordova-plugin-camera/teams",
        "hooks_url": "https://api.github.com/repos/apache/cordova-plugin-camera/hooks",
        "issue_events_url": "https://api.github.com/repos/apache/cordova-plugin-camera/issues/events{/number}",
        "events_url": "https://api.github.com/repos/apache/cordova-plugin-camera/events",
        "assignees_url": "https://api.github.com/repos/apache/cordova-plugin-camera/assignees{/user}",
        "branches_url": "https://api.github.com/repos/apache/cordova-plugin-camera/branches{/branch}",
        "tags_url": "https://api.github.com/repos/apache/cordova-plugin-camera/tags",
        "blobs_url": "https://api.github.com/repos/apache/cordova-plugin-camera/git/blobs{/sha}",
        "git_tags_url": "https://api.github.com/repos/apache/cordova-plugin-camera/git/tags{/sha}",
        "git_refs_url": "https://api.github.com/repos/apache/cordova-plugin-camera/git/refs{/sha}",
        "trees_url": "https://api.github.com/repos/apache/cordova-plugin-camera/git/trees{/sha}",
        "statuses_url": "https://api.github.com/repos/apache/cordova-plugin-camera/statuses/{sha}",
        "languages_url": "https://api.github.com/repos/apache/cordova-plugin-camera/languages",
        "stargazers_url": "https://api.github.com/repos/apache/cordova-plugin-camera/stargazers",
        "contributors_url": "https://api.github.com/repos/apache/cordova-plugin-camera/contributors",
        "subscribers_url": "https://api.github.com/repos/apache/cordova-plugin-camera/subscribers",
        "subscription_url": "https://api.github.com/repos/apache/cordova-plugin-camera/subscription",
        "commits_url": "https://api.github.com/repos/apache/cordova-plugin-camera/commits{/sha}",
        "git_commits_url": "https://api.github.com/repos/apache/cordova-plugin-camera/git/commits{/sha}",
        "comments_url": "https://api.github.com/repos/apache/cordova-plugin-camera/comments{/number}",
        "issue_comment_url": "https://api.github.com/repos/apache/cordova-plugin-camera/issues/comments{/number}",
        "contents_url": "https://api.github.com/repos/apache/cordova-plugin-camera/contents/{+path}",
        "compare_url": "https://api.github.com/repos/apache/cordova-plugin-camera/compare/{base}...{head}",
        "merges_url": "https://api.github.com/repos/apache/cordova-plugin-camera/merges",
        "archive_url": "https://api.github.com/repos/apache/cordova-plugin-camera/{archive_format}{/ref}",
        "downloads_url": "https://api.github.com/repos/apache/cordova-plugin-camera/downloads",
        "issues_url": "https://api.github.com/repos/apache/cordova-plugin-camera/issues{/number}",
        "pulls_url": "https://api.github.com/repos/apache/cordova-plugin-camera/pulls{/number}",
        "milestones_url": "https://api.github.com/repos/apache/cordova-plugin-camera/milestones{/number}",
        "notifications_url": "https://api.github.com/repos/apache/cordova-plugin-camera/notifications{?since,all,participating}",
        "labels_url": "https://api.github.com/repos/apache/cordova-plugin-camera/labels{/name}",
        "releases_url": "https://api.github.com/repos/apache/cordova-plugin-camera/releases{/id}",
        "deployments_url": "https://api.github.com/repos/apache/cordova-plugin-camera/deployments",
        "created_at": "2013-06-22T07:00:13Z",
        "updated_at": "2019-09-10T08:09:24Z",
        "pushed_at": "2019-08-01T14:50:06Z",
        "git_url": "git://github.com/apache/cordova-plugin-camera.git",
        "ssh_url": "git@github.com:apache/cordova-plugin-camera.git",
        "clone_url": "https://github.com/apache/cordova-plugin-camera.git",
        "svn_url": "https://github.com/apache/cordova-plugin-camera",
        "homepage": "",
        "size": 1521,
        "stargazers_count": 793,
        "watchers_count": 793,
        "language": "Objective-C",
        "has_issues": true,
        "has_projects": true,
        "has_downloads": true,
        "has_wiki": false,
        "has_pages": false,
        "forks_count": 1021,
        "mirror_url": null,
        "archived": false,
        "disabled": false,
        "open_issues_count": 113,
        "license": {
          "key": "apache-2.0",
          "name": "Apache License 2.0",
          "spdx_id": "Apache-2.0",
          "url": "https://api.github.com/licenses/apache-2.0",
          "node_id": "MDc6TGljZW5zZTI="
        },
        "forks": 1021,
        "open_issues": 113,
        "watchers": 793,
        "default_branch": "master"
      }
    },
    "_links": {
      "self": {
        "href": "https://api.github.com/repos/apache/cordova-plugin-camera/pulls/284"
      },
      "html": {
        "href": "https://github.com/apache/cordova-plugin-camera/pull/284"
      },
      "issue": {
        "href": "https://api.github.com/repos/apache/cordova-plugin-camera/issues/284"
      },
      "comments": {
        "href": "https://api.github.com/repos/apache/cordova-plugin-camera/issues/284/comments"
      },
      "review_comments": {
        "href": "https://api.github.com/repos/apache/cordova-plugin-camera/pulls/284/comments"
      },
      "review_comment": {
        "href": "https://api.github.com/repos/apache/cordova-plugin-camera/pulls/comments{/number}"
      },
      "commits": {
        "href": "https://api.github.com/repos/apache/cordova-plugin-camera/pulls/284/commits"
      },
      "statuses": {
        "href": "https://api.github.com/repos/apache/cordova-plugin-camera/statuses/2612cd2a2c030463619c29a94e83876bbe13c531"
      }
    },
    "author_association": "CONTRIBUTOR"
  }
]
