[
  {
    "url": "https://api.github.com/repos/apache/openwhisk/pulls/2933",
    "id": 151043202,
    "node_id": "MDExOlB1bGxSZXF1ZXN0MTUxMDQzMjAy",
    "html_url": "https://github.com/apache/openwhisk/pull/2933",
    "diff_url": "https://github.com/apache/openwhisk/pull/2933.diff",
    "patch_url": "https://github.com/apache/openwhisk/pull/2933.patch",
    "issue_url": "https://api.github.com/repos/apache/openwhisk/issues/2933",
    "number": 2933,
    "state": "closed",
    "locked": false,
    "title": "Reorganization of the \"core\" folder to move folders associated with runtimes to \"actionRuntimes\" in root folder",
    "user": {
      "login": "ServoKvd",
      "id": 10113782,
      "node_id": "MDQ6VXNlcjEwMTEzNzgy",
      "avatar_url": "https://avatars2.githubusercontent.com/u/10113782?v=4",
      "gravatar_id": "",
      "url": "https://api.github.com/users/ServoKvd",
      "html_url": "https://github.com/ServoKvd",
      "followers_url": "https://api.github.com/users/ServoKvd/followers",
      "following_url": "https://api.github.com/users/ServoKvd/following{/other_user}",
      "gists_url": "https://api.github.com/users/ServoKvd/gists{/gist_id}",
      "starred_url": "https://api.github.com/users/ServoKvd/starred{/owner}{/repo}",
      "subscriptions_url": "https://api.github.com/users/ServoKvd/subscriptions",
      "organizations_url": "https://api.github.com/users/ServoKvd/orgs",
      "repos_url": "https://api.github.com/users/ServoKvd/repos",
      "events_url": "https://api.github.com/users/ServoKvd/events{/privacy}",
      "received_events_url": "https://api.github.com/users/ServoKvd/received_events",
      "type": "User",
      "site_admin": false
    },
    "body": "",
    "created_at": "2017-11-07T07:37:36Z",
    "updated_at": "2017-11-10T13:05:16Z",
    "closed_at": "2017-11-10T13:05:16Z",
    "merged_at": "2017-11-10T13:05:16Z",
    "merge_commit_sha": "dd0cc5ecef2dde70b17c5bf2137a352307d5740d",
    "assignee": {
      "login": "csantanapr",
      "id": 1094878,
      "node_id": "MDQ6VXNlcjEwOTQ4Nzg=",
      "avatar_url": "https://avatars0.githubusercontent.com/u/1094878?v=4",
      "gravatar_id": "",
      "url": "https://api.github.com/users/csantanapr",
      "html_url": "https://github.com/csantanapr",
      "followers_url": "https://api.github.com/users/csantanapr/followers",
      "following_url": "https://api.github.com/users/csantanapr/following{/other_user}",
      "gists_url": "https://api.github.com/users/csantanapr/gists{/gist_id}",
      "starred_url": "https://api.github.com/users/csantanapr/starred{/owner}{/repo}",
      "subscriptions_url": "https://api.github.com/users/csantanapr/subscriptions",
      "organizations_url": "https://api.github.com/users/csantanapr/orgs",
      "repos_url": "https://api.github.com/users/csantanapr/repos",
      "events_url": "https://api.github.com/users/csantanapr/events{/privacy}",
      "received_events_url": "https://api.github.com/users/csantanapr/received_events",
      "type": "User",
      "site_admin": false
    },
    "assignees": [
      {
        "login": "csantanapr",
        "id": 1094878,
        "node_id": "MDQ6VXNlcjEwOTQ4Nzg=",
        "avatar_url": "https://avatars0.githubusercontent.com/u/1094878?v=4",
        "gravatar_id": "",
        "url": "https://api.github.com/users/csantanapr",
        "html_url": "https://github.com/csantanapr",
        "followers_url": "https://api.github.com/users/csantanapr/followers",
        "following_url": "https://api.github.com/users/csantanapr/following{/other_user}",
        "gists_url": "https://api.github.com/users/csantanapr/gists{/gist_id}",
        "starred_url": "https://api.github.com/users/csantanapr/starred{/owner}{/repo}",
        "subscriptions_url": "https://api.github.com/users/csantanapr/subscriptions",
        "organizations_url": "https://api.github.com/users/csantanapr/orgs",
        "repos_url": "https://api.github.com/users/csantanapr/repos",
        "events_url": "https://api.github.com/users/csantanapr/events{/privacy}",
        "received_events_url": "https://api.github.com/users/csantanapr/received_events",
        "type": "User",
        "site_admin": false
      }
    ],
    "requested_reviewers": [

    ],
    "requested_teams": [

    ],
    "labels": [
      {
        "id": 433813177,
        "node_id": "MDU6TGFiZWw0MzM4MTMxNzc=",
        "url": "https://api.github.com/repos/apache/openwhisk/labels/pgapproved",
        "name": "pgapproved",
        "color": "0e8a16",
        "default": false
      }
    ],
    "milestone": null,
    "commits_url": "https://api.github.com/repos/apache/openwhisk/pulls/2933/commits",
    "review_comments_url": "https://api.github.com/repos/apache/openwhisk/pulls/2933/comments",
    "review_comment_url": "https://api.github.com/repos/apache/openwhisk/pulls/comments{/number}",
    "comments_url": "https://api.github.com/repos/apache/openwhisk/issues/2933/comments",
    "statuses_url": "https://api.github.com/repos/apache/openwhisk/statuses/32b23c7111885b0901150505db394f2fa139a518",
    "head": {
      "label": "ServoKvd:master",
      "ref": "master",
      "sha": "32b23c7111885b0901150505db394f2fa139a518",
      "user": {
        "login": "ServoKvd",
        "id": 10113782,
        "node_id": "MDQ6VXNlcjEwMTEzNzgy",
        "avatar_url": "https://avatars2.githubusercontent.com/u/10113782?v=4",
        "gravatar_id": "",
        "url": "https://api.github.com/users/ServoKvd",
        "html_url": "https://github.com/ServoKvd",
        "followers_url": "https://api.github.com/users/ServoKvd/followers",
        "following_url": "https://api.github.com/users/ServoKvd/following{/other_user}",
        "gists_url": "https://api.github.com/users/ServoKvd/gists{/gist_id}",
        "starred_url": "https://api.github.com/users/ServoKvd/starred{/owner}{/repo}",
        "subscriptions_url": "https://api.github.com/users/ServoKvd/subscriptions",
        "organizations_url": "https://api.github.com/users/ServoKvd/orgs",
        "repos_url": "https://api.github.com/users/ServoKvd/repos",
        "events_url": "https://api.github.com/users/ServoKvd/events{/privacy}",
        "received_events_url": "https://api.github.com/users/ServoKvd/received_events",
        "type": "User",
        "site_admin": false
      },
      "repo": {
        "id": 109796998,
        "node_id": "MDEwOlJlcG9zaXRvcnkxMDk3OTY5OTg=",
        "name": "incubator-openwhisk",
        "full_name": "ServoKvd/incubator-openwhisk",
        "private": false,
        "owner": {
          "login": "ServoKvd",
          "id": 10113782,
          "node_id": "MDQ6VXNlcjEwMTEzNzgy",
          "avatar_url": "https://avatars2.githubusercontent.com/u/10113782?v=4",
          "gravatar_id": "",
          "url": "https://api.github.com/users/ServoKvd",
          "html_url": "https://github.com/ServoKvd",
          "followers_url": "https://api.github.com/users/ServoKvd/followers",
          "following_url": "https://api.github.com/users/ServoKvd/following{/other_user}",
          "gists_url": "https://api.github.com/users/ServoKvd/gists{/gist_id}",
          "starred_url": "https://api.github.com/users/ServoKvd/starred{/owner}{/repo}",
          "subscriptions_url": "https://api.github.com/users/ServoKvd/subscriptions",
          "organizations_url": "https://api.github.com/users/ServoKvd/orgs",
          "repos_url": "https://api.github.com/users/ServoKvd/repos",
          "events_url": "https://api.github.com/users/ServoKvd/events{/privacy}",
          "received_events_url": "https://api.github.com/users/ServoKvd/received_events",
          "type": "User",
          "site_admin": false
        },
        "html_url": "https://github.com/ServoKvd/incubator-openwhisk",
        "description": "Apache OpenWhisk is a serverless event-based programming service and an Apache Incubator project.",
        "fork": true,
        "url": "https://api.github.com/repos/ServoKvd/incubator-openwhisk",
        "forks_url": "https://api.github.com/repos/ServoKvd/incubator-openwhisk/forks",
        "keys_url": "https://api.github.com/repos/ServoKvd/incubator-openwhisk/keys{/key_id}",
        "collaborators_url": "https://api.github.com/repos/ServoKvd/incubator-openwhisk/collaborators{/collaborator}",
        "teams_url": "https://api.github.com/repos/ServoKvd/incubator-openwhisk/teams",
        "hooks_url": "https://api.github.com/repos/ServoKvd/incubator-openwhisk/hooks",
        "issue_events_url": "https://api.github.com/repos/ServoKvd/incubator-openwhisk/issues/events{/number}",
        "events_url": "https://api.github.com/repos/ServoKvd/incubator-openwhisk/events",
        "assignees_url": "https://api.github.com/repos/ServoKvd/incubator-openwhisk/assignees{/user}",
        "branches_url": "https://api.github.com/repos/ServoKvd/incubator-openwhisk/branches{/branch}",
        "tags_url": "https://api.github.com/repos/ServoKvd/incubator-openwhisk/tags",
        "blobs_url": "https://api.github.com/repos/ServoKvd/incubator-openwhisk/git/blobs{/sha}",
        "git_tags_url": "https://api.github.com/repos/ServoKvd/incubator-openwhisk/git/tags{/sha}",
        "git_refs_url": "https://api.github.com/repos/ServoKvd/incubator-openwhisk/git/refs{/sha}",
        "trees_url": "https://api.github.com/repos/ServoKvd/incubator-openwhisk/git/trees{/sha}",
        "statuses_url": "https://api.github.com/repos/ServoKvd/incubator-openwhisk/statuses/{sha}",
        "languages_url": "https://api.github.com/repos/ServoKvd/incubator-openwhisk/languages",
        "stargazers_url": "https://api.github.com/repos/ServoKvd/incubator-openwhisk/stargazers",
        "contributors_url": "https://api.github.com/repos/ServoKvd/incubator-openwhisk/contributors",
        "subscribers_url": "https://api.github.com/repos/ServoKvd/incubator-openwhisk/subscribers",
        "subscription_url": "https://api.github.com/repos/ServoKvd/incubator-openwhisk/subscription",
        "commits_url": "https://api.github.com/repos/ServoKvd/incubator-openwhisk/commits{/sha}",
        "git_commits_url": "https://api.github.com/repos/ServoKvd/incubator-openwhisk/git/commits{/sha}",
        "comments_url": "https://api.github.com/repos/ServoKvd/incubator-openwhisk/comments{/number}",
        "issue_comment_url": "https://api.github.com/repos/ServoKvd/incubator-openwhisk/issues/comments{/number}",
        "contents_url": "https://api.github.com/repos/ServoKvd/incubator-openwhisk/contents/{+path}",
        "compare_url": "https://api.github.com/repos/ServoKvd/incubator-openwhisk/compare/{base}...{head}",
        "merges_url": "https://api.github.com/repos/ServoKvd/incubator-openwhisk/merges",
        "archive_url": "https://api.github.com/repos/ServoKvd/incubator-openwhisk/{archive_format}{/ref}",
        "downloads_url": "https://api.github.com/repos/ServoKvd/incubator-openwhisk/downloads",
        "issues_url": "https://api.github.com/repos/ServoKvd/incubator-openwhisk/issues{/number}",
        "pulls_url": "https://api.github.com/repos/ServoKvd/incubator-openwhisk/pulls{/number}",
        "milestones_url": "https://api.github.com/repos/ServoKvd/incubator-openwhisk/milestones{/number}",
        "notifications_url": "https://api.github.com/repos/ServoKvd/incubator-openwhisk/notifications{?since,all,participating}",
        "labels_url": "https://api.github.com/repos/ServoKvd/incubator-openwhisk/labels{/name}",
        "releases_url": "https://api.github.com/repos/ServoKvd/incubator-openwhisk/releases{/id}",
        "deployments_url": "https://api.github.com/repos/ServoKvd/incubator-openwhisk/deployments",
        "created_at": "2017-11-07T06:42:17Z",
        "updated_at": "2017-11-07T06:42:20Z",
        "pushed_at": "2017-12-12T10:23:39Z",
        "git_url": "git://github.com/ServoKvd/incubator-openwhisk.git",
        "ssh_url": "git@github.com:ServoKvd/incubator-openwhisk.git",
        "clone_url": "https://github.com/ServoKvd/incubator-openwhisk.git",
        "svn_url": "https://github.com/ServoKvd/incubator-openwhisk",
        "homepage": "http://openwhisk.org",
        "size": 58191,
        "stargazers_count": 0,
        "watchers_count": 0,
        "language": "Scala",
        "has_issues": false,
        "has_projects": true,
        "has_downloads": true,
        "has_wiki": true,
        "has_pages": false,
        "forks_count": 0,
        "mirror_url": null,
        "archived": false,
        "disabled": false,
        "open_issues_count": 0,
        "license": {
          "key": "apache-2.0",
          "name": "Apache License 2.0",
          "spdx_id": "Apache-2.0",
          "url": "https://api.github.com/licenses/apache-2.0",
          "node_id": "MDc6TGljZW5zZTI="
        },
        "forks": 0,
        "open_issues": 0,
        "watchers": 0,
        "default_branch": "new_remote4"
      }
    },
    "base": {
      "label": "apache:master",
      "ref": "master",
      "sha": "7cf2f6ccee314609754ec60b37e5bbfcdcf22543",
      "user": {
        "login": "apache",
        "id": 47359,
        "node_id": "MDEyOk9yZ2FuaXphdGlvbjQ3MzU5",
        "avatar_url": "https://avatars0.githubusercontent.com/u/47359?v=4",
        "gravatar_id": "",
        "url": "https://api.github.com/users/apache",
        "html_url": "https://github.com/apache",
        "followers_url": "https://api.github.com/users/apache/followers",
        "following_url": "https://api.github.com/users/apache/following{/other_user}",
        "gists_url": "https://api.github.com/users/apache/gists{/gist_id}",
        "starred_url": "https://api.github.com/users/apache/starred{/owner}{/repo}",
        "subscriptions_url": "https://api.github.com/users/apache/subscriptions",
        "organizations_url": "https://api.github.com/users/apache/orgs",
        "repos_url": "https://api.github.com/users/apache/repos",
        "events_url": "https://api.github.com/users/apache/events{/privacy}",
        "received_events_url": "https://api.github.com/users/apache/received_events",
        "type": "Organization",
        "site_admin": false
      },
      "repo": {
        "id": 52039373,
        "node_id": "MDEwOlJlcG9zaXRvcnk1MjAzOTM3Mw==",
        "name": "openwhisk",
        "full_name": "apache/openwhisk",
        "private": false,
        "owner": {
          "login": "apache",
          "id": 47359,
          "node_id": "MDEyOk9yZ2FuaXphdGlvbjQ3MzU5",
          "avatar_url": "https://avatars0.githubusercontent.com/u/47359?v=4",
          "gravatar_id": "",
          "url": "https://api.github.com/users/apache",
          "html_url": "https://github.com/apache",
          "followers_url": "https://api.github.com/users/apache/followers",
          "following_url": "https://api.github.com/users/apache/following{/other_user}",
          "gists_url": "https://api.github.com/users/apache/gists{/gist_id}",
          "starred_url": "https://api.github.com/users/apache/starred{/owner}{/repo}",
          "subscriptions_url": "https://api.github.com/users/apache/subscriptions",
          "organizations_url": "https://api.github.com/users/apache/orgs",
          "repos_url": "https://api.github.com/users/apache/repos",
          "events_url": "https://api.github.com/users/apache/events{/privacy}",
          "received_events_url": "https://api.github.com/users/apache/received_events",
          "type": "Organization",
          "site_admin": false
        },
        "html_url": "https://github.com/apache/openwhisk",
        "description": "Apache OpenWhisk is an open source serverless cloud platform",
        "fork": false,
        "url": "https://api.github.com/repos/apache/openwhisk",
        "forks_url": "https://api.github.com/repos/apache/openwhisk/forks",
        "keys_url": "https://api.github.com/repos/apache/openwhisk/keys{/key_id}",
        "collaborators_url": "https://api.github.com/repos/apache/openwhisk/collaborators{/collaborator}",
        "teams_url": "https://api.github.com/repos/apache/openwhisk/teams",
        "hooks_url": "https://api.github.com/repos/apache/openwhisk/hooks",
        "issue_events_url": "https://api.github.com/repos/apache/openwhisk/issues/events{/number}",
        "events_url": "https://api.github.com/repos/apache/openwhisk/events",
        "assignees_url": "https://api.github.com/repos/apache/openwhisk/assignees{/user}",
        "branches_url": "https://api.github.com/repos/apache/openwhisk/branches{/branch}",
        "tags_url": "https://api.github.com/repos/apache/openwhisk/tags",
        "blobs_url": "https://api.github.com/repos/apache/openwhisk/git/blobs{/sha}",
        "git_tags_url": "https://api.github.com/repos/apache/openwhisk/git/tags{/sha}",
        "git_refs_url": "https://api.github.com/repos/apache/openwhisk/git/refs{/sha}",
        "trees_url": "https://api.github.com/repos/apache/openwhisk/git/trees{/sha}",
        "statuses_url": "https://api.github.com/repos/apache/openwhisk/statuses/{sha}",
        "languages_url": "https://api.github.com/repos/apache/openwhisk/languages",
        "stargazers_url": "https://api.github.com/repos/apache/openwhisk/stargazers",
        "contributors_url": "https://api.github.com/repos/apache/openwhisk/contributors",
        "subscribers_url": "https://api.github.com/repos/apache/openwhisk/subscribers",
        "subscription_url": "https://api.github.com/repos/apache/openwhisk/subscription",
        "commits_url": "https://api.github.com/repos/apache/openwhisk/commits{/sha}",
        "git_commits_url": "https://api.github.com/repos/apache/openwhisk/git/commits{/sha}",
        "comments_url": "https://api.github.com/repos/apache/openwhisk/comments{/number}",
        "issue_comment_url": "https://api.github.com/repos/apache/openwhisk/issues/comments{/number}",
        "contents_url": "https://api.github.com/repos/apache/openwhisk/contents/{+path}",
        "compare_url": "https://api.github.com/repos/apache/openwhisk/compare/{base}...{head}",
        "merges_url": "https://api.github.com/repos/apache/openwhisk/merges",
        "archive_url": "https://api.github.com/repos/apache/openwhisk/{archive_format}{/ref}",
        "downloads_url": "https://api.github.com/repos/apache/openwhisk/downloads",
        "issues_url": "https://api.github.com/repos/apache/openwhisk/issues{/number}",
        "pulls_url": "https://api.github.com/repos/apache/openwhisk/pulls{/number}",
        "milestones_url": "https://api.github.com/repos/apache/openwhisk/milestones{/number}",
        "notifications_url": "https://api.github.com/repos/apache/openwhisk/notifications{?since,all,participating}",
        "labels_url": "https://api.github.com/repos/apache/openwhisk/labels{/name}",
        "releases_url": "https://api.github.com/repos/apache/openwhisk/releases{/id}",
        "deployments_url": "https://api.github.com/repos/apache/openwhisk/deployments",
        "created_at": "2016-02-18T21:16:19Z",
        "updated_at": "2019-09-10T20:58:29Z",
        "pushed_at": "2019-09-10T06:39:45Z",
        "git_url": "git://github.com/apache/openwhisk.git",
        "ssh_url": "git@github.com:apache/openwhisk.git",
        "clone_url": "https://github.com/apache/openwhisk.git",
        "svn_url": "https://github.com/apache/openwhisk",
        "homepage": "https://openwhisk.apache.org/",
        "size": 68751,
        "stargazers_count": 4238,
        "watchers_count": 4238,
        "language": "Scala",
        "has_issues": true,
        "has_projects": true,
        "has_downloads": true,
        "has_wiki": true,
        "has_pages": false,
        "forks_count": 817,
        "mirror_url": null,
        "archived": false,
        "disabled": false,
        "open_issues_count": 443,
        "license": {
          "key": "apache-2.0",
          "name": "Apache License 2.0",
          "spdx_id": "Apache-2.0",
          "url": "https://api.github.com/licenses/apache-2.0",
          "node_id": "MDc6TGljZW5zZTI="
        },
        "forks": 817,
        "open_issues": 443,
        "watchers": 4238,
        "default_branch": "master"
      }
    },
    "_links": {
      "self": {
        "href": "https://api.github.com/repos/apache/openwhisk/pulls/2933"
      },
      "html": {
        "href": "https://github.com/apache/openwhisk/pull/2933"
      },
      "issue": {
        "href": "https://api.github.com/repos/apache/openwhisk/issues/2933"
      },
      "comments": {
        "href": "https://api.github.com/repos/apache/openwhisk/issues/2933/comments"
      },
      "review_comments": {
        "href": "https://api.github.com/repos/apache/openwhisk/pulls/2933/comments"
      },
      "review_comment": {
        "href": "https://api.github.com/repos/apache/openwhisk/pulls/comments{/number}"
      },
      "commits": {
        "href": "https://api.github.com/repos/apache/openwhisk/pulls/2933/commits"
      },
      "statuses": {
        "href": "https://api.github.com/repos/apache/openwhisk/statuses/32b23c7111885b0901150505db394f2fa139a518"
      }
    },
    "author_association": "CONTRIBUTOR"
  }
]
