[
  {
    "url": "https://api.github.com/repos/DefinitelyTyped/DefinitelyTyped/pulls/27868",
    "id": 206167760,
    "node_id": "MDExOlB1bGxSZXF1ZXN0MjA2MTY3NzYw",
    "html_url": "https://github.com/DefinitelyTyped/DefinitelyTyped/pull/27868",
    "diff_url": "https://github.com/DefinitelyTyped/DefinitelyTyped/pull/27868.diff",
    "patch_url": "https://github.com/DefinitelyTyped/DefinitelyTyped/pull/27868.patch",
    "issue_url": "https://api.github.com/repos/DefinitelyTyped/DefinitelyTyped/issues/27868",
    "number": 27868,
    "state": "closed",
    "locked": false,
    "title": "Updated two interfaces in webappsec-credential-management types",
    "user": {
      "login": "alkaliphile",
      "id": 19675699,
      "node_id": "MDQ6VXNlcjE5Njc1Njk5",
      "avatar_url": "https://avatars3.githubusercontent.com/u/19675699?v=4",
      "gravatar_id": "",
      "url": "https://api.github.com/users/alkaliphile",
      "html_url": "https://github.com/alkaliphile",
      "followers_url": "https://api.github.com/users/alkaliphile/followers",
      "following_url": "https://api.github.com/users/alkaliphile/following{/other_user}",
      "gists_url": "https://api.github.com/users/alkaliphile/gists{/gist_id}",
      "starred_url": "https://api.github.com/users/alkaliphile/starred{/owner}{/repo}",
      "subscriptions_url": "https://api.github.com/users/alkaliphile/subscriptions",
      "organizations_url": "https://api.github.com/users/alkaliphile/orgs",
      "repos_url": "https://api.github.com/users/alkaliphile/repos",
      "events_url": "https://api.github.com/users/alkaliphile/events{/privacy}",
      "received_events_url": "https://api.github.com/users/alkaliphile/received_events",
      "type": "User",
      "site_admin": false
    },
    "body": "\r\nPlease fill in this template.\r\n\r\n- [x] Use a meaningful title for the pull request. Include the name of the package modified.\r\n- [x] Test the change in your own code. (Compile and run.)\r\n- [ ] Add or edit tests to reflect the change. (Run with `npm test`.)\r\n- [x] Follow the advice from the [readme](https://github.com/DefinitelyTyped/DefinitelyTyped/blob/master/README.md#make-a-pull-request).\r\n- [x] Avoid [common mistakes](https://github.com/DefinitelyTyped/DefinitelyTyped/blob/master/README.md#common-mistakes).\r\n- [x] Run `npm run lint package-name` (or `tsc` if no `tslint.json` is present).\r\n\r\nSelect one of these and delete the others:\r\n\r\n\r\nIf changing an existing definition:\r\n- [x] Provide a URL to documentation or source code which provides context for the suggested changes: <<https://w3c.github.io/webappsec-credential-management/#dom-credentialrequestoptions-signal>>\r\n- [ ] Increase the version number in the header if appropriate.\r\n- [ ] If you are making substantial changes, consider adding a `tslint.json` containing `{ \"extends\": \"dtslint/dt.json\" }`.",
    "created_at": "2018-08-04T01:21:44Z",
    "updated_at": "2018-08-16T22:27:55Z",
    "closed_at": "2018-08-16T22:27:55Z",
    "merged_at": "2018-08-16T22:27:55Z",
    "merge_commit_sha": "64d134be8c9392204938554abc63e83d4953c4fc",
    "assignee": null,
    "assignees": [

    ],
    "requested_reviewers": [

    ],
    "requested_teams": [

    ],
    "labels": [
      {
        "id": 397523192,
        "node_id": "MDU6TGFiZWwzOTc1MjMxOTI=",
        "url": "https://api.github.com/repos/DefinitelyTyped/DefinitelyTyped/labels/Awaiting%20reviewer%20feedback",
        "name": "Awaiting reviewer feedback",
        "color": "0052cc",
        "default": false
      },
      {
        "id": 644095882,
        "node_id": "MDU6TGFiZWw2NDQwOTU4ODI=",
        "url": "https://api.github.com/repos/DefinitelyTyped/DefinitelyTyped/labels/Merge:YSYL",
        "name": "Merge:YSYL",
        "color": "bfdadc",
        "default": false
      }
    ],
    "milestone": null,
    "commits_url": "https://api.github.com/repos/DefinitelyTyped/DefinitelyTyped/pulls/27868/commits",
    "review_comments_url": "https://api.github.com/repos/DefinitelyTyped/DefinitelyTyped/pulls/27868/comments",
    "review_comment_url": "https://api.github.com/repos/DefinitelyTyped/DefinitelyTyped/pulls/comments{/number}",
    "comments_url": "https://api.github.com/repos/DefinitelyTyped/DefinitelyTyped/issues/27868/comments",
    "statuses_url": "https://api.github.com/repos/DefinitelyTyped/DefinitelyTyped/statuses/c8b4017093e5d85ca17b519d54bbe52df29ad429",
    "head": {
      "label": "alkaliphile:master",
      "ref": "master",
      "sha": "c8b4017093e5d85ca17b519d54bbe52df29ad429",
      "user": {
        "login": "alkaliphile",
        "id": 19675699,
        "node_id": "MDQ6VXNlcjE5Njc1Njk5",
        "avatar_url": "https://avatars3.githubusercontent.com/u/19675699?v=4",
        "gravatar_id": "",
        "url": "https://api.github.com/users/alkaliphile",
        "html_url": "https://github.com/alkaliphile",
        "followers_url": "https://api.github.com/users/alkaliphile/followers",
        "following_url": "https://api.github.com/users/alkaliphile/following{/other_user}",
        "gists_url": "https://api.github.com/users/alkaliphile/gists{/gist_id}",
        "starred_url": "https://api.github.com/users/alkaliphile/starred{/owner}{/repo}",
        "subscriptions_url": "https://api.github.com/users/alkaliphile/subscriptions",
        "organizations_url": "https://api.github.com/users/alkaliphile/orgs",
        "repos_url": "https://api.github.com/users/alkaliphile/repos",
        "events_url": "https://api.github.com/users/alkaliphile/events{/privacy}",
        "received_events_url": "https://api.github.com/users/alkaliphile/received_events",
        "type": "User",
        "site_admin": false
      },
      "repo": {
        "id": 143483859,
        "node_id": "MDEwOlJlcG9zaXRvcnkxNDM0ODM4NTk=",
        "name": "DefinitelyTyped",
        "full_name": "alkaliphile/DefinitelyTyped",
        "private": false,
        "owner": {
          "login": "alkaliphile",
          "id": 19675699,
          "node_id": "MDQ6VXNlcjE5Njc1Njk5",
          "avatar_url": "https://avatars3.githubusercontent.com/u/19675699?v=4",
          "gravatar_id": "",
          "url": "https://api.github.com/users/alkaliphile",
          "html_url": "https://github.com/alkaliphile",
          "followers_url": "https://api.github.com/users/alkaliphile/followers",
          "following_url": "https://api.github.com/users/alkaliphile/following{/other_user}",
          "gists_url": "https://api.github.com/users/alkaliphile/gists{/gist_id}",
          "starred_url": "https://api.github.com/users/alkaliphile/starred{/owner}{/repo}",
          "subscriptions_url": "https://api.github.com/users/alkaliphile/subscriptions",
          "organizations_url": "https://api.github.com/users/alkaliphile/orgs",
          "repos_url": "https://api.github.com/users/alkaliphile/repos",
          "events_url": "https://api.github.com/users/alkaliphile/events{/privacy}",
          "received_events_url": "https://api.github.com/users/alkaliphile/received_events",
          "type": "User",
          "site_admin": false
        },
        "html_url": "https://github.com/alkaliphile/DefinitelyTyped",
        "description": "The repository for high quality TypeScript type definitions.",
        "fork": true,
        "url": "https://api.github.com/repos/alkaliphile/DefinitelyTyped",
        "forks_url": "https://api.github.com/repos/alkaliphile/DefinitelyTyped/forks",
        "keys_url": "https://api.github.com/repos/alkaliphile/DefinitelyTyped/keys{/key_id}",
        "collaborators_url": "https://api.github.com/repos/alkaliphile/DefinitelyTyped/collaborators{/collaborator}",
        "teams_url": "https://api.github.com/repos/alkaliphile/DefinitelyTyped/teams",
        "hooks_url": "https://api.github.com/repos/alkaliphile/DefinitelyTyped/hooks",
        "issue_events_url": "https://api.github.com/repos/alkaliphile/DefinitelyTyped/issues/events{/number}",
        "events_url": "https://api.github.com/repos/alkaliphile/DefinitelyTyped/events",
        "assignees_url": "https://api.github.com/repos/alkaliphile/DefinitelyTyped/assignees{/user}",
        "branches_url": "https://api.github.com/repos/alkaliphile/DefinitelyTyped/branches{/branch}",
        "tags_url": "https://api.github.com/repos/alkaliphile/DefinitelyTyped/tags",
        "blobs_url": "https://api.github.com/repos/alkaliphile/DefinitelyTyped/git/blobs{/sha}",
        "git_tags_url": "https://api.github.com/repos/alkaliphile/DefinitelyTyped/git/tags{/sha}",
        "git_refs_url": "https://api.github.com/repos/alkaliphile/DefinitelyTyped/git/refs{/sha}",
        "trees_url": "https://api.github.com/repos/alkaliphile/DefinitelyTyped/git/trees{/sha}",
        "statuses_url": "https://api.github.com/repos/alkaliphile/DefinitelyTyped/statuses/{sha}",
        "languages_url": "https://api.github.com/repos/alkaliphile/DefinitelyTyped/languages",
        "stargazers_url": "https://api.github.com/repos/alkaliphile/DefinitelyTyped/stargazers",
        "contributors_url": "https://api.github.com/repos/alkaliphile/DefinitelyTyped/contributors",
        "subscribers_url": "https://api.github.com/repos/alkaliphile/DefinitelyTyped/subscribers",
        "subscription_url": "https://api.github.com/repos/alkaliphile/DefinitelyTyped/subscription",
        "commits_url": "https://api.github.com/repos/alkaliphile/DefinitelyTyped/commits{/sha}",
        "git_commits_url": "https://api.github.com/repos/alkaliphile/DefinitelyTyped/git/commits{/sha}",
        "comments_url": "https://api.github.com/repos/alkaliphile/DefinitelyTyped/comments{/number}",
        "issue_comment_url": "https://api.github.com/repos/alkaliphile/DefinitelyTyped/issues/comments{/number}",
        "contents_url": "https://api.github.com/repos/alkaliphile/DefinitelyTyped/contents/{+path}",
        "compare_url": "https://api.github.com/repos/alkaliphile/DefinitelyTyped/compare/{base}...{head}",
        "merges_url": "https://api.github.com/repos/alkaliphile/DefinitelyTyped/merges",
        "archive_url": "https://api.github.com/repos/alkaliphile/DefinitelyTyped/{archive_format}{/ref}",
        "downloads_url": "https://api.github.com/repos/alkaliphile/DefinitelyTyped/downloads",
        "issues_url": "https://api.github.com/repos/alkaliphile/DefinitelyTyped/issues{/number}",
        "pulls_url": "https://api.github.com/repos/alkaliphile/DefinitelyTyped/pulls{/number}",
        "milestones_url": "https://api.github.com/repos/alkaliphile/DefinitelyTyped/milestones{/number}",
        "notifications_url": "https://api.github.com/repos/alkaliphile/DefinitelyTyped/notifications{?since,all,participating}",
        "labels_url": "https://api.github.com/repos/alkaliphile/DefinitelyTyped/labels{/name}",
        "releases_url": "https://api.github.com/repos/alkaliphile/DefinitelyTyped/releases{/id}",
        "deployments_url": "https://api.github.com/repos/alkaliphile/DefinitelyTyped/deployments",
        "created_at": "2018-08-04T00:06:38Z",
        "updated_at": "2018-08-07T02:03:25Z",
        "pushed_at": "2018-08-07T02:03:14Z",
        "git_url": "git://github.com/alkaliphile/DefinitelyTyped.git",
        "ssh_url": "git@github.com:alkaliphile/DefinitelyTyped.git",
        "clone_url": "https://github.com/alkaliphile/DefinitelyTyped.git",
        "svn_url": "https://github.com/alkaliphile/DefinitelyTyped",
        "homepage": "http://definitelytyped.org/",
        "size": 345194,
        "stargazers_count": 0,
        "watchers_count": 0,
        "language": "TypeScript",
        "has_issues": false,
        "has_projects": true,
        "has_downloads": true,
        "has_wiki": true,
        "has_pages": false,
        "forks_count": 0,
        "mirror_url": null,
        "archived": false,
        "disabled": false,
        "open_issues_count": 0,
        "license": {
          "key": "other",
          "name": "Other",
          "spdx_id": "NOASSERTION",
          "url": null,
          "node_id": "MDc6TGljZW5zZTA="
        },
        "forks": 0,
        "open_issues": 0,
        "watchers": 0,
        "default_branch": "master"
      }
    },
    "base": {
      "label": "DefinitelyTyped:master",
      "ref": "master",
      "sha": "480f7557d281a451302b4f50f1ff3ce0b26aaf8c",
      "user": {
        "login": "DefinitelyTyped",
        "id": 3637556,
        "node_id": "MDEyOk9yZ2FuaXphdGlvbjM2Mzc1NTY=",
        "avatar_url": "https://avatars1.githubusercontent.com/u/3637556?v=4",
        "gravatar_id": "",
        "url": "https://api.github.com/users/DefinitelyTyped",
        "html_url": "https://github.com/DefinitelyTyped",
        "followers_url": "https://api.github.com/users/DefinitelyTyped/followers",
        "following_url": "https://api.github.com/users/DefinitelyTyped/following{/other_user}",
        "gists_url": "https://api.github.com/users/DefinitelyTyped/gists{/gist_id}",
        "starred_url": "https://api.github.com/users/DefinitelyTyped/starred{/owner}{/repo}",
        "subscriptions_url": "https://api.github.com/users/DefinitelyTyped/subscriptions",
        "organizations_url": "https://api.github.com/users/DefinitelyTyped/orgs",
        "repos_url": "https://api.github.com/users/DefinitelyTyped/repos",
        "events_url": "https://api.github.com/users/DefinitelyTyped/events{/privacy}",
        "received_events_url": "https://api.github.com/users/DefinitelyTyped/received_events",
        "type": "Organization",
        "site_admin": false
      },
      "repo": {
        "id": 6093316,
        "node_id": "MDEwOlJlcG9zaXRvcnk2MDkzMzE2",
        "name": "DefinitelyTyped",
        "full_name": "DefinitelyTyped/DefinitelyTyped",
        "private": false,
        "owner": {
          "login": "DefinitelyTyped",
          "id": 3637556,
          "node_id": "MDEyOk9yZ2FuaXphdGlvbjM2Mzc1NTY=",
          "avatar_url": "https://avatars1.githubusercontent.com/u/3637556?v=4",
          "gravatar_id": "",
          "url": "https://api.github.com/users/DefinitelyTyped",
          "html_url": "https://github.com/DefinitelyTyped",
          "followers_url": "https://api.github.com/users/DefinitelyTyped/followers",
          "following_url": "https://api.github.com/users/DefinitelyTyped/following{/other_user}",
          "gists_url": "https://api.github.com/users/DefinitelyTyped/gists{/gist_id}",
          "starred_url": "https://api.github.com/users/DefinitelyTyped/starred{/owner}{/repo}",
          "subscriptions_url": "https://api.github.com/users/DefinitelyTyped/subscriptions",
          "organizations_url": "https://api.github.com/users/DefinitelyTyped/orgs",
          "repos_url": "https://api.github.com/users/DefinitelyTyped/repos",
          "events_url": "https://api.github.com/users/DefinitelyTyped/events{/privacy}",
          "received_events_url": "https://api.github.com/users/DefinitelyTyped/received_events",
          "type": "Organization",
          "site_admin": false
        },
        "html_url": "https://github.com/DefinitelyTyped/DefinitelyTyped",
        "description": "The repository for high quality TypeScript type definitions.",
        "fork": false,
        "url": "https://api.github.com/repos/DefinitelyTyped/DefinitelyTyped",
        "forks_url": "https://api.github.com/repos/DefinitelyTyped/DefinitelyTyped/forks",
        "keys_url": "https://api.github.com/repos/DefinitelyTyped/DefinitelyTyped/keys{/key_id}",
        "collaborators_url": "https://api.github.com/repos/DefinitelyTyped/DefinitelyTyped/collaborators{/collaborator}",
        "teams_url": "https://api.github.com/repos/DefinitelyTyped/DefinitelyTyped/teams",
        "hooks_url": "https://api.github.com/repos/DefinitelyTyped/DefinitelyTyped/hooks",
        "issue_events_url": "https://api.github.com/repos/DefinitelyTyped/DefinitelyTyped/issues/events{/number}",
        "events_url": "https://api.github.com/repos/DefinitelyTyped/DefinitelyTyped/events",
        "assignees_url": "https://api.github.com/repos/DefinitelyTyped/DefinitelyTyped/assignees{/user}",
        "branches_url": "https://api.github.com/repos/DefinitelyTyped/DefinitelyTyped/branches{/branch}",
        "tags_url": "https://api.github.com/repos/DefinitelyTyped/DefinitelyTyped/tags",
        "blobs_url": "https://api.github.com/repos/DefinitelyTyped/DefinitelyTyped/git/blobs{/sha}",
        "git_tags_url": "https://api.github.com/repos/DefinitelyTyped/DefinitelyTyped/git/tags{/sha}",
        "git_refs_url": "https://api.github.com/repos/DefinitelyTyped/DefinitelyTyped/git/refs{/sha}",
        "trees_url": "https://api.github.com/repos/DefinitelyTyped/DefinitelyTyped/git/trees{/sha}",
        "statuses_url": "https://api.github.com/repos/DefinitelyTyped/DefinitelyTyped/statuses/{sha}",
        "languages_url": "https://api.github.com/repos/DefinitelyTyped/DefinitelyTyped/languages",
        "stargazers_url": "https://api.github.com/repos/DefinitelyTyped/DefinitelyTyped/stargazers",
        "contributors_url": "https://api.github.com/repos/DefinitelyTyped/DefinitelyTyped/contributors",
        "subscribers_url": "https://api.github.com/repos/DefinitelyTyped/DefinitelyTyped/subscribers",
        "subscription_url": "https://api.github.com/repos/DefinitelyTyped/DefinitelyTyped/subscription",
        "commits_url": "https://api.github.com/repos/DefinitelyTyped/DefinitelyTyped/commits{/sha}",
        "git_commits_url": "https://api.github.com/repos/DefinitelyTyped/DefinitelyTyped/git/commits{/sha}",
        "comments_url": "https://api.github.com/repos/DefinitelyTyped/DefinitelyTyped/comments{/number}",
        "issue_comment_url": "https://api.github.com/repos/DefinitelyTyped/DefinitelyTyped/issues/comments{/number}",
        "contents_url": "https://api.github.com/repos/DefinitelyTyped/DefinitelyTyped/contents/{+path}",
        "compare_url": "https://api.github.com/repos/DefinitelyTyped/DefinitelyTyped/compare/{base}...{head}",
        "merges_url": "https://api.github.com/repos/DefinitelyTyped/DefinitelyTyped/merges",
        "archive_url": "https://api.github.com/repos/DefinitelyTyped/DefinitelyTyped/{archive_format}{/ref}",
        "downloads_url": "https://api.github.com/repos/DefinitelyTyped/DefinitelyTyped/downloads",
        "issues_url": "https://api.github.com/repos/DefinitelyTyped/DefinitelyTyped/issues{/number}",
        "pulls_url": "https://api.github.com/repos/DefinitelyTyped/DefinitelyTyped/pulls{/number}",
        "milestones_url": "https://api.github.com/repos/DefinitelyTyped/DefinitelyTyped/milestones{/number}",
        "notifications_url": "https://api.github.com/repos/DefinitelyTyped/DefinitelyTyped/notifications{?since,all,participating}",
        "labels_url": "https://api.github.com/repos/DefinitelyTyped/DefinitelyTyped/labels{/name}",
        "releases_url": "https://api.github.com/repos/DefinitelyTyped/DefinitelyTyped/releases{/id}",
        "deployments_url": "https://api.github.com/repos/DefinitelyTyped/DefinitelyTyped/deployments",
        "created_at": "2012-10-05T16:39:45Z",
        "updated_at": "2019-09-11T02:08:56Z",
        "pushed_at": "2019-09-11T02:07:41Z",
        "git_url": "git://github.com/DefinitelyTyped/DefinitelyTyped.git",
        "ssh_url": "git@github.com:DefinitelyTyped/DefinitelyTyped.git",
        "clone_url": "https://github.com/DefinitelyTyped/DefinitelyTyped.git",
        "svn_url": "https://github.com/DefinitelyTyped/DefinitelyTyped",
        "homepage": "http://definitelytyped.org/",
        "size": 495921,
        "stargazers_count": 24155,
        "watchers_count": 24155,
        "language": "TypeScript",
        "has_issues": true,
        "has_projects": true,
        "has_downloads": true,
        "has_wiki": true,
        "has_pages": false,
        "forks_count": 18828,
        "mirror_url": null,
        "archived": false,
        "disabled": false,
        "open_issues_count": 3093,
        "license": {
          "key": "other",
          "name": "Other",
          "spdx_id": "NOASSERTION",
          "url": null,
          "node_id": "MDc6TGljZW5zZTA="
        },
        "forks": 18828,
        "open_issues": 3093,
        "watchers": 24155,
        "default_branch": "master"
      }
    },
    "_links": {
      "self": {
        "href": "https://api.github.com/repos/DefinitelyTyped/DefinitelyTyped/pulls/27868"
      },
      "html": {
        "href": "https://github.com/DefinitelyTyped/DefinitelyTyped/pull/27868"
      },
      "issue": {
        "href": "https://api.github.com/repos/DefinitelyTyped/DefinitelyTyped/issues/27868"
      },
      "comments": {
        "href": "https://api.github.com/repos/DefinitelyTyped/DefinitelyTyped/issues/27868/comments"
      },
      "review_comments": {
        "href": "https://api.github.com/repos/DefinitelyTyped/DefinitelyTyped/pulls/27868/comments"
      },
      "review_comment": {
        "href": "https://api.github.com/repos/DefinitelyTyped/DefinitelyTyped/pulls/comments{/number}"
      },
      "commits": {
        "href": "https://api.github.com/repos/DefinitelyTyped/DefinitelyTyped/pulls/27868/commits"
      },
      "statuses": {
        "href": "https://api.github.com/repos/DefinitelyTyped/DefinitelyTyped/statuses/c8b4017093e5d85ca17b519d54bbe52df29ad429"
      }
    },
    "author_association": "CONTRIBUTOR"
  }
]
