[
  {
    "url": "https://api.github.com/repos/concourse/concourse/pulls/2761",
    "id": 228517461,
    "node_id": "MDExOlB1bGxSZXF1ZXN0MjI4NTE3NDYx",
    "html_url": "https://github.com/concourse/concourse/pull/2761",
    "diff_url": "https://github.com/concourse/concourse/pull/2761.diff",
    "patch_url": "https://github.com/concourse/concourse/pull/2761.patch",
    "issue_url": "https://api.github.com/repos/concourse/concourse/issues/2761",
    "number": 2761,
    "state": "closed",
    "locked": false,
    "title": "Colorized diff output for Windows terminal.",
    "user": {
      "login": "mmartell",
      "id": 16687967,
      "node_id": "MDQ6VXNlcjE2Njg3OTY3",
      "avatar_url": "https://avatars0.githubusercontent.com/u/16687967?v=4",
      "gravatar_id": "",
      "url": "https://api.github.com/users/mmartell",
      "html_url": "https://github.com/mmartell",
      "followers_url": "https://api.github.com/users/mmartell/followers",
      "following_url": "https://api.github.com/users/mmartell/following{/other_user}",
      "gists_url": "https://api.github.com/users/mmartell/gists{/gist_id}",
      "starred_url": "https://api.github.com/users/mmartell/starred{/owner}{/repo}",
      "subscriptions_url": "https://api.github.com/users/mmartell/subscriptions",
      "organizations_url": "https://api.github.com/users/mmartell/orgs",
      "repos_url": "https://api.github.com/users/mmartell/repos",
      "events_url": "https://api.github.com/users/mmartell/events{/privacy}",
      "received_events_url": "https://api.github.com/users/mmartell/received_events",
      "type": "User",
      "site_admin": false
    },
    "body": "This fixes the colorization of the diff output on Windows. Note, it only solves the problem in a cmd shell. It would be desirable to support color in Powershell Core windows as well.",
    "created_at": "2018-11-05T22:47:18Z",
    "updated_at": "2019-01-10T20:22:51Z",
    "closed_at": "2018-11-14T16:43:06Z",
    "merged_at": "2018-11-14T16:43:06Z",
    "merge_commit_sha": "9cea4c22dab304c012af30f85355b57b1f97443a",
    "assignee": null,
    "assignees": [

    ],
    "requested_reviewers": [

    ],
    "requested_teams": [

    ],
    "labels": [
      {
        "id": 765827297,
        "node_id": "MDU6TGFiZWw3NjU4MjcyOTc=",
        "url": "https://api.github.com/repos/concourse/concourse/labels/enhancement",
        "name": "enhancement",
        "color": "a2eeef",
        "default": true
      },
      {
        "id": 572346480,
        "node_id": "MDU6TGFiZWw1NzIzNDY0ODA=",
        "url": "https://api.github.com/repos/concourse/concourse/labels/windows",
        "name": "windows",
        "color": "089eef",
        "default": false
      }
    ],
    "milestone": {
      "url": "https://api.github.com/repos/concourse/concourse/milestones/33",
      "html_url": "https://github.com/concourse/concourse/milestone/33",
      "labels_url": "https://api.github.com/repos/concourse/concourse/milestones/33/labels",
      "id": 3585241,
      "node_id": "MDk6TWlsZXN0b25lMzU4NTI0MQ==",
      "number": 33,
      "title": "v5.0.0",
      "description": "",
      "creator": {
        "login": "vito",
        "id": 1880,
        "node_id": "MDQ6VXNlcjE4ODA=",
        "avatar_url": "https://avatars1.githubusercontent.com/u/1880?v=4",
        "gravatar_id": "",
        "url": "https://api.github.com/users/vito",
        "html_url": "https://github.com/vito",
        "followers_url": "https://api.github.com/users/vito/followers",
        "following_url": "https://api.github.com/users/vito/following{/other_user}",
        "gists_url": "https://api.github.com/users/vito/gists{/gist_id}",
        "starred_url": "https://api.github.com/users/vito/starred{/owner}{/repo}",
        "subscriptions_url": "https://api.github.com/users/vito/subscriptions",
        "organizations_url": "https://api.github.com/users/vito/orgs",
        "repos_url": "https://api.github.com/users/vito/repos",
        "events_url": "https://api.github.com/users/vito/events{/privacy}",
        "received_events_url": "https://api.github.com/users/vito/received_events",
        "type": "User",
        "site_admin": false
      },
      "open_issues": 0,
      "closed_issues": 171,
      "state": "closed",
      "created_at": "2018-08-20T20:33:31Z",
      "updated_at": "2019-03-26T15:44:31Z",
      "due_on": "2019-03-07T08:00:00Z",
      "closed_at": "2019-03-06T18:41:05Z"
    },
    "commits_url": "https://api.github.com/repos/concourse/concourse/pulls/2761/commits",
    "review_comments_url": "https://api.github.com/repos/concourse/concourse/pulls/2761/comments",
    "review_comment_url": "https://api.github.com/repos/concourse/concourse/pulls/comments{/number}",
    "comments_url": "https://api.github.com/repos/concourse/concourse/issues/2761/comments",
    "statuses_url": "https://api.github.com/repos/concourse/concourse/statuses/4598937612075c4cee67003cb76e281afbb30c35",
    "head": {
      "label": "mmartell:master",
      "ref": "master",
      "sha": "4598937612075c4cee67003cb76e281afbb30c35",
      "user": {
        "login": "mmartell",
        "id": 16687967,
        "node_id": "MDQ6VXNlcjE2Njg3OTY3",
        "avatar_url": "https://avatars0.githubusercontent.com/u/16687967?v=4",
        "gravatar_id": "",
        "url": "https://api.github.com/users/mmartell",
        "html_url": "https://github.com/mmartell",
        "followers_url": "https://api.github.com/users/mmartell/followers",
        "following_url": "https://api.github.com/users/mmartell/following{/other_user}",
        "gists_url": "https://api.github.com/users/mmartell/gists{/gist_id}",
        "starred_url": "https://api.github.com/users/mmartell/starred{/owner}{/repo}",
        "subscriptions_url": "https://api.github.com/users/mmartell/subscriptions",
        "organizations_url": "https://api.github.com/users/mmartell/orgs",
        "repos_url": "https://api.github.com/users/mmartell/repos",
        "events_url": "https://api.github.com/users/mmartell/events{/privacy}",
        "received_events_url": "https://api.github.com/users/mmartell/received_events",
        "type": "User",
        "site_admin": false
      },
      "repo": {
        "id": 156293093,
        "node_id": "MDEwOlJlcG9zaXRvcnkxNTYyOTMwOTM=",
        "name": "concourse",
        "full_name": "mmartell/concourse",
        "private": false,
        "owner": {
          "login": "mmartell",
          "id": 16687967,
          "node_id": "MDQ6VXNlcjE2Njg3OTY3",
          "avatar_url": "https://avatars0.githubusercontent.com/u/16687967?v=4",
          "gravatar_id": "",
          "url": "https://api.github.com/users/mmartell",
          "html_url": "https://github.com/mmartell",
          "followers_url": "https://api.github.com/users/mmartell/followers",
          "following_url": "https://api.github.com/users/mmartell/following{/other_user}",
          "gists_url": "https://api.github.com/users/mmartell/gists{/gist_id}",
          "starred_url": "https://api.github.com/users/mmartell/starred{/owner}{/repo}",
          "subscriptions_url": "https://api.github.com/users/mmartell/subscriptions",
          "organizations_url": "https://api.github.com/users/mmartell/orgs",
          "repos_url": "https://api.github.com/users/mmartell/repos",
          "events_url": "https://api.github.com/users/mmartell/events{/privacy}",
          "received_events_url": "https://api.github.com/users/mmartell/received_events",
          "type": "User",
          "site_admin": false
        },
        "html_url": "https://github.com/mmartell/concourse",
        "description": "Concourse CI",
        "fork": true,
        "url": "https://api.github.com/repos/mmartell/concourse",
        "forks_url": "https://api.github.com/repos/mmartell/concourse/forks",
        "keys_url": "https://api.github.com/repos/mmartell/concourse/keys{/key_id}",
        "collaborators_url": "https://api.github.com/repos/mmartell/concourse/collaborators{/collaborator}",
        "teams_url": "https://api.github.com/repos/mmartell/concourse/teams",
        "hooks_url": "https://api.github.com/repos/mmartell/concourse/hooks",
        "issue_events_url": "https://api.github.com/repos/mmartell/concourse/issues/events{/number}",
        "events_url": "https://api.github.com/repos/mmartell/concourse/events",
        "assignees_url": "https://api.github.com/repos/mmartell/concourse/assignees{/user}",
        "branches_url": "https://api.github.com/repos/mmartell/concourse/branches{/branch}",
        "tags_url": "https://api.github.com/repos/mmartell/concourse/tags",
        "blobs_url": "https://api.github.com/repos/mmartell/concourse/git/blobs{/sha}",
        "git_tags_url": "https://api.github.com/repos/mmartell/concourse/git/tags{/sha}",
        "git_refs_url": "https://api.github.com/repos/mmartell/concourse/git/refs{/sha}",
        "trees_url": "https://api.github.com/repos/mmartell/concourse/git/trees{/sha}",
        "statuses_url": "https://api.github.com/repos/mmartell/concourse/statuses/{sha}",
        "languages_url": "https://api.github.com/repos/mmartell/concourse/languages",
        "stargazers_url": "https://api.github.com/repos/mmartell/concourse/stargazers",
        "contributors_url": "https://api.github.com/repos/mmartell/concourse/contributors",
        "subscribers_url": "https://api.github.com/repos/mmartell/concourse/subscribers",
        "subscription_url": "https://api.github.com/repos/mmartell/concourse/subscription",
        "commits_url": "https://api.github.com/repos/mmartell/concourse/commits{/sha}",
        "git_commits_url": "https://api.github.com/repos/mmartell/concourse/git/commits{/sha}",
        "comments_url": "https://api.github.com/repos/mmartell/concourse/comments{/number}",
        "issue_comment_url": "https://api.github.com/repos/mmartell/concourse/issues/comments{/number}",
        "contents_url": "https://api.github.com/repos/mmartell/concourse/contents/{+path}",
        "compare_url": "https://api.github.com/repos/mmartell/concourse/compare/{base}...{head}",
        "merges_url": "https://api.github.com/repos/mmartell/concourse/merges",
        "archive_url": "https://api.github.com/repos/mmartell/concourse/{archive_format}{/ref}",
        "downloads_url": "https://api.github.com/repos/mmartell/concourse/downloads",
        "issues_url": "https://api.github.com/repos/mmartell/concourse/issues{/number}",
        "pulls_url": "https://api.github.com/repos/mmartell/concourse/pulls{/number}",
        "milestones_url": "https://api.github.com/repos/mmartell/concourse/milestones{/number}",
        "notifications_url": "https://api.github.com/repos/mmartell/concourse/notifications{?since,all,participating}",
        "labels_url": "https://api.github.com/repos/mmartell/concourse/labels{/name}",
        "releases_url": "https://api.github.com/repos/mmartell/concourse/releases{/id}",
        "deployments_url": "https://api.github.com/repos/mmartell/concourse/deployments",
        "created_at": "2018-11-05T22:40:48Z",
        "updated_at": "2018-11-05T22:44:11Z",
        "pushed_at": "2018-11-05T22:44:09Z",
        "git_url": "git://github.com/mmartell/concourse.git",
        "ssh_url": "git@github.com:mmartell/concourse.git",
        "clone_url": "https://github.com/mmartell/concourse.git",
        "svn_url": "https://github.com/mmartell/concourse",
        "homepage": "https://concourse-ci.org",
        "size": 58179,
        "stargazers_count": 0,
        "watchers_count": 0,
        "language": "Go",
        "has_issues": false,
        "has_projects": true,
        "has_downloads": true,
        "has_wiki": true,
        "has_pages": false,
        "forks_count": 0,
        "mirror_url": null,
        "archived": false,
        "disabled": false,
        "open_issues_count": 0,
        "license": {
          "key": "apache-2.0",
          "name": "Apache License 2.0",
          "spdx_id": "Apache-2.0",
          "url": "https://api.github.com/licenses/apache-2.0",
          "node_id": "MDc6TGljZW5zZTI="
        },
        "forks": 0,
        "open_issues": 0,
        "watchers": 0,
        "default_branch": "master"
      }
    },
    "base": {
      "label": "concourse:master",
      "ref": "master",
      "sha": "b058c751793a509ce7763707d0e8ad6e09412a76",
      "user": {
        "login": "concourse",
        "id": 7809479,
        "node_id": "MDEyOk9yZ2FuaXphdGlvbjc4MDk0Nzk=",
        "avatar_url": "https://avatars1.githubusercontent.com/u/7809479?v=4",
        "gravatar_id": "",
        "url": "https://api.github.com/users/concourse",
        "html_url": "https://github.com/concourse",
        "followers_url": "https://api.github.com/users/concourse/followers",
        "following_url": "https://api.github.com/users/concourse/following{/other_user}",
        "gists_url": "https://api.github.com/users/concourse/gists{/gist_id}",
        "starred_url": "https://api.github.com/users/concourse/starred{/owner}{/repo}",
        "subscriptions_url": "https://api.github.com/users/concourse/subscriptions",
        "organizations_url": "https://api.github.com/users/concourse/orgs",
        "repos_url": "https://api.github.com/users/concourse/repos",
        "events_url": "https://api.github.com/users/concourse/events{/privacy}",
        "received_events_url": "https://api.github.com/users/concourse/received_events",
        "type": "Organization",
        "site_admin": false
      },
      "repo": {
        "id": 18950460,
        "node_id": "MDEwOlJlcG9zaXRvcnkxODk1MDQ2MA==",
        "name": "concourse",
        "full_name": "concourse/concourse",
        "private": false,
        "owner": {
          "login": "concourse",
          "id": 7809479,
          "node_id": "MDEyOk9yZ2FuaXphdGlvbjc4MDk0Nzk=",
          "avatar_url": "https://avatars1.githubusercontent.com/u/7809479?v=4",
          "gravatar_id": "",
          "url": "https://api.github.com/users/concourse",
          "html_url": "https://github.com/concourse",
          "followers_url": "https://api.github.com/users/concourse/followers",
          "following_url": "https://api.github.com/users/concourse/following{/other_user}",
          "gists_url": "https://api.github.com/users/concourse/gists{/gist_id}",
          "starred_url": "https://api.github.com/users/concourse/starred{/owner}{/repo}",
          "subscriptions_url": "https://api.github.com/users/concourse/subscriptions",
          "organizations_url": "https://api.github.com/users/concourse/orgs",
          "repos_url": "https://api.github.com/users/concourse/repos",
          "events_url": "https://api.github.com/users/concourse/events{/privacy}",
          "received_events_url": "https://api.github.com/users/concourse/received_events",
          "type": "Organization",
          "site_admin": false
        },
        "html_url": "https://github.com/concourse/concourse",
        "description": "Concourse is a container-based continuous thing-doer written in Go and Elm.",
        "fork": false,
        "url": "https://api.github.com/repos/concourse/concourse",
        "forks_url": "https://api.github.com/repos/concourse/concourse/forks",
        "keys_url": "https://api.github.com/repos/concourse/concourse/keys{/key_id}",
        "collaborators_url": "https://api.github.com/repos/concourse/concourse/collaborators{/collaborator}",
        "teams_url": "https://api.github.com/repos/concourse/concourse/teams",
        "hooks_url": "https://api.github.com/repos/concourse/concourse/hooks",
        "issue_events_url": "https://api.github.com/repos/concourse/concourse/issues/events{/number}",
        "events_url": "https://api.github.com/repos/concourse/concourse/events",
        "assignees_url": "https://api.github.com/repos/concourse/concourse/assignees{/user}",
        "branches_url": "https://api.github.com/repos/concourse/concourse/branches{/branch}",
        "tags_url": "https://api.github.com/repos/concourse/concourse/tags",
        "blobs_url": "https://api.github.com/repos/concourse/concourse/git/blobs{/sha}",
        "git_tags_url": "https://api.github.com/repos/concourse/concourse/git/tags{/sha}",
        "git_refs_url": "https://api.github.com/repos/concourse/concourse/git/refs{/sha}",
        "trees_url": "https://api.github.com/repos/concourse/concourse/git/trees{/sha}",
        "statuses_url": "https://api.github.com/repos/concourse/concourse/statuses/{sha}",
        "languages_url": "https://api.github.com/repos/concourse/concourse/languages",
        "stargazers_url": "https://api.github.com/repos/concourse/concourse/stargazers",
        "contributors_url": "https://api.github.com/repos/concourse/concourse/contributors",
        "subscribers_url": "https://api.github.com/repos/concourse/concourse/subscribers",
        "subscription_url": "https://api.github.com/repos/concourse/concourse/subscription",
        "commits_url": "https://api.github.com/repos/concourse/concourse/commits{/sha}",
        "git_commits_url": "https://api.github.com/repos/concourse/concourse/git/commits{/sha}",
        "comments_url": "https://api.github.com/repos/concourse/concourse/comments{/number}",
        "issue_comment_url": "https://api.github.com/repos/concourse/concourse/issues/comments{/number}",
        "contents_url": "https://api.github.com/repos/concourse/concourse/contents/{+path}",
        "compare_url": "https://api.github.com/repos/concourse/concourse/compare/{base}...{head}",
        "merges_url": "https://api.github.com/repos/concourse/concourse/merges",
        "archive_url": "https://api.github.com/repos/concourse/concourse/{archive_format}{/ref}",
        "downloads_url": "https://api.github.com/repos/concourse/concourse/downloads",
        "issues_url": "https://api.github.com/repos/concourse/concourse/issues{/number}",
        "pulls_url": "https://api.github.com/repos/concourse/concourse/pulls{/number}",
        "milestones_url": "https://api.github.com/repos/concourse/concourse/milestones{/number}",
        "notifications_url": "https://api.github.com/repos/concourse/concourse/notifications{?since,all,participating}",
        "labels_url": "https://api.github.com/repos/concourse/concourse/labels{/name}",
        "releases_url": "https://api.github.com/repos/concourse/concourse/releases{/id}",
        "deployments_url": "https://api.github.com/repos/concourse/concourse/deployments",
        "created_at": "2014-04-19T20:45:45Z",
        "updated_at": "2019-09-11T05:06:55Z",
        "pushed_at": "2019-09-11T00:58:57Z",
        "git_url": "git://github.com/concourse/concourse.git",
        "ssh_url": "git@github.com:concourse/concourse.git",
        "clone_url": "https://github.com/concourse/concourse.git",
        "svn_url": "https://github.com/concourse/concourse",
        "homepage": "https://concourse-ci.org",
        "size": 76203,
        "stargazers_count": 4264,
        "watchers_count": 4264,
        "language": "Go",
        "has_issues": true,
        "has_projects": true,
        "has_downloads": true,
        "has_wiki": true,
        "has_pages": false,
        "forks_count": 521,
        "mirror_url": null,
        "archived": false,
        "disabled": false,
        "open_issues_count": 672,
        "license": {
          "key": "apache-2.0",
          "name": "Apache License 2.0",
          "spdx_id": "Apache-2.0",
          "url": "https://api.github.com/licenses/apache-2.0",
          "node_id": "MDc6TGljZW5zZTI="
        },
        "forks": 521,
        "open_issues": 672,
        "watchers": 4264,
        "default_branch": "master"
      }
    },
    "_links": {
      "self": {
        "href": "https://api.github.com/repos/concourse/concourse/pulls/2761"
      },
      "html": {
        "href": "https://github.com/concourse/concourse/pull/2761"
      },
      "issue": {
        "href": "https://api.github.com/repos/concourse/concourse/issues/2761"
      },
      "comments": {
        "href": "https://api.github.com/repos/concourse/concourse/issues/2761/comments"
      },
      "review_comments": {
        "href": "https://api.github.com/repos/concourse/concourse/pulls/2761/comments"
      },
      "review_comment": {
        "href": "https://api.github.com/repos/concourse/concourse/pulls/comments{/number}"
      },
      "commits": {
        "href": "https://api.github.com/repos/concourse/concourse/pulls/2761/commits"
      },
      "statuses": {
        "href": "https://api.github.com/repos/concourse/concourse/statuses/4598937612075c4cee67003cb76e281afbb30c35"
      }
    },
    "author_association": "CONTRIBUTOR"
  }
]
