[
  {
    "url": "https://api.github.com/repos/endgameinc/storm-metrics-statsd/pulls/7",
    "id": 20037046,
    "node_id": "MDExOlB1bGxSZXF1ZXN0MjAwMzcwNDY=",
    "html_url": "https://github.com/endgameinc/storm-metrics-statsd/pull/7",
    "diff_url": "https://github.com/endgameinc/storm-metrics-statsd/pull/7.diff",
    "patch_url": "https://github.com/endgameinc/storm-metrics-statsd/pull/7.patch",
    "issue_url": "https://api.github.com/repos/endgameinc/storm-metrics-statsd/issues/7",
    "number": 7,
    "state": "closed",
    "locked": false,
    "title": "explicitly specified version for maven-compiler-plugin due to maven3 compatibility",
    "user": {
      "login": "pershyn",
      "id": 220804,
      "node_id": "MDQ6VXNlcjIyMDgwNA==",
      "avatar_url": "https://avatars3.githubusercontent.com/u/220804?v=4",
      "gravatar_id": "",
      "url": "https://api.github.com/users/pershyn",
      "html_url": "https://github.com/pershyn",
      "followers_url": "https://api.github.com/users/pershyn/followers",
      "following_url": "https://api.github.com/users/pershyn/following{/other_user}",
      "gists_url": "https://api.github.com/users/pershyn/gists{/gist_id}",
      "starred_url": "https://api.github.com/users/pershyn/starred{/owner}{/repo}",
      "subscriptions_url": "https://api.github.com/users/pershyn/subscriptions",
      "organizations_url": "https://api.github.com/users/pershyn/orgs",
      "repos_url": "https://api.github.com/users/pershyn/repos",
      "events_url": "https://api.github.com/users/pershyn/events{/privacy}",
      "received_events_url": "https://api.github.com/users/pershyn/received_events",
      "type": "User",
      "site_admin": false
    },
    "body": "When building project with maven3, this warning is observed.\n\n```\n[WARNING] \n[WARNING] Some problems were encountered while building the effective model for com.endgame:storm-metrics-statsd:jar:1.0.0-SNAPSHOT\n[WARNING] 'build.plugins.plugin.version' for org.apache.maven.plugins:maven-compiler-plugin is missing. @ line 49, column 15\n[WARNING] \n[WARNING] It is highly recommended to fix these problems because they threaten the stability of your build.\n[WARNING] \n[WARNING] For this reason, future Maven versions might no longer support building such malformed projects.\n[WARNING] \n```\n\nThis is due to more strict rules in maven3, details [here](http://stackoverflow.com/questions/4123044/maven-3-warnings-about-build-plugins-plugin-version).\n\nSpecifying explicit version in pom.xml fixes this.\n",
    "created_at": "2014-08-20T10:35:32Z",
    "updated_at": "2014-08-21T07:44:09Z",
    "closed_at": "2014-08-21T03:19:14Z",
    "merged_at": "2014-08-21T03:19:14Z",
    "merge_commit_sha": "4e7eaf9091400839f68f6db6c07775192cf8ba34",
    "assignee": null,
    "assignees": [

    ],
    "requested_reviewers": [

    ],
    "requested_teams": [

    ],
    "labels": [

    ],
    "milestone": null,
    "commits_url": "https://api.github.com/repos/endgameinc/storm-metrics-statsd/pulls/7/commits",
    "review_comments_url": "https://api.github.com/repos/endgameinc/storm-metrics-statsd/pulls/7/comments",
    "review_comment_url": "https://api.github.com/repos/endgameinc/storm-metrics-statsd/pulls/comments{/number}",
    "comments_url": "https://api.github.com/repos/endgameinc/storm-metrics-statsd/issues/7/comments",
    "statuses_url": "https://api.github.com/repos/endgameinc/storm-metrics-statsd/statuses/3731c245676a1fe621f9de67e2a4fe16531b700c",
    "head": {
      "label": "pershyn:maven-compiler-plugin-version",
      "ref": "maven-compiler-plugin-version",
      "sha": "3731c245676a1fe621f9de67e2a4fe16531b700c",
      "user": {
        "login": "pershyn",
        "id": 220804,
        "node_id": "MDQ6VXNlcjIyMDgwNA==",
        "avatar_url": "https://avatars3.githubusercontent.com/u/220804?v=4",
        "gravatar_id": "",
        "url": "https://api.github.com/users/pershyn",
        "html_url": "https://github.com/pershyn",
        "followers_url": "https://api.github.com/users/pershyn/followers",
        "following_url": "https://api.github.com/users/pershyn/following{/other_user}",
        "gists_url": "https://api.github.com/users/pershyn/gists{/gist_id}",
        "starred_url": "https://api.github.com/users/pershyn/starred{/owner}{/repo}",
        "subscriptions_url": "https://api.github.com/users/pershyn/subscriptions",
        "organizations_url": "https://api.github.com/users/pershyn/orgs",
        "repos_url": "https://api.github.com/users/pershyn/repos",
        "events_url": "https://api.github.com/users/pershyn/events{/privacy}",
        "received_events_url": "https://api.github.com/users/pershyn/received_events",
        "type": "User",
        "site_admin": false
      },
      "repo": {
        "id": 23144698,
        "node_id": "MDEwOlJlcG9zaXRvcnkyMzE0NDY5OA==",
        "name": "storm-metrics-statsd",
        "full_name": "pershyn/storm-metrics-statsd",
        "private": false,
        "owner": {
          "login": "pershyn",
          "id": 220804,
          "node_id": "MDQ6VXNlcjIyMDgwNA==",
          "avatar_url": "https://avatars3.githubusercontent.com/u/220804?v=4",
          "gravatar_id": "",
          "url": "https://api.github.com/users/pershyn",
          "html_url": "https://github.com/pershyn",
          "followers_url": "https://api.github.com/users/pershyn/followers",
          "following_url": "https://api.github.com/users/pershyn/following{/other_user}",
          "gists_url": "https://api.github.com/users/pershyn/gists{/gist_id}",
          "starred_url": "https://api.github.com/users/pershyn/starred{/owner}{/repo}",
          "subscriptions_url": "https://api.github.com/users/pershyn/subscriptions",
          "organizations_url": "https://api.github.com/users/pershyn/orgs",
          "repos_url": "https://api.github.com/users/pershyn/repos",
          "events_url": "https://api.github.com/users/pershyn/events{/privacy}",
          "received_events_url": "https://api.github.com/users/pershyn/received_events",
          "type": "User",
          "site_admin": false
        },
        "html_url": "https://github.com/pershyn/storm-metrics-statsd",
        "description": "Storm Metrics module for reporting to statsd",
        "fork": true,
        "url": "https://api.github.com/repos/pershyn/storm-metrics-statsd",
        "forks_url": "https://api.github.com/repos/pershyn/storm-metrics-statsd/forks",
        "keys_url": "https://api.github.com/repos/pershyn/storm-metrics-statsd/keys{/key_id}",
        "collaborators_url": "https://api.github.com/repos/pershyn/storm-metrics-statsd/collaborators{/collaborator}",
        "teams_url": "https://api.github.com/repos/pershyn/storm-metrics-statsd/teams",
        "hooks_url": "https://api.github.com/repos/pershyn/storm-metrics-statsd/hooks",
        "issue_events_url": "https://api.github.com/repos/pershyn/storm-metrics-statsd/issues/events{/number}",
        "events_url": "https://api.github.com/repos/pershyn/storm-metrics-statsd/events",
        "assignees_url": "https://api.github.com/repos/pershyn/storm-metrics-statsd/assignees{/user}",
        "branches_url": "https://api.github.com/repos/pershyn/storm-metrics-statsd/branches{/branch}",
        "tags_url": "https://api.github.com/repos/pershyn/storm-metrics-statsd/tags",
        "blobs_url": "https://api.github.com/repos/pershyn/storm-metrics-statsd/git/blobs{/sha}",
        "git_tags_url": "https://api.github.com/repos/pershyn/storm-metrics-statsd/git/tags{/sha}",
        "git_refs_url": "https://api.github.com/repos/pershyn/storm-metrics-statsd/git/refs{/sha}",
        "trees_url": "https://api.github.com/repos/pershyn/storm-metrics-statsd/git/trees{/sha}",
        "statuses_url": "https://api.github.com/repos/pershyn/storm-metrics-statsd/statuses/{sha}",
        "languages_url": "https://api.github.com/repos/pershyn/storm-metrics-statsd/languages",
        "stargazers_url": "https://api.github.com/repos/pershyn/storm-metrics-statsd/stargazers",
        "contributors_url": "https://api.github.com/repos/pershyn/storm-metrics-statsd/contributors",
        "subscribers_url": "https://api.github.com/repos/pershyn/storm-metrics-statsd/subscribers",
        "subscription_url": "https://api.github.com/repos/pershyn/storm-metrics-statsd/subscription",
        "commits_url": "https://api.github.com/repos/pershyn/storm-metrics-statsd/commits{/sha}",
        "git_commits_url": "https://api.github.com/repos/pershyn/storm-metrics-statsd/git/commits{/sha}",
        "comments_url": "https://api.github.com/repos/pershyn/storm-metrics-statsd/comments{/number}",
        "issue_comment_url": "https://api.github.com/repos/pershyn/storm-metrics-statsd/issues/comments{/number}",
        "contents_url": "https://api.github.com/repos/pershyn/storm-metrics-statsd/contents/{+path}",
        "compare_url": "https://api.github.com/repos/pershyn/storm-metrics-statsd/compare/{base}...{head}",
        "merges_url": "https://api.github.com/repos/pershyn/storm-metrics-statsd/merges",
        "archive_url": "https://api.github.com/repos/pershyn/storm-metrics-statsd/{archive_format}{/ref}",
        "downloads_url": "https://api.github.com/repos/pershyn/storm-metrics-statsd/downloads",
        "issues_url": "https://api.github.com/repos/pershyn/storm-metrics-statsd/issues{/number}",
        "pulls_url": "https://api.github.com/repos/pershyn/storm-metrics-statsd/pulls{/number}",
        "milestones_url": "https://api.github.com/repos/pershyn/storm-metrics-statsd/milestones{/number}",
        "notifications_url": "https://api.github.com/repos/pershyn/storm-metrics-statsd/notifications{?since,all,participating}",
        "labels_url": "https://api.github.com/repos/pershyn/storm-metrics-statsd/labels{/name}",
        "releases_url": "https://api.github.com/repos/pershyn/storm-metrics-statsd/releases{/id}",
        "deployments_url": "https://api.github.com/repos/pershyn/storm-metrics-statsd/deployments",
        "created_at": "2014-08-20T10:22:57Z",
        "updated_at": "2014-08-20T10:50:04Z",
        "pushed_at": "2014-09-17T16:18:47Z",
        "git_url": "git://github.com/pershyn/storm-metrics-statsd.git",
        "ssh_url": "git@github.com:pershyn/storm-metrics-statsd.git",
        "clone_url": "https://github.com/pershyn/storm-metrics-statsd.git",
        "svn_url": "https://github.com/pershyn/storm-metrics-statsd",
        "homepage": null,
        "size": 152,
        "stargazers_count": 0,
        "watchers_count": 0,
        "language": "Java",
        "has_issues": false,
        "has_projects": true,
        "has_downloads": true,
        "has_wiki": true,
        "has_pages": false,
        "forks_count": 0,
        "mirror_url": null,
        "archived": false,
        "disabled": false,
        "open_issues_count": 0,
        "license": {
          "key": "apache-2.0",
          "name": "Apache License 2.0",
          "spdx_id": "Apache-2.0",
          "url": "https://api.github.com/licenses/apache-2.0",
          "node_id": "MDc6TGljZW5zZTI="
        },
        "forks": 0,
        "open_issues": 0,
        "watchers": 0,
        "default_branch": "master"
      }
    },
    "base": {
      "label": "endgameinc:master",
      "ref": "master",
      "sha": "512fcb544b504af33de34b5637399f0ad35a4d7c",
      "user": {
        "login": "endgameinc",
        "id": 1102250,
        "node_id": "MDEyOk9yZ2FuaXphdGlvbjExMDIyNTA=",
        "avatar_url": "https://avatars2.githubusercontent.com/u/1102250?v=4",
        "gravatar_id": "",
        "url": "https://api.github.com/users/endgameinc",
        "html_url": "https://github.com/endgameinc",
        "followers_url": "https://api.github.com/users/endgameinc/followers",
        "following_url": "https://api.github.com/users/endgameinc/following{/other_user}",
        "gists_url": "https://api.github.com/users/endgameinc/gists{/gist_id}",
        "starred_url": "https://api.github.com/users/endgameinc/starred{/owner}{/repo}",
        "subscriptions_url": "https://api.github.com/users/endgameinc/subscriptions",
        "organizations_url": "https://api.github.com/users/endgameinc/orgs",
        "repos_url": "https://api.github.com/users/endgameinc/repos",
        "events_url": "https://api.github.com/users/endgameinc/events{/privacy}",
        "received_events_url": "https://api.github.com/users/endgameinc/received_events",
        "type": "Organization",
        "site_admin": false
      },
      "repo": {
        "id": 15932964,
        "node_id": "MDEwOlJlcG9zaXRvcnkxNTkzMjk2NA==",
        "name": "storm-metrics-statsd",
        "full_name": "endgameinc/storm-metrics-statsd",
        "private": false,
        "owner": {
          "login": "endgameinc",
          "id": 1102250,
          "node_id": "MDEyOk9yZ2FuaXphdGlvbjExMDIyNTA=",
          "avatar_url": "https://avatars2.githubusercontent.com/u/1102250?v=4",
          "gravatar_id": "",
          "url": "https://api.github.com/users/endgameinc",
          "html_url": "https://github.com/endgameinc",
          "followers_url": "https://api.github.com/users/endgameinc/followers",
          "following_url": "https://api.github.com/users/endgameinc/following{/other_user}",
          "gists_url": "https://api.github.com/users/endgameinc/gists{/gist_id}",
          "starred_url": "https://api.github.com/users/endgameinc/starred{/owner}{/repo}",
          "subscriptions_url": "https://api.github.com/users/endgameinc/subscriptions",
          "organizations_url": "https://api.github.com/users/endgameinc/orgs",
          "repos_url": "https://api.github.com/users/endgameinc/repos",
          "events_url": "https://api.github.com/users/endgameinc/events{/privacy}",
          "received_events_url": "https://api.github.com/users/endgameinc/received_events",
          "type": "Organization",
          "site_admin": false
        },
        "html_url": "https://github.com/endgameinc/storm-metrics-statsd",
        "description": "Storm Metrics module for reporting to statsd",
        "fork": false,
        "url": "https://api.github.com/repos/endgameinc/storm-metrics-statsd",
        "forks_url": "https://api.github.com/repos/endgameinc/storm-metrics-statsd/forks",
        "keys_url": "https://api.github.com/repos/endgameinc/storm-metrics-statsd/keys{/key_id}",
        "collaborators_url": "https://api.github.com/repos/endgameinc/storm-metrics-statsd/collaborators{/collaborator}",
        "teams_url": "https://api.github.com/repos/endgameinc/storm-metrics-statsd/teams",
        "hooks_url": "https://api.github.com/repos/endgameinc/storm-metrics-statsd/hooks",
        "issue_events_url": "https://api.github.com/repos/endgameinc/storm-metrics-statsd/issues/events{/number}",
        "events_url": "https://api.github.com/repos/endgameinc/storm-metrics-statsd/events",
        "assignees_url": "https://api.github.com/repos/endgameinc/storm-metrics-statsd/assignees{/user}",
        "branches_url": "https://api.github.com/repos/endgameinc/storm-metrics-statsd/branches{/branch}",
        "tags_url": "https://api.github.com/repos/endgameinc/storm-metrics-statsd/tags",
        "blobs_url": "https://api.github.com/repos/endgameinc/storm-metrics-statsd/git/blobs{/sha}",
        "git_tags_url": "https://api.github.com/repos/endgameinc/storm-metrics-statsd/git/tags{/sha}",
        "git_refs_url": "https://api.github.com/repos/endgameinc/storm-metrics-statsd/git/refs{/sha}",
        "trees_url": "https://api.github.com/repos/endgameinc/storm-metrics-statsd/git/trees{/sha}",
        "statuses_url": "https://api.github.com/repos/endgameinc/storm-metrics-statsd/statuses/{sha}",
        "languages_url": "https://api.github.com/repos/endgameinc/storm-metrics-statsd/languages",
        "stargazers_url": "https://api.github.com/repos/endgameinc/storm-metrics-statsd/stargazers",
        "contributors_url": "https://api.github.com/repos/endgameinc/storm-metrics-statsd/contributors",
        "subscribers_url": "https://api.github.com/repos/endgameinc/storm-metrics-statsd/subscribers",
        "subscription_url": "https://api.github.com/repos/endgameinc/storm-metrics-statsd/subscription",
        "commits_url": "https://api.github.com/repos/endgameinc/storm-metrics-statsd/commits{/sha}",
        "git_commits_url": "https://api.github.com/repos/endgameinc/storm-metrics-statsd/git/commits{/sha}",
        "comments_url": "https://api.github.com/repos/endgameinc/storm-metrics-statsd/comments{/number}",
        "issue_comment_url": "https://api.github.com/repos/endgameinc/storm-metrics-statsd/issues/comments{/number}",
        "contents_url": "https://api.github.com/repos/endgameinc/storm-metrics-statsd/contents/{+path}",
        "compare_url": "https://api.github.com/repos/endgameinc/storm-metrics-statsd/compare/{base}...{head}",
        "merges_url": "https://api.github.com/repos/endgameinc/storm-metrics-statsd/merges",
        "archive_url": "https://api.github.com/repos/endgameinc/storm-metrics-statsd/{archive_format}{/ref}",
        "downloads_url": "https://api.github.com/repos/endgameinc/storm-metrics-statsd/downloads",
        "issues_url": "https://api.github.com/repos/endgameinc/storm-metrics-statsd/issues{/number}",
        "pulls_url": "https://api.github.com/repos/endgameinc/storm-metrics-statsd/pulls{/number}",
        "milestones_url": "https://api.github.com/repos/endgameinc/storm-metrics-statsd/milestones{/number}",
        "notifications_url": "https://api.github.com/repos/endgameinc/storm-metrics-statsd/notifications{?since,all,participating}",
        "labels_url": "https://api.github.com/repos/endgameinc/storm-metrics-statsd/labels{/name}",
        "releases_url": "https://api.github.com/repos/endgameinc/storm-metrics-statsd/releases{/id}",
        "deployments_url": "https://api.github.com/repos/endgameinc/storm-metrics-statsd/deployments",
        "created_at": "2014-01-15T11:13:33Z",
        "updated_at": "2018-11-05T10:40:13Z",
        "pushed_at": "2016-09-20T09:15:59Z",
        "git_url": "git://github.com/endgameinc/storm-metrics-statsd.git",
        "ssh_url": "git@github.com:endgameinc/storm-metrics-statsd.git",
        "clone_url": "https://github.com/endgameinc/storm-metrics-statsd.git",
        "svn_url": "https://github.com/endgameinc/storm-metrics-statsd",
        "homepage": null,
        "size": 363,
        "stargazers_count": 38,
        "watchers_count": 38,
        "language": "Java",
        "has_issues": true,
        "has_projects": true,
        "has_downloads": true,
        "has_wiki": true,
        "has_pages": false,
        "forks_count": 32,
        "mirror_url": null,
        "archived": false,
        "disabled": false,
        "open_issues_count": 7,
        "license": {
          "key": "apache-2.0",
          "name": "Apache License 2.0",
          "spdx_id": "Apache-2.0",
          "url": "https://api.github.com/licenses/apache-2.0",
          "node_id": "MDc6TGljZW5zZTI="
        },
        "forks": 32,
        "open_issues": 7,
        "watchers": 38,
        "default_branch": "master"
      }
    },
    "_links": {
      "self": {
        "href": "https://api.github.com/repos/endgameinc/storm-metrics-statsd/pulls/7"
      },
      "html": {
        "href": "https://github.com/endgameinc/storm-metrics-statsd/pull/7"
      },
      "issue": {
        "href": "https://api.github.com/repos/endgameinc/storm-metrics-statsd/issues/7"
      },
      "comments": {
        "href": "https://api.github.com/repos/endgameinc/storm-metrics-statsd/issues/7/comments"
      },
      "review_comments": {
        "href": "https://api.github.com/repos/endgameinc/storm-metrics-statsd/pulls/7/comments"
      },
      "review_comment": {
        "href": "https://api.github.com/repos/endgameinc/storm-metrics-statsd/pulls/comments{/number}"
      },
      "commits": {
        "href": "https://api.github.com/repos/endgameinc/storm-metrics-statsd/pulls/7/commits"
      },
      "statuses": {
        "href": "https://api.github.com/repos/endgameinc/storm-metrics-statsd/statuses/3731c245676a1fe621f9de67e2a4fe16531b700c"
      }
    },
    "author_association": "CONTRIBUTOR"
  }
]
