[
  {
    "url": "https://api.github.com/repos/datanucleus/docs-accessplatform/pulls/3",
    "id": 95646178,
    "node_id": "MDExOlB1bGxSZXF1ZXN0OTU2NDYxNzg=",
    "html_url": "https://github.com/datanucleus/docs-accessplatform/pull/3",
    "diff_url": "https://github.com/datanucleus/docs-accessplatform/pull/3.diff",
    "patch_url": "https://github.com/datanucleus/docs-accessplatform/pull/3.patch",
    "issue_url": "https://api.github.com/repos/datanucleus/docs-accessplatform/issues/3",
    "number": 3,
    "state": "closed",
    "locked": false,
    "title": "Update JDO docs, how to enhance test classes too",
    "user": {
      "login": "danhaywood",
      "id": 1031625,
      "node_id": "MDQ6VXNlcjEwMzE2MjU=",
      "avatar_url": "https://avatars1.githubusercontent.com/u/1031625?v=4",
      "gravatar_id": "",
      "url": "https://api.github.com/users/danhaywood",
      "html_url": "https://github.com/danhaywood",
      "followers_url": "https://api.github.com/users/danhaywood/followers",
      "following_url": "https://api.github.com/users/danhaywood/following{/other_user}",
      "gists_url": "https://api.github.com/users/danhaywood/gists{/gist_id}",
      "starred_url": "https://api.github.com/users/danhaywood/starred{/owner}{/repo}",
      "subscriptions_url": "https://api.github.com/users/danhaywood/subscriptions",
      "organizations_url": "https://api.github.com/users/danhaywood/orgs",
      "repos_url": "https://api.github.com/users/danhaywood/repos",
      "events_url": "https://api.github.com/users/danhaywood/events{/privacy}",
      "received_events_url": "https://api.github.com/users/danhaywood/received_events",
      "type": "User",
      "site_admin": false
    },
    "body": "See https://github.com/datanucleus/datanucleus-maven-plugin/issues/5 for background.",
    "created_at": "2016-11-29T08:29:04Z",
    "updated_at": "2016-11-29T08:30:17Z",
    "closed_at": "2016-11-29T08:30:17Z",
    "merged_at": "2016-11-29T08:30:17Z",
    "merge_commit_sha": "25d0293f9e89932f8064ea31cd436faad3d24e08",
    "assignee": null,
    "assignees": [

    ],
    "requested_reviewers": [

    ],
    "requested_teams": [

    ],
    "labels": [

    ],
    "milestone": null,
    "commits_url": "https://api.github.com/repos/datanucleus/docs-accessplatform/pulls/3/commits",
    "review_comments_url": "https://api.github.com/repos/datanucleus/docs-accessplatform/pulls/3/comments",
    "review_comment_url": "https://api.github.com/repos/datanucleus/docs-accessplatform/pulls/comments{/number}",
    "comments_url": "https://api.github.com/repos/datanucleus/docs-accessplatform/issues/3/comments",
    "statuses_url": "https://api.github.com/repos/datanucleus/docs-accessplatform/statuses/758c8c38e429e638357498a2180dbb1a88e569eb",
    "head": {
      "label": "danhaywood:patch-1",
      "ref": "patch-1",
      "sha": "758c8c38e429e638357498a2180dbb1a88e569eb",
      "user": {
        "login": "danhaywood",
        "id": 1031625,
        "node_id": "MDQ6VXNlcjEwMzE2MjU=",
        "avatar_url": "https://avatars1.githubusercontent.com/u/1031625?v=4",
        "gravatar_id": "",
        "url": "https://api.github.com/users/danhaywood",
        "html_url": "https://github.com/danhaywood",
        "followers_url": "https://api.github.com/users/danhaywood/followers",
        "following_url": "https://api.github.com/users/danhaywood/following{/other_user}",
        "gists_url": "https://api.github.com/users/danhaywood/gists{/gist_id}",
        "starred_url": "https://api.github.com/users/danhaywood/starred{/owner}{/repo}",
        "subscriptions_url": "https://api.github.com/users/danhaywood/subscriptions",
        "organizations_url": "https://api.github.com/users/danhaywood/orgs",
        "repos_url": "https://api.github.com/users/danhaywood/repos",
        "events_url": "https://api.github.com/users/danhaywood/events{/privacy}",
        "received_events_url": "https://api.github.com/users/danhaywood/received_events",
        "type": "User",
        "site_admin": false
      },
      "repo": null
    },
    "base": {
      "label": "datanucleus:master",
      "ref": "master",
      "sha": "fcfe5b88fe4de90479809dbbb35c1f3380925533",
      "user": {
        "login": "datanucleus",
        "id": 705081,
        "node_id": "MDEyOk9yZ2FuaXphdGlvbjcwNTA4MQ==",
        "avatar_url": "https://avatars3.githubusercontent.com/u/705081?v=4",
        "gravatar_id": "",
        "url": "https://api.github.com/users/datanucleus",
        "html_url": "https://github.com/datanucleus",
        "followers_url": "https://api.github.com/users/datanucleus/followers",
        "following_url": "https://api.github.com/users/datanucleus/following{/other_user}",
        "gists_url": "https://api.github.com/users/datanucleus/gists{/gist_id}",
        "starred_url": "https://api.github.com/users/datanucleus/starred{/owner}{/repo}",
        "subscriptions_url": "https://api.github.com/users/datanucleus/subscriptions",
        "organizations_url": "https://api.github.com/users/datanucleus/orgs",
        "repos_url": "https://api.github.com/users/datanucleus/repos",
        "events_url": "https://api.github.com/users/datanucleus/events{/privacy}",
        "received_events_url": "https://api.github.com/users/datanucleus/received_events",
        "type": "Organization",
        "site_admin": false
      },
      "repo": {
        "id": 14932004,
        "node_id": "MDEwOlJlcG9zaXRvcnkxNDkzMjAwNA==",
        "name": "docs-accessplatform",
        "full_name": "datanucleus/docs-accessplatform",
        "private": false,
        "owner": {
          "login": "datanucleus",
          "id": 705081,
          "node_id": "MDEyOk9yZ2FuaXphdGlvbjcwNTA4MQ==",
          "avatar_url": "https://avatars3.githubusercontent.com/u/705081?v=4",
          "gravatar_id": "",
          "url": "https://api.github.com/users/datanucleus",
          "html_url": "https://github.com/datanucleus",
          "followers_url": "https://api.github.com/users/datanucleus/followers",
          "following_url": "https://api.github.com/users/datanucleus/following{/other_user}",
          "gists_url": "https://api.github.com/users/datanucleus/gists{/gist_id}",
          "starred_url": "https://api.github.com/users/datanucleus/starred{/owner}{/repo}",
          "subscriptions_url": "https://api.github.com/users/datanucleus/subscriptions",
          "organizations_url": "https://api.github.com/users/datanucleus/orgs",
          "repos_url": "https://api.github.com/users/datanucleus/repos",
          "events_url": "https://api.github.com/users/datanucleus/events{/privacy}",
          "received_events_url": "https://api.github.com/users/datanucleus/received_events",
          "type": "Organization",
          "site_admin": false
        },
        "html_url": "https://github.com/datanucleus/docs-accessplatform",
        "description": "DataNucleus AccessPlatform docs",
        "fork": false,
        "url": "https://api.github.com/repos/datanucleus/docs-accessplatform",
        "forks_url": "https://api.github.com/repos/datanucleus/docs-accessplatform/forks",
        "keys_url": "https://api.github.com/repos/datanucleus/docs-accessplatform/keys{/key_id}",
        "collaborators_url": "https://api.github.com/repos/datanucleus/docs-accessplatform/collaborators{/collaborator}",
        "teams_url": "https://api.github.com/repos/datanucleus/docs-accessplatform/teams",
        "hooks_url": "https://api.github.com/repos/datanucleus/docs-accessplatform/hooks",
        "issue_events_url": "https://api.github.com/repos/datanucleus/docs-accessplatform/issues/events{/number}",
        "events_url": "https://api.github.com/repos/datanucleus/docs-accessplatform/events",
        "assignees_url": "https://api.github.com/repos/datanucleus/docs-accessplatform/assignees{/user}",
        "branches_url": "https://api.github.com/repos/datanucleus/docs-accessplatform/branches{/branch}",
        "tags_url": "https://api.github.com/repos/datanucleus/docs-accessplatform/tags",
        "blobs_url": "https://api.github.com/repos/datanucleus/docs-accessplatform/git/blobs{/sha}",
        "git_tags_url": "https://api.github.com/repos/datanucleus/docs-accessplatform/git/tags{/sha}",
        "git_refs_url": "https://api.github.com/repos/datanucleus/docs-accessplatform/git/refs{/sha}",
        "trees_url": "https://api.github.com/repos/datanucleus/docs-accessplatform/git/trees{/sha}",
        "statuses_url": "https://api.github.com/repos/datanucleus/docs-accessplatform/statuses/{sha}",
        "languages_url": "https://api.github.com/repos/datanucleus/docs-accessplatform/languages",
        "stargazers_url": "https://api.github.com/repos/datanucleus/docs-accessplatform/stargazers",
        "contributors_url": "https://api.github.com/repos/datanucleus/docs-accessplatform/contributors",
        "subscribers_url": "https://api.github.com/repos/datanucleus/docs-accessplatform/subscribers",
        "subscription_url": "https://api.github.com/repos/datanucleus/docs-accessplatform/subscription",
        "commits_url": "https://api.github.com/repos/datanucleus/docs-accessplatform/commits{/sha}",
        "git_commits_url": "https://api.github.com/repos/datanucleus/docs-accessplatform/git/commits{/sha}",
        "comments_url": "https://api.github.com/repos/datanucleus/docs-accessplatform/comments{/number}",
        "issue_comment_url": "https://api.github.com/repos/datanucleus/docs-accessplatform/issues/comments{/number}",
        "contents_url": "https://api.github.com/repos/datanucleus/docs-accessplatform/contents/{+path}",
        "compare_url": "https://api.github.com/repos/datanucleus/docs-accessplatform/compare/{base}...{head}",
        "merges_url": "https://api.github.com/repos/datanucleus/docs-accessplatform/merges",
        "archive_url": "https://api.github.com/repos/datanucleus/docs-accessplatform/{archive_format}{/ref}",
        "downloads_url": "https://api.github.com/repos/datanucleus/docs-accessplatform/downloads",
        "issues_url": "https://api.github.com/repos/datanucleus/docs-accessplatform/issues{/number}",
        "pulls_url": "https://api.github.com/repos/datanucleus/docs-accessplatform/pulls{/number}",
        "milestones_url": "https://api.github.com/repos/datanucleus/docs-accessplatform/milestones{/number}",
        "notifications_url": "https://api.github.com/repos/datanucleus/docs-accessplatform/notifications{?since,all,participating}",
        "labels_url": "https://api.github.com/repos/datanucleus/docs-accessplatform/labels{/name}",
        "releases_url": "https://api.github.com/repos/datanucleus/docs-accessplatform/releases{/id}",
        "deployments_url": "https://api.github.com/repos/datanucleus/docs-accessplatform/deployments",
        "created_at": "2013-12-04T18:23:22Z",
        "updated_at": "2019-09-09T11:16:10Z",
        "pushed_at": "2019-08-24T12:44:34Z",
        "git_url": "git://github.com/datanucleus/docs-accessplatform.git",
        "ssh_url": "git@github.com:datanucleus/docs-accessplatform.git",
        "clone_url": "https://github.com/datanucleus/docs-accessplatform.git",
        "svn_url": "https://github.com/datanucleus/docs-accessplatform",
        "homepage": null,
        "size": 20627,
        "stargazers_count": 3,
        "watchers_count": 3,
        "language": "HTML",
        "has_issues": true,
        "has_projects": true,
        "has_downloads": true,
        "has_wiki": false,
        "has_pages": false,
        "forks_count": 7,
        "mirror_url": null,
        "archived": false,
        "disabled": false,
        "open_issues_count": 2,
        "license": null,
        "forks": 7,
        "open_issues": 2,
        "watchers": 3,
        "default_branch": "master"
      }
    },
    "_links": {
      "self": {
        "href": "https://api.github.com/repos/datanucleus/docs-accessplatform/pulls/3"
      },
      "html": {
        "href": "https://github.com/datanucleus/docs-accessplatform/pull/3"
      },
      "issue": {
        "href": "https://api.github.com/repos/datanucleus/docs-accessplatform/issues/3"
      },
      "comments": {
        "href": "https://api.github.com/repos/datanucleus/docs-accessplatform/issues/3/comments"
      },
      "review_comments": {
        "href": "https://api.github.com/repos/datanucleus/docs-accessplatform/pulls/3/comments"
      },
      "review_comment": {
        "href": "https://api.github.com/repos/datanucleus/docs-accessplatform/pulls/comments{/number}"
      },
      "commits": {
        "href": "https://api.github.com/repos/datanucleus/docs-accessplatform/pulls/3/commits"
      },
      "statuses": {
        "href": "https://api.github.com/repos/datanucleus/docs-accessplatform/statuses/758c8c38e429e638357498a2180dbb1a88e569eb"
      }
    },
    "author_association": "CONTRIBUTOR"
  }
]
