[
  {
    "url": "https://api.github.com/repos/hoelzro/sqlite-lua-extension/pulls/1",
    "id": 2459679,
    "node_id": "MDExOlB1bGxSZXF1ZXN0MjQ1OTY3OQ==",
    "html_url": "https://github.com/hoelzro/sqlite-lua-extension/pull/1",
    "diff_url": "https://github.com/hoelzro/sqlite-lua-extension/pull/1.diff",
    "patch_url": "https://github.com/hoelzro/sqlite-lua-extension/pull/1.patch",
    "issue_url": "https://api.github.com/repos/hoelzro/sqlite-lua-extension/issues/1",
    "number": 1,
    "state": "closed",
    "locked": false,
    "title": "Error message when no arguments are passed to 'lua' function.",
    "user": {
      "login": "mlowicki",
      "id": 97633,
      "node_id": "MDQ6VXNlcjk3NjMz",
      "avatar_url": "https://avatars0.githubusercontent.com/u/97633?v=4",
      "gravatar_id": "",
      "url": "https://api.github.com/users/mlowicki",
      "html_url": "https://github.com/mlowicki",
      "followers_url": "https://api.github.com/users/mlowicki/followers",
      "following_url": "https://api.github.com/users/mlowicki/following{/other_user}",
      "gists_url": "https://api.github.com/users/mlowicki/gists{/gist_id}",
      "starred_url": "https://api.github.com/users/mlowicki/starred{/owner}{/repo}",
      "subscriptions_url": "https://api.github.com/users/mlowicki/subscriptions",
      "organizations_url": "https://api.github.com/users/mlowicki/orgs",
      "repos_url": "https://api.github.com/users/mlowicki/repos",
      "events_url": "https://api.github.com/users/mlowicki/events{/privacy}",
      "received_events_url": "https://api.github.com/users/mlowicki/received_events",
      "type": "User",
      "site_admin": false
    },
    "body": "",
    "created_at": "2012-09-26T16:53:24Z",
    "updated_at": "2012-09-26T17:12:42Z",
    "closed_at": "2012-09-26T17:12:35Z",
    "merged_at": "2012-09-26T17:12:35Z",
    "merge_commit_sha": "ba77d58c9752f221f3ab07801b661c8fcc7edf9f",
    "assignee": null,
    "assignees": [

    ],
    "requested_reviewers": [

    ],
    "requested_teams": [

    ],
    "labels": [

    ],
    "milestone": null,
    "commits_url": "https://api.github.com/repos/hoelzro/sqlite-lua-extension/pulls/1/commits",
    "review_comments_url": "https://api.github.com/repos/hoelzro/sqlite-lua-extension/pulls/1/comments",
    "review_comment_url": "https://api.github.com/repos/hoelzro/sqlite-lua-extension/pulls/comments{/number}",
    "comments_url": "https://api.github.com/repos/hoelzro/sqlite-lua-extension/issues/1/comments",
    "statuses_url": "https://api.github.com/repos/hoelzro/sqlite-lua-extension/statuses/b3d78d7453977f54aa7dd64d9489d28d78d30c1b",
    "head": {
      "label": "mlowicki:no-arguments",
      "ref": "no-arguments",
      "sha": "b3d78d7453977f54aa7dd64d9489d28d78d30c1b",
      "user": {
        "login": "mlowicki",
        "id": 97633,
        "node_id": "MDQ6VXNlcjk3NjMz",
        "avatar_url": "https://avatars0.githubusercontent.com/u/97633?v=4",
        "gravatar_id": "",
        "url": "https://api.github.com/users/mlowicki",
        "html_url": "https://github.com/mlowicki",
        "followers_url": "https://api.github.com/users/mlowicki/followers",
        "following_url": "https://api.github.com/users/mlowicki/following{/other_user}",
        "gists_url": "https://api.github.com/users/mlowicki/gists{/gist_id}",
        "starred_url": "https://api.github.com/users/mlowicki/starred{/owner}{/repo}",
        "subscriptions_url": "https://api.github.com/users/mlowicki/subscriptions",
        "organizations_url": "https://api.github.com/users/mlowicki/orgs",
        "repos_url": "https://api.github.com/users/mlowicki/repos",
        "events_url": "https://api.github.com/users/mlowicki/events{/privacy}",
        "received_events_url": "https://api.github.com/users/mlowicki/received_events",
        "type": "User",
        "site_admin": false
      },
      "repo": {
        "id": 5968949,
        "node_id": "MDEwOlJlcG9zaXRvcnk1OTY4OTQ5",
        "name": "sqlite-lua-extension",
        "full_name": "mlowicki/sqlite-lua-extension",
        "private": false,
        "owner": {
          "login": "mlowicki",
          "id": 97633,
          "node_id": "MDQ6VXNlcjk3NjMz",
          "avatar_url": "https://avatars0.githubusercontent.com/u/97633?v=4",
          "gravatar_id": "",
          "url": "https://api.github.com/users/mlowicki",
          "html_url": "https://github.com/mlowicki",
          "followers_url": "https://api.github.com/users/mlowicki/followers",
          "following_url": "https://api.github.com/users/mlowicki/following{/other_user}",
          "gists_url": "https://api.github.com/users/mlowicki/gists{/gist_id}",
          "starred_url": "https://api.github.com/users/mlowicki/starred{/owner}{/repo}",
          "subscriptions_url": "https://api.github.com/users/mlowicki/subscriptions",
          "organizations_url": "https://api.github.com/users/mlowicki/orgs",
          "repos_url": "https://api.github.com/users/mlowicki/repos",
          "events_url": "https://api.github.com/users/mlowicki/events{/privacy}",
          "received_events_url": "https://api.github.com/users/mlowicki/received_events",
          "type": "User",
          "site_admin": false
        },
        "html_url": "https://github.com/mlowicki/sqlite-lua-extension",
        "description": "A SQLite extension that embeds a Lua interpreter into SQLite",
        "fork": true,
        "url": "https://api.github.com/repos/mlowicki/sqlite-lua-extension",
        "forks_url": "https://api.github.com/repos/mlowicki/sqlite-lua-extension/forks",
        "keys_url": "https://api.github.com/repos/mlowicki/sqlite-lua-extension/keys{/key_id}",
        "collaborators_url": "https://api.github.com/repos/mlowicki/sqlite-lua-extension/collaborators{/collaborator}",
        "teams_url": "https://api.github.com/repos/mlowicki/sqlite-lua-extension/teams",
        "hooks_url": "https://api.github.com/repos/mlowicki/sqlite-lua-extension/hooks",
        "issue_events_url": "https://api.github.com/repos/mlowicki/sqlite-lua-extension/issues/events{/number}",
        "events_url": "https://api.github.com/repos/mlowicki/sqlite-lua-extension/events",
        "assignees_url": "https://api.github.com/repos/mlowicki/sqlite-lua-extension/assignees{/user}",
        "branches_url": "https://api.github.com/repos/mlowicki/sqlite-lua-extension/branches{/branch}",
        "tags_url": "https://api.github.com/repos/mlowicki/sqlite-lua-extension/tags",
        "blobs_url": "https://api.github.com/repos/mlowicki/sqlite-lua-extension/git/blobs{/sha}",
        "git_tags_url": "https://api.github.com/repos/mlowicki/sqlite-lua-extension/git/tags{/sha}",
        "git_refs_url": "https://api.github.com/repos/mlowicki/sqlite-lua-extension/git/refs{/sha}",
        "trees_url": "https://api.github.com/repos/mlowicki/sqlite-lua-extension/git/trees{/sha}",
        "statuses_url": "https://api.github.com/repos/mlowicki/sqlite-lua-extension/statuses/{sha}",
        "languages_url": "https://api.github.com/repos/mlowicki/sqlite-lua-extension/languages",
        "stargazers_url": "https://api.github.com/repos/mlowicki/sqlite-lua-extension/stargazers",
        "contributors_url": "https://api.github.com/repos/mlowicki/sqlite-lua-extension/contributors",
        "subscribers_url": "https://api.github.com/repos/mlowicki/sqlite-lua-extension/subscribers",
        "subscription_url": "https://api.github.com/repos/mlowicki/sqlite-lua-extension/subscription",
        "commits_url": "https://api.github.com/repos/mlowicki/sqlite-lua-extension/commits{/sha}",
        "git_commits_url": "https://api.github.com/repos/mlowicki/sqlite-lua-extension/git/commits{/sha}",
        "comments_url": "https://api.github.com/repos/mlowicki/sqlite-lua-extension/comments{/number}",
        "issue_comment_url": "https://api.github.com/repos/mlowicki/sqlite-lua-extension/issues/comments{/number}",
        "contents_url": "https://api.github.com/repos/mlowicki/sqlite-lua-extension/contents/{+path}",
        "compare_url": "https://api.github.com/repos/mlowicki/sqlite-lua-extension/compare/{base}...{head}",
        "merges_url": "https://api.github.com/repos/mlowicki/sqlite-lua-extension/merges",
        "archive_url": "https://api.github.com/repos/mlowicki/sqlite-lua-extension/{archive_format}{/ref}",
        "downloads_url": "https://api.github.com/repos/mlowicki/sqlite-lua-extension/downloads",
        "issues_url": "https://api.github.com/repos/mlowicki/sqlite-lua-extension/issues{/number}",
        "pulls_url": "https://api.github.com/repos/mlowicki/sqlite-lua-extension/pulls{/number}",
        "milestones_url": "https://api.github.com/repos/mlowicki/sqlite-lua-extension/milestones{/number}",
        "notifications_url": "https://api.github.com/repos/mlowicki/sqlite-lua-extension/notifications{?since,all,participating}",
        "labels_url": "https://api.github.com/repos/mlowicki/sqlite-lua-extension/labels{/name}",
        "releases_url": "https://api.github.com/repos/mlowicki/sqlite-lua-extension/releases{/id}",
        "deployments_url": "https://api.github.com/repos/mlowicki/sqlite-lua-extension/deployments",
        "created_at": "2012-09-26T16:46:56Z",
        "updated_at": "2013-01-12T10:32:44Z",
        "pushed_at": "2012-09-26T19:58:49Z",
        "git_url": "git://github.com/mlowicki/sqlite-lua-extension.git",
        "ssh_url": "git@github.com:mlowicki/sqlite-lua-extension.git",
        "clone_url": "https://github.com/mlowicki/sqlite-lua-extension.git",
        "svn_url": "https://github.com/mlowicki/sqlite-lua-extension",
        "homepage": null,
        "size": 111,
        "stargazers_count": 0,
        "watchers_count": 0,
        "language": "C",
        "has_issues": false,
        "has_projects": true,
        "has_downloads": true,
        "has_wiki": true,
        "has_pages": false,
        "forks_count": 0,
        "mirror_url": null,
        "archived": false,
        "disabled": false,
        "open_issues_count": 0,
        "license": {
          "key": "mit",
          "name": "MIT License",
          "spdx_id": "MIT",
          "url": "https://api.github.com/licenses/mit",
          "node_id": "MDc6TGljZW5zZTEz"
        },
        "forks": 0,
        "open_issues": 0,
        "watchers": 0,
        "default_branch": "master"
      }
    },
    "base": {
      "label": "hoelzro:master",
      "ref": "master",
      "sha": "5df15de0c53b1e0a9777a696a2e4d32f07877f64",
      "user": {
        "login": "hoelzro",
        "id": 107804,
        "node_id": "MDQ6VXNlcjEwNzgwNA==",
        "avatar_url": "https://avatars3.githubusercontent.com/u/107804?v=4",
        "gravatar_id": "",
        "url": "https://api.github.com/users/hoelzro",
        "html_url": "https://github.com/hoelzro",
        "followers_url": "https://api.github.com/users/hoelzro/followers",
        "following_url": "https://api.github.com/users/hoelzro/following{/other_user}",
        "gists_url": "https://api.github.com/users/hoelzro/gists{/gist_id}",
        "starred_url": "https://api.github.com/users/hoelzro/starred{/owner}{/repo}",
        "subscriptions_url": "https://api.github.com/users/hoelzro/subscriptions",
        "organizations_url": "https://api.github.com/users/hoelzro/orgs",
        "repos_url": "https://api.github.com/users/hoelzro/repos",
        "events_url": "https://api.github.com/users/hoelzro/events{/privacy}",
        "received_events_url": "https://api.github.com/users/hoelzro/received_events",
        "type": "User",
        "site_admin": false
      },
      "repo": {
        "id": 5952605,
        "node_id": "MDEwOlJlcG9zaXRvcnk1OTUyNjA1",
        "name": "sqlite-lua-extension",
        "full_name": "hoelzro/sqlite-lua-extension",
        "private": false,
        "owner": {
          "login": "hoelzro",
          "id": 107804,
          "node_id": "MDQ6VXNlcjEwNzgwNA==",
          "avatar_url": "https://avatars3.githubusercontent.com/u/107804?v=4",
          "gravatar_id": "",
          "url": "https://api.github.com/users/hoelzro",
          "html_url": "https://github.com/hoelzro",
          "followers_url": "https://api.github.com/users/hoelzro/followers",
          "following_url": "https://api.github.com/users/hoelzro/following{/other_user}",
          "gists_url": "https://api.github.com/users/hoelzro/gists{/gist_id}",
          "starred_url": "https://api.github.com/users/hoelzro/starred{/owner}{/repo}",
          "subscriptions_url": "https://api.github.com/users/hoelzro/subscriptions",
          "organizations_url": "https://api.github.com/users/hoelzro/orgs",
          "repos_url": "https://api.github.com/users/hoelzro/repos",
          "events_url": "https://api.github.com/users/hoelzro/events{/privacy}",
          "received_events_url": "https://api.github.com/users/hoelzro/received_events",
          "type": "User",
          "site_admin": false
        },
        "html_url": "https://github.com/hoelzro/sqlite-lua-extension",
        "description": "A SQLite extension that embeds a Lua interpreter into SQLite",
        "fork": false,
        "url": "https://api.github.com/repos/hoelzro/sqlite-lua-extension",
        "forks_url": "https://api.github.com/repos/hoelzro/sqlite-lua-extension/forks",
        "keys_url": "https://api.github.com/repos/hoelzro/sqlite-lua-extension/keys{/key_id}",
        "collaborators_url": "https://api.github.com/repos/hoelzro/sqlite-lua-extension/collaborators{/collaborator}",
        "teams_url": "https://api.github.com/repos/hoelzro/sqlite-lua-extension/teams",
        "hooks_url": "https://api.github.com/repos/hoelzro/sqlite-lua-extension/hooks",
        "issue_events_url": "https://api.github.com/repos/hoelzro/sqlite-lua-extension/issues/events{/number}",
        "events_url": "https://api.github.com/repos/hoelzro/sqlite-lua-extension/events",
        "assignees_url": "https://api.github.com/repos/hoelzro/sqlite-lua-extension/assignees{/user}",
        "branches_url": "https://api.github.com/repos/hoelzro/sqlite-lua-extension/branches{/branch}",
        "tags_url": "https://api.github.com/repos/hoelzro/sqlite-lua-extension/tags",
        "blobs_url": "https://api.github.com/repos/hoelzro/sqlite-lua-extension/git/blobs{/sha}",
        "git_tags_url": "https://api.github.com/repos/hoelzro/sqlite-lua-extension/git/tags{/sha}",
        "git_refs_url": "https://api.github.com/repos/hoelzro/sqlite-lua-extension/git/refs{/sha}",
        "trees_url": "https://api.github.com/repos/hoelzro/sqlite-lua-extension/git/trees{/sha}",
        "statuses_url": "https://api.github.com/repos/hoelzro/sqlite-lua-extension/statuses/{sha}",
        "languages_url": "https://api.github.com/repos/hoelzro/sqlite-lua-extension/languages",
        "stargazers_url": "https://api.github.com/repos/hoelzro/sqlite-lua-extension/stargazers",
        "contributors_url": "https://api.github.com/repos/hoelzro/sqlite-lua-extension/contributors",
        "subscribers_url": "https://api.github.com/repos/hoelzro/sqlite-lua-extension/subscribers",
        "subscription_url": "https://api.github.com/repos/hoelzro/sqlite-lua-extension/subscription",
        "commits_url": "https://api.github.com/repos/hoelzro/sqlite-lua-extension/commits{/sha}",
        "git_commits_url": "https://api.github.com/repos/hoelzro/sqlite-lua-extension/git/commits{/sha}",
        "comments_url": "https://api.github.com/repos/hoelzro/sqlite-lua-extension/comments{/number}",
        "issue_comment_url": "https://api.github.com/repos/hoelzro/sqlite-lua-extension/issues/comments{/number}",
        "contents_url": "https://api.github.com/repos/hoelzro/sqlite-lua-extension/contents/{+path}",
        "compare_url": "https://api.github.com/repos/hoelzro/sqlite-lua-extension/compare/{base}...{head}",
        "merges_url": "https://api.github.com/repos/hoelzro/sqlite-lua-extension/merges",
        "archive_url": "https://api.github.com/repos/hoelzro/sqlite-lua-extension/{archive_format}{/ref}",
        "downloads_url": "https://api.github.com/repos/hoelzro/sqlite-lua-extension/downloads",
        "issues_url": "https://api.github.com/repos/hoelzro/sqlite-lua-extension/issues{/number}",
        "pulls_url": "https://api.github.com/repos/hoelzro/sqlite-lua-extension/pulls{/number}",
        "milestones_url": "https://api.github.com/repos/hoelzro/sqlite-lua-extension/milestones{/number}",
        "notifications_url": "https://api.github.com/repos/hoelzro/sqlite-lua-extension/notifications{?since,all,participating}",
        "labels_url": "https://api.github.com/repos/hoelzro/sqlite-lua-extension/labels{/name}",
        "releases_url": "https://api.github.com/repos/hoelzro/sqlite-lua-extension/releases{/id}",
        "deployments_url": "https://api.github.com/repos/hoelzro/sqlite-lua-extension/deployments",
        "created_at": "2012-09-25T16:06:25Z",
        "updated_at": "2019-08-06T16:32:31Z",
        "pushed_at": "2012-10-20T10:05:04Z",
        "git_url": "git://github.com/hoelzro/sqlite-lua-extension.git",
        "ssh_url": "git@github.com:hoelzro/sqlite-lua-extension.git",
        "clone_url": "https://github.com/hoelzro/sqlite-lua-extension.git",
        "svn_url": "https://github.com/hoelzro/sqlite-lua-extension",
        "homepage": null,
        "size": 128,
        "stargazers_count": 12,
        "watchers_count": 12,
        "language": "C",
        "has_issues": true,
        "has_projects": true,
        "has_downloads": true,
        "has_wiki": true,
        "has_pages": false,
        "forks_count": 1,
        "mirror_url": null,
        "archived": false,
        "disabled": false,
        "open_issues_count": 0,
        "license": {
          "key": "mit",
          "name": "MIT License",
          "spdx_id": "MIT",
          "url": "https://api.github.com/licenses/mit",
          "node_id": "MDc6TGljZW5zZTEz"
        },
        "forks": 1,
        "open_issues": 0,
        "watchers": 12,
        "default_branch": "master"
      }
    },
    "_links": {
      "self": {
        "href": "https://api.github.com/repos/hoelzro/sqlite-lua-extension/pulls/1"
      },
      "html": {
        "href": "https://github.com/hoelzro/sqlite-lua-extension/pull/1"
      },
      "issue": {
        "href": "https://api.github.com/repos/hoelzro/sqlite-lua-extension/issues/1"
      },
      "comments": {
        "href": "https://api.github.com/repos/hoelzro/sqlite-lua-extension/issues/1/comments"
      },
      "review_comments": {
        "href": "https://api.github.com/repos/hoelzro/sqlite-lua-extension/pulls/1/comments"
      },
      "review_comment": {
        "href": "https://api.github.com/repos/hoelzro/sqlite-lua-extension/pulls/comments{/number}"
      },
      "commits": {
        "href": "https://api.github.com/repos/hoelzro/sqlite-lua-extension/pulls/1/commits"
      },
      "statuses": {
        "href": "https://api.github.com/repos/hoelzro/sqlite-lua-extension/statuses/b3d78d7453977f54aa7dd64d9489d28d78d30c1b"
      }
    },
    "author_association": "CONTRIBUTOR"
  }
]
