[
  {
    "url": "https://api.github.com/repos/mongodb/mongo-hadoop/pulls/76",
    "id": 7685692,
    "node_id": "MDExOlB1bGxSZXF1ZXN0NzY4NTY5Mg==",
    "html_url": "https://github.com/mongodb/mongo-hadoop/pull/76",
    "diff_url": "https://github.com/mongodb/mongo-hadoop/pull/76.diff",
    "patch_url": "https://github.com/mongodb/mongo-hadoop/pull/76.patch",
    "issue_url": "https://api.github.com/repos/mongodb/mongo-hadoop/issues/76",
    "number": 76,
    "state": "closed",
    "locked": false,
    "title": "Update name of project to MongoDB Connector for Hadoop.",
    "user": {
      "login": "kstirman",
      "id": 2947233,
      "node_id": "MDQ6VXNlcjI5NDcyMzM=",
      "avatar_url": "https://avatars2.githubusercontent.com/u/2947233?v=4",
      "gravatar_id": "",
      "url": "https://api.github.com/users/kstirman",
      "html_url": "https://github.com/kstirman",
      "followers_url": "https://api.github.com/users/kstirman/followers",
      "following_url": "https://api.github.com/users/kstirman/following{/other_user}",
      "gists_url": "https://api.github.com/users/kstirman/gists{/gist_id}",
      "starred_url": "https://api.github.com/users/kstirman/starred{/owner}{/repo}",
      "subscriptions_url": "https://api.github.com/users/kstirman/subscriptions",
      "organizations_url": "https://api.github.com/users/kstirman/orgs",
      "repos_url": "https://api.github.com/users/kstirman/repos",
      "events_url": "https://api.github.com/users/kstirman/events{/privacy}",
      "received_events_url": "https://api.github.com/users/kstirman/received_events",
      "type": "User",
      "site_admin": true
    },
    "body": "",
    "created_at": "2013-08-19T01:19:12Z",
    "updated_at": "2014-06-15T05:53:11Z",
    "closed_at": "2013-08-19T17:12:26Z",
    "merged_at": "2013-08-19T17:12:26Z",
    "merge_commit_sha": "b6724b4776b86c72168b5ba916452e5cc55da171",
    "assignee": null,
    "assignees": [

    ],
    "requested_reviewers": [

    ],
    "requested_teams": [

    ],
    "labels": [

    ],
    "milestone": null,
    "commits_url": "https://api.github.com/repos/mongodb/mongo-hadoop/pulls/76/commits",
    "review_comments_url": "https://api.github.com/repos/mongodb/mongo-hadoop/pulls/76/comments",
    "review_comment_url": "https://api.github.com/repos/mongodb/mongo-hadoop/pulls/comments{/number}",
    "comments_url": "https://api.github.com/repos/mongodb/mongo-hadoop/issues/76/comments",
    "statuses_url": "https://api.github.com/repos/mongodb/mongo-hadoop/statuses/2907ab97ce1c286f58d0dac6ff0ceacee1928de2",
    "head": {
      "label": "kstirman:master",
      "ref": "master",
      "sha": "2907ab97ce1c286f58d0dac6ff0ceacee1928de2",
      "user": {
        "login": "kstirman",
        "id": 2947233,
        "node_id": "MDQ6VXNlcjI5NDcyMzM=",
        "avatar_url": "https://avatars2.githubusercontent.com/u/2947233?v=4",
        "gravatar_id": "",
        "url": "https://api.github.com/users/kstirman",
        "html_url": "https://github.com/kstirman",
        "followers_url": "https://api.github.com/users/kstirman/followers",
        "following_url": "https://api.github.com/users/kstirman/following{/other_user}",
        "gists_url": "https://api.github.com/users/kstirman/gists{/gist_id}",
        "starred_url": "https://api.github.com/users/kstirman/starred{/owner}{/repo}",
        "subscriptions_url": "https://api.github.com/users/kstirman/subscriptions",
        "organizations_url": "https://api.github.com/users/kstirman/orgs",
        "repos_url": "https://api.github.com/users/kstirman/repos",
        "events_url": "https://api.github.com/users/kstirman/events{/privacy}",
        "received_events_url": "https://api.github.com/users/kstirman/received_events",
        "type": "User",
        "site_admin": true
      },
      "repo": {
        "id": 12204348,
        "node_id": "MDEwOlJlcG9zaXRvcnkxMjIwNDM0OA==",
        "name": "mongo-hadoop",
        "full_name": "kstirman/mongo-hadoop",
        "private": false,
        "owner": {
          "login": "kstirman",
          "id": 2947233,
          "node_id": "MDQ6VXNlcjI5NDcyMzM=",
          "avatar_url": "https://avatars2.githubusercontent.com/u/2947233?v=4",
          "gravatar_id": "",
          "url": "https://api.github.com/users/kstirman",
          "html_url": "https://github.com/kstirman",
          "followers_url": "https://api.github.com/users/kstirman/followers",
          "following_url": "https://api.github.com/users/kstirman/following{/other_user}",
          "gists_url": "https://api.github.com/users/kstirman/gists{/gist_id}",
          "starred_url": "https://api.github.com/users/kstirman/starred{/owner}{/repo}",
          "subscriptions_url": "https://api.github.com/users/kstirman/subscriptions",
          "organizations_url": "https://api.github.com/users/kstirman/orgs",
          "repos_url": "https://api.github.com/users/kstirman/repos",
          "events_url": "https://api.github.com/users/kstirman/events{/privacy}",
          "received_events_url": "https://api.github.com/users/kstirman/received_events",
          "type": "User",
          "site_admin": true
        },
        "html_url": "https://github.com/kstirman/mongo-hadoop",
        "description": "MongoDB Connector for Hadoop",
        "fork": true,
        "url": "https://api.github.com/repos/kstirman/mongo-hadoop",
        "forks_url": "https://api.github.com/repos/kstirman/mongo-hadoop/forks",
        "keys_url": "https://api.github.com/repos/kstirman/mongo-hadoop/keys{/key_id}",
        "collaborators_url": "https://api.github.com/repos/kstirman/mongo-hadoop/collaborators{/collaborator}",
        "teams_url": "https://api.github.com/repos/kstirman/mongo-hadoop/teams",
        "hooks_url": "https://api.github.com/repos/kstirman/mongo-hadoop/hooks",
        "issue_events_url": "https://api.github.com/repos/kstirman/mongo-hadoop/issues/events{/number}",
        "events_url": "https://api.github.com/repos/kstirman/mongo-hadoop/events",
        "assignees_url": "https://api.github.com/repos/kstirman/mongo-hadoop/assignees{/user}",
        "branches_url": "https://api.github.com/repos/kstirman/mongo-hadoop/branches{/branch}",
        "tags_url": "https://api.github.com/repos/kstirman/mongo-hadoop/tags",
        "blobs_url": "https://api.github.com/repos/kstirman/mongo-hadoop/git/blobs{/sha}",
        "git_tags_url": "https://api.github.com/repos/kstirman/mongo-hadoop/git/tags{/sha}",
        "git_refs_url": "https://api.github.com/repos/kstirman/mongo-hadoop/git/refs{/sha}",
        "trees_url": "https://api.github.com/repos/kstirman/mongo-hadoop/git/trees{/sha}",
        "statuses_url": "https://api.github.com/repos/kstirman/mongo-hadoop/statuses/{sha}",
        "languages_url": "https://api.github.com/repos/kstirman/mongo-hadoop/languages",
        "stargazers_url": "https://api.github.com/repos/kstirman/mongo-hadoop/stargazers",
        "contributors_url": "https://api.github.com/repos/kstirman/mongo-hadoop/contributors",
        "subscribers_url": "https://api.github.com/repos/kstirman/mongo-hadoop/subscribers",
        "subscription_url": "https://api.github.com/repos/kstirman/mongo-hadoop/subscription",
        "commits_url": "https://api.github.com/repos/kstirman/mongo-hadoop/commits{/sha}",
        "git_commits_url": "https://api.github.com/repos/kstirman/mongo-hadoop/git/commits{/sha}",
        "comments_url": "https://api.github.com/repos/kstirman/mongo-hadoop/comments{/number}",
        "issue_comment_url": "https://api.github.com/repos/kstirman/mongo-hadoop/issues/comments{/number}",
        "contents_url": "https://api.github.com/repos/kstirman/mongo-hadoop/contents/{+path}",
        "compare_url": "https://api.github.com/repos/kstirman/mongo-hadoop/compare/{base}...{head}",
        "merges_url": "https://api.github.com/repos/kstirman/mongo-hadoop/merges",
        "archive_url": "https://api.github.com/repos/kstirman/mongo-hadoop/{archive_format}{/ref}",
        "downloads_url": "https://api.github.com/repos/kstirman/mongo-hadoop/downloads",
        "issues_url": "https://api.github.com/repos/kstirman/mongo-hadoop/issues{/number}",
        "pulls_url": "https://api.github.com/repos/kstirman/mongo-hadoop/pulls{/number}",
        "milestones_url": "https://api.github.com/repos/kstirman/mongo-hadoop/milestones{/number}",
        "notifications_url": "https://api.github.com/repos/kstirman/mongo-hadoop/notifications{?since,all,participating}",
        "labels_url": "https://api.github.com/repos/kstirman/mongo-hadoop/labels{/name}",
        "releases_url": "https://api.github.com/repos/kstirman/mongo-hadoop/releases{/id}",
        "deployments_url": "https://api.github.com/repos/kstirman/mongo-hadoop/deployments",
        "created_at": "2013-08-19T00:55:46Z",
        "updated_at": "2013-08-19T17:12:27Z",
        "pushed_at": "2013-08-19T01:08:56Z",
        "git_url": "git://github.com/kstirman/mongo-hadoop.git",
        "ssh_url": "git@github.com:kstirman/mongo-hadoop.git",
        "clone_url": "https://github.com/kstirman/mongo-hadoop.git",
        "svn_url": "https://github.com/kstirman/mongo-hadoop",
        "homepage": "",
        "size": 80083,
        "stargazers_count": 0,
        "watchers_count": 0,
        "language": "Java",
        "has_issues": false,
        "has_projects": true,
        "has_downloads": true,
        "has_wiki": true,
        "has_pages": false,
        "forks_count": 0,
        "mirror_url": null,
        "archived": false,
        "disabled": false,
        "open_issues_count": 0,
        "license": null,
        "forks": 0,
        "open_issues": 0,
        "watchers": 0,
        "default_branch": "master"
      }
    },
    "base": {
      "label": "mongodb:master",
      "ref": "master",
      "sha": "cacab0e595a70de4f7e9ef00452349e304fe45b3",
      "user": {
        "login": "mongodb",
        "id": 45120,
        "node_id": "MDEyOk9yZ2FuaXphdGlvbjQ1MTIw",
        "avatar_url": "https://avatars1.githubusercontent.com/u/45120?v=4",
        "gravatar_id": "",
        "url": "https://api.github.com/users/mongodb",
        "html_url": "https://github.com/mongodb",
        "followers_url": "https://api.github.com/users/mongodb/followers",
        "following_url": "https://api.github.com/users/mongodb/following{/other_user}",
        "gists_url": "https://api.github.com/users/mongodb/gists{/gist_id}",
        "starred_url": "https://api.github.com/users/mongodb/starred{/owner}{/repo}",
        "subscriptions_url": "https://api.github.com/users/mongodb/subscriptions",
        "organizations_url": "https://api.github.com/users/mongodb/orgs",
        "repos_url": "https://api.github.com/users/mongodb/repos",
        "events_url": "https://api.github.com/users/mongodb/events{/privacy}",
        "received_events_url": "https://api.github.com/users/mongodb/received_events",
        "type": "Organization",
        "site_admin": false
      },
      "repo": {
        "id": 856703,
        "node_id": "MDEwOlJlcG9zaXRvcnk4NTY3MDM=",
        "name": "mongo-hadoop",
        "full_name": "mongodb/mongo-hadoop",
        "private": false,
        "owner": {
          "login": "mongodb",
          "id": 45120,
          "node_id": "MDEyOk9yZ2FuaXphdGlvbjQ1MTIw",
          "avatar_url": "https://avatars1.githubusercontent.com/u/45120?v=4",
          "gravatar_id": "",
          "url": "https://api.github.com/users/mongodb",
          "html_url": "https://github.com/mongodb",
          "followers_url": "https://api.github.com/users/mongodb/followers",
          "following_url": "https://api.github.com/users/mongodb/following{/other_user}",
          "gists_url": "https://api.github.com/users/mongodb/gists{/gist_id}",
          "starred_url": "https://api.github.com/users/mongodb/starred{/owner}{/repo}",
          "subscriptions_url": "https://api.github.com/users/mongodb/subscriptions",
          "organizations_url": "https://api.github.com/users/mongodb/orgs",
          "repos_url": "https://api.github.com/users/mongodb/repos",
          "events_url": "https://api.github.com/users/mongodb/events{/privacy}",
          "received_events_url": "https://api.github.com/users/mongodb/received_events",
          "type": "Organization",
          "site_admin": false
        },
        "html_url": "https://github.com/mongodb/mongo-hadoop",
        "description": "MongoDB Connector for Hadoop",
        "fork": false,
        "url": "https://api.github.com/repos/mongodb/mongo-hadoop",
        "forks_url": "https://api.github.com/repos/mongodb/mongo-hadoop/forks",
        "keys_url": "https://api.github.com/repos/mongodb/mongo-hadoop/keys{/key_id}",
        "collaborators_url": "https://api.github.com/repos/mongodb/mongo-hadoop/collaborators{/collaborator}",
        "teams_url": "https://api.github.com/repos/mongodb/mongo-hadoop/teams",
        "hooks_url": "https://api.github.com/repos/mongodb/mongo-hadoop/hooks",
        "issue_events_url": "https://api.github.com/repos/mongodb/mongo-hadoop/issues/events{/number}",
        "events_url": "https://api.github.com/repos/mongodb/mongo-hadoop/events",
        "assignees_url": "https://api.github.com/repos/mongodb/mongo-hadoop/assignees{/user}",
        "branches_url": "https://api.github.com/repos/mongodb/mongo-hadoop/branches{/branch}",
        "tags_url": "https://api.github.com/repos/mongodb/mongo-hadoop/tags",
        "blobs_url": "https://api.github.com/repos/mongodb/mongo-hadoop/git/blobs{/sha}",
        "git_tags_url": "https://api.github.com/repos/mongodb/mongo-hadoop/git/tags{/sha}",
        "git_refs_url": "https://api.github.com/repos/mongodb/mongo-hadoop/git/refs{/sha}",
        "trees_url": "https://api.github.com/repos/mongodb/mongo-hadoop/git/trees{/sha}",
        "statuses_url": "https://api.github.com/repos/mongodb/mongo-hadoop/statuses/{sha}",
        "languages_url": "https://api.github.com/repos/mongodb/mongo-hadoop/languages",
        "stargazers_url": "https://api.github.com/repos/mongodb/mongo-hadoop/stargazers",
        "contributors_url": "https://api.github.com/repos/mongodb/mongo-hadoop/contributors",
        "subscribers_url": "https://api.github.com/repos/mongodb/mongo-hadoop/subscribers",
        "subscription_url": "https://api.github.com/repos/mongodb/mongo-hadoop/subscription",
        "commits_url": "https://api.github.com/repos/mongodb/mongo-hadoop/commits{/sha}",
        "git_commits_url": "https://api.github.com/repos/mongodb/mongo-hadoop/git/commits{/sha}",
        "comments_url": "https://api.github.com/repos/mongodb/mongo-hadoop/comments{/number}",
        "issue_comment_url": "https://api.github.com/repos/mongodb/mongo-hadoop/issues/comments{/number}",
        "contents_url": "https://api.github.com/repos/mongodb/mongo-hadoop/contents/{+path}",
        "compare_url": "https://api.github.com/repos/mongodb/mongo-hadoop/compare/{base}...{head}",
        "merges_url": "https://api.github.com/repos/mongodb/mongo-hadoop/merges",
        "archive_url": "https://api.github.com/repos/mongodb/mongo-hadoop/{archive_format}{/ref}",
        "downloads_url": "https://api.github.com/repos/mongodb/mongo-hadoop/downloads",
        "issues_url": "https://api.github.com/repos/mongodb/mongo-hadoop/issues{/number}",
        "pulls_url": "https://api.github.com/repos/mongodb/mongo-hadoop/pulls{/number}",
        "milestones_url": "https://api.github.com/repos/mongodb/mongo-hadoop/milestones{/number}",
        "notifications_url": "https://api.github.com/repos/mongodb/mongo-hadoop/notifications{?since,all,participating}",
        "labels_url": "https://api.github.com/repos/mongodb/mongo-hadoop/labels{/name}",
        "releases_url": "https://api.github.com/repos/mongodb/mongo-hadoop/releases{/id}",
        "deployments_url": "https://api.github.com/repos/mongodb/mongo-hadoop/deployments",
        "created_at": "2010-08-23T14:05:51Z",
        "updated_at": "2019-08-31T06:31:57Z",
        "pushed_at": "2019-06-18T12:26:32Z",
        "git_url": "git://github.com/mongodb/mongo-hadoop.git",
        "ssh_url": "git@github.com:mongodb/mongo-hadoop.git",
        "clone_url": "https://github.com/mongodb/mongo-hadoop.git",
        "svn_url": "https://github.com/mongodb/mongo-hadoop",
        "homepage": "",
        "size": 87082,
        "stargazers_count": 1454,
        "watchers_count": 1454,
        "language": "Java",
        "has_issues": false,
        "has_projects": true,
        "has_downloads": true,
        "has_wiki": true,
        "has_pages": false,
        "forks_count": 586,
        "mirror_url": null,
        "archived": false,
        "disabled": false,
        "open_issues_count": 14,
        "license": null,
        "forks": 586,
        "open_issues": 14,
        "watchers": 1454,
        "default_branch": "master"
      }
    },
    "_links": {
      "self": {
        "href": "https://api.github.com/repos/mongodb/mongo-hadoop/pulls/76"
      },
      "html": {
        "href": "https://github.com/mongodb/mongo-hadoop/pull/76"
      },
      "issue": {
        "href": "https://api.github.com/repos/mongodb/mongo-hadoop/issues/76"
      },
      "comments": {
        "href": "https://api.github.com/repos/mongodb/mongo-hadoop/issues/76/comments"
      },
      "review_comments": {
        "href": "https://api.github.com/repos/mongodb/mongo-hadoop/pulls/76/comments"
      },
      "review_comment": {
        "href": "https://api.github.com/repos/mongodb/mongo-hadoop/pulls/comments{/number}"
      },
      "commits": {
        "href": "https://api.github.com/repos/mongodb/mongo-hadoop/pulls/76/commits"
      },
      "statuses": {
        "href": "https://api.github.com/repos/mongodb/mongo-hadoop/statuses/2907ab97ce1c286f58d0dac6ff0ceacee1928de2"
      }
    },
    "author_association": "CONTRIBUTOR"
  }
]
