[
  {
    "url": "https://api.github.com/repos/vulcand/vulcand/pulls/182",
    "id": 30830999,
    "node_id": "MDExOlB1bGxSZXF1ZXN0MzA4MzA5OTk=",
    "html_url": "https://github.com/vulcand/vulcand/pull/182",
    "diff_url": "https://github.com/vulcand/vulcand/pull/182.diff",
    "patch_url": "https://github.com/vulcand/vulcand/pull/182.patch",
    "issue_url": "https://api.github.com/repos/vulcand/vulcand/issues/182",
    "number": 182,
    "state": "closed",
    "locked": false,
    "title": "Fix the error when delete backend which not be used by any frontend",
    "user": {
      "login": "vietanh85",
      "id": 547198,
      "node_id": "MDQ6VXNlcjU0NzE5OA==",
      "avatar_url": "https://avatars3.githubusercontent.com/u/547198?v=4",
      "gravatar_id": "",
      "url": "https://api.github.com/users/vietanh85",
      "html_url": "https://github.com/vietanh85",
      "followers_url": "https://api.github.com/users/vietanh85/followers",
      "following_url": "https://api.github.com/users/vietanh85/following{/other_user}",
      "gists_url": "https://api.github.com/users/vietanh85/gists{/gist_id}",
      "starred_url": "https://api.github.com/users/vietanh85/starred{/owner}{/repo}",
      "subscriptions_url": "https://api.github.com/users/vietanh85/subscriptions",
      "organizations_url": "https://api.github.com/users/vietanh85/orgs",
      "repos_url": "https://api.github.com/users/vietanh85/repos",
      "events_url": "https://api.github.com/users/vietanh85/events{/privacy}",
      "received_events_url": "https://api.github.com/users/vietanh85/received_events",
      "type": "User",
      "site_admin": false
    },
    "body": "- The error occurred when there are one or more frontends belong to another backend.\n",
    "created_at": "2015-03-10T08:37:30Z",
    "updated_at": "2015-03-11T17:14:17Z",
    "closed_at": "2015-03-11T17:14:17Z",
    "merged_at": "2015-03-11T17:14:17Z",
    "merge_commit_sha": "9cb782369be76317b162ee853110c8bb99144e58",
    "assignee": null,
    "assignees": [

    ],
    "requested_reviewers": [

    ],
    "requested_teams": [

    ],
    "labels": [

    ],
    "milestone": null,
    "commits_url": "https://api.github.com/repos/vulcand/vulcand/pulls/182/commits",
    "review_comments_url": "https://api.github.com/repos/vulcand/vulcand/pulls/182/comments",
    "review_comment_url": "https://api.github.com/repos/vulcand/vulcand/pulls/comments{/number}",
    "comments_url": "https://api.github.com/repos/vulcand/vulcand/issues/182/comments",
    "statuses_url": "https://api.github.com/repos/vulcand/vulcand/statuses/7e366d002bdf50aa71235247d1221e5fec45d5ab",
    "head": {
      "label": "vietanh85:master",
      "ref": "master",
      "sha": "7e366d002bdf50aa71235247d1221e5fec45d5ab",
      "user": {
        "login": "vietanh85",
        "id": 547198,
        "node_id": "MDQ6VXNlcjU0NzE5OA==",
        "avatar_url": "https://avatars3.githubusercontent.com/u/547198?v=4",
        "gravatar_id": "",
        "url": "https://api.github.com/users/vietanh85",
        "html_url": "https://github.com/vietanh85",
        "followers_url": "https://api.github.com/users/vietanh85/followers",
        "following_url": "https://api.github.com/users/vietanh85/following{/other_user}",
        "gists_url": "https://api.github.com/users/vietanh85/gists{/gist_id}",
        "starred_url": "https://api.github.com/users/vietanh85/starred{/owner}{/repo}",
        "subscriptions_url": "https://api.github.com/users/vietanh85/subscriptions",
        "organizations_url": "https://api.github.com/users/vietanh85/orgs",
        "repos_url": "https://api.github.com/users/vietanh85/repos",
        "events_url": "https://api.github.com/users/vietanh85/events{/privacy}",
        "received_events_url": "https://api.github.com/users/vietanh85/received_events",
        "type": "User",
        "site_admin": false
      },
      "repo": {
        "id": 31940562,
        "node_id": "MDEwOlJlcG9zaXRvcnkzMTk0MDU2Mg==",
        "name": "vulcand",
        "full_name": "vietanh85/vulcand",
        "private": false,
        "owner": {
          "login": "vietanh85",
          "id": 547198,
          "node_id": "MDQ6VXNlcjU0NzE5OA==",
          "avatar_url": "https://avatars3.githubusercontent.com/u/547198?v=4",
          "gravatar_id": "",
          "url": "https://api.github.com/users/vietanh85",
          "html_url": "https://github.com/vietanh85",
          "followers_url": "https://api.github.com/users/vietanh85/followers",
          "following_url": "https://api.github.com/users/vietanh85/following{/other_user}",
          "gists_url": "https://api.github.com/users/vietanh85/gists{/gist_id}",
          "starred_url": "https://api.github.com/users/vietanh85/starred{/owner}{/repo}",
          "subscriptions_url": "https://api.github.com/users/vietanh85/subscriptions",
          "organizations_url": "https://api.github.com/users/vietanh85/orgs",
          "repos_url": "https://api.github.com/users/vietanh85/repos",
          "events_url": "https://api.github.com/users/vietanh85/events{/privacy}",
          "received_events_url": "https://api.github.com/users/vietanh85/received_events",
          "type": "User",
          "site_admin": false
        },
        "html_url": "https://github.com/vietanh85/vulcand",
        "description": " Programmatic load balancer backed by Etcd",
        "fork": true,
        "url": "https://api.github.com/repos/vietanh85/vulcand",
        "forks_url": "https://api.github.com/repos/vietanh85/vulcand/forks",
        "keys_url": "https://api.github.com/repos/vietanh85/vulcand/keys{/key_id}",
        "collaborators_url": "https://api.github.com/repos/vietanh85/vulcand/collaborators{/collaborator}",
        "teams_url": "https://api.github.com/repos/vietanh85/vulcand/teams",
        "hooks_url": "https://api.github.com/repos/vietanh85/vulcand/hooks",
        "issue_events_url": "https://api.github.com/repos/vietanh85/vulcand/issues/events{/number}",
        "events_url": "https://api.github.com/repos/vietanh85/vulcand/events",
        "assignees_url": "https://api.github.com/repos/vietanh85/vulcand/assignees{/user}",
        "branches_url": "https://api.github.com/repos/vietanh85/vulcand/branches{/branch}",
        "tags_url": "https://api.github.com/repos/vietanh85/vulcand/tags",
        "blobs_url": "https://api.github.com/repos/vietanh85/vulcand/git/blobs{/sha}",
        "git_tags_url": "https://api.github.com/repos/vietanh85/vulcand/git/tags{/sha}",
        "git_refs_url": "https://api.github.com/repos/vietanh85/vulcand/git/refs{/sha}",
        "trees_url": "https://api.github.com/repos/vietanh85/vulcand/git/trees{/sha}",
        "statuses_url": "https://api.github.com/repos/vietanh85/vulcand/statuses/{sha}",
        "languages_url": "https://api.github.com/repos/vietanh85/vulcand/languages",
        "stargazers_url": "https://api.github.com/repos/vietanh85/vulcand/stargazers",
        "contributors_url": "https://api.github.com/repos/vietanh85/vulcand/contributors",
        "subscribers_url": "https://api.github.com/repos/vietanh85/vulcand/subscribers",
        "subscription_url": "https://api.github.com/repos/vietanh85/vulcand/subscription",
        "commits_url": "https://api.github.com/repos/vietanh85/vulcand/commits{/sha}",
        "git_commits_url": "https://api.github.com/repos/vietanh85/vulcand/git/commits{/sha}",
        "comments_url": "https://api.github.com/repos/vietanh85/vulcand/comments{/number}",
        "issue_comment_url": "https://api.github.com/repos/vietanh85/vulcand/issues/comments{/number}",
        "contents_url": "https://api.github.com/repos/vietanh85/vulcand/contents/{+path}",
        "compare_url": "https://api.github.com/repos/vietanh85/vulcand/compare/{base}...{head}",
        "merges_url": "https://api.github.com/repos/vietanh85/vulcand/merges",
        "archive_url": "https://api.github.com/repos/vietanh85/vulcand/{archive_format}{/ref}",
        "downloads_url": "https://api.github.com/repos/vietanh85/vulcand/downloads",
        "issues_url": "https://api.github.com/repos/vietanh85/vulcand/issues{/number}",
        "pulls_url": "https://api.github.com/repos/vietanh85/vulcand/pulls{/number}",
        "milestones_url": "https://api.github.com/repos/vietanh85/vulcand/milestones{/number}",
        "notifications_url": "https://api.github.com/repos/vietanh85/vulcand/notifications{?since,all,participating}",
        "labels_url": "https://api.github.com/repos/vietanh85/vulcand/labels{/name}",
        "releases_url": "https://api.github.com/repos/vietanh85/vulcand/releases{/id}",
        "deployments_url": "https://api.github.com/repos/vietanh85/vulcand/deployments",
        "created_at": "2015-03-10T05:45:57Z",
        "updated_at": "2015-03-11T09:39:32Z",
        "pushed_at": "2015-03-11T09:39:31Z",
        "git_url": "git://github.com/vietanh85/vulcand.git",
        "ssh_url": "git@github.com:vietanh85/vulcand.git",
        "clone_url": "https://github.com/vietanh85/vulcand.git",
        "svn_url": "https://github.com/vietanh85/vulcand",
        "homepage": "https://vulcand.io",
        "size": 1346,
        "stargazers_count": 0,
        "watchers_count": 0,
        "language": "Go",
        "has_issues": false,
        "has_projects": true,
        "has_downloads": true,
        "has_wiki": true,
        "has_pages": false,
        "forks_count": 0,
        "mirror_url": null,
        "archived": false,
        "disabled": false,
        "open_issues_count": 0,
        "license": {
          "key": "apache-2.0",
          "name": "Apache License 2.0",
          "spdx_id": "Apache-2.0",
          "url": "https://api.github.com/licenses/apache-2.0",
          "node_id": "MDc6TGljZW5zZTI="
        },
        "forks": 0,
        "open_issues": 0,
        "watchers": 0,
        "default_branch": "master"
      }
    },
    "base": {
      "label": "vulcand:master",
      "ref": "master",
      "sha": "32567c1ecd124c8bdc3f14ccc25ae5f77df09497",
      "user": {
        "login": "vulcand",
        "id": 15367115,
        "node_id": "MDEyOk9yZ2FuaXphdGlvbjE1MzY3MTE1",
        "avatar_url": "https://avatars0.githubusercontent.com/u/15367115?v=4",
        "gravatar_id": "",
        "url": "https://api.github.com/users/vulcand",
        "html_url": "https://github.com/vulcand",
        "followers_url": "https://api.github.com/users/vulcand/followers",
        "following_url": "https://api.github.com/users/vulcand/following{/other_user}",
        "gists_url": "https://api.github.com/users/vulcand/gists{/gist_id}",
        "starred_url": "https://api.github.com/users/vulcand/starred{/owner}{/repo}",
        "subscriptions_url": "https://api.github.com/users/vulcand/subscriptions",
        "organizations_url": "https://api.github.com/users/vulcand/orgs",
        "repos_url": "https://api.github.com/users/vulcand/repos",
        "events_url": "https://api.github.com/users/vulcand/events{/privacy}",
        "received_events_url": "https://api.github.com/users/vulcand/received_events",
        "type": "Organization",
        "site_admin": false
      },
      "repo": {
        "id": 18165661,
        "node_id": "MDEwOlJlcG9zaXRvcnkxODE2NTY2MQ==",
        "name": "vulcand",
        "full_name": "vulcand/vulcand",
        "private": false,
        "owner": {
          "login": "vulcand",
          "id": 15367115,
          "node_id": "MDEyOk9yZ2FuaXphdGlvbjE1MzY3MTE1",
          "avatar_url": "https://avatars0.githubusercontent.com/u/15367115?v=4",
          "gravatar_id": "",
          "url": "https://api.github.com/users/vulcand",
          "html_url": "https://github.com/vulcand",
          "followers_url": "https://api.github.com/users/vulcand/followers",
          "following_url": "https://api.github.com/users/vulcand/following{/other_user}",
          "gists_url": "https://api.github.com/users/vulcand/gists{/gist_id}",
          "starred_url": "https://api.github.com/users/vulcand/starred{/owner}{/repo}",
          "subscriptions_url": "https://api.github.com/users/vulcand/subscriptions",
          "organizations_url": "https://api.github.com/users/vulcand/orgs",
          "repos_url": "https://api.github.com/users/vulcand/repos",
          "events_url": "https://api.github.com/users/vulcand/events{/privacy}",
          "received_events_url": "https://api.github.com/users/vulcand/received_events",
          "type": "Organization",
          "site_admin": false
        },
        "html_url": "https://github.com/vulcand/vulcand",
        "description": " Programmatic load balancer backed by Etcd",
        "fork": false,
        "url": "https://api.github.com/repos/vulcand/vulcand",
        "forks_url": "https://api.github.com/repos/vulcand/vulcand/forks",
        "keys_url": "https://api.github.com/repos/vulcand/vulcand/keys{/key_id}",
        "collaborators_url": "https://api.github.com/repos/vulcand/vulcand/collaborators{/collaborator}",
        "teams_url": "https://api.github.com/repos/vulcand/vulcand/teams",
        "hooks_url": "https://api.github.com/repos/vulcand/vulcand/hooks",
        "issue_events_url": "https://api.github.com/repos/vulcand/vulcand/issues/events{/number}",
        "events_url": "https://api.github.com/repos/vulcand/vulcand/events",
        "assignees_url": "https://api.github.com/repos/vulcand/vulcand/assignees{/user}",
        "branches_url": "https://api.github.com/repos/vulcand/vulcand/branches{/branch}",
        "tags_url": "https://api.github.com/repos/vulcand/vulcand/tags",
        "blobs_url": "https://api.github.com/repos/vulcand/vulcand/git/blobs{/sha}",
        "git_tags_url": "https://api.github.com/repos/vulcand/vulcand/git/tags{/sha}",
        "git_refs_url": "https://api.github.com/repos/vulcand/vulcand/git/refs{/sha}",
        "trees_url": "https://api.github.com/repos/vulcand/vulcand/git/trees{/sha}",
        "statuses_url": "https://api.github.com/repos/vulcand/vulcand/statuses/{sha}",
        "languages_url": "https://api.github.com/repos/vulcand/vulcand/languages",
        "stargazers_url": "https://api.github.com/repos/vulcand/vulcand/stargazers",
        "contributors_url": "https://api.github.com/repos/vulcand/vulcand/contributors",
        "subscribers_url": "https://api.github.com/repos/vulcand/vulcand/subscribers",
        "subscription_url": "https://api.github.com/repos/vulcand/vulcand/subscription",
        "commits_url": "https://api.github.com/repos/vulcand/vulcand/commits{/sha}",
        "git_commits_url": "https://api.github.com/repos/vulcand/vulcand/git/commits{/sha}",
        "comments_url": "https://api.github.com/repos/vulcand/vulcand/comments{/number}",
        "issue_comment_url": "https://api.github.com/repos/vulcand/vulcand/issues/comments{/number}",
        "contents_url": "https://api.github.com/repos/vulcand/vulcand/contents/{+path}",
        "compare_url": "https://api.github.com/repos/vulcand/vulcand/compare/{base}...{head}",
        "merges_url": "https://api.github.com/repos/vulcand/vulcand/merges",
        "archive_url": "https://api.github.com/repos/vulcand/vulcand/{archive_format}{/ref}",
        "downloads_url": "https://api.github.com/repos/vulcand/vulcand/downloads",
        "issues_url": "https://api.github.com/repos/vulcand/vulcand/issues{/number}",
        "pulls_url": "https://api.github.com/repos/vulcand/vulcand/pulls{/number}",
        "milestones_url": "https://api.github.com/repos/vulcand/vulcand/milestones{/number}",
        "notifications_url": "https://api.github.com/repos/vulcand/vulcand/notifications{?since,all,participating}",
        "labels_url": "https://api.github.com/repos/vulcand/vulcand/labels{/name}",
        "releases_url": "https://api.github.com/repos/vulcand/vulcand/releases{/id}",
        "deployments_url": "https://api.github.com/repos/vulcand/vulcand/deployments",
        "created_at": "2014-03-27T05:42:43Z",
        "updated_at": "2019-08-29T08:46:37Z",
        "pushed_at": "2019-09-04T21:34:54Z",
        "git_url": "git://github.com/vulcand/vulcand.git",
        "ssh_url": "git@github.com:vulcand/vulcand.git",
        "clone_url": "https://github.com/vulcand/vulcand.git",
        "svn_url": "https://github.com/vulcand/vulcand",
        "homepage": "http://vulcand.readthedocs.io/",
        "size": 17483,
        "stargazers_count": 2808,
        "watchers_count": 2808,
        "language": "Go",
        "has_issues": true,
        "has_projects": true,
        "has_downloads": true,
        "has_wiki": true,
        "has_pages": false,
        "forks_count": 214,
        "mirror_url": null,
        "archived": false,
        "disabled": false,
        "open_issues_count": 69,
        "license": {
          "key": "apache-2.0",
          "name": "Apache License 2.0",
          "spdx_id": "Apache-2.0",
          "url": "https://api.github.com/licenses/apache-2.0",
          "node_id": "MDc6TGljZW5zZTI="
        },
        "forks": 214,
        "open_issues": 69,
        "watchers": 2808,
        "default_branch": "master"
      }
    },
    "_links": {
      "self": {
        "href": "https://api.github.com/repos/vulcand/vulcand/pulls/182"
      },
      "html": {
        "href": "https://github.com/vulcand/vulcand/pull/182"
      },
      "issue": {
        "href": "https://api.github.com/repos/vulcand/vulcand/issues/182"
      },
      "comments": {
        "href": "https://api.github.com/repos/vulcand/vulcand/issues/182/comments"
      },
      "review_comments": {
        "href": "https://api.github.com/repos/vulcand/vulcand/pulls/182/comments"
      },
      "review_comment": {
        "href": "https://api.github.com/repos/vulcand/vulcand/pulls/comments{/number}"
      },
      "commits": {
        "href": "https://api.github.com/repos/vulcand/vulcand/pulls/182/commits"
      },
      "statuses": {
        "href": "https://api.github.com/repos/vulcand/vulcand/statuses/7e366d002bdf50aa71235247d1221e5fec45d5ab"
      }
    },
    "author_association": "CONTRIBUTOR"
  }
]
