[
  {
    "url": "https://api.github.com/repos/apache/activemq-artemis/pulls/1",
    "id": 73044789,
    "node_id": "MDExOlB1bGxSZXF1ZXN0NzMwNDQ3ODk=",
    "html_url": "https://github.com/franz1981/activemq-artemis/pull/1",
    "diff_url": "https://github.com/franz1981/activemq-artemis/pull/1.diff",
    "patch_url": "https://github.com/franz1981/activemq-artemis/pull/1.patch",
    "issue_url": "https://api.github.com/repos/apache/activemq-artemis/issues/1",
    "number": 1,
    "state": "closed",
    "locked": false,
    "title": "Update from original",
    "user": {
      "login": "franz1981",
      "id": 13125299,
      "node_id": "MDQ6VXNlcjEzMTI1Mjk5",
      "avatar_url": "https://avatars2.githubusercontent.com/u/13125299?v=4",
      "gravatar_id": "",
      "url": "https://api.github.com/users/franz1981",
      "html_url": "https://github.com/franz1981",
      "followers_url": "https://api.github.com/users/franz1981/followers",
      "following_url": "https://api.github.com/users/franz1981/following{/other_user}",
      "gists_url": "https://api.github.com/users/franz1981/gists{/gist_id}",
      "starred_url": "https://api.github.com/users/franz1981/starred{/owner}{/repo}",
      "subscriptions_url": "https://api.github.com/users/franz1981/subscriptions",
      "organizations_url": "https://api.github.com/users/franz1981/orgs",
      "repos_url": "https://api.github.com/users/franz1981/repos",
      "events_url": "https://api.github.com/users/franz1981/events{/privacy}",
      "received_events_url": "https://api.github.com/users/franz1981/received_events",
      "type": "User",
      "site_admin": false
    },
    "body": "",
    "created_at": "2016-06-08T13:20:40Z",
    "updated_at": "2016-06-08T13:21:12Z",
    "closed_at": "2016-06-08T13:21:12Z",
    "merged_at": "2016-06-08T13:21:12Z",
    "merge_commit_sha": "ed6ab0daf4be24fafbc77b95d319a5e5cab0eb13",
    "assignee": null,
    "assignees": [

    ],
    "requested_reviewers": [

    ],
    "requested_teams": [

    ],
    "labels": [

    ],
    "milestone": null,
    "commits_url": "https://api.github.com/repos/apache/activemq-artemis/pulls/1/commits",
    "review_comments_url": "https://api.github.com/repos/apache/activemq-artemis/pulls/1/comments",
    "review_comment_url": "https://api.github.com/repos/apache/activemq-artemis/pulls/comments{/number}",
    "comments_url": "https://api.github.com/repos/apache/activemq-artemis/issues/1/comments",
    "statuses_url": "https://api.github.com/repos/apache/activemq-artemis/statuses/f9dd891db7a0785cbf72e7f3bb7c3b5e8f66023d",
    "head": {
      "label": "apache:master",
      "ref": "master",
      "sha": "f9dd891db7a0785cbf72e7f3bb7c3b5e8f66023d",
      "user": {
        "login": "apache",
        "id": 47359,
        "node_id": "MDEyOk9yZ2FuaXphdGlvbjQ3MzU5",
        "avatar_url": "https://avatars0.githubusercontent.com/u/47359?v=4",
        "gravatar_id": "",
        "url": "https://api.github.com/users/apache",
        "html_url": "https://github.com/apache",
        "followers_url": "https://api.github.com/users/apache/followers",
        "following_url": "https://api.github.com/users/apache/following{/other_user}",
        "gists_url": "https://api.github.com/users/apache/gists{/gist_id}",
        "starred_url": "https://api.github.com/users/apache/starred{/owner}{/repo}",
        "subscriptions_url": "https://api.github.com/users/apache/subscriptions",
        "organizations_url": "https://api.github.com/users/apache/orgs",
        "repos_url": "https://api.github.com/users/apache/repos",
        "events_url": "https://api.github.com/users/apache/events{/privacy}",
        "received_events_url": "https://api.github.com/users/apache/received_events",
        "type": "Organization",
        "site_admin": false
      },
      "repo": {
        "id": 36057260,
        "node_id": "MDEwOlJlcG9zaXRvcnkzNjA1NzI2MA==",
        "name": "activemq-artemis",
        "full_name": "apache/activemq-artemis",
        "private": false,
        "owner": {
          "login": "apache",
          "id": 47359,
          "node_id": "MDEyOk9yZ2FuaXphdGlvbjQ3MzU5",
          "avatar_url": "https://avatars0.githubusercontent.com/u/47359?v=4",
          "gravatar_id": "",
          "url": "https://api.github.com/users/apache",
          "html_url": "https://github.com/apache",
          "followers_url": "https://api.github.com/users/apache/followers",
          "following_url": "https://api.github.com/users/apache/following{/other_user}",
          "gists_url": "https://api.github.com/users/apache/gists{/gist_id}",
          "starred_url": "https://api.github.com/users/apache/starred{/owner}{/repo}",
          "subscriptions_url": "https://api.github.com/users/apache/subscriptions",
          "organizations_url": "https://api.github.com/users/apache/orgs",
          "repos_url": "https://api.github.com/users/apache/repos",
          "events_url": "https://api.github.com/users/apache/events{/privacy}",
          "received_events_url": "https://api.github.com/users/apache/received_events",
          "type": "Organization",
          "site_admin": false
        },
        "html_url": "https://github.com/apache/activemq-artemis",
        "description": "Mirror of Apache ActiveMQ Artemis",
        "fork": false,
        "url": "https://api.github.com/repos/apache/activemq-artemis",
        "forks_url": "https://api.github.com/repos/apache/activemq-artemis/forks",
        "keys_url": "https://api.github.com/repos/apache/activemq-artemis/keys{/key_id}",
        "collaborators_url": "https://api.github.com/repos/apache/activemq-artemis/collaborators{/collaborator}",
        "teams_url": "https://api.github.com/repos/apache/activemq-artemis/teams",
        "hooks_url": "https://api.github.com/repos/apache/activemq-artemis/hooks",
        "issue_events_url": "https://api.github.com/repos/apache/activemq-artemis/issues/events{/number}",
        "events_url": "https://api.github.com/repos/apache/activemq-artemis/events",
        "assignees_url": "https://api.github.com/repos/apache/activemq-artemis/assignees{/user}",
        "branches_url": "https://api.github.com/repos/apache/activemq-artemis/branches{/branch}",
        "tags_url": "https://api.github.com/repos/apache/activemq-artemis/tags",
        "blobs_url": "https://api.github.com/repos/apache/activemq-artemis/git/blobs{/sha}",
        "git_tags_url": "https://api.github.com/repos/apache/activemq-artemis/git/tags{/sha}",
        "git_refs_url": "https://api.github.com/repos/apache/activemq-artemis/git/refs{/sha}",
        "trees_url": "https://api.github.com/repos/apache/activemq-artemis/git/trees{/sha}",
        "statuses_url": "https://api.github.com/repos/apache/activemq-artemis/statuses/{sha}",
        "languages_url": "https://api.github.com/repos/apache/activemq-artemis/languages",
        "stargazers_url": "https://api.github.com/repos/apache/activemq-artemis/stargazers",
        "contributors_url": "https://api.github.com/repos/apache/activemq-artemis/contributors",
        "subscribers_url": "https://api.github.com/repos/apache/activemq-artemis/subscribers",
        "subscription_url": "https://api.github.com/repos/apache/activemq-artemis/subscription",
        "commits_url": "https://api.github.com/repos/apache/activemq-artemis/commits{/sha}",
        "git_commits_url": "https://api.github.com/repos/apache/activemq-artemis/git/commits{/sha}",
        "comments_url": "https://api.github.com/repos/apache/activemq-artemis/comments{/number}",
        "issue_comment_url": "https://api.github.com/repos/apache/activemq-artemis/issues/comments{/number}",
        "contents_url": "https://api.github.com/repos/apache/activemq-artemis/contents/{+path}",
        "compare_url": "https://api.github.com/repos/apache/activemq-artemis/compare/{base}...{head}",
        "merges_url": "https://api.github.com/repos/apache/activemq-artemis/merges",
        "archive_url": "https://api.github.com/repos/apache/activemq-artemis/{archive_format}{/ref}",
        "downloads_url": "https://api.github.com/repos/apache/activemq-artemis/downloads",
        "issues_url": "https://api.github.com/repos/apache/activemq-artemis/issues{/number}",
        "pulls_url": "https://api.github.com/repos/apache/activemq-artemis/pulls{/number}",
        "milestones_url": "https://api.github.com/repos/apache/activemq-artemis/milestones{/number}",
        "notifications_url": "https://api.github.com/repos/apache/activemq-artemis/notifications{?since,all,participating}",
        "labels_url": "https://api.github.com/repos/apache/activemq-artemis/labels{/name}",
        "releases_url": "https://api.github.com/repos/apache/activemq-artemis/releases{/id}",
        "deployments_url": "https://api.github.com/repos/apache/activemq-artemis/deployments",
        "created_at": "2015-05-22T07:00:05Z",
        "updated_at": "2019-09-11T00:10:30Z",
        "pushed_at": "2019-09-11T00:10:28Z",
        "git_url": "git://github.com/apache/activemq-artemis.git",
        "ssh_url": "git@github.com:apache/activemq-artemis.git",
        "clone_url": "https://github.com/apache/activemq-artemis.git",
        "svn_url": "https://github.com/apache/activemq-artemis",
        "homepage": "",
        "size": 66123,
        "stargazers_count": 488,
        "watchers_count": 488,
        "language": "Java",
        "has_issues": false,
        "has_projects": true,
        "has_downloads": true,
        "has_wiki": false,
        "has_pages": false,
        "forks_count": 483,
        "mirror_url": null,
        "archived": false,
        "disabled": false,
        "open_issues_count": 18,
        "license": {
          "key": "apache-2.0",
          "name": "Apache License 2.0",
          "spdx_id": "Apache-2.0",
          "url": "https://api.github.com/licenses/apache-2.0",
          "node_id": "MDc6TGljZW5zZTI="
        },
        "forks": 483,
        "open_issues": 18,
        "watchers": 488,
        "default_branch": "master"
      }
    },
    "base": {
      "label": "franz1981:master",
      "ref": "master",
      "sha": "2135911eaaac0fd2e5ed0d059cd9d1c6e4a9ee76",
      "user": {
        "login": "franz1981",
        "id": 13125299,
        "node_id": "MDQ6VXNlcjEzMTI1Mjk5",
        "avatar_url": "https://avatars2.githubusercontent.com/u/13125299?v=4",
        "gravatar_id": "",
        "url": "https://api.github.com/users/franz1981",
        "html_url": "https://github.com/franz1981",
        "followers_url": "https://api.github.com/users/franz1981/followers",
        "following_url": "https://api.github.com/users/franz1981/following{/other_user}",
        "gists_url": "https://api.github.com/users/franz1981/gists{/gist_id}",
        "starred_url": "https://api.github.com/users/franz1981/starred{/owner}{/repo}",
        "subscriptions_url": "https://api.github.com/users/franz1981/subscriptions",
        "organizations_url": "https://api.github.com/users/franz1981/orgs",
        "repos_url": "https://api.github.com/users/franz1981/repos",
        "events_url": "https://api.github.com/users/franz1981/events{/privacy}",
        "received_events_url": "https://api.github.com/users/franz1981/received_events",
        "type": "User",
        "site_admin": false
      },
      "repo": {
        "id": 57105719,
        "node_id": "MDEwOlJlcG9zaXRvcnk1NzEwNTcxOQ==",
        "name": "activemq-artemis",
        "full_name": "franz1981/activemq-artemis",
        "private": false,
        "owner": {
          "login": "franz1981",
          "id": 13125299,
          "node_id": "MDQ6VXNlcjEzMTI1Mjk5",
          "avatar_url": "https://avatars2.githubusercontent.com/u/13125299?v=4",
          "gravatar_id": "",
          "url": "https://api.github.com/users/franz1981",
          "html_url": "https://github.com/franz1981",
          "followers_url": "https://api.github.com/users/franz1981/followers",
          "following_url": "https://api.github.com/users/franz1981/following{/other_user}",
          "gists_url": "https://api.github.com/users/franz1981/gists{/gist_id}",
          "starred_url": "https://api.github.com/users/franz1981/starred{/owner}{/repo}",
          "subscriptions_url": "https://api.github.com/users/franz1981/subscriptions",
          "organizations_url": "https://api.github.com/users/franz1981/orgs",
          "repos_url": "https://api.github.com/users/franz1981/repos",
          "events_url": "https://api.github.com/users/franz1981/events{/privacy}",
          "received_events_url": "https://api.github.com/users/franz1981/received_events",
          "type": "User",
          "site_admin": false
        },
        "html_url": "https://github.com/franz1981/activemq-artemis",
        "description": "Mirror of Apache ActiveMQ Artemis",
        "fork": true,
        "url": "https://api.github.com/repos/franz1981/activemq-artemis",
        "forks_url": "https://api.github.com/repos/franz1981/activemq-artemis/forks",
        "keys_url": "https://api.github.com/repos/franz1981/activemq-artemis/keys{/key_id}",
        "collaborators_url": "https://api.github.com/repos/franz1981/activemq-artemis/collaborators{/collaborator}",
        "teams_url": "https://api.github.com/repos/franz1981/activemq-artemis/teams",
        "hooks_url": "https://api.github.com/repos/franz1981/activemq-artemis/hooks",
        "issue_events_url": "https://api.github.com/repos/franz1981/activemq-artemis/issues/events{/number}",
        "events_url": "https://api.github.com/repos/franz1981/activemq-artemis/events",
        "assignees_url": "https://api.github.com/repos/franz1981/activemq-artemis/assignees{/user}",
        "branches_url": "https://api.github.com/repos/franz1981/activemq-artemis/branches{/branch}",
        "tags_url": "https://api.github.com/repos/franz1981/activemq-artemis/tags",
        "blobs_url": "https://api.github.com/repos/franz1981/activemq-artemis/git/blobs{/sha}",
        "git_tags_url": "https://api.github.com/repos/franz1981/activemq-artemis/git/tags{/sha}",
        "git_refs_url": "https://api.github.com/repos/franz1981/activemq-artemis/git/refs{/sha}",
        "trees_url": "https://api.github.com/repos/franz1981/activemq-artemis/git/trees{/sha}",
        "statuses_url": "https://api.github.com/repos/franz1981/activemq-artemis/statuses/{sha}",
        "languages_url": "https://api.github.com/repos/franz1981/activemq-artemis/languages",
        "stargazers_url": "https://api.github.com/repos/franz1981/activemq-artemis/stargazers",
        "contributors_url": "https://api.github.com/repos/franz1981/activemq-artemis/contributors",
        "subscribers_url": "https://api.github.com/repos/franz1981/activemq-artemis/subscribers",
        "subscription_url": "https://api.github.com/repos/franz1981/activemq-artemis/subscription",
        "commits_url": "https://api.github.com/repos/franz1981/activemq-artemis/commits{/sha}",
        "git_commits_url": "https://api.github.com/repos/franz1981/activemq-artemis/git/commits{/sha}",
        "comments_url": "https://api.github.com/repos/franz1981/activemq-artemis/comments{/number}",
        "issue_comment_url": "https://api.github.com/repos/franz1981/activemq-artemis/issues/comments{/number}",
        "contents_url": "https://api.github.com/repos/franz1981/activemq-artemis/contents/{+path}",
        "compare_url": "https://api.github.com/repos/franz1981/activemq-artemis/compare/{base}...{head}",
        "merges_url": "https://api.github.com/repos/franz1981/activemq-artemis/merges",
        "archive_url": "https://api.github.com/repos/franz1981/activemq-artemis/{archive_format}{/ref}",
        "downloads_url": "https://api.github.com/repos/franz1981/activemq-artemis/downloads",
        "issues_url": "https://api.github.com/repos/franz1981/activemq-artemis/issues{/number}",
        "pulls_url": "https://api.github.com/repos/franz1981/activemq-artemis/pulls{/number}",
        "milestones_url": "https://api.github.com/repos/franz1981/activemq-artemis/milestones{/number}",
        "notifications_url": "https://api.github.com/repos/franz1981/activemq-artemis/notifications{?since,all,participating}",
        "labels_url": "https://api.github.com/repos/franz1981/activemq-artemis/labels{/name}",
        "releases_url": "https://api.github.com/repos/franz1981/activemq-artemis/releases{/id}",
        "deployments_url": "https://api.github.com/repos/franz1981/activemq-artemis/deployments",
        "created_at": "2016-04-26T07:03:57Z",
        "updated_at": "2016-04-26T07:04:06Z",
        "pushed_at": "2019-09-10T22:42:37Z",
        "git_url": "git://github.com/franz1981/activemq-artemis.git",
        "ssh_url": "git@github.com:franz1981/activemq-artemis.git",
        "clone_url": "https://github.com/franz1981/activemq-artemis.git",
        "svn_url": "https://github.com/franz1981/activemq-artemis",
        "homepage": "",
        "size": 71380,
        "stargazers_count": 0,
        "watchers_count": 0,
        "language": "Java",
        "has_issues": false,
        "has_projects": true,
        "has_downloads": true,
        "has_wiki": false,
        "has_pages": false,
        "forks_count": 1,
        "mirror_url": null,
        "archived": false,
        "disabled": false,
        "open_issues_count": 1,
        "license": {
          "key": "apache-2.0",
          "name": "Apache License 2.0",
          "spdx_id": "Apache-2.0",
          "url": "https://api.github.com/licenses/apache-2.0",
          "node_id": "MDc6TGljZW5zZTI="
        },
        "forks": 1,
        "open_issues": 1,
        "watchers": 0,
        "default_branch": "master"
      }
    },
    "_links": {
      "self": {
        "href": "https://api.github.com/repos/apache/activemq-artemis/pulls/1"
      },
      "html": {
        "href": "https://github.com/franz1981/activemq-artemis/pull/1"
      },
      "issue": {
        "href": "https://api.github.com/repos/apache/activemq-artemis/issues/1"
      },
      "comments": {
        "href": "https://api.github.com/repos/apache/activemq-artemis/issues/1/comments"
      },
      "review_comments": {
        "href": "https://api.github.com/repos/apache/activemq-artemis/pulls/1/comments"
      },
      "review_comment": {
        "href": "https://api.github.com/repos/apache/activemq-artemis/pulls/comments{/number}"
      },
      "commits": {
        "href": "https://api.github.com/repos/apache/activemq-artemis/pulls/1/commits"
      },
      "statuses": {
        "href": "https://api.github.com/repos/apache/activemq-artemis/statuses/f9dd891db7a0785cbf72e7f3bb7c3b5e8f66023d"
      }
    },
    "author_association": "OWNER"
  }
]
