[
  {
    "url": "https://api.github.com/repos/iKevinWorrell/clouderaSE/pulls/1",
    "id": 29343790,
    "node_id": "MDExOlB1bGxSZXF1ZXN0MjkzNDM3OTA=",
    "html_url": "https://github.com/iKevinWorrell/clouderaSE/pull/1",
    "diff_url": "https://github.com/iKevinWorrell/clouderaSE/pull/1.diff",
    "patch_url": "https://github.com/iKevinWorrell/clouderaSE/pull/1.patch",
    "issue_url": "https://api.github.com/repos/iKevinWorrell/clouderaSE/issues/1",
    "number": 1,
    "state": "closed",
    "locked": false,
    "title": "Make preCheck.py 2.x compatible",
    "user": {
      "login": "granthenke",
      "id": 1928566,
      "node_id": "MDQ6VXNlcjE5Mjg1NjY=",
      "avatar_url": "https://avatars0.githubusercontent.com/u/1928566?v=4",
      "gravatar_id": "",
      "url": "https://api.github.com/users/granthenke",
      "html_url": "https://github.com/granthenke",
      "followers_url": "https://api.github.com/users/granthenke/followers",
      "following_url": "https://api.github.com/users/granthenke/following{/other_user}",
      "gists_url": "https://api.github.com/users/granthenke/gists{/gist_id}",
      "starred_url": "https://api.github.com/users/granthenke/starred{/owner}{/repo}",
      "subscriptions_url": "https://api.github.com/users/granthenke/subscriptions",
      "organizations_url": "https://api.github.com/users/granthenke/orgs",
      "repos_url": "https://api.github.com/users/granthenke/repos",
      "events_url": "https://api.github.com/users/granthenke/events{/privacy}",
      "received_events_url": "https://api.github.com/users/granthenke/received_events",
      "type": "User",
      "site_admin": false
    },
    "body": "Removes the need to install & run Python 3\n",
    "created_at": "2015-02-15T23:53:49Z",
    "updated_at": "2015-02-16T00:39:28Z",
    "closed_at": "2015-02-16T00:39:28Z",
    "merged_at": "2015-02-16T00:39:28Z",
    "merge_commit_sha": "8967ec2686ac454a141d20e40e7b3d72e1b3de6b",
    "assignee": null,
    "assignees": [

    ],
    "requested_reviewers": [

    ],
    "requested_teams": [

    ],
    "labels": [

    ],
    "milestone": null,
    "commits_url": "https://api.github.com/repos/iKevinWorrell/clouderaSE/pulls/1/commits",
    "review_comments_url": "https://api.github.com/repos/iKevinWorrell/clouderaSE/pulls/1/comments",
    "review_comment_url": "https://api.github.com/repos/iKevinWorrell/clouderaSE/pulls/comments{/number}",
    "comments_url": "https://api.github.com/repos/iKevinWorrell/clouderaSE/issues/1/comments",
    "statuses_url": "https://api.github.com/repos/iKevinWorrell/clouderaSE/statuses/5c399b5786c35cae414478aa6fa8e8ee9972439b",
    "head": {
      "label": "granthenke:master",
      "ref": "master",
      "sha": "5c399b5786c35cae414478aa6fa8e8ee9972439b",
      "user": {
        "login": "granthenke",
        "id": 1928566,
        "node_id": "MDQ6VXNlcjE5Mjg1NjY=",
        "avatar_url": "https://avatars0.githubusercontent.com/u/1928566?v=4",
        "gravatar_id": "",
        "url": "https://api.github.com/users/granthenke",
        "html_url": "https://github.com/granthenke",
        "followers_url": "https://api.github.com/users/granthenke/followers",
        "following_url": "https://api.github.com/users/granthenke/following{/other_user}",
        "gists_url": "https://api.github.com/users/granthenke/gists{/gist_id}",
        "starred_url": "https://api.github.com/users/granthenke/starred{/owner}{/repo}",
        "subscriptions_url": "https://api.github.com/users/granthenke/subscriptions",
        "organizations_url": "https://api.github.com/users/granthenke/orgs",
        "repos_url": "https://api.github.com/users/granthenke/repos",
        "events_url": "https://api.github.com/users/granthenke/events{/privacy}",
        "received_events_url": "https://api.github.com/users/granthenke/received_events",
        "type": "User",
        "site_admin": false
      },
      "repo": {
        "id": 30846754,
        "node_id": "MDEwOlJlcG9zaXRvcnkzMDg0Njc1NA==",
        "name": "clouderaSE",
        "full_name": "granthenke/clouderaSE",
        "private": false,
        "owner": {
          "login": "granthenke",
          "id": 1928566,
          "node_id": "MDQ6VXNlcjE5Mjg1NjY=",
          "avatar_url": "https://avatars0.githubusercontent.com/u/1928566?v=4",
          "gravatar_id": "",
          "url": "https://api.github.com/users/granthenke",
          "html_url": "https://github.com/granthenke",
          "followers_url": "https://api.github.com/users/granthenke/followers",
          "following_url": "https://api.github.com/users/granthenke/following{/other_user}",
          "gists_url": "https://api.github.com/users/granthenke/gists{/gist_id}",
          "starred_url": "https://api.github.com/users/granthenke/starred{/owner}{/repo}",
          "subscriptions_url": "https://api.github.com/users/granthenke/subscriptions",
          "organizations_url": "https://api.github.com/users/granthenke/orgs",
          "repos_url": "https://api.github.com/users/granthenke/repos",
          "events_url": "https://api.github.com/users/granthenke/events{/privacy}",
          "received_events_url": "https://api.github.com/users/granthenke/received_events",
          "type": "User",
          "site_admin": false
        },
        "html_url": "https://github.com/granthenke/clouderaSE",
        "description": null,
        "fork": true,
        "url": "https://api.github.com/repos/granthenke/clouderaSE",
        "forks_url": "https://api.github.com/repos/granthenke/clouderaSE/forks",
        "keys_url": "https://api.github.com/repos/granthenke/clouderaSE/keys{/key_id}",
        "collaborators_url": "https://api.github.com/repos/granthenke/clouderaSE/collaborators{/collaborator}",
        "teams_url": "https://api.github.com/repos/granthenke/clouderaSE/teams",
        "hooks_url": "https://api.github.com/repos/granthenke/clouderaSE/hooks",
        "issue_events_url": "https://api.github.com/repos/granthenke/clouderaSE/issues/events{/number}",
        "events_url": "https://api.github.com/repos/granthenke/clouderaSE/events",
        "assignees_url": "https://api.github.com/repos/granthenke/clouderaSE/assignees{/user}",
        "branches_url": "https://api.github.com/repos/granthenke/clouderaSE/branches{/branch}",
        "tags_url": "https://api.github.com/repos/granthenke/clouderaSE/tags",
        "blobs_url": "https://api.github.com/repos/granthenke/clouderaSE/git/blobs{/sha}",
        "git_tags_url": "https://api.github.com/repos/granthenke/clouderaSE/git/tags{/sha}",
        "git_refs_url": "https://api.github.com/repos/granthenke/clouderaSE/git/refs{/sha}",
        "trees_url": "https://api.github.com/repos/granthenke/clouderaSE/git/trees{/sha}",
        "statuses_url": "https://api.github.com/repos/granthenke/clouderaSE/statuses/{sha}",
        "languages_url": "https://api.github.com/repos/granthenke/clouderaSE/languages",
        "stargazers_url": "https://api.github.com/repos/granthenke/clouderaSE/stargazers",
        "contributors_url": "https://api.github.com/repos/granthenke/clouderaSE/contributors",
        "subscribers_url": "https://api.github.com/repos/granthenke/clouderaSE/subscribers",
        "subscription_url": "https://api.github.com/repos/granthenke/clouderaSE/subscription",
        "commits_url": "https://api.github.com/repos/granthenke/clouderaSE/commits{/sha}",
        "git_commits_url": "https://api.github.com/repos/granthenke/clouderaSE/git/commits{/sha}",
        "comments_url": "https://api.github.com/repos/granthenke/clouderaSE/comments{/number}",
        "issue_comment_url": "https://api.github.com/repos/granthenke/clouderaSE/issues/comments{/number}",
        "contents_url": "https://api.github.com/repos/granthenke/clouderaSE/contents/{+path}",
        "compare_url": "https://api.github.com/repos/granthenke/clouderaSE/compare/{base}...{head}",
        "merges_url": "https://api.github.com/repos/granthenke/clouderaSE/merges",
        "archive_url": "https://api.github.com/repos/granthenke/clouderaSE/{archive_format}{/ref}",
        "downloads_url": "https://api.github.com/repos/granthenke/clouderaSE/downloads",
        "issues_url": "https://api.github.com/repos/granthenke/clouderaSE/issues{/number}",
        "pulls_url": "https://api.github.com/repos/granthenke/clouderaSE/pulls{/number}",
        "milestones_url": "https://api.github.com/repos/granthenke/clouderaSE/milestones{/number}",
        "notifications_url": "https://api.github.com/repos/granthenke/clouderaSE/notifications{?since,all,participating}",
        "labels_url": "https://api.github.com/repos/granthenke/clouderaSE/labels{/name}",
        "releases_url": "https://api.github.com/repos/granthenke/clouderaSE/releases{/id}",
        "deployments_url": "https://api.github.com/repos/granthenke/clouderaSE/deployments",
        "created_at": "2015-02-15T23:46:08Z",
        "updated_at": "2015-02-16T03:26:37Z",
        "pushed_at": "2015-06-25T18:42:39Z",
        "git_url": "git://github.com/granthenke/clouderaSE.git",
        "ssh_url": "git@github.com:granthenke/clouderaSE.git",
        "clone_url": "https://github.com/granthenke/clouderaSE.git",
        "svn_url": "https://github.com/granthenke/clouderaSE",
        "homepage": "",
        "size": 119,
        "stargazers_count": 0,
        "watchers_count": 0,
        "language": "Python",
        "has_issues": false,
        "has_projects": true,
        "has_downloads": true,
        "has_wiki": true,
        "has_pages": false,
        "forks_count": 0,
        "mirror_url": null,
        "archived": false,
        "disabled": false,
        "open_issues_count": 0,
        "license": null,
        "forks": 0,
        "open_issues": 0,
        "watchers": 0,
        "default_branch": "master"
      }
    },
    "base": {
      "label": "iKevinWorrell:master",
      "ref": "master",
      "sha": "36617bbfeedc05510ea1b3ee935773805574ddc6",
      "user": {
        "login": "iKevinWorrell",
        "id": 4642344,
        "node_id": "MDQ6VXNlcjQ2NDIzNDQ=",
        "avatar_url": "https://avatars0.githubusercontent.com/u/4642344?v=4",
        "gravatar_id": "",
        "url": "https://api.github.com/users/iKevinWorrell",
        "html_url": "https://github.com/iKevinWorrell",
        "followers_url": "https://api.github.com/users/iKevinWorrell/followers",
        "following_url": "https://api.github.com/users/iKevinWorrell/following{/other_user}",
        "gists_url": "https://api.github.com/users/iKevinWorrell/gists{/gist_id}",
        "starred_url": "https://api.github.com/users/iKevinWorrell/starred{/owner}{/repo}",
        "subscriptions_url": "https://api.github.com/users/iKevinWorrell/subscriptions",
        "organizations_url": "https://api.github.com/users/iKevinWorrell/orgs",
        "repos_url": "https://api.github.com/users/iKevinWorrell/repos",
        "events_url": "https://api.github.com/users/iKevinWorrell/events{/privacy}",
        "received_events_url": "https://api.github.com/users/iKevinWorrell/received_events",
        "type": "User",
        "site_admin": false
      },
      "repo": {
        "id": 16652751,
        "node_id": "MDEwOlJlcG9zaXRvcnkxNjY1Mjc1MQ==",
        "name": "clouderaSE",
        "full_name": "iKevinWorrell/clouderaSE",
        "private": false,
        "owner": {
          "login": "iKevinWorrell",
          "id": 4642344,
          "node_id": "MDQ6VXNlcjQ2NDIzNDQ=",
          "avatar_url": "https://avatars0.githubusercontent.com/u/4642344?v=4",
          "gravatar_id": "",
          "url": "https://api.github.com/users/iKevinWorrell",
          "html_url": "https://github.com/iKevinWorrell",
          "followers_url": "https://api.github.com/users/iKevinWorrell/followers",
          "following_url": "https://api.github.com/users/iKevinWorrell/following{/other_user}",
          "gists_url": "https://api.github.com/users/iKevinWorrell/gists{/gist_id}",
          "starred_url": "https://api.github.com/users/iKevinWorrell/starred{/owner}{/repo}",
          "subscriptions_url": "https://api.github.com/users/iKevinWorrell/subscriptions",
          "organizations_url": "https://api.github.com/users/iKevinWorrell/orgs",
          "repos_url": "https://api.github.com/users/iKevinWorrell/repos",
          "events_url": "https://api.github.com/users/iKevinWorrell/events{/privacy}",
          "received_events_url": "https://api.github.com/users/iKevinWorrell/received_events",
          "type": "User",
          "site_admin": false
        },
        "html_url": "https://github.com/iKevinWorrell/clouderaSE",
        "description": null,
        "fork": false,
        "url": "https://api.github.com/repos/iKevinWorrell/clouderaSE",
        "forks_url": "https://api.github.com/repos/iKevinWorrell/clouderaSE/forks",
        "keys_url": "https://api.github.com/repos/iKevinWorrell/clouderaSE/keys{/key_id}",
        "collaborators_url": "https://api.github.com/repos/iKevinWorrell/clouderaSE/collaborators{/collaborator}",
        "teams_url": "https://api.github.com/repos/iKevinWorrell/clouderaSE/teams",
        "hooks_url": "https://api.github.com/repos/iKevinWorrell/clouderaSE/hooks",
        "issue_events_url": "https://api.github.com/repos/iKevinWorrell/clouderaSE/issues/events{/number}",
        "events_url": "https://api.github.com/repos/iKevinWorrell/clouderaSE/events",
        "assignees_url": "https://api.github.com/repos/iKevinWorrell/clouderaSE/assignees{/user}",
        "branches_url": "https://api.github.com/repos/iKevinWorrell/clouderaSE/branches{/branch}",
        "tags_url": "https://api.github.com/repos/iKevinWorrell/clouderaSE/tags",
        "blobs_url": "https://api.github.com/repos/iKevinWorrell/clouderaSE/git/blobs{/sha}",
        "git_tags_url": "https://api.github.com/repos/iKevinWorrell/clouderaSE/git/tags{/sha}",
        "git_refs_url": "https://api.github.com/repos/iKevinWorrell/clouderaSE/git/refs{/sha}",
        "trees_url": "https://api.github.com/repos/iKevinWorrell/clouderaSE/git/trees{/sha}",
        "statuses_url": "https://api.github.com/repos/iKevinWorrell/clouderaSE/statuses/{sha}",
        "languages_url": "https://api.github.com/repos/iKevinWorrell/clouderaSE/languages",
        "stargazers_url": "https://api.github.com/repos/iKevinWorrell/clouderaSE/stargazers",
        "contributors_url": "https://api.github.com/repos/iKevinWorrell/clouderaSE/contributors",
        "subscribers_url": "https://api.github.com/repos/iKevinWorrell/clouderaSE/subscribers",
        "subscription_url": "https://api.github.com/repos/iKevinWorrell/clouderaSE/subscription",
        "commits_url": "https://api.github.com/repos/iKevinWorrell/clouderaSE/commits{/sha}",
        "git_commits_url": "https://api.github.com/repos/iKevinWorrell/clouderaSE/git/commits{/sha}",
        "comments_url": "https://api.github.com/repos/iKevinWorrell/clouderaSE/comments{/number}",
        "issue_comment_url": "https://api.github.com/repos/iKevinWorrell/clouderaSE/issues/comments{/number}",
        "contents_url": "https://api.github.com/repos/iKevinWorrell/clouderaSE/contents/{+path}",
        "compare_url": "https://api.github.com/repos/iKevinWorrell/clouderaSE/compare/{base}...{head}",
        "merges_url": "https://api.github.com/repos/iKevinWorrell/clouderaSE/merges",
        "archive_url": "https://api.github.com/repos/iKevinWorrell/clouderaSE/{archive_format}{/ref}",
        "downloads_url": "https://api.github.com/repos/iKevinWorrell/clouderaSE/downloads",
        "issues_url": "https://api.github.com/repos/iKevinWorrell/clouderaSE/issues{/number}",
        "pulls_url": "https://api.github.com/repos/iKevinWorrell/clouderaSE/pulls{/number}",
        "milestones_url": "https://api.github.com/repos/iKevinWorrell/clouderaSE/milestones{/number}",
        "notifications_url": "https://api.github.com/repos/iKevinWorrell/clouderaSE/notifications{?since,all,participating}",
        "labels_url": "https://api.github.com/repos/iKevinWorrell/clouderaSE/labels{/name}",
        "releases_url": "https://api.github.com/repos/iKevinWorrell/clouderaSE/releases{/id}",
        "deployments_url": "https://api.github.com/repos/iKevinWorrell/clouderaSE/deployments",
        "created_at": "2014-02-08T20:45:13Z",
        "updated_at": "2015-04-30T18:16:29Z",
        "pushed_at": "2015-04-30T18:16:29Z",
        "git_url": "git://github.com/iKevinWorrell/clouderaSE.git",
        "ssh_url": "git@github.com:iKevinWorrell/clouderaSE.git",
        "clone_url": "https://github.com/iKevinWorrell/clouderaSE.git",
        "svn_url": "https://github.com/iKevinWorrell/clouderaSE",
        "homepage": null,
        "size": 174,
        "stargazers_count": 0,
        "watchers_count": 0,
        "language": "Python",
        "has_issues": true,
        "has_projects": true,
        "has_downloads": true,
        "has_wiki": true,
        "has_pages": false,
        "forks_count": 4,
        "mirror_url": null,
        "archived": false,
        "disabled": false,
        "open_issues_count": 0,
        "license": null,
        "forks": 4,
        "open_issues": 0,
        "watchers": 0,
        "default_branch": "master"
      }
    },
    "_links": {
      "self": {
        "href": "https://api.github.com/repos/iKevinWorrell/clouderaSE/pulls/1"
      },
      "html": {
        "href": "https://github.com/iKevinWorrell/clouderaSE/pull/1"
      },
      "issue": {
        "href": "https://api.github.com/repos/iKevinWorrell/clouderaSE/issues/1"
      },
      "comments": {
        "href": "https://api.github.com/repos/iKevinWorrell/clouderaSE/issues/1/comments"
      },
      "review_comments": {
        "href": "https://api.github.com/repos/iKevinWorrell/clouderaSE/pulls/1/comments"
      },
      "review_comment": {
        "href": "https://api.github.com/repos/iKevinWorrell/clouderaSE/pulls/comments{/number}"
      },
      "commits": {
        "href": "https://api.github.com/repos/iKevinWorrell/clouderaSE/pulls/1/commits"
      },
      "statuses": {
        "href": "https://api.github.com/repos/iKevinWorrell/clouderaSE/statuses/5c399b5786c35cae414478aa6fa8e8ee9972439b"
      }
    },
    "author_association": "CONTRIBUTOR"
  }
]
