[
  {
    "url": "https://api.github.com/repos/apache/spark/pulls/14",
    "id": 24184349,
    "node_id": "MDExOlB1bGxSZXF1ZXN0MjQxODQzNDk=",
    "html_url": "https://github.com/nchammas/spark/pull/14",
    "diff_url": "https://github.com/nchammas/spark/pull/14.diff",
    "patch_url": "https://github.com/nchammas/spark/pull/14.patch",
    "issue_url": "https://api.github.com/repos/apache/spark/issues/14",
    "number": 14,
    "state": "closed",
    "locked": false,
    "title": "merge upstream changes",
    "user": {
      "login": "nchammas",
      "id": 1039369,
      "node_id": "MDQ6VXNlcjEwMzkzNjk=",
      "avatar_url": "https://avatars0.githubusercontent.com/u/1039369?v=4",
      "gravatar_id": "",
      "url": "https://api.github.com/users/nchammas",
      "html_url": "https://github.com/nchammas",
      "followers_url": "https://api.github.com/users/nchammas/followers",
      "following_url": "https://api.github.com/users/nchammas/following{/other_user}",
      "gists_url": "https://api.github.com/users/nchammas/gists{/gist_id}",
      "starred_url": "https://api.github.com/users/nchammas/starred{/owner}{/repo}",
      "subscriptions_url": "https://api.github.com/users/nchammas/subscriptions",
      "organizations_url": "https://api.github.com/users/nchammas/orgs",
      "repos_url": "https://api.github.com/users/nchammas/repos",
      "events_url": "https://api.github.com/users/nchammas/events{/privacy}",
      "received_events_url": "https://api.github.com/users/nchammas/received_events",
      "type": "User",
      "site_admin": false
    },
    "body": "",
    "created_at": "2014-11-10T22:49:24Z",
    "updated_at": "2014-11-10T22:49:34Z",
    "closed_at": "2014-11-10T22:49:34Z",
    "merged_at": "2014-11-10T22:49:34Z",
    "merge_commit_sha": "ae9836fdae2808181a884edf321234f1dcf111f7",
    "assignee": null,
    "assignees": [

    ],
    "requested_reviewers": [

    ],
    "requested_teams": [

    ],
    "labels": [

    ],
    "milestone": null,
    "commits_url": "https://api.github.com/repos/apache/spark/pulls/14/commits",
    "review_comments_url": "https://api.github.com/repos/apache/spark/pulls/14/comments",
    "review_comment_url": "https://api.github.com/repos/apache/spark/pulls/comments{/number}",
    "comments_url": "https://api.github.com/repos/apache/spark/issues/14/comments",
    "statuses_url": "https://api.github.com/repos/apache/spark/statuses/b32734e12d5197bad26c080e529edd875604c6fb",
    "head": {
      "label": "apache:master",
      "ref": "master",
      "sha": "b32734e12d5197bad26c080e529edd875604c6fb",
      "user": {
        "login": "apache",
        "id": 47359,
        "node_id": "MDEyOk9yZ2FuaXphdGlvbjQ3MzU5",
        "avatar_url": "https://avatars0.githubusercontent.com/u/47359?v=4",
        "gravatar_id": "",
        "url": "https://api.github.com/users/apache",
        "html_url": "https://github.com/apache",
        "followers_url": "https://api.github.com/users/apache/followers",
        "following_url": "https://api.github.com/users/apache/following{/other_user}",
        "gists_url": "https://api.github.com/users/apache/gists{/gist_id}",
        "starred_url": "https://api.github.com/users/apache/starred{/owner}{/repo}",
        "subscriptions_url": "https://api.github.com/users/apache/subscriptions",
        "organizations_url": "https://api.github.com/users/apache/orgs",
        "repos_url": "https://api.github.com/users/apache/repos",
        "events_url": "https://api.github.com/users/apache/events{/privacy}",
        "received_events_url": "https://api.github.com/users/apache/received_events",
        "type": "Organization",
        "site_admin": false
      },
      "repo": {
        "id": 17165658,
        "node_id": "MDEwOlJlcG9zaXRvcnkxNzE2NTY1OA==",
        "name": "spark",
        "full_name": "apache/spark",
        "private": false,
        "owner": {
          "login": "apache",
          "id": 47359,
          "node_id": "MDEyOk9yZ2FuaXphdGlvbjQ3MzU5",
          "avatar_url": "https://avatars0.githubusercontent.com/u/47359?v=4",
          "gravatar_id": "",
          "url": "https://api.github.com/users/apache",
          "html_url": "https://github.com/apache",
          "followers_url": "https://api.github.com/users/apache/followers",
          "following_url": "https://api.github.com/users/apache/following{/other_user}",
          "gists_url": "https://api.github.com/users/apache/gists{/gist_id}",
          "starred_url": "https://api.github.com/users/apache/starred{/owner}{/repo}",
          "subscriptions_url": "https://api.github.com/users/apache/subscriptions",
          "organizations_url": "https://api.github.com/users/apache/orgs",
          "repos_url": "https://api.github.com/users/apache/repos",
          "events_url": "https://api.github.com/users/apache/events{/privacy}",
          "received_events_url": "https://api.github.com/users/apache/received_events",
          "type": "Organization",
          "site_admin": false
        },
        "html_url": "https://github.com/apache/spark",
        "description": "Apache Spark",
        "fork": false,
        "url": "https://api.github.com/repos/apache/spark",
        "forks_url": "https://api.github.com/repos/apache/spark/forks",
        "keys_url": "https://api.github.com/repos/apache/spark/keys{/key_id}",
        "collaborators_url": "https://api.github.com/repos/apache/spark/collaborators{/collaborator}",
        "teams_url": "https://api.github.com/repos/apache/spark/teams",
        "hooks_url": "https://api.github.com/repos/apache/spark/hooks",
        "issue_events_url": "https://api.github.com/repos/apache/spark/issues/events{/number}",
        "events_url": "https://api.github.com/repos/apache/spark/events",
        "assignees_url": "https://api.github.com/repos/apache/spark/assignees{/user}",
        "branches_url": "https://api.github.com/repos/apache/spark/branches{/branch}",
        "tags_url": "https://api.github.com/repos/apache/spark/tags",
        "blobs_url": "https://api.github.com/repos/apache/spark/git/blobs{/sha}",
        "git_tags_url": "https://api.github.com/repos/apache/spark/git/tags{/sha}",
        "git_refs_url": "https://api.github.com/repos/apache/spark/git/refs{/sha}",
        "trees_url": "https://api.github.com/repos/apache/spark/git/trees{/sha}",
        "statuses_url": "https://api.github.com/repos/apache/spark/statuses/{sha}",
        "languages_url": "https://api.github.com/repos/apache/spark/languages",
        "stargazers_url": "https://api.github.com/repos/apache/spark/stargazers",
        "contributors_url": "https://api.github.com/repos/apache/spark/contributors",
        "subscribers_url": "https://api.github.com/repos/apache/spark/subscribers",
        "subscription_url": "https://api.github.com/repos/apache/spark/subscription",
        "commits_url": "https://api.github.com/repos/apache/spark/commits{/sha}",
        "git_commits_url": "https://api.github.com/repos/apache/spark/git/commits{/sha}",
        "comments_url": "https://api.github.com/repos/apache/spark/comments{/number}",
        "issue_comment_url": "https://api.github.com/repos/apache/spark/issues/comments{/number}",
        "contents_url": "https://api.github.com/repos/apache/spark/contents/{+path}",
        "compare_url": "https://api.github.com/repos/apache/spark/compare/{base}...{head}",
        "merges_url": "https://api.github.com/repos/apache/spark/merges",
        "archive_url": "https://api.github.com/repos/apache/spark/{archive_format}{/ref}",
        "downloads_url": "https://api.github.com/repos/apache/spark/downloads",
        "issues_url": "https://api.github.com/repos/apache/spark/issues{/number}",
        "pulls_url": "https://api.github.com/repos/apache/spark/pulls{/number}",
        "milestones_url": "https://api.github.com/repos/apache/spark/milestones{/number}",
        "notifications_url": "https://api.github.com/repos/apache/spark/notifications{?since,all,participating}",
        "labels_url": "https://api.github.com/repos/apache/spark/labels{/name}",
        "releases_url": "https://api.github.com/repos/apache/spark/releases{/id}",
        "deployments_url": "https://api.github.com/repos/apache/spark/deployments",
        "created_at": "2014-02-25T08:00:08Z",
        "updated_at": "2019-09-11T01:45:14Z",
        "pushed_at": "2019-09-11T01:27:32Z",
        "git_url": "git://github.com/apache/spark.git",
        "ssh_url": "git@github.com:apache/spark.git",
        "clone_url": "https://github.com/apache/spark.git",
        "svn_url": "https://github.com/apache/spark",
        "homepage": "",
        "size": 310510,
        "stargazers_count": 23342,
        "watchers_count": 23342,
        "language": "Scala",
        "has_issues": false,
        "has_projects": true,
        "has_downloads": true,
        "has_wiki": false,
        "has_pages": false,
        "forks_count": 19988,
        "mirror_url": null,
        "archived": false,
        "disabled": false,
        "open_issues_count": 519,
        "license": {
          "key": "apache-2.0",
          "name": "Apache License 2.0",
          "spdx_id": "Apache-2.0",
          "url": "https://api.github.com/licenses/apache-2.0",
          "node_id": "MDc6TGljZW5zZTI="
        },
        "forks": 19988,
        "open_issues": 519,
        "watchers": 23342,
        "default_branch": "master"
      }
    },
    "base": {
      "label": "nchammas:master",
      "ref": "master",
      "sha": "25fd10b3ea6f0ae1d52412f644f120d542717816",
      "user": {
        "login": "nchammas",
        "id": 1039369,
        "node_id": "MDQ6VXNlcjEwMzkzNjk=",
        "avatar_url": "https://avatars0.githubusercontent.com/u/1039369?v=4",
        "gravatar_id": "",
        "url": "https://api.github.com/users/nchammas",
        "html_url": "https://github.com/nchammas",
        "followers_url": "https://api.github.com/users/nchammas/followers",
        "following_url": "https://api.github.com/users/nchammas/following{/other_user}",
        "gists_url": "https://api.github.com/users/nchammas/gists{/gist_id}",
        "starred_url": "https://api.github.com/users/nchammas/starred{/owner}{/repo}",
        "subscriptions_url": "https://api.github.com/users/nchammas/subscriptions",
        "organizations_url": "https://api.github.com/users/nchammas/orgs",
        "repos_url": "https://api.github.com/users/nchammas/repos",
        "events_url": "https://api.github.com/users/nchammas/events{/privacy}",
        "received_events_url": "https://api.github.com/users/nchammas/received_events",
        "type": "User",
        "site_admin": false
      },
      "repo": {
        "id": 23797421,
        "node_id": "MDEwOlJlcG9zaXRvcnkyMzc5NzQyMQ==",
        "name": "spark",
        "full_name": "nchammas/spark",
        "private": false,
        "owner": {
          "login": "nchammas",
          "id": 1039369,
          "node_id": "MDQ6VXNlcjEwMzkzNjk=",
          "avatar_url": "https://avatars0.githubusercontent.com/u/1039369?v=4",
          "gravatar_id": "",
          "url": "https://api.github.com/users/nchammas",
          "html_url": "https://github.com/nchammas",
          "followers_url": "https://api.github.com/users/nchammas/followers",
          "following_url": "https://api.github.com/users/nchammas/following{/other_user}",
          "gists_url": "https://api.github.com/users/nchammas/gists{/gist_id}",
          "starred_url": "https://api.github.com/users/nchammas/starred{/owner}{/repo}",
          "subscriptions_url": "https://api.github.com/users/nchammas/subscriptions",
          "organizations_url": "https://api.github.com/users/nchammas/orgs",
          "repos_url": "https://api.github.com/users/nchammas/repos",
          "events_url": "https://api.github.com/users/nchammas/events{/privacy}",
          "received_events_url": "https://api.github.com/users/nchammas/received_events",
          "type": "User",
          "site_admin": false
        },
        "html_url": "https://github.com/nchammas/spark",
        "description": "Mirror of Apache Spark",
        "fork": true,
        "url": "https://api.github.com/repos/nchammas/spark",
        "forks_url": "https://api.github.com/repos/nchammas/spark/forks",
        "keys_url": "https://api.github.com/repos/nchammas/spark/keys{/key_id}",
        "collaborators_url": "https://api.github.com/repos/nchammas/spark/collaborators{/collaborator}",
        "teams_url": "https://api.github.com/repos/nchammas/spark/teams",
        "hooks_url": "https://api.github.com/repos/nchammas/spark/hooks",
        "issue_events_url": "https://api.github.com/repos/nchammas/spark/issues/events{/number}",
        "events_url": "https://api.github.com/repos/nchammas/spark/events",
        "assignees_url": "https://api.github.com/repos/nchammas/spark/assignees{/user}",
        "branches_url": "https://api.github.com/repos/nchammas/spark/branches{/branch}",
        "tags_url": "https://api.github.com/repos/nchammas/spark/tags",
        "blobs_url": "https://api.github.com/repos/nchammas/spark/git/blobs{/sha}",
        "git_tags_url": "https://api.github.com/repos/nchammas/spark/git/tags{/sha}",
        "git_refs_url": "https://api.github.com/repos/nchammas/spark/git/refs{/sha}",
        "trees_url": "https://api.github.com/repos/nchammas/spark/git/trees{/sha}",
        "statuses_url": "https://api.github.com/repos/nchammas/spark/statuses/{sha}",
        "languages_url": "https://api.github.com/repos/nchammas/spark/languages",
        "stargazers_url": "https://api.github.com/repos/nchammas/spark/stargazers",
        "contributors_url": "https://api.github.com/repos/nchammas/spark/contributors",
        "subscribers_url": "https://api.github.com/repos/nchammas/spark/subscribers",
        "subscription_url": "https://api.github.com/repos/nchammas/spark/subscription",
        "commits_url": "https://api.github.com/repos/nchammas/spark/commits{/sha}",
        "git_commits_url": "https://api.github.com/repos/nchammas/spark/git/commits{/sha}",
        "comments_url": "https://api.github.com/repos/nchammas/spark/comments{/number}",
        "issue_comment_url": "https://api.github.com/repos/nchammas/spark/issues/comments{/number}",
        "contents_url": "https://api.github.com/repos/nchammas/spark/contents/{+path}",
        "compare_url": "https://api.github.com/repos/nchammas/spark/compare/{base}...{head}",
        "merges_url": "https://api.github.com/repos/nchammas/spark/merges",
        "archive_url": "https://api.github.com/repos/nchammas/spark/{archive_format}{/ref}",
        "downloads_url": "https://api.github.com/repos/nchammas/spark/downloads",
        "issues_url": "https://api.github.com/repos/nchammas/spark/issues{/number}",
        "pulls_url": "https://api.github.com/repos/nchammas/spark/pulls{/number}",
        "milestones_url": "https://api.github.com/repos/nchammas/spark/milestones{/number}",
        "notifications_url": "https://api.github.com/repos/nchammas/spark/notifications{?since,all,participating}",
        "labels_url": "https://api.github.com/repos/nchammas/spark/labels{/name}",
        "releases_url": "https://api.github.com/repos/nchammas/spark/releases{/id}",
        "deployments_url": "https://api.github.com/repos/nchammas/spark/deployments",
        "created_at": "2014-09-08T15:54:13Z",
        "updated_at": "2019-08-02T23:00:14Z",
        "pushed_at": "2019-08-02T22:59:27Z",
        "git_url": "git://github.com/nchammas/spark.git",
        "ssh_url": "git@github.com:nchammas/spark.git",
        "clone_url": "https://github.com/nchammas/spark.git",
        "svn_url": "https://github.com/nchammas/spark",
        "homepage": null,
        "size": 275524,
        "stargazers_count": 0,
        "watchers_count": 0,
        "language": "Scala",
        "has_issues": false,
        "has_projects": true,
        "has_downloads": true,
        "has_wiki": false,
        "has_pages": false,
        "forks_count": 0,
        "mirror_url": null,
        "archived": false,
        "disabled": false,
        "open_issues_count": 0,
        "license": {
          "key": "apache-2.0",
          "name": "Apache License 2.0",
          "spdx_id": "Apache-2.0",
          "url": "https://api.github.com/licenses/apache-2.0",
          "node_id": "MDc6TGljZW5zZTI="
        },
        "forks": 0,
        "open_issues": 0,
        "watchers": 0,
        "default_branch": "master"
      }
    },
    "_links": {
      "self": {
        "href": "https://api.github.com/repos/apache/spark/pulls/14"
      },
      "html": {
        "href": "https://github.com/nchammas/spark/pull/14"
      },
      "issue": {
        "href": "https://api.github.com/repos/apache/spark/issues/14"
      },
      "comments": {
        "href": "https://api.github.com/repos/apache/spark/issues/14/comments"
      },
      "review_comments": {
        "href": "https://api.github.com/repos/apache/spark/pulls/14/comments"
      },
      "review_comment": {
        "href": "https://api.github.com/repos/apache/spark/pulls/comments{/number}"
      },
      "commits": {
        "href": "https://api.github.com/repos/apache/spark/pulls/14/commits"
      },
      "statuses": {
        "href": "https://api.github.com/repos/apache/spark/statuses/b32734e12d5197bad26c080e529edd875604c6fb"
      }
    },
    "author_association": "OWNER"
  }
]
