[
  {
    "url": "https://api.github.com/repos/apache/carbondata/pulls/1",
    "id": 162889639,
    "node_id": "MDExOlB1bGxSZXF1ZXN0MTYyODg5NjM5",
    "html_url": "https://github.com/mingmwang/carbondata/pull/1",
    "diff_url": "https://github.com/mingmwang/carbondata/pull/1.diff",
    "patch_url": "https://github.com/mingmwang/carbondata/pull/1.patch",
    "issue_url": "https://api.github.com/repos/apache/carbondata/issues/1",
    "number": 1,
    "state": "closed",
    "locked": false,
    "title": "pull and merge",
    "user": {
      "login": "mingmwang",
      "id": 10591925,
      "node_id": "MDQ6VXNlcjEwNTkxOTI1",
      "avatar_url": "https://avatars2.githubusercontent.com/u/10591925?v=4",
      "gravatar_id": "",
      "url": "https://api.github.com/users/mingmwang",
      "html_url": "https://github.com/mingmwang",
      "followers_url": "https://api.github.com/users/mingmwang/followers",
      "following_url": "https://api.github.com/users/mingmwang/following{/other_user}",
      "gists_url": "https://api.github.com/users/mingmwang/gists{/gist_id}",
      "starred_url": "https://api.github.com/users/mingmwang/starred{/owner}{/repo}",
      "subscriptions_url": "https://api.github.com/users/mingmwang/subscriptions",
      "organizations_url": "https://api.github.com/users/mingmwang/orgs",
      "repos_url": "https://api.github.com/users/mingmwang/repos",
      "events_url": "https://api.github.com/users/mingmwang/events{/privacy}",
      "received_events_url": "https://api.github.com/users/mingmwang/received_events",
      "type": "User",
      "site_admin": false
    },
    "body": "Be sure to do all of the following to help us incorporate your contribution\r\nquickly and easily:\r\n\r\n - [ ] Make sure the PR title is formatted like:\r\n   `[CARBONDATA-<Jira issue #>] Description of pull request`\r\n - [ ] Make sure tests pass via `mvn clean verify`. (Even better, enable\r\n       Travis-CI on your fork and ensure the whole test matrix passes).\r\n - [ ] Replace `<Jira issue #>` in the title with the actual Jira issue\r\n       number, if there is one.\r\n - [ ] If this contribution is large, please file an Apache\r\n       [Individual Contributor License Agreement](https://www.apache.org/licenses/icla.txt).\r\n - [ ] Testing done\r\n \r\n        Please provide details on \r\n        - Whether new unit test cases have been added or why no new tests are required?\r\n        - What manual testing you have done?\r\n        - Any additional information to help reviewers in testing this change.\r\n         \r\n - [ ] For large changes, please consider breaking it into sub-tasks under an umbrella JIRA. \r\n                 \r\n---\r\n",
    "created_at": "2018-01-15T08:08:24Z",
    "updated_at": "2018-01-15T08:08:51Z",
    "closed_at": "2018-01-15T08:08:51Z",
    "merged_at": "2018-01-15T08:08:51Z",
    "merge_commit_sha": "bdd4b7c2fc1112122b31cd04dd203f5f45afb1bc",
    "assignee": null,
    "assignees": [

    ],
    "requested_reviewers": [

    ],
    "requested_teams": [

    ],
    "labels": [

    ],
    "milestone": null,
    "commits_url": "https://api.github.com/repos/apache/carbondata/pulls/1/commits",
    "review_comments_url": "https://api.github.com/repos/apache/carbondata/pulls/1/comments",
    "review_comment_url": "https://api.github.com/repos/apache/carbondata/pulls/comments{/number}",
    "comments_url": "https://api.github.com/repos/apache/carbondata/issues/1/comments",
    "statuses_url": "https://api.github.com/repos/apache/carbondata/statuses/fc81d831cdc608435104d27eb2c39a57f66c80ed",
    "head": {
      "label": "apache:master",
      "ref": "master",
      "sha": "fc81d831cdc608435104d27eb2c39a57f66c80ed",
      "user": {
        "login": "apache",
        "id": 47359,
        "node_id": "MDEyOk9yZ2FuaXphdGlvbjQ3MzU5",
        "avatar_url": "https://avatars0.githubusercontent.com/u/47359?v=4",
        "gravatar_id": "",
        "url": "https://api.github.com/users/apache",
        "html_url": "https://github.com/apache",
        "followers_url": "https://api.github.com/users/apache/followers",
        "following_url": "https://api.github.com/users/apache/following{/other_user}",
        "gists_url": "https://api.github.com/users/apache/gists{/gist_id}",
        "starred_url": "https://api.github.com/users/apache/starred{/owner}{/repo}",
        "subscriptions_url": "https://api.github.com/users/apache/subscriptions",
        "organizations_url": "https://api.github.com/users/apache/orgs",
        "repos_url": "https://api.github.com/users/apache/repos",
        "events_url": "https://api.github.com/users/apache/events{/privacy}",
        "received_events_url": "https://api.github.com/users/apache/received_events",
        "type": "Organization",
        "site_admin": false
      },
      "repo": {
        "id": 62117818,
        "node_id": "MDEwOlJlcG9zaXRvcnk2MjExNzgxOA==",
        "name": "carbondata",
        "full_name": "apache/carbondata",
        "private": false,
        "owner": {
          "login": "apache",
          "id": 47359,
          "node_id": "MDEyOk9yZ2FuaXphdGlvbjQ3MzU5",
          "avatar_url": "https://avatars0.githubusercontent.com/u/47359?v=4",
          "gravatar_id": "",
          "url": "https://api.github.com/users/apache",
          "html_url": "https://github.com/apache",
          "followers_url": "https://api.github.com/users/apache/followers",
          "following_url": "https://api.github.com/users/apache/following{/other_user}",
          "gists_url": "https://api.github.com/users/apache/gists{/gist_id}",
          "starred_url": "https://api.github.com/users/apache/starred{/owner}{/repo}",
          "subscriptions_url": "https://api.github.com/users/apache/subscriptions",
          "organizations_url": "https://api.github.com/users/apache/orgs",
          "repos_url": "https://api.github.com/users/apache/repos",
          "events_url": "https://api.github.com/users/apache/events{/privacy}",
          "received_events_url": "https://api.github.com/users/apache/received_events",
          "type": "Organization",
          "site_admin": false
        },
        "html_url": "https://github.com/apache/carbondata",
        "description": "Mirror of Apache CarbonData",
        "fork": false,
        "url": "https://api.github.com/repos/apache/carbondata",
        "forks_url": "https://api.github.com/repos/apache/carbondata/forks",
        "keys_url": "https://api.github.com/repos/apache/carbondata/keys{/key_id}",
        "collaborators_url": "https://api.github.com/repos/apache/carbondata/collaborators{/collaborator}",
        "teams_url": "https://api.github.com/repos/apache/carbondata/teams",
        "hooks_url": "https://api.github.com/repos/apache/carbondata/hooks",
        "issue_events_url": "https://api.github.com/repos/apache/carbondata/issues/events{/number}",
        "events_url": "https://api.github.com/repos/apache/carbondata/events",
        "assignees_url": "https://api.github.com/repos/apache/carbondata/assignees{/user}",
        "branches_url": "https://api.github.com/repos/apache/carbondata/branches{/branch}",
        "tags_url": "https://api.github.com/repos/apache/carbondata/tags",
        "blobs_url": "https://api.github.com/repos/apache/carbondata/git/blobs{/sha}",
        "git_tags_url": "https://api.github.com/repos/apache/carbondata/git/tags{/sha}",
        "git_refs_url": "https://api.github.com/repos/apache/carbondata/git/refs{/sha}",
        "trees_url": "https://api.github.com/repos/apache/carbondata/git/trees{/sha}",
        "statuses_url": "https://api.github.com/repos/apache/carbondata/statuses/{sha}",
        "languages_url": "https://api.github.com/repos/apache/carbondata/languages",
        "stargazers_url": "https://api.github.com/repos/apache/carbondata/stargazers",
        "contributors_url": "https://api.github.com/repos/apache/carbondata/contributors",
        "subscribers_url": "https://api.github.com/repos/apache/carbondata/subscribers",
        "subscription_url": "https://api.github.com/repos/apache/carbondata/subscription",
        "commits_url": "https://api.github.com/repos/apache/carbondata/commits{/sha}",
        "git_commits_url": "https://api.github.com/repos/apache/carbondata/git/commits{/sha}",
        "comments_url": "https://api.github.com/repos/apache/carbondata/comments{/number}",
        "issue_comment_url": "https://api.github.com/repos/apache/carbondata/issues/comments{/number}",
        "contents_url": "https://api.github.com/repos/apache/carbondata/contents/{+path}",
        "compare_url": "https://api.github.com/repos/apache/carbondata/compare/{base}...{head}",
        "merges_url": "https://api.github.com/repos/apache/carbondata/merges",
        "archive_url": "https://api.github.com/repos/apache/carbondata/{archive_format}{/ref}",
        "downloads_url": "https://api.github.com/repos/apache/carbondata/downloads",
        "issues_url": "https://api.github.com/repos/apache/carbondata/issues{/number}",
        "pulls_url": "https://api.github.com/repos/apache/carbondata/pulls{/number}",
        "milestones_url": "https://api.github.com/repos/apache/carbondata/milestones{/number}",
        "notifications_url": "https://api.github.com/repos/apache/carbondata/notifications{?since,all,participating}",
        "labels_url": "https://api.github.com/repos/apache/carbondata/labels{/name}",
        "releases_url": "https://api.github.com/repos/apache/carbondata/releases{/id}",
        "deployments_url": "https://api.github.com/repos/apache/carbondata/deployments",
        "created_at": "2016-06-28T07:00:06Z",
        "updated_at": "2019-09-10T02:17:32Z",
        "pushed_at": "2019-09-10T14:49:31Z",
        "git_url": "git://github.com/apache/carbondata.git",
        "ssh_url": "git@github.com:apache/carbondata.git",
        "clone_url": "https://github.com/apache/carbondata.git",
        "svn_url": "https://github.com/apache/carbondata",
        "homepage": "",
        "size": 69965,
        "stargazers_count": 940,
        "watchers_count": 940,
        "language": "Scala",
        "has_issues": false,
        "has_projects": true,
        "has_downloads": true,
        "has_wiki": false,
        "has_pages": false,
        "forks_count": 560,
        "mirror_url": null,
        "archived": false,
        "disabled": false,
        "open_issues_count": 130,
        "license": {
          "key": "apache-2.0",
          "name": "Apache License 2.0",
          "spdx_id": "Apache-2.0",
          "url": "https://api.github.com/licenses/apache-2.0",
          "node_id": "MDc6TGljZW5zZTI="
        },
        "forks": 560,
        "open_issues": 130,
        "watchers": 940,
        "default_branch": "master"
      }
    },
    "base": {
      "label": "mingmwang:master",
      "ref": "master",
      "sha": "8b83f5885daabff5eb1b38a146100d5f6123aa5a",
      "user": {
        "login": "mingmwang",
        "id": 10591925,
        "node_id": "MDQ6VXNlcjEwNTkxOTI1",
        "avatar_url": "https://avatars2.githubusercontent.com/u/10591925?v=4",
        "gravatar_id": "",
        "url": "https://api.github.com/users/mingmwang",
        "html_url": "https://github.com/mingmwang",
        "followers_url": "https://api.github.com/users/mingmwang/followers",
        "following_url": "https://api.github.com/users/mingmwang/following{/other_user}",
        "gists_url": "https://api.github.com/users/mingmwang/gists{/gist_id}",
        "starred_url": "https://api.github.com/users/mingmwang/starred{/owner}{/repo}",
        "subscriptions_url": "https://api.github.com/users/mingmwang/subscriptions",
        "organizations_url": "https://api.github.com/users/mingmwang/orgs",
        "repos_url": "https://api.github.com/users/mingmwang/repos",
        "events_url": "https://api.github.com/users/mingmwang/events{/privacy}",
        "received_events_url": "https://api.github.com/users/mingmwang/received_events",
        "type": "User",
        "site_admin": false
      },
      "repo": {
        "id": 103953154,
        "node_id": "MDEwOlJlcG9zaXRvcnkxMDM5NTMxNTQ=",
        "name": "carbondata",
        "full_name": "mingmwang/carbondata",
        "private": false,
        "owner": {
          "login": "mingmwang",
          "id": 10591925,
          "node_id": "MDQ6VXNlcjEwNTkxOTI1",
          "avatar_url": "https://avatars2.githubusercontent.com/u/10591925?v=4",
          "gravatar_id": "",
          "url": "https://api.github.com/users/mingmwang",
          "html_url": "https://github.com/mingmwang",
          "followers_url": "https://api.github.com/users/mingmwang/followers",
          "following_url": "https://api.github.com/users/mingmwang/following{/other_user}",
          "gists_url": "https://api.github.com/users/mingmwang/gists{/gist_id}",
          "starred_url": "https://api.github.com/users/mingmwang/starred{/owner}{/repo}",
          "subscriptions_url": "https://api.github.com/users/mingmwang/subscriptions",
          "organizations_url": "https://api.github.com/users/mingmwang/orgs",
          "repos_url": "https://api.github.com/users/mingmwang/repos",
          "events_url": "https://api.github.com/users/mingmwang/events{/privacy}",
          "received_events_url": "https://api.github.com/users/mingmwang/received_events",
          "type": "User",
          "site_admin": false
        },
        "html_url": "https://github.com/mingmwang/carbondata",
        "description": "Mirror of Apache CarbonData",
        "fork": true,
        "url": "https://api.github.com/repos/mingmwang/carbondata",
        "forks_url": "https://api.github.com/repos/mingmwang/carbondata/forks",
        "keys_url": "https://api.github.com/repos/mingmwang/carbondata/keys{/key_id}",
        "collaborators_url": "https://api.github.com/repos/mingmwang/carbondata/collaborators{/collaborator}",
        "teams_url": "https://api.github.com/repos/mingmwang/carbondata/teams",
        "hooks_url": "https://api.github.com/repos/mingmwang/carbondata/hooks",
        "issue_events_url": "https://api.github.com/repos/mingmwang/carbondata/issues/events{/number}",
        "events_url": "https://api.github.com/repos/mingmwang/carbondata/events",
        "assignees_url": "https://api.github.com/repos/mingmwang/carbondata/assignees{/user}",
        "branches_url": "https://api.github.com/repos/mingmwang/carbondata/branches{/branch}",
        "tags_url": "https://api.github.com/repos/mingmwang/carbondata/tags",
        "blobs_url": "https://api.github.com/repos/mingmwang/carbondata/git/blobs{/sha}",
        "git_tags_url": "https://api.github.com/repos/mingmwang/carbondata/git/tags{/sha}",
        "git_refs_url": "https://api.github.com/repos/mingmwang/carbondata/git/refs{/sha}",
        "trees_url": "https://api.github.com/repos/mingmwang/carbondata/git/trees{/sha}",
        "statuses_url": "https://api.github.com/repos/mingmwang/carbondata/statuses/{sha}",
        "languages_url": "https://api.github.com/repos/mingmwang/carbondata/languages",
        "stargazers_url": "https://api.github.com/repos/mingmwang/carbondata/stargazers",
        "contributors_url": "https://api.github.com/repos/mingmwang/carbondata/contributors",
        "subscribers_url": "https://api.github.com/repos/mingmwang/carbondata/subscribers",
        "subscription_url": "https://api.github.com/repos/mingmwang/carbondata/subscription",
        "commits_url": "https://api.github.com/repos/mingmwang/carbondata/commits{/sha}",
        "git_commits_url": "https://api.github.com/repos/mingmwang/carbondata/git/commits{/sha}",
        "comments_url": "https://api.github.com/repos/mingmwang/carbondata/comments{/number}",
        "issue_comment_url": "https://api.github.com/repos/mingmwang/carbondata/issues/comments{/number}",
        "contents_url": "https://api.github.com/repos/mingmwang/carbondata/contents/{+path}",
        "compare_url": "https://api.github.com/repos/mingmwang/carbondata/compare/{base}...{head}",
        "merges_url": "https://api.github.com/repos/mingmwang/carbondata/merges",
        "archive_url": "https://api.github.com/repos/mingmwang/carbondata/{archive_format}{/ref}",
        "downloads_url": "https://api.github.com/repos/mingmwang/carbondata/downloads",
        "issues_url": "https://api.github.com/repos/mingmwang/carbondata/issues{/number}",
        "pulls_url": "https://api.github.com/repos/mingmwang/carbondata/pulls{/number}",
        "milestones_url": "https://api.github.com/repos/mingmwang/carbondata/milestones{/number}",
        "notifications_url": "https://api.github.com/repos/mingmwang/carbondata/notifications{?since,all,participating}",
        "labels_url": "https://api.github.com/repos/mingmwang/carbondata/labels{/name}",
        "releases_url": "https://api.github.com/repos/mingmwang/carbondata/releases{/id}",
        "deployments_url": "https://api.github.com/repos/mingmwang/carbondata/deployments",
        "created_at": "2017-09-18T14:56:53Z",
        "updated_at": "2017-09-18T14:56:59Z",
        "pushed_at": "2018-01-15T08:08:51Z",
        "git_url": "git://github.com/mingmwang/carbondata.git",
        "ssh_url": "git@github.com:mingmwang/carbondata.git",
        "clone_url": "https://github.com/mingmwang/carbondata.git",
        "svn_url": "https://github.com/mingmwang/carbondata",
        "homepage": "",
        "size": 53051,
        "stargazers_count": 0,
        "watchers_count": 0,
        "language": "Scala",
        "has_issues": false,
        "has_projects": true,
        "has_downloads": true,
        "has_wiki": false,
        "has_pages": false,
        "forks_count": 0,
        "mirror_url": null,
        "archived": false,
        "disabled": false,
        "open_issues_count": 0,
        "license": {
          "key": "apache-2.0",
          "name": "Apache License 2.0",
          "spdx_id": "Apache-2.0",
          "url": "https://api.github.com/licenses/apache-2.0",
          "node_id": "MDc6TGljZW5zZTI="
        },
        "forks": 0,
        "open_issues": 0,
        "watchers": 0,
        "default_branch": "master"
      }
    },
    "_links": {
      "self": {
        "href": "https://api.github.com/repos/apache/carbondata/pulls/1"
      },
      "html": {
        "href": "https://github.com/mingmwang/carbondata/pull/1"
      },
      "issue": {
        "href": "https://api.github.com/repos/apache/carbondata/issues/1"
      },
      "comments": {
        "href": "https://api.github.com/repos/apache/carbondata/issues/1/comments"
      },
      "review_comments": {
        "href": "https://api.github.com/repos/apache/carbondata/pulls/1/comments"
      },
      "review_comment": {
        "href": "https://api.github.com/repos/apache/carbondata/pulls/comments{/number}"
      },
      "commits": {
        "href": "https://api.github.com/repos/apache/carbondata/pulls/1/commits"
      },
      "statuses": {
        "href": "https://api.github.com/repos/apache/carbondata/statuses/fc81d831cdc608435104d27eb2c39a57f66c80ed"
      }
    },
    "author_association": "OWNER"
  }
]
