[
  {
    "url": "https://api.github.com/repos/bcit-ci/CodeIgniter/pulls/3104",
    "id": 17094127,
    "node_id": "MDExOlB1bGxSZXF1ZXN0MTcwOTQxMjc=",
    "html_url": "https://github.com/bcit-ci/CodeIgniter/pull/3104",
    "diff_url": "https://github.com/bcit-ci/CodeIgniter/pull/3104.diff",
    "patch_url": "https://github.com/bcit-ci/CodeIgniter/pull/3104.patch",
    "issue_url": "https://api.github.com/repos/bcit-ci/CodeIgniter/issues/3104",
    "number": 3104,
    "state": "closed",
    "locked": false,
    "title": "Make num_links=0 in pagination library possible to configure",
    "user": {
      "login": "takayuky",
      "id": 2928538,
      "node_id": "MDQ6VXNlcjI5Mjg1Mzg=",
      "avatar_url": "https://avatars3.githubusercontent.com/u/2928538?v=4",
      "gravatar_id": "",
      "url": "https://api.github.com/users/takayuky",
      "html_url": "https://github.com/takayuky",
      "followers_url": "https://api.github.com/users/takayuky/followers",
      "following_url": "https://api.github.com/users/takayuky/following{/other_user}",
      "gists_url": "https://api.github.com/users/takayuky/gists{/gist_id}",
      "starred_url": "https://api.github.com/users/takayuky/starred{/owner}{/repo}",
      "subscriptions_url": "https://api.github.com/users/takayuky/subscriptions",
      "organizations_url": "https://api.github.com/users/takayuky/orgs",
      "repos_url": "https://api.github.com/users/takayuky/repos",
      "events_url": "https://api.github.com/users/takayuky/events{/privacy}",
      "received_events_url": "https://api.github.com/users/takayuky/received_events",
      "type": "User",
      "site_admin": false
    },
    "body": "In pagination library, num_links = 0 wasn't supported so far.\nSo I modified system/libraries/Pagination.php and made num_links = 0 configuration available.\n",
    "created_at": "2014-06-13T05:58:51Z",
    "updated_at": "2014-06-13T11:17:15Z",
    "closed_at": "2014-06-13T11:17:15Z",
    "merged_at": "2014-06-13T11:17:15Z",
    "merge_commit_sha": "4b7db4dfdc1081abc84b597c661b2f5da1c9e23f",
    "assignee": null,
    "assignees": [

    ],
    "requested_reviewers": [

    ],
    "requested_teams": [

    ],
    "labels": [

    ],
    "milestone": null,
    "commits_url": "https://api.github.com/repos/bcit-ci/CodeIgniter/pulls/3104/commits",
    "review_comments_url": "https://api.github.com/repos/bcit-ci/CodeIgniter/pulls/3104/comments",
    "review_comment_url": "https://api.github.com/repos/bcit-ci/CodeIgniter/pulls/comments{/number}",
    "comments_url": "https://api.github.com/repos/bcit-ci/CodeIgniter/issues/3104/comments",
    "statuses_url": "https://api.github.com/repos/bcit-ci/CodeIgniter/statuses/8ed90fa219df5f37b32dc2b5bbd96da98cdd0b5c",
    "head": {
      "label": "takayuky:develop",
      "ref": "develop",
      "sha": "8ed90fa219df5f37b32dc2b5bbd96da98cdd0b5c",
      "user": {
        "login": "takayuky",
        "id": 2928538,
        "node_id": "MDQ6VXNlcjI5Mjg1Mzg=",
        "avatar_url": "https://avatars3.githubusercontent.com/u/2928538?v=4",
        "gravatar_id": "",
        "url": "https://api.github.com/users/takayuky",
        "html_url": "https://github.com/takayuky",
        "followers_url": "https://api.github.com/users/takayuky/followers",
        "following_url": "https://api.github.com/users/takayuky/following{/other_user}",
        "gists_url": "https://api.github.com/users/takayuky/gists{/gist_id}",
        "starred_url": "https://api.github.com/users/takayuky/starred{/owner}{/repo}",
        "subscriptions_url": "https://api.github.com/users/takayuky/subscriptions",
        "organizations_url": "https://api.github.com/users/takayuky/orgs",
        "repos_url": "https://api.github.com/users/takayuky/repos",
        "events_url": "https://api.github.com/users/takayuky/events{/privacy}",
        "received_events_url": "https://api.github.com/users/takayuky/received_events",
        "type": "User",
        "site_admin": false
      },
      "repo": {
        "id": 20775256,
        "node_id": "MDEwOlJlcG9zaXRvcnkyMDc3NTI1Ng==",
        "name": "CodeIgniter",
        "full_name": "takayuky/CodeIgniter",
        "private": false,
        "owner": {
          "login": "takayuky",
          "id": 2928538,
          "node_id": "MDQ6VXNlcjI5Mjg1Mzg=",
          "avatar_url": "https://avatars3.githubusercontent.com/u/2928538?v=4",
          "gravatar_id": "",
          "url": "https://api.github.com/users/takayuky",
          "html_url": "https://github.com/takayuky",
          "followers_url": "https://api.github.com/users/takayuky/followers",
          "following_url": "https://api.github.com/users/takayuky/following{/other_user}",
          "gists_url": "https://api.github.com/users/takayuky/gists{/gist_id}",
          "starred_url": "https://api.github.com/users/takayuky/starred{/owner}{/repo}",
          "subscriptions_url": "https://api.github.com/users/takayuky/subscriptions",
          "organizations_url": "https://api.github.com/users/takayuky/orgs",
          "repos_url": "https://api.github.com/users/takayuky/repos",
          "events_url": "https://api.github.com/users/takayuky/events{/privacy}",
          "received_events_url": "https://api.github.com/users/takayuky/received_events",
          "type": "User",
          "site_admin": false
        },
        "html_url": "https://github.com/takayuky/CodeIgniter",
        "description": "EllisLab's Open Source PHP Framework",
        "fork": true,
        "url": "https://api.github.com/repos/takayuky/CodeIgniter",
        "forks_url": "https://api.github.com/repos/takayuky/CodeIgniter/forks",
        "keys_url": "https://api.github.com/repos/takayuky/CodeIgniter/keys{/key_id}",
        "collaborators_url": "https://api.github.com/repos/takayuky/CodeIgniter/collaborators{/collaborator}",
        "teams_url": "https://api.github.com/repos/takayuky/CodeIgniter/teams",
        "hooks_url": "https://api.github.com/repos/takayuky/CodeIgniter/hooks",
        "issue_events_url": "https://api.github.com/repos/takayuky/CodeIgniter/issues/events{/number}",
        "events_url": "https://api.github.com/repos/takayuky/CodeIgniter/events",
        "assignees_url": "https://api.github.com/repos/takayuky/CodeIgniter/assignees{/user}",
        "branches_url": "https://api.github.com/repos/takayuky/CodeIgniter/branches{/branch}",
        "tags_url": "https://api.github.com/repos/takayuky/CodeIgniter/tags",
        "blobs_url": "https://api.github.com/repos/takayuky/CodeIgniter/git/blobs{/sha}",
        "git_tags_url": "https://api.github.com/repos/takayuky/CodeIgniter/git/tags{/sha}",
        "git_refs_url": "https://api.github.com/repos/takayuky/CodeIgniter/git/refs{/sha}",
        "trees_url": "https://api.github.com/repos/takayuky/CodeIgniter/git/trees{/sha}",
        "statuses_url": "https://api.github.com/repos/takayuky/CodeIgniter/statuses/{sha}",
        "languages_url": "https://api.github.com/repos/takayuky/CodeIgniter/languages",
        "stargazers_url": "https://api.github.com/repos/takayuky/CodeIgniter/stargazers",
        "contributors_url": "https://api.github.com/repos/takayuky/CodeIgniter/contributors",
        "subscribers_url": "https://api.github.com/repos/takayuky/CodeIgniter/subscribers",
        "subscription_url": "https://api.github.com/repos/takayuky/CodeIgniter/subscription",
        "commits_url": "https://api.github.com/repos/takayuky/CodeIgniter/commits{/sha}",
        "git_commits_url": "https://api.github.com/repos/takayuky/CodeIgniter/git/commits{/sha}",
        "comments_url": "https://api.github.com/repos/takayuky/CodeIgniter/comments{/number}",
        "issue_comment_url": "https://api.github.com/repos/takayuky/CodeIgniter/issues/comments{/number}",
        "contents_url": "https://api.github.com/repos/takayuky/CodeIgniter/contents/{+path}",
        "compare_url": "https://api.github.com/repos/takayuky/CodeIgniter/compare/{base}...{head}",
        "merges_url": "https://api.github.com/repos/takayuky/CodeIgniter/merges",
        "archive_url": "https://api.github.com/repos/takayuky/CodeIgniter/{archive_format}{/ref}",
        "downloads_url": "https://api.github.com/repos/takayuky/CodeIgniter/downloads",
        "issues_url": "https://api.github.com/repos/takayuky/CodeIgniter/issues{/number}",
        "pulls_url": "https://api.github.com/repos/takayuky/CodeIgniter/pulls{/number}",
        "milestones_url": "https://api.github.com/repos/takayuky/CodeIgniter/milestones{/number}",
        "notifications_url": "https://api.github.com/repos/takayuky/CodeIgniter/notifications{?since,all,participating}",
        "labels_url": "https://api.github.com/repos/takayuky/CodeIgniter/labels{/name}",
        "releases_url": "https://api.github.com/repos/takayuky/CodeIgniter/releases{/id}",
        "deployments_url": "https://api.github.com/repos/takayuky/CodeIgniter/deployments",
        "created_at": "2014-06-12T16:45:07Z",
        "updated_at": "2014-10-06T17:38:40Z",
        "pushed_at": "2014-06-13T11:00:12Z",
        "git_url": "git://github.com/takayuky/CodeIgniter.git",
        "ssh_url": "git@github.com:takayuky/CodeIgniter.git",
        "clone_url": "https://github.com/takayuky/CodeIgniter.git",
        "svn_url": "https://github.com/takayuky/CodeIgniter",
        "homepage": "http://codeigniter.com/",
        "size": 36330,
        "stargazers_count": 0,
        "watchers_count": 0,
        "language": "PHP",
        "has_issues": false,
        "has_projects": true,
        "has_downloads": true,
        "has_wiki": true,
        "has_pages": false,
        "forks_count": 0,
        "mirror_url": null,
        "archived": false,
        "disabled": false,
        "open_issues_count": 0,
        "license": {
          "key": "other",
          "name": "Other",
          "spdx_id": "NOASSERTION",
          "url": null,
          "node_id": "MDc6TGljZW5zZTA="
        },
        "forks": 0,
        "open_issues": 0,
        "watchers": 0,
        "default_branch": "develop"
      }
    },
    "base": {
      "label": "bcit-ci:develop",
      "ref": "develop",
      "sha": "7cea03ba6367919c25665b28644951588f817abd",
      "user": {
        "login": "bcit-ci",
        "id": 8863432,
        "node_id": "MDEyOk9yZ2FuaXphdGlvbjg4NjM0MzI=",
        "avatar_url": "https://avatars2.githubusercontent.com/u/8863432?v=4",
        "gravatar_id": "",
        "url": "https://api.github.com/users/bcit-ci",
        "html_url": "https://github.com/bcit-ci",
        "followers_url": "https://api.github.com/users/bcit-ci/followers",
        "following_url": "https://api.github.com/users/bcit-ci/following{/other_user}",
        "gists_url": "https://api.github.com/users/bcit-ci/gists{/gist_id}",
        "starred_url": "https://api.github.com/users/bcit-ci/starred{/owner}{/repo}",
        "subscriptions_url": "https://api.github.com/users/bcit-ci/subscriptions",
        "organizations_url": "https://api.github.com/users/bcit-ci/orgs",
        "repos_url": "https://api.github.com/users/bcit-ci/repos",
        "events_url": "https://api.github.com/users/bcit-ci/events{/privacy}",
        "received_events_url": "https://api.github.com/users/bcit-ci/received_events",
        "type": "Organization",
        "site_admin": false
      },
      "repo": {
        "id": 2234102,
        "node_id": "MDEwOlJlcG9zaXRvcnkyMjM0MTAy",
        "name": "CodeIgniter",
        "full_name": "bcit-ci/CodeIgniter",
        "private": false,
        "owner": {
          "login": "bcit-ci",
          "id": 8863432,
          "node_id": "MDEyOk9yZ2FuaXphdGlvbjg4NjM0MzI=",
          "avatar_url": "https://avatars2.githubusercontent.com/u/8863432?v=4",
          "gravatar_id": "",
          "url": "https://api.github.com/users/bcit-ci",
          "html_url": "https://github.com/bcit-ci",
          "followers_url": "https://api.github.com/users/bcit-ci/followers",
          "following_url": "https://api.github.com/users/bcit-ci/following{/other_user}",
          "gists_url": "https://api.github.com/users/bcit-ci/gists{/gist_id}",
          "starred_url": "https://api.github.com/users/bcit-ci/starred{/owner}{/repo}",
          "subscriptions_url": "https://api.github.com/users/bcit-ci/subscriptions",
          "organizations_url": "https://api.github.com/users/bcit-ci/orgs",
          "repos_url": "https://api.github.com/users/bcit-ci/repos",
          "events_url": "https://api.github.com/users/bcit-ci/events{/privacy}",
          "received_events_url": "https://api.github.com/users/bcit-ci/received_events",
          "type": "Organization",
          "site_admin": false
        },
        "html_url": "https://github.com/bcit-ci/CodeIgniter",
        "description": "Open Source PHP Framework (originally from EllisLab)",
        "fork": false,
        "url": "https://api.github.com/repos/bcit-ci/CodeIgniter",
        "forks_url": "https://api.github.com/repos/bcit-ci/CodeIgniter/forks",
        "keys_url": "https://api.github.com/repos/bcit-ci/CodeIgniter/keys{/key_id}",
        "collaborators_url": "https://api.github.com/repos/bcit-ci/CodeIgniter/collaborators{/collaborator}",
        "teams_url": "https://api.github.com/repos/bcit-ci/CodeIgniter/teams",
        "hooks_url": "https://api.github.com/repos/bcit-ci/CodeIgniter/hooks",
        "issue_events_url": "https://api.github.com/repos/bcit-ci/CodeIgniter/issues/events{/number}",
        "events_url": "https://api.github.com/repos/bcit-ci/CodeIgniter/events",
        "assignees_url": "https://api.github.com/repos/bcit-ci/CodeIgniter/assignees{/user}",
        "branches_url": "https://api.github.com/repos/bcit-ci/CodeIgniter/branches{/branch}",
        "tags_url": "https://api.github.com/repos/bcit-ci/CodeIgniter/tags",
        "blobs_url": "https://api.github.com/repos/bcit-ci/CodeIgniter/git/blobs{/sha}",
        "git_tags_url": "https://api.github.com/repos/bcit-ci/CodeIgniter/git/tags{/sha}",
        "git_refs_url": "https://api.github.com/repos/bcit-ci/CodeIgniter/git/refs{/sha}",
        "trees_url": "https://api.github.com/repos/bcit-ci/CodeIgniter/git/trees{/sha}",
        "statuses_url": "https://api.github.com/repos/bcit-ci/CodeIgniter/statuses/{sha}",
        "languages_url": "https://api.github.com/repos/bcit-ci/CodeIgniter/languages",
        "stargazers_url": "https://api.github.com/repos/bcit-ci/CodeIgniter/stargazers",
        "contributors_url": "https://api.github.com/repos/bcit-ci/CodeIgniter/contributors",
        "subscribers_url": "https://api.github.com/repos/bcit-ci/CodeIgniter/subscribers",
        "subscription_url": "https://api.github.com/repos/bcit-ci/CodeIgniter/subscription",
        "commits_url": "https://api.github.com/repos/bcit-ci/CodeIgniter/commits{/sha}",
        "git_commits_url": "https://api.github.com/repos/bcit-ci/CodeIgniter/git/commits{/sha}",
        "comments_url": "https://api.github.com/repos/bcit-ci/CodeIgniter/comments{/number}",
        "issue_comment_url": "https://api.github.com/repos/bcit-ci/CodeIgniter/issues/comments{/number}",
        "contents_url": "https://api.github.com/repos/bcit-ci/CodeIgniter/contents/{+path}",
        "compare_url": "https://api.github.com/repos/bcit-ci/CodeIgniter/compare/{base}...{head}",
        "merges_url": "https://api.github.com/repos/bcit-ci/CodeIgniter/merges",
        "archive_url": "https://api.github.com/repos/bcit-ci/CodeIgniter/{archive_format}{/ref}",
        "downloads_url": "https://api.github.com/repos/bcit-ci/CodeIgniter/downloads",
        "issues_url": "https://api.github.com/repos/bcit-ci/CodeIgniter/issues{/number}",
        "pulls_url": "https://api.github.com/repos/bcit-ci/CodeIgniter/pulls{/number}",
        "milestones_url": "https://api.github.com/repos/bcit-ci/CodeIgniter/milestones{/number}",
        "notifications_url": "https://api.github.com/repos/bcit-ci/CodeIgniter/notifications{?since,all,participating}",
        "labels_url": "https://api.github.com/repos/bcit-ci/CodeIgniter/labels{/name}",
        "releases_url": "https://api.github.com/repos/bcit-ci/CodeIgniter/releases{/id}",
        "deployments_url": "https://api.github.com/repos/bcit-ci/CodeIgniter/deployments",
        "created_at": "2011-08-19T13:34:00Z",
        "updated_at": "2019-09-11T02:54:53Z",
        "pushed_at": "2019-09-10T14:00:27Z",
        "git_url": "git://github.com/bcit-ci/CodeIgniter.git",
        "ssh_url": "git@github.com:bcit-ci/CodeIgniter.git",
        "clone_url": "https://github.com/bcit-ci/CodeIgniter.git",
        "svn_url": "https://github.com/bcit-ci/CodeIgniter",
        "homepage": "https://codeigniter.com/",
        "size": 52523,
        "stargazers_count": 17600,
        "watchers_count": 17600,
        "language": "PHP",
        "has_issues": true,
        "has_projects": true,
        "has_downloads": true,
        "has_wiki": true,
        "has_pages": false,
        "forks_count": 7750,
        "mirror_url": null,
        "archived": false,
        "disabled": false,
        "open_issues_count": 91,
        "license": {
          "key": "mit",
          "name": "MIT License",
          "spdx_id": "MIT",
          "url": "https://api.github.com/licenses/mit",
          "node_id": "MDc6TGljZW5zZTEz"
        },
        "forks": 7750,
        "open_issues": 91,
        "watchers": 17600,
        "default_branch": "develop"
      }
    },
    "_links": {
      "self": {
        "href": "https://api.github.com/repos/bcit-ci/CodeIgniter/pulls/3104"
      },
      "html": {
        "href": "https://github.com/bcit-ci/CodeIgniter/pull/3104"
      },
      "issue": {
        "href": "https://api.github.com/repos/bcit-ci/CodeIgniter/issues/3104"
      },
      "comments": {
        "href": "https://api.github.com/repos/bcit-ci/CodeIgniter/issues/3104/comments"
      },
      "review_comments": {
        "href": "https://api.github.com/repos/bcit-ci/CodeIgniter/pulls/3104/comments"
      },
      "review_comment": {
        "href": "https://api.github.com/repos/bcit-ci/CodeIgniter/pulls/comments{/number}"
      },
      "commits": {
        "href": "https://api.github.com/repos/bcit-ci/CodeIgniter/pulls/3104/commits"
      },
      "statuses": {
        "href": "https://api.github.com/repos/bcit-ci/CodeIgniter/statuses/8ed90fa219df5f37b32dc2b5bbd96da98cdd0b5c"
      }
    },
    "author_association": "CONTRIBUTOR"
  }
]
