[
  {
    "url": "https://api.github.com/repos/apache/spark/pulls/1",
    "id": 98743504,
    "node_id": "MDExOlB1bGxSZXF1ZXN0OTg3NDM1MDQ=",
    "html_url": "https://github.com/guyGerson/spark/pull/1",
    "diff_url": "https://github.com/guyGerson/spark/pull/1.diff",
    "patch_url": "https://github.com/guyGerson/spark/pull/1.patch",
    "issue_url": "https://api.github.com/repos/apache/spark/issues/1",
    "number": 1,
    "state": "closed",
    "locked": false,
    "title": "update local repo",
    "user": {
      "login": "guyGerson",
      "id": 10332219,
      "node_id": "MDQ6VXNlcjEwMzMyMjE5",
      "avatar_url": "https://avatars1.githubusercontent.com/u/10332219?v=4",
      "gravatar_id": "",
      "url": "https://api.github.com/users/guyGerson",
      "html_url": "https://github.com/guyGerson",
      "followers_url": "https://api.github.com/users/guyGerson/followers",
      "following_url": "https://api.github.com/users/guyGerson/following{/other_user}",
      "gists_url": "https://api.github.com/users/guyGerson/gists{/gist_id}",
      "starred_url": "https://api.github.com/users/guyGerson/starred{/owner}{/repo}",
      "subscriptions_url": "https://api.github.com/users/guyGerson/subscriptions",
      "organizations_url": "https://api.github.com/users/guyGerson/orgs",
      "repos_url": "https://api.github.com/users/guyGerson/repos",
      "events_url": "https://api.github.com/users/guyGerson/events{/privacy}",
      "received_events_url": "https://api.github.com/users/guyGerson/received_events",
      "type": "User",
      "site_admin": false
    },
    "body": "## What changes were proposed in this pull request?\r\n\r\n(Please fill in changes proposed in this fix)\r\n\r\n\r\n## How was this patch tested?\r\n\r\n(Please explain how this patch was tested. E.g. unit tests, integration tests, manual tests)\r\n\r\n\r\n(If this patch involves UI changes, please attach a screenshot; otherwise, remove this)\r\n\r\n",
    "created_at": "2016-12-20T12:55:25Z",
    "updated_at": "2016-12-20T12:57:21Z",
    "closed_at": "2016-12-20T12:57:21Z",
    "merged_at": "2016-12-20T12:57:21Z",
    "merge_commit_sha": "f2946ca5814e816371e1b297dea206dc236992d7",
    "assignee": null,
    "assignees": [

    ],
    "requested_reviewers": [

    ],
    "requested_teams": [

    ],
    "labels": [

    ],
    "milestone": null,
    "commits_url": "https://api.github.com/repos/apache/spark/pulls/1/commits",
    "review_comments_url": "https://api.github.com/repos/apache/spark/pulls/1/comments",
    "review_comment_url": "https://api.github.com/repos/apache/spark/pulls/comments{/number}",
    "comments_url": "https://api.github.com/repos/apache/spark/issues/1/comments",
    "statuses_url": "https://api.github.com/repos/apache/spark/statuses/150d26cad435e48441859ff266183161be893fac",
    "head": {
      "label": "apache:master",
      "ref": "master",
      "sha": "150d26cad435e48441859ff266183161be893fac",
      "user": {
        "login": "apache",
        "id": 47359,
        "node_id": "MDEyOk9yZ2FuaXphdGlvbjQ3MzU5",
        "avatar_url": "https://avatars0.githubusercontent.com/u/47359?v=4",
        "gravatar_id": "",
        "url": "https://api.github.com/users/apache",
        "html_url": "https://github.com/apache",
        "followers_url": "https://api.github.com/users/apache/followers",
        "following_url": "https://api.github.com/users/apache/following{/other_user}",
        "gists_url": "https://api.github.com/users/apache/gists{/gist_id}",
        "starred_url": "https://api.github.com/users/apache/starred{/owner}{/repo}",
        "subscriptions_url": "https://api.github.com/users/apache/subscriptions",
        "organizations_url": "https://api.github.com/users/apache/orgs",
        "repos_url": "https://api.github.com/users/apache/repos",
        "events_url": "https://api.github.com/users/apache/events{/privacy}",
        "received_events_url": "https://api.github.com/users/apache/received_events",
        "type": "Organization",
        "site_admin": false
      },
      "repo": {
        "id": 17165658,
        "node_id": "MDEwOlJlcG9zaXRvcnkxNzE2NTY1OA==",
        "name": "spark",
        "full_name": "apache/spark",
        "private": false,
        "owner": {
          "login": "apache",
          "id": 47359,
          "node_id": "MDEyOk9yZ2FuaXphdGlvbjQ3MzU5",
          "avatar_url": "https://avatars0.githubusercontent.com/u/47359?v=4",
          "gravatar_id": "",
          "url": "https://api.github.com/users/apache",
          "html_url": "https://github.com/apache",
          "followers_url": "https://api.github.com/users/apache/followers",
          "following_url": "https://api.github.com/users/apache/following{/other_user}",
          "gists_url": "https://api.github.com/users/apache/gists{/gist_id}",
          "starred_url": "https://api.github.com/users/apache/starred{/owner}{/repo}",
          "subscriptions_url": "https://api.github.com/users/apache/subscriptions",
          "organizations_url": "https://api.github.com/users/apache/orgs",
          "repos_url": "https://api.github.com/users/apache/repos",
          "events_url": "https://api.github.com/users/apache/events{/privacy}",
          "received_events_url": "https://api.github.com/users/apache/received_events",
          "type": "Organization",
          "site_admin": false
        },
        "html_url": "https://github.com/apache/spark",
        "description": "Apache Spark",
        "fork": false,
        "url": "https://api.github.com/repos/apache/spark",
        "forks_url": "https://api.github.com/repos/apache/spark/forks",
        "keys_url": "https://api.github.com/repos/apache/spark/keys{/key_id}",
        "collaborators_url": "https://api.github.com/repos/apache/spark/collaborators{/collaborator}",
        "teams_url": "https://api.github.com/repos/apache/spark/teams",
        "hooks_url": "https://api.github.com/repos/apache/spark/hooks",
        "issue_events_url": "https://api.github.com/repos/apache/spark/issues/events{/number}",
        "events_url": "https://api.github.com/repos/apache/spark/events",
        "assignees_url": "https://api.github.com/repos/apache/spark/assignees{/user}",
        "branches_url": "https://api.github.com/repos/apache/spark/branches{/branch}",
        "tags_url": "https://api.github.com/repos/apache/spark/tags",
        "blobs_url": "https://api.github.com/repos/apache/spark/git/blobs{/sha}",
        "git_tags_url": "https://api.github.com/repos/apache/spark/git/tags{/sha}",
        "git_refs_url": "https://api.github.com/repos/apache/spark/git/refs{/sha}",
        "trees_url": "https://api.github.com/repos/apache/spark/git/trees{/sha}",
        "statuses_url": "https://api.github.com/repos/apache/spark/statuses/{sha}",
        "languages_url": "https://api.github.com/repos/apache/spark/languages",
        "stargazers_url": "https://api.github.com/repos/apache/spark/stargazers",
        "contributors_url": "https://api.github.com/repos/apache/spark/contributors",
        "subscribers_url": "https://api.github.com/repos/apache/spark/subscribers",
        "subscription_url": "https://api.github.com/repos/apache/spark/subscription",
        "commits_url": "https://api.github.com/repos/apache/spark/commits{/sha}",
        "git_commits_url": "https://api.github.com/repos/apache/spark/git/commits{/sha}",
        "comments_url": "https://api.github.com/repos/apache/spark/comments{/number}",
        "issue_comment_url": "https://api.github.com/repos/apache/spark/issues/comments{/number}",
        "contents_url": "https://api.github.com/repos/apache/spark/contents/{+path}",
        "compare_url": "https://api.github.com/repos/apache/spark/compare/{base}...{head}",
        "merges_url": "https://api.github.com/repos/apache/spark/merges",
        "archive_url": "https://api.github.com/repos/apache/spark/{archive_format}{/ref}",
        "downloads_url": "https://api.github.com/repos/apache/spark/downloads",
        "issues_url": "https://api.github.com/repos/apache/spark/issues{/number}",
        "pulls_url": "https://api.github.com/repos/apache/spark/pulls{/number}",
        "milestones_url": "https://api.github.com/repos/apache/spark/milestones{/number}",
        "notifications_url": "https://api.github.com/repos/apache/spark/notifications{?since,all,participating}",
        "labels_url": "https://api.github.com/repos/apache/spark/labels{/name}",
        "releases_url": "https://api.github.com/repos/apache/spark/releases{/id}",
        "deployments_url": "https://api.github.com/repos/apache/spark/deployments",
        "created_at": "2014-02-25T08:00:08Z",
        "updated_at": "2019-09-11T01:45:14Z",
        "pushed_at": "2019-09-11T01:27:32Z",
        "git_url": "git://github.com/apache/spark.git",
        "ssh_url": "git@github.com:apache/spark.git",
        "clone_url": "https://github.com/apache/spark.git",
        "svn_url": "https://github.com/apache/spark",
        "homepage": "",
        "size": 310510,
        "stargazers_count": 23342,
        "watchers_count": 23342,
        "language": "Scala",
        "has_issues": false,
        "has_projects": true,
        "has_downloads": true,
        "has_wiki": false,
        "has_pages": false,
        "forks_count": 19988,
        "mirror_url": null,
        "archived": false,
        "disabled": false,
        "open_issues_count": 519,
        "license": {
          "key": "apache-2.0",
          "name": "Apache License 2.0",
          "spdx_id": "Apache-2.0",
          "url": "https://api.github.com/licenses/apache-2.0",
          "node_id": "MDc6TGljZW5zZTI="
        },
        "forks": 19988,
        "open_issues": 519,
        "watchers": 23342,
        "default_branch": "master"
      }
    },
    "base": {
      "label": "guyGerson:master",
      "ref": "master",
      "sha": "adaaffa34ef0ef6a7baa5c1fea848cf5bc3987a2",
      "user": {
        "login": "guyGerson",
        "id": 10332219,
        "node_id": "MDQ6VXNlcjEwMzMyMjE5",
        "avatar_url": "https://avatars1.githubusercontent.com/u/10332219?v=4",
        "gravatar_id": "",
        "url": "https://api.github.com/users/guyGerson",
        "html_url": "https://github.com/guyGerson",
        "followers_url": "https://api.github.com/users/guyGerson/followers",
        "following_url": "https://api.github.com/users/guyGerson/following{/other_user}",
        "gists_url": "https://api.github.com/users/guyGerson/gists{/gist_id}",
        "starred_url": "https://api.github.com/users/guyGerson/starred{/owner}{/repo}",
        "subscriptions_url": "https://api.github.com/users/guyGerson/subscriptions",
        "organizations_url": "https://api.github.com/users/guyGerson/orgs",
        "repos_url": "https://api.github.com/users/guyGerson/repos",
        "events_url": "https://api.github.com/users/guyGerson/events{/privacy}",
        "received_events_url": "https://api.github.com/users/guyGerson/received_events",
        "type": "User",
        "site_admin": false
      },
      "repo": {
        "id": 67121336,
        "node_id": "MDEwOlJlcG9zaXRvcnk2NzEyMTMzNg==",
        "name": "spark",
        "full_name": "guyGerson/spark",
        "private": false,
        "owner": {
          "login": "guyGerson",
          "id": 10332219,
          "node_id": "MDQ6VXNlcjEwMzMyMjE5",
          "avatar_url": "https://avatars1.githubusercontent.com/u/10332219?v=4",
          "gravatar_id": "",
          "url": "https://api.github.com/users/guyGerson",
          "html_url": "https://github.com/guyGerson",
          "followers_url": "https://api.github.com/users/guyGerson/followers",
          "following_url": "https://api.github.com/users/guyGerson/following{/other_user}",
          "gists_url": "https://api.github.com/users/guyGerson/gists{/gist_id}",
          "starred_url": "https://api.github.com/users/guyGerson/starred{/owner}{/repo}",
          "subscriptions_url": "https://api.github.com/users/guyGerson/subscriptions",
          "organizations_url": "https://api.github.com/users/guyGerson/orgs",
          "repos_url": "https://api.github.com/users/guyGerson/repos",
          "events_url": "https://api.github.com/users/guyGerson/events{/privacy}",
          "received_events_url": "https://api.github.com/users/guyGerson/received_events",
          "type": "User",
          "site_admin": false
        },
        "html_url": "https://github.com/guyGerson/spark",
        "description": "Mirror of Apache Spark",
        "fork": true,
        "url": "https://api.github.com/repos/guyGerson/spark",
        "forks_url": "https://api.github.com/repos/guyGerson/spark/forks",
        "keys_url": "https://api.github.com/repos/guyGerson/spark/keys{/key_id}",
        "collaborators_url": "https://api.github.com/repos/guyGerson/spark/collaborators{/collaborator}",
        "teams_url": "https://api.github.com/repos/guyGerson/spark/teams",
        "hooks_url": "https://api.github.com/repos/guyGerson/spark/hooks",
        "issue_events_url": "https://api.github.com/repos/guyGerson/spark/issues/events{/number}",
        "events_url": "https://api.github.com/repos/guyGerson/spark/events",
        "assignees_url": "https://api.github.com/repos/guyGerson/spark/assignees{/user}",
        "branches_url": "https://api.github.com/repos/guyGerson/spark/branches{/branch}",
        "tags_url": "https://api.github.com/repos/guyGerson/spark/tags",
        "blobs_url": "https://api.github.com/repos/guyGerson/spark/git/blobs{/sha}",
        "git_tags_url": "https://api.github.com/repos/guyGerson/spark/git/tags{/sha}",
        "git_refs_url": "https://api.github.com/repos/guyGerson/spark/git/refs{/sha}",
        "trees_url": "https://api.github.com/repos/guyGerson/spark/git/trees{/sha}",
        "statuses_url": "https://api.github.com/repos/guyGerson/spark/statuses/{sha}",
        "languages_url": "https://api.github.com/repos/guyGerson/spark/languages",
        "stargazers_url": "https://api.github.com/repos/guyGerson/spark/stargazers",
        "contributors_url": "https://api.github.com/repos/guyGerson/spark/contributors",
        "subscribers_url": "https://api.github.com/repos/guyGerson/spark/subscribers",
        "subscription_url": "https://api.github.com/repos/guyGerson/spark/subscription",
        "commits_url": "https://api.github.com/repos/guyGerson/spark/commits{/sha}",
        "git_commits_url": "https://api.github.com/repos/guyGerson/spark/git/commits{/sha}",
        "comments_url": "https://api.github.com/repos/guyGerson/spark/comments{/number}",
        "issue_comment_url": "https://api.github.com/repos/guyGerson/spark/issues/comments{/number}",
        "contents_url": "https://api.github.com/repos/guyGerson/spark/contents/{+path}",
        "compare_url": "https://api.github.com/repos/guyGerson/spark/compare/{base}...{head}",
        "merges_url": "https://api.github.com/repos/guyGerson/spark/merges",
        "archive_url": "https://api.github.com/repos/guyGerson/spark/{archive_format}{/ref}",
        "downloads_url": "https://api.github.com/repos/guyGerson/spark/downloads",
        "issues_url": "https://api.github.com/repos/guyGerson/spark/issues{/number}",
        "pulls_url": "https://api.github.com/repos/guyGerson/spark/pulls{/number}",
        "milestones_url": "https://api.github.com/repos/guyGerson/spark/milestones{/number}",
        "notifications_url": "https://api.github.com/repos/guyGerson/spark/notifications{?since,all,participating}",
        "labels_url": "https://api.github.com/repos/guyGerson/spark/labels{/name}",
        "releases_url": "https://api.github.com/repos/guyGerson/spark/releases{/id}",
        "deployments_url": "https://api.github.com/repos/guyGerson/spark/deployments",
        "created_at": "2016-09-01T10:20:20Z",
        "updated_at": "2016-09-01T10:20:43Z",
        "pushed_at": "2017-01-02T15:34:13Z",
        "git_url": "git://github.com/guyGerson/spark.git",
        "ssh_url": "git@github.com:guyGerson/spark.git",
        "clone_url": "https://github.com/guyGerson/spark.git",
        "svn_url": "https://github.com/guyGerson/spark",
        "homepage": null,
        "size": 255074,
        "stargazers_count": 0,
        "watchers_count": 0,
        "language": "Scala",
        "has_issues": false,
        "has_projects": true,
        "has_downloads": true,
        "has_wiki": false,
        "has_pages": false,
        "forks_count": 0,
        "mirror_url": null,
        "archived": false,
        "disabled": false,
        "open_issues_count": 0,
        "license": {
          "key": "apache-2.0",
          "name": "Apache License 2.0",
          "spdx_id": "Apache-2.0",
          "url": "https://api.github.com/licenses/apache-2.0",
          "node_id": "MDc6TGljZW5zZTI="
        },
        "forks": 0,
        "open_issues": 0,
        "watchers": 0,
        "default_branch": "master"
      }
    },
    "_links": {
      "self": {
        "href": "https://api.github.com/repos/apache/spark/pulls/1"
      },
      "html": {
        "href": "https://github.com/guyGerson/spark/pull/1"
      },
      "issue": {
        "href": "https://api.github.com/repos/apache/spark/issues/1"
      },
      "comments": {
        "href": "https://api.github.com/repos/apache/spark/issues/1/comments"
      },
      "review_comments": {
        "href": "https://api.github.com/repos/apache/spark/pulls/1/comments"
      },
      "review_comment": {
        "href": "https://api.github.com/repos/apache/spark/pulls/comments{/number}"
      },
      "commits": {
        "href": "https://api.github.com/repos/apache/spark/pulls/1/commits"
      },
      "statuses": {
        "href": "https://api.github.com/repos/apache/spark/statuses/150d26cad435e48441859ff266183161be893fac"
      }
    },
    "author_association": "OWNER"
  }
]
