[
  {
    "url": "https://api.github.com/repos/openMF/community-app/pulls/1306",
    "id": 32391189,
    "node_id": "MDExOlB1bGxSZXF1ZXN0MzIzOTExODk=",
    "html_url": "https://github.com/openMF/community-app/pull/1306",
    "diff_url": "https://github.com/openMF/community-app/pull/1306.diff",
    "patch_url": "https://github.com/openMF/community-app/pull/1306.patch",
    "issue_url": "https://api.github.com/repos/openMF/community-app/issues/1306",
    "number": 1306,
    "state": "closed",
    "locked": false,
    "title": "edit-tranche-screen-fix",
    "user": {
      "login": "bharathc27",
      "id": 10336188,
      "node_id": "MDQ6VXNlcjEwMzM2MTg4",
      "avatar_url": "https://avatars2.githubusercontent.com/u/10336188?v=4",
      "gravatar_id": "",
      "url": "https://api.github.com/users/bharathc27",
      "html_url": "https://github.com/bharathc27",
      "followers_url": "https://api.github.com/users/bharathc27/followers",
      "following_url": "https://api.github.com/users/bharathc27/following{/other_user}",
      "gists_url": "https://api.github.com/users/bharathc27/gists{/gist_id}",
      "starred_url": "https://api.github.com/users/bharathc27/starred{/owner}{/repo}",
      "subscriptions_url": "https://api.github.com/users/bharathc27/subscriptions",
      "organizations_url": "https://api.github.com/users/bharathc27/orgs",
      "repos_url": "https://api.github.com/users/bharathc27/repos",
      "events_url": "https://api.github.com/users/bharathc27/events{/privacy}",
      "received_events_url": "https://api.github.com/users/bharathc27/received_events",
      "type": "User",
      "site_admin": false
    },
    "body": "when we tried to edit the tranche from viewloanaccount screen.. the screen which came up was not correct (refer the snapshot1).. so fixed that issue(refer the snapshot2)\n![snapshot1](https://cloud.githubusercontent.com/assets/10336188/6935352/a18f06bc-d861-11e4-88c5-a1a4face44cf.png)\n![snapshot2](https://cloud.githubusercontent.com/assets/10336188/6935354/a68469e6-d861-11e4-9af9-7c6a47077eb3.PNG)\n",
    "created_at": "2015-04-01T05:54:46Z",
    "updated_at": "2015-04-02T22:59:46Z",
    "closed_at": "2015-04-02T22:59:46Z",
    "merged_at": "2015-04-02T22:59:46Z",
    "merge_commit_sha": "3f2f317386c29f9f6aae5610a2a46a1a7bad72e9",
    "assignee": null,
    "assignees": [

    ],
    "requested_reviewers": [

    ],
    "requested_teams": [

    ],
    "labels": [

    ],
    "milestone": null,
    "commits_url": "https://api.github.com/repos/openMF/community-app/pulls/1306/commits",
    "review_comments_url": "https://api.github.com/repos/openMF/community-app/pulls/1306/comments",
    "review_comment_url": "https://api.github.com/repos/openMF/community-app/pulls/comments{/number}",
    "comments_url": "https://api.github.com/repos/openMF/community-app/issues/1306/comments",
    "statuses_url": "https://api.github.com/repos/openMF/community-app/statuses/60d0727b6c774686b7ac122515570acd99cbe541",
    "head": {
      "label": "bharathc27:edit-tranche-fix",
      "ref": "edit-tranche-fix",
      "sha": "60d0727b6c774686b7ac122515570acd99cbe541",
      "user": {
        "login": "bharathc27",
        "id": 10336188,
        "node_id": "MDQ6VXNlcjEwMzM2MTg4",
        "avatar_url": "https://avatars2.githubusercontent.com/u/10336188?v=4",
        "gravatar_id": "",
        "url": "https://api.github.com/users/bharathc27",
        "html_url": "https://github.com/bharathc27",
        "followers_url": "https://api.github.com/users/bharathc27/followers",
        "following_url": "https://api.github.com/users/bharathc27/following{/other_user}",
        "gists_url": "https://api.github.com/users/bharathc27/gists{/gist_id}",
        "starred_url": "https://api.github.com/users/bharathc27/starred{/owner}{/repo}",
        "subscriptions_url": "https://api.github.com/users/bharathc27/subscriptions",
        "organizations_url": "https://api.github.com/users/bharathc27/orgs",
        "repos_url": "https://api.github.com/users/bharathc27/repos",
        "events_url": "https://api.github.com/users/bharathc27/events{/privacy}",
        "received_events_url": "https://api.github.com/users/bharathc27/received_events",
        "type": "User",
        "site_admin": false
      },
      "repo": {
        "id": 28581764,
        "node_id": "MDEwOlJlcG9zaXRvcnkyODU4MTc2NA==",
        "name": "community-app",
        "full_name": "bharathc27/community-app",
        "private": false,
        "owner": {
          "login": "bharathc27",
          "id": 10336188,
          "node_id": "MDQ6VXNlcjEwMzM2MTg4",
          "avatar_url": "https://avatars2.githubusercontent.com/u/10336188?v=4",
          "gravatar_id": "",
          "url": "https://api.github.com/users/bharathc27",
          "html_url": "https://github.com/bharathc27",
          "followers_url": "https://api.github.com/users/bharathc27/followers",
          "following_url": "https://api.github.com/users/bharathc27/following{/other_user}",
          "gists_url": "https://api.github.com/users/bharathc27/gists{/gist_id}",
          "starred_url": "https://api.github.com/users/bharathc27/starred{/owner}{/repo}",
          "subscriptions_url": "https://api.github.com/users/bharathc27/subscriptions",
          "organizations_url": "https://api.github.com/users/bharathc27/orgs",
          "repos_url": "https://api.github.com/users/bharathc27/repos",
          "events_url": "https://api.github.com/users/bharathc27/events{/privacy}",
          "received_events_url": "https://api.github.com/users/bharathc27/received_events",
          "type": "User",
          "site_admin": false
        },
        "html_url": "https://github.com/bharathc27/community-app",
        "description": "This is the default web application built on top of the MifosX platform for the mifos user community. It is a Single-Page App (SPA) written in web standard technologies like JavaScript, CSS and HTML5. It leverages common popular frameworks/libraries such as AngularJS, Bootstrap and Font Awesome",
        "fork": true,
        "url": "https://api.github.com/repos/bharathc27/community-app",
        "forks_url": "https://api.github.com/repos/bharathc27/community-app/forks",
        "keys_url": "https://api.github.com/repos/bharathc27/community-app/keys{/key_id}",
        "collaborators_url": "https://api.github.com/repos/bharathc27/community-app/collaborators{/collaborator}",
        "teams_url": "https://api.github.com/repos/bharathc27/community-app/teams",
        "hooks_url": "https://api.github.com/repos/bharathc27/community-app/hooks",
        "issue_events_url": "https://api.github.com/repos/bharathc27/community-app/issues/events{/number}",
        "events_url": "https://api.github.com/repos/bharathc27/community-app/events",
        "assignees_url": "https://api.github.com/repos/bharathc27/community-app/assignees{/user}",
        "branches_url": "https://api.github.com/repos/bharathc27/community-app/branches{/branch}",
        "tags_url": "https://api.github.com/repos/bharathc27/community-app/tags",
        "blobs_url": "https://api.github.com/repos/bharathc27/community-app/git/blobs{/sha}",
        "git_tags_url": "https://api.github.com/repos/bharathc27/community-app/git/tags{/sha}",
        "git_refs_url": "https://api.github.com/repos/bharathc27/community-app/git/refs{/sha}",
        "trees_url": "https://api.github.com/repos/bharathc27/community-app/git/trees{/sha}",
        "statuses_url": "https://api.github.com/repos/bharathc27/community-app/statuses/{sha}",
        "languages_url": "https://api.github.com/repos/bharathc27/community-app/languages",
        "stargazers_url": "https://api.github.com/repos/bharathc27/community-app/stargazers",
        "contributors_url": "https://api.github.com/repos/bharathc27/community-app/contributors",
        "subscribers_url": "https://api.github.com/repos/bharathc27/community-app/subscribers",
        "subscription_url": "https://api.github.com/repos/bharathc27/community-app/subscription",
        "commits_url": "https://api.github.com/repos/bharathc27/community-app/commits{/sha}",
        "git_commits_url": "https://api.github.com/repos/bharathc27/community-app/git/commits{/sha}",
        "comments_url": "https://api.github.com/repos/bharathc27/community-app/comments{/number}",
        "issue_comment_url": "https://api.github.com/repos/bharathc27/community-app/issues/comments{/number}",
        "contents_url": "https://api.github.com/repos/bharathc27/community-app/contents/{+path}",
        "compare_url": "https://api.github.com/repos/bharathc27/community-app/compare/{base}...{head}",
        "merges_url": "https://api.github.com/repos/bharathc27/community-app/merges",
        "archive_url": "https://api.github.com/repos/bharathc27/community-app/{archive_format}{/ref}",
        "downloads_url": "https://api.github.com/repos/bharathc27/community-app/downloads",
        "issues_url": "https://api.github.com/repos/bharathc27/community-app/issues{/number}",
        "pulls_url": "https://api.github.com/repos/bharathc27/community-app/pulls{/number}",
        "milestones_url": "https://api.github.com/repos/bharathc27/community-app/milestones{/number}",
        "notifications_url": "https://api.github.com/repos/bharathc27/community-app/notifications{?since,all,participating}",
        "labels_url": "https://api.github.com/repos/bharathc27/community-app/labels{/name}",
        "releases_url": "https://api.github.com/repos/bharathc27/community-app/releases{/id}",
        "deployments_url": "https://api.github.com/repos/bharathc27/community-app/deployments",
        "created_at": "2014-12-29T05:47:04Z",
        "updated_at": "2015-04-21T07:46:00Z",
        "pushed_at": "2015-04-21T07:49:50Z",
        "git_url": "git://github.com/bharathc27/community-app.git",
        "ssh_url": "git@github.com:bharathc27/community-app.git",
        "clone_url": "https://github.com/bharathc27/community-app.git",
        "svn_url": "https://github.com/bharathc27/community-app",
        "homepage": "http://openmf.github.io/community-app/",
        "size": 37898,
        "stargazers_count": 0,
        "watchers_count": 0,
        "language": "HTML",
        "has_issues": false,
        "has_projects": true,
        "has_downloads": true,
        "has_wiki": true,
        "has_pages": false,
        "forks_count": 0,
        "mirror_url": null,
        "archived": false,
        "disabled": false,
        "open_issues_count": 0,
        "license": null,
        "forks": 0,
        "open_issues": 0,
        "watchers": 0,
        "default_branch": "develop"
      }
    },
    "base": {
      "label": "openMF:develop",
      "ref": "develop",
      "sha": "794d8edfaca49b9591ff0754f00a96ffddfb5915",
      "user": {
        "login": "openMF",
        "id": 3473607,
        "node_id": "MDEyOk9yZ2FuaXphdGlvbjM0NzM2MDc=",
        "avatar_url": "https://avatars0.githubusercontent.com/u/3473607?v=4",
        "gravatar_id": "",
        "url": "https://api.github.com/users/openMF",
        "html_url": "https://github.com/openMF",
        "followers_url": "https://api.github.com/users/openMF/followers",
        "following_url": "https://api.github.com/users/openMF/following{/other_user}",
        "gists_url": "https://api.github.com/users/openMF/gists{/gist_id}",
        "starred_url": "https://api.github.com/users/openMF/starred{/owner}{/repo}",
        "subscriptions_url": "https://api.github.com/users/openMF/subscriptions",
        "organizations_url": "https://api.github.com/users/openMF/orgs",
        "repos_url": "https://api.github.com/users/openMF/repos",
        "events_url": "https://api.github.com/users/openMF/events{/privacy}",
        "received_events_url": "https://api.github.com/users/openMF/received_events",
        "type": "Organization",
        "site_admin": false
      },
      "repo": {
        "id": 10191885,
        "node_id": "MDEwOlJlcG9zaXRvcnkxMDE5MTg4NQ==",
        "name": "community-app",
        "full_name": "openMF/community-app",
        "private": false,
        "owner": {
          "login": "openMF",
          "id": 3473607,
          "node_id": "MDEyOk9yZ2FuaXphdGlvbjM0NzM2MDc=",
          "avatar_url": "https://avatars0.githubusercontent.com/u/3473607?v=4",
          "gravatar_id": "",
          "url": "https://api.github.com/users/openMF",
          "html_url": "https://github.com/openMF",
          "followers_url": "https://api.github.com/users/openMF/followers",
          "following_url": "https://api.github.com/users/openMF/following{/other_user}",
          "gists_url": "https://api.github.com/users/openMF/gists{/gist_id}",
          "starred_url": "https://api.github.com/users/openMF/starred{/owner}{/repo}",
          "subscriptions_url": "https://api.github.com/users/openMF/subscriptions",
          "organizations_url": "https://api.github.com/users/openMF/orgs",
          "repos_url": "https://api.github.com/users/openMF/repos",
          "events_url": "https://api.github.com/users/openMF/events{/privacy}",
          "received_events_url": "https://api.github.com/users/openMF/received_events",
          "type": "Organization",
          "site_admin": false
        },
        "html_url": "https://github.com/openMF/community-app",
        "description": "This is the default web application built on top of the Apache Fineract platform. The Mifos X Web App (formerly called Community App) is maintained by the Mifos Initiative as a reference solution for the financial inclusion community. It is a Single-Page App (SPA) written in web standard technologies like JavaScript, CSS and HTML5. It leverages common popular frameworks/libraries such as AngularJS 1.5, Bootstrap and Font Awesome",
        "fork": false,
        "url": "https://api.github.com/repos/openMF/community-app",
        "forks_url": "https://api.github.com/repos/openMF/community-app/forks",
        "keys_url": "https://api.github.com/repos/openMF/community-app/keys{/key_id}",
        "collaborators_url": "https://api.github.com/repos/openMF/community-app/collaborators{/collaborator}",
        "teams_url": "https://api.github.com/repos/openMF/community-app/teams",
        "hooks_url": "https://api.github.com/repos/openMF/community-app/hooks",
        "issue_events_url": "https://api.github.com/repos/openMF/community-app/issues/events{/number}",
        "events_url": "https://api.github.com/repos/openMF/community-app/events",
        "assignees_url": "https://api.github.com/repos/openMF/community-app/assignees{/user}",
        "branches_url": "https://api.github.com/repos/openMF/community-app/branches{/branch}",
        "tags_url": "https://api.github.com/repos/openMF/community-app/tags",
        "blobs_url": "https://api.github.com/repos/openMF/community-app/git/blobs{/sha}",
        "git_tags_url": "https://api.github.com/repos/openMF/community-app/git/tags{/sha}",
        "git_refs_url": "https://api.github.com/repos/openMF/community-app/git/refs{/sha}",
        "trees_url": "https://api.github.com/repos/openMF/community-app/git/trees{/sha}",
        "statuses_url": "https://api.github.com/repos/openMF/community-app/statuses/{sha}",
        "languages_url": "https://api.github.com/repos/openMF/community-app/languages",
        "stargazers_url": "https://api.github.com/repos/openMF/community-app/stargazers",
        "contributors_url": "https://api.github.com/repos/openMF/community-app/contributors",
        "subscribers_url": "https://api.github.com/repos/openMF/community-app/subscribers",
        "subscription_url": "https://api.github.com/repos/openMF/community-app/subscription",
        "commits_url": "https://api.github.com/repos/openMF/community-app/commits{/sha}",
        "git_commits_url": "https://api.github.com/repos/openMF/community-app/git/commits{/sha}",
        "comments_url": "https://api.github.com/repos/openMF/community-app/comments{/number}",
        "issue_comment_url": "https://api.github.com/repos/openMF/community-app/issues/comments{/number}",
        "contents_url": "https://api.github.com/repos/openMF/community-app/contents/{+path}",
        "compare_url": "https://api.github.com/repos/openMF/community-app/compare/{base}...{head}",
        "merges_url": "https://api.github.com/repos/openMF/community-app/merges",
        "archive_url": "https://api.github.com/repos/openMF/community-app/{archive_format}{/ref}",
        "downloads_url": "https://api.github.com/repos/openMF/community-app/downloads",
        "issues_url": "https://api.github.com/repos/openMF/community-app/issues{/number}",
        "pulls_url": "https://api.github.com/repos/openMF/community-app/pulls{/number}",
        "milestones_url": "https://api.github.com/repos/openMF/community-app/milestones{/number}",
        "notifications_url": "https://api.github.com/repos/openMF/community-app/notifications{?since,all,participating}",
        "labels_url": "https://api.github.com/repos/openMF/community-app/labels{/name}",
        "releases_url": "https://api.github.com/repos/openMF/community-app/releases{/id}",
        "deployments_url": "https://api.github.com/repos/openMF/community-app/deployments",
        "created_at": "2013-05-21T09:09:38Z",
        "updated_at": "2019-08-31T10:12:02Z",
        "pushed_at": "2019-08-29T18:21:46Z",
        "git_url": "git://github.com/openMF/community-app.git",
        "ssh_url": "git@github.com:openMF/community-app.git",
        "clone_url": "https://github.com/openMF/community-app.git",
        "svn_url": "https://github.com/openMF/community-app",
        "homepage": "http://openmf.github.io/community-app/",
        "size": 45823,
        "stargazers_count": 181,
        "watchers_count": 181,
        "language": "HTML",
        "has_issues": true,
        "has_projects": true,
        "has_downloads": true,
        "has_wiki": true,
        "has_pages": true,
        "forks_count": 785,
        "mirror_url": null,
        "archived": false,
        "disabled": false,
        "open_issues_count": 321,
        "license": {
          "key": "mpl-2.0",
          "name": "Mozilla Public License 2.0",
          "spdx_id": "MPL-2.0",
          "url": "https://api.github.com/licenses/mpl-2.0",
          "node_id": "MDc6TGljZW5zZTE0"
        },
        "forks": 785,
        "open_issues": 321,
        "watchers": 181,
        "default_branch": "develop"
      }
    },
    "_links": {
      "self": {
        "href": "https://api.github.com/repos/openMF/community-app/pulls/1306"
      },
      "html": {
        "href": "https://github.com/openMF/community-app/pull/1306"
      },
      "issue": {
        "href": "https://api.github.com/repos/openMF/community-app/issues/1306"
      },
      "comments": {
        "href": "https://api.github.com/repos/openMF/community-app/issues/1306/comments"
      },
      "review_comments": {
        "href": "https://api.github.com/repos/openMF/community-app/pulls/1306/comments"
      },
      "review_comment": {
        "href": "https://api.github.com/repos/openMF/community-app/pulls/comments{/number}"
      },
      "commits": {
        "href": "https://api.github.com/repos/openMF/community-app/pulls/1306/commits"
      },
      "statuses": {
        "href": "https://api.github.com/repos/openMF/community-app/statuses/60d0727b6c774686b7ac122515570acd99cbe541"
      }
    },
    "author_association": "CONTRIBUTOR"
  }
]
