[
  {
    "url": "https://api.github.com/repos/tensorflow/tensorflow/pulls/659",
    "id": 54881443,
    "node_id": "MDExOlB1bGxSZXF1ZXN0NTQ4ODE0NDM=",
    "html_url": "https://github.com/tensorflow/tensorflow/pull/659",
    "diff_url": "https://github.com/tensorflow/tensorflow/pull/659.diff",
    "patch_url": "https://github.com/tensorflow/tensorflow/pull/659.patch",
    "issue_url": "https://api.github.com/repos/tensorflow/tensorflow/issues/659",
    "number": 659,
    "state": "closed",
    "locked": false,
    "title": "Fix typo",
    "user": {
      "login": "ppwwyyxx",
      "id": 1381301,
      "node_id": "MDQ6VXNlcjEzODEzMDE=",
      "avatar_url": "https://avatars3.githubusercontent.com/u/1381301?v=4",
      "gravatar_id": "",
      "url": "https://api.github.com/users/ppwwyyxx",
      "html_url": "https://github.com/ppwwyyxx",
      "followers_url": "https://api.github.com/users/ppwwyyxx/followers",
      "following_url": "https://api.github.com/users/ppwwyyxx/following{/other_user}",
      "gists_url": "https://api.github.com/users/ppwwyyxx/gists{/gist_id}",
      "starred_url": "https://api.github.com/users/ppwwyyxx/starred{/owner}{/repo}",
      "subscriptions_url": "https://api.github.com/users/ppwwyyxx/subscriptions",
      "organizations_url": "https://api.github.com/users/ppwwyyxx/orgs",
      "repos_url": "https://api.github.com/users/ppwwyyxx/repos",
      "events_url": "https://api.github.com/users/ppwwyyxx/events{/privacy}",
      "received_events_url": "https://api.github.com/users/ppwwyyxx/received_events",
      "type": "User",
      "site_admin": false
    },
    "body": "Fix typo\n",
    "created_at": "2015-12-31T21:39:05Z",
    "updated_at": "2015-12-31T21:47:32Z",
    "closed_at": "2015-12-31T21:47:32Z",
    "merged_at": "2015-12-31T21:47:32Z",
    "merge_commit_sha": "16303d9224aa6a0a49968d22458140315bfe9e40",
    "assignee": null,
    "assignees": [

    ],
    "requested_reviewers": [

    ],
    "requested_teams": [

    ],
    "labels": [
      {
        "id": 300136587,
        "node_id": "MDU6TGFiZWwzMDAxMzY1ODc=",
        "url": "https://api.github.com/repos/tensorflow/tensorflow/labels/cla:%20yes",
        "name": "cla: yes",
        "color": "009800",
        "default": false
      }
    ],
    "milestone": null,
    "commits_url": "https://api.github.com/repos/tensorflow/tensorflow/pulls/659/commits",
    "review_comments_url": "https://api.github.com/repos/tensorflow/tensorflow/pulls/659/comments",
    "review_comment_url": "https://api.github.com/repos/tensorflow/tensorflow/pulls/comments{/number}",
    "comments_url": "https://api.github.com/repos/tensorflow/tensorflow/issues/659/comments",
    "statuses_url": "https://api.github.com/repos/tensorflow/tensorflow/statuses/5069e38de26f93b54dd92bf9de6661561dc4bea6",
    "head": {
      "label": "ppwwyyxx:patch-1",
      "ref": "patch-1",
      "sha": "5069e38de26f93b54dd92bf9de6661561dc4bea6",
      "user": {
        "login": "ppwwyyxx",
        "id": 1381301,
        "node_id": "MDQ6VXNlcjEzODEzMDE=",
        "avatar_url": "https://avatars3.githubusercontent.com/u/1381301?v=4",
        "gravatar_id": "",
        "url": "https://api.github.com/users/ppwwyyxx",
        "html_url": "https://github.com/ppwwyyxx",
        "followers_url": "https://api.github.com/users/ppwwyyxx/followers",
        "following_url": "https://api.github.com/users/ppwwyyxx/following{/other_user}",
        "gists_url": "https://api.github.com/users/ppwwyyxx/gists{/gist_id}",
        "starred_url": "https://api.github.com/users/ppwwyyxx/starred{/owner}{/repo}",
        "subscriptions_url": "https://api.github.com/users/ppwwyyxx/subscriptions",
        "organizations_url": "https://api.github.com/users/ppwwyyxx/orgs",
        "repos_url": "https://api.github.com/users/ppwwyyxx/repos",
        "events_url": "https://api.github.com/users/ppwwyyxx/events{/privacy}",
        "received_events_url": "https://api.github.com/users/ppwwyyxx/received_events",
        "type": "User",
        "site_admin": false
      },
      "repo": null
    },
    "base": {
      "label": "tensorflow:master",
      "ref": "master",
      "sha": "266083148c9a1544cd7e3d1881111133045b030b",
      "user": {
        "login": "tensorflow",
        "id": 15658638,
        "node_id": "MDEyOk9yZ2FuaXphdGlvbjE1NjU4NjM4",
        "avatar_url": "https://avatars1.githubusercontent.com/u/15658638?v=4",
        "gravatar_id": "",
        "url": "https://api.github.com/users/tensorflow",
        "html_url": "https://github.com/tensorflow",
        "followers_url": "https://api.github.com/users/tensorflow/followers",
        "following_url": "https://api.github.com/users/tensorflow/following{/other_user}",
        "gists_url": "https://api.github.com/users/tensorflow/gists{/gist_id}",
        "starred_url": "https://api.github.com/users/tensorflow/starred{/owner}{/repo}",
        "subscriptions_url": "https://api.github.com/users/tensorflow/subscriptions",
        "organizations_url": "https://api.github.com/users/tensorflow/orgs",
        "repos_url": "https://api.github.com/users/tensorflow/repos",
        "events_url": "https://api.github.com/users/tensorflow/events{/privacy}",
        "received_events_url": "https://api.github.com/users/tensorflow/received_events",
        "type": "Organization",
        "site_admin": false
      },
      "repo": {
        "id": 45717250,
        "node_id": "MDEwOlJlcG9zaXRvcnk0NTcxNzI1MA==",
        "name": "tensorflow",
        "full_name": "tensorflow/tensorflow",
        "private": false,
        "owner": {
          "login": "tensorflow",
          "id": 15658638,
          "node_id": "MDEyOk9yZ2FuaXphdGlvbjE1NjU4NjM4",
          "avatar_url": "https://avatars1.githubusercontent.com/u/15658638?v=4",
          "gravatar_id": "",
          "url": "https://api.github.com/users/tensorflow",
          "html_url": "https://github.com/tensorflow",
          "followers_url": "https://api.github.com/users/tensorflow/followers",
          "following_url": "https://api.github.com/users/tensorflow/following{/other_user}",
          "gists_url": "https://api.github.com/users/tensorflow/gists{/gist_id}",
          "starred_url": "https://api.github.com/users/tensorflow/starred{/owner}{/repo}",
          "subscriptions_url": "https://api.github.com/users/tensorflow/subscriptions",
          "organizations_url": "https://api.github.com/users/tensorflow/orgs",
          "repos_url": "https://api.github.com/users/tensorflow/repos",
          "events_url": "https://api.github.com/users/tensorflow/events{/privacy}",
          "received_events_url": "https://api.github.com/users/tensorflow/received_events",
          "type": "Organization",
          "site_admin": false
        },
        "html_url": "https://github.com/tensorflow/tensorflow",
        "description": "An Open Source Machine Learning Framework for Everyone",
        "fork": false,
        "url": "https://api.github.com/repos/tensorflow/tensorflow",
        "forks_url": "https://api.github.com/repos/tensorflow/tensorflow/forks",
        "keys_url": "https://api.github.com/repos/tensorflow/tensorflow/keys{/key_id}",
        "collaborators_url": "https://api.github.com/repos/tensorflow/tensorflow/collaborators{/collaborator}",
        "teams_url": "https://api.github.com/repos/tensorflow/tensorflow/teams",
        "hooks_url": "https://api.github.com/repos/tensorflow/tensorflow/hooks",
        "issue_events_url": "https://api.github.com/repos/tensorflow/tensorflow/issues/events{/number}",
        "events_url": "https://api.github.com/repos/tensorflow/tensorflow/events",
        "assignees_url": "https://api.github.com/repos/tensorflow/tensorflow/assignees{/user}",
        "branches_url": "https://api.github.com/repos/tensorflow/tensorflow/branches{/branch}",
        "tags_url": "https://api.github.com/repos/tensorflow/tensorflow/tags",
        "blobs_url": "https://api.github.com/repos/tensorflow/tensorflow/git/blobs{/sha}",
        "git_tags_url": "https://api.github.com/repos/tensorflow/tensorflow/git/tags{/sha}",
        "git_refs_url": "https://api.github.com/repos/tensorflow/tensorflow/git/refs{/sha}",
        "trees_url": "https://api.github.com/repos/tensorflow/tensorflow/git/trees{/sha}",
        "statuses_url": "https://api.github.com/repos/tensorflow/tensorflow/statuses/{sha}",
        "languages_url": "https://api.github.com/repos/tensorflow/tensorflow/languages",
        "stargazers_url": "https://api.github.com/repos/tensorflow/tensorflow/stargazers",
        "contributors_url": "https://api.github.com/repos/tensorflow/tensorflow/contributors",
        "subscribers_url": "https://api.github.com/repos/tensorflow/tensorflow/subscribers",
        "subscription_url": "https://api.github.com/repos/tensorflow/tensorflow/subscription",
        "commits_url": "https://api.github.com/repos/tensorflow/tensorflow/commits{/sha}",
        "git_commits_url": "https://api.github.com/repos/tensorflow/tensorflow/git/commits{/sha}",
        "comments_url": "https://api.github.com/repos/tensorflow/tensorflow/comments{/number}",
        "issue_comment_url": "https://api.github.com/repos/tensorflow/tensorflow/issues/comments{/number}",
        "contents_url": "https://api.github.com/repos/tensorflow/tensorflow/contents/{+path}",
        "compare_url": "https://api.github.com/repos/tensorflow/tensorflow/compare/{base}...{head}",
        "merges_url": "https://api.github.com/repos/tensorflow/tensorflow/merges",
        "archive_url": "https://api.github.com/repos/tensorflow/tensorflow/{archive_format}{/ref}",
        "downloads_url": "https://api.github.com/repos/tensorflow/tensorflow/downloads",
        "issues_url": "https://api.github.com/repos/tensorflow/tensorflow/issues{/number}",
        "pulls_url": "https://api.github.com/repos/tensorflow/tensorflow/pulls{/number}",
        "milestones_url": "https://api.github.com/repos/tensorflow/tensorflow/milestones{/number}",
        "notifications_url": "https://api.github.com/repos/tensorflow/tensorflow/notifications{?since,all,participating}",
        "labels_url": "https://api.github.com/repos/tensorflow/tensorflow/labels{/name}",
        "releases_url": "https://api.github.com/repos/tensorflow/tensorflow/releases{/id}",
        "deployments_url": "https://api.github.com/repos/tensorflow/tensorflow/deployments",
        "created_at": "2015-11-07T01:19:20Z",
        "updated_at": "2019-09-11T01:04:30Z",
        "pushed_at": "2019-09-11T01:04:10Z",
        "git_url": "git://github.com/tensorflow/tensorflow.git",
        "ssh_url": "git@github.com:tensorflow/tensorflow.git",
        "clone_url": "https://github.com/tensorflow/tensorflow.git",
        "svn_url": "https://github.com/tensorflow/tensorflow",
        "homepage": "https://tensorflow.org",
        "size": 397604,
        "stargazers_count": 133787,
        "watchers_count": 133787,
        "language": "C++",
        "has_issues": true,
        "has_projects": true,
        "has_downloads": true,
        "has_wiki": false,
        "has_pages": false,
        "forks_count": 77209,
        "mirror_url": null,
        "archived": false,
        "disabled": false,
        "open_issues_count": 2665,
        "license": {
          "key": "apache-2.0",
          "name": "Apache License 2.0",
          "spdx_id": "Apache-2.0",
          "url": "https://api.github.com/licenses/apache-2.0",
          "node_id": "MDc6TGljZW5zZTI="
        },
        "forks": 77209,
        "open_issues": 2665,
        "watchers": 133787,
        "default_branch": "master"
      }
    },
    "_links": {
      "self": {
        "href": "https://api.github.com/repos/tensorflow/tensorflow/pulls/659"
      },
      "html": {
        "href": "https://github.com/tensorflow/tensorflow/pull/659"
      },
      "issue": {
        "href": "https://api.github.com/repos/tensorflow/tensorflow/issues/659"
      },
      "comments": {
        "href": "https://api.github.com/repos/tensorflow/tensorflow/issues/659/comments"
      },
      "review_comments": {
        "href": "https://api.github.com/repos/tensorflow/tensorflow/pulls/659/comments"
      },
      "review_comment": {
        "href": "https://api.github.com/repos/tensorflow/tensorflow/pulls/comments{/number}"
      },
      "commits": {
        "href": "https://api.github.com/repos/tensorflow/tensorflow/pulls/659/commits"
      },
      "statuses": {
        "href": "https://api.github.com/repos/tensorflow/tensorflow/statuses/5069e38de26f93b54dd92bf9de6661561dc4bea6"
      }
    },
    "author_association": "CONTRIBUTOR"
  }
]
