[
  {
    "url": "https://api.github.com/repos/playframework/play-plugins/pulls/132",
    "id": 23256065,
    "node_id": "MDExOlB1bGxSZXF1ZXN0MjMyNTYwNjU=",
    "html_url": "https://github.com/playframework/play-plugins/pull/132",
    "diff_url": "https://github.com/playframework/play-plugins/pull/132.diff",
    "patch_url": "https://github.com/playframework/play-plugins/pull/132.patch",
    "issue_url": "https://api.github.com/repos/playframework/play-plugins/issues/132",
    "number": 132,
    "state": "closed",
    "locked": true,
    "title": "Redirect javax.mail logging to play.Logger",
    "user": {
      "login": "mkurz",
      "id": 644927,
      "node_id": "MDQ6VXNlcjY0NDkyNw==",
      "avatar_url": "https://avatars2.githubusercontent.com/u/644927?v=4",
      "gravatar_id": "",
      "url": "https://api.github.com/users/mkurz",
      "html_url": "https://github.com/mkurz",
      "followers_url": "https://api.github.com/users/mkurz/followers",
      "following_url": "https://api.github.com/users/mkurz/following{/other_user}",
      "gists_url": "https://api.github.com/users/mkurz/gists{/gist_id}",
      "starred_url": "https://api.github.com/users/mkurz/starred{/owner}{/repo}",
      "subscriptions_url": "https://api.github.com/users/mkurz/subscriptions",
      "organizations_url": "https://api.github.com/users/mkurz/orgs",
      "repos_url": "https://api.github.com/users/mkurz/repos",
      "events_url": "https://api.github.com/users/mkurz/events{/privacy}",
      "received_events_url": "https://api.github.com/users/mkurz/received_events",
      "type": "User",
      "site_admin": false
    },
    "body": "This PR enhances the work/commit done in PR #109 so when setting `smtp.debug=true` the debug information written by `javax.mail` will be redirected to the Play Logger.\nBy default javax.mail [writes debug information to System.out](http://www.oracle.com/technetwork/java/faq-135477.html#debug). If you are interested you can dig into [the source of javax.mail.Session](http://grepcode.com/file/repo1.maven.org/maven2/com.sun.mail/javax.mail/1.4.4/javax/mail/Session.java) to see how it handles logging (`getDebugOut`, `setDebugOut` and `pr` are the interesting methods).\n\nThis PR is based on [this question on stackoverflow](http://stackoverflow.com/questions/2118370).\n",
    "created_at": "2014-10-23T20:17:24Z",
    "updated_at": "2016-06-20T16:01:23Z",
    "closed_at": "2014-10-23T21:01:40Z",
    "merged_at": "2014-10-23T21:01:40Z",
    "merge_commit_sha": "03df3176e6e8a6f516890944bfaf3a82b0c3307e",
    "assignee": null,
    "assignees": [

    ],
    "requested_reviewers": [

    ],
    "requested_teams": [

    ],
    "labels": [

    ],
    "milestone": null,
    "commits_url": "https://api.github.com/repos/playframework/play-plugins/pulls/132/commits",
    "review_comments_url": "https://api.github.com/repos/playframework/play-plugins/pulls/132/comments",
    "review_comment_url": "https://api.github.com/repos/playframework/play-plugins/pulls/comments{/number}",
    "comments_url": "https://api.github.com/repos/playframework/play-plugins/issues/132/comments",
    "statuses_url": "https://api.github.com/repos/playframework/play-plugins/statuses/0a59baf16a008be20505dd47bda9ce70d66d5889",
    "head": {
      "label": "mkurz:enhancedLogging",
      "ref": "enhancedLogging",
      "sha": "0a59baf16a008be20505dd47bda9ce70d66d5889",
      "user": {
        "login": "mkurz",
        "id": 644927,
        "node_id": "MDQ6VXNlcjY0NDkyNw==",
        "avatar_url": "https://avatars2.githubusercontent.com/u/644927?v=4",
        "gravatar_id": "",
        "url": "https://api.github.com/users/mkurz",
        "html_url": "https://github.com/mkurz",
        "followers_url": "https://api.github.com/users/mkurz/followers",
        "following_url": "https://api.github.com/users/mkurz/following{/other_user}",
        "gists_url": "https://api.github.com/users/mkurz/gists{/gist_id}",
        "starred_url": "https://api.github.com/users/mkurz/starred{/owner}{/repo}",
        "subscriptions_url": "https://api.github.com/users/mkurz/subscriptions",
        "organizations_url": "https://api.github.com/users/mkurz/orgs",
        "repos_url": "https://api.github.com/users/mkurz/repos",
        "events_url": "https://api.github.com/users/mkurz/events{/privacy}",
        "received_events_url": "https://api.github.com/users/mkurz/received_events",
        "type": "User",
        "site_admin": false
      },
      "repo": {
        "id": 24186832,
        "node_id": "MDEwOlJlcG9zaXRvcnkyNDE4NjgzMg==",
        "name": "play-plugins",
        "full_name": "mkurz/play-plugins",
        "private": false,
        "owner": {
          "login": "mkurz",
          "id": 644927,
          "node_id": "MDQ6VXNlcjY0NDkyNw==",
          "avatar_url": "https://avatars2.githubusercontent.com/u/644927?v=4",
          "gravatar_id": "",
          "url": "https://api.github.com/users/mkurz",
          "html_url": "https://github.com/mkurz",
          "followers_url": "https://api.github.com/users/mkurz/followers",
          "following_url": "https://api.github.com/users/mkurz/following{/other_user}",
          "gists_url": "https://api.github.com/users/mkurz/gists{/gist_id}",
          "starred_url": "https://api.github.com/users/mkurz/starred{/owner}{/repo}",
          "subscriptions_url": "https://api.github.com/users/mkurz/subscriptions",
          "organizations_url": "https://api.github.com/users/mkurz/orgs",
          "repos_url": "https://api.github.com/users/mkurz/repos",
          "events_url": "https://api.github.com/users/mkurz/events{/privacy}",
          "received_events_url": "https://api.github.com/users/mkurz/received_events",
          "type": "User",
          "site_admin": false
        },
        "html_url": "https://github.com/mkurz/play-plugins",
        "description": null,
        "fork": true,
        "url": "https://api.github.com/repos/mkurz/play-plugins",
        "forks_url": "https://api.github.com/repos/mkurz/play-plugins/forks",
        "keys_url": "https://api.github.com/repos/mkurz/play-plugins/keys{/key_id}",
        "collaborators_url": "https://api.github.com/repos/mkurz/play-plugins/collaborators{/collaborator}",
        "teams_url": "https://api.github.com/repos/mkurz/play-plugins/teams",
        "hooks_url": "https://api.github.com/repos/mkurz/play-plugins/hooks",
        "issue_events_url": "https://api.github.com/repos/mkurz/play-plugins/issues/events{/number}",
        "events_url": "https://api.github.com/repos/mkurz/play-plugins/events",
        "assignees_url": "https://api.github.com/repos/mkurz/play-plugins/assignees{/user}",
        "branches_url": "https://api.github.com/repos/mkurz/play-plugins/branches{/branch}",
        "tags_url": "https://api.github.com/repos/mkurz/play-plugins/tags",
        "blobs_url": "https://api.github.com/repos/mkurz/play-plugins/git/blobs{/sha}",
        "git_tags_url": "https://api.github.com/repos/mkurz/play-plugins/git/tags{/sha}",
        "git_refs_url": "https://api.github.com/repos/mkurz/play-plugins/git/refs{/sha}",
        "trees_url": "https://api.github.com/repos/mkurz/play-plugins/git/trees{/sha}",
        "statuses_url": "https://api.github.com/repos/mkurz/play-plugins/statuses/{sha}",
        "languages_url": "https://api.github.com/repos/mkurz/play-plugins/languages",
        "stargazers_url": "https://api.github.com/repos/mkurz/play-plugins/stargazers",
        "contributors_url": "https://api.github.com/repos/mkurz/play-plugins/contributors",
        "subscribers_url": "https://api.github.com/repos/mkurz/play-plugins/subscribers",
        "subscription_url": "https://api.github.com/repos/mkurz/play-plugins/subscription",
        "commits_url": "https://api.github.com/repos/mkurz/play-plugins/commits{/sha}",
        "git_commits_url": "https://api.github.com/repos/mkurz/play-plugins/git/commits{/sha}",
        "comments_url": "https://api.github.com/repos/mkurz/play-plugins/comments{/number}",
        "issue_comment_url": "https://api.github.com/repos/mkurz/play-plugins/issues/comments{/number}",
        "contents_url": "https://api.github.com/repos/mkurz/play-plugins/contents/{+path}",
        "compare_url": "https://api.github.com/repos/mkurz/play-plugins/compare/{base}...{head}",
        "merges_url": "https://api.github.com/repos/mkurz/play-plugins/merges",
        "archive_url": "https://api.github.com/repos/mkurz/play-plugins/{archive_format}{/ref}",
        "downloads_url": "https://api.github.com/repos/mkurz/play-plugins/downloads",
        "issues_url": "https://api.github.com/repos/mkurz/play-plugins/issues{/number}",
        "pulls_url": "https://api.github.com/repos/mkurz/play-plugins/pulls{/number}",
        "milestones_url": "https://api.github.com/repos/mkurz/play-plugins/milestones{/number}",
        "notifications_url": "https://api.github.com/repos/mkurz/play-plugins/notifications{?since,all,participating}",
        "labels_url": "https://api.github.com/repos/mkurz/play-plugins/labels{/name}",
        "releases_url": "https://api.github.com/repos/mkurz/play-plugins/releases{/id}",
        "deployments_url": "https://api.github.com/repos/mkurz/play-plugins/deployments",
        "created_at": "2014-09-18T12:14:25Z",
        "updated_at": "2016-06-20T16:01:19Z",
        "pushed_at": "2014-10-27T11:37:27Z",
        "git_url": "git://github.com/mkurz/play-plugins.git",
        "ssh_url": "git@github.com:mkurz/play-plugins.git",
        "clone_url": "https://github.com/mkurz/play-plugins.git",
        "svn_url": "https://github.com/mkurz/play-plugins",
        "homepage": "",
        "size": 544,
        "stargazers_count": 0,
        "watchers_count": 0,
        "language": "JavaScript",
        "has_issues": false,
        "has_projects": true,
        "has_downloads": true,
        "has_wiki": true,
        "has_pages": false,
        "forks_count": 0,
        "mirror_url": null,
        "archived": false,
        "disabled": false,
        "open_issues_count": 0,
        "license": null,
        "forks": 0,
        "open_issues": 0,
        "watchers": 0,
        "default_branch": "master"
      }
    },
    "base": {
      "label": "playframework:master",
      "ref": "master",
      "sha": "18d0393d0e467450f94d5213f5c6f19f679e4a26",
      "user": {
        "login": "playframework",
        "id": 319107,
        "node_id": "MDEyOk9yZ2FuaXphdGlvbjMxOTEwNw==",
        "avatar_url": "https://avatars0.githubusercontent.com/u/319107?v=4",
        "gravatar_id": "",
        "url": "https://api.github.com/users/playframework",
        "html_url": "https://github.com/playframework",
        "followers_url": "https://api.github.com/users/playframework/followers",
        "following_url": "https://api.github.com/users/playframework/following{/other_user}",
        "gists_url": "https://api.github.com/users/playframework/gists{/gist_id}",
        "starred_url": "https://api.github.com/users/playframework/starred{/owner}{/repo}",
        "subscriptions_url": "https://api.github.com/users/playframework/subscriptions",
        "organizations_url": "https://api.github.com/users/playframework/orgs",
        "repos_url": "https://api.github.com/users/playframework/repos",
        "events_url": "https://api.github.com/users/playframework/events{/privacy}",
        "received_events_url": "https://api.github.com/users/playframework/received_events",
        "type": "Organization",
        "site_admin": false
      },
      "repo": {
        "id": 3603088,
        "node_id": "MDEwOlJlcG9zaXRvcnkzNjAzMDg4",
        "name": "play-plugins",
        "full_name": "playframework/play-plugins",
        "private": false,
        "owner": {
          "login": "playframework",
          "id": 319107,
          "node_id": "MDEyOk9yZ2FuaXphdGlvbjMxOTEwNw==",
          "avatar_url": "https://avatars0.githubusercontent.com/u/319107?v=4",
          "gravatar_id": "",
          "url": "https://api.github.com/users/playframework",
          "html_url": "https://github.com/playframework",
          "followers_url": "https://api.github.com/users/playframework/followers",
          "following_url": "https://api.github.com/users/playframework/following{/other_user}",
          "gists_url": "https://api.github.com/users/playframework/gists{/gist_id}",
          "starred_url": "https://api.github.com/users/playframework/starred{/owner}{/repo}",
          "subscriptions_url": "https://api.github.com/users/playframework/subscriptions",
          "organizations_url": "https://api.github.com/users/playframework/orgs",
          "repos_url": "https://api.github.com/users/playframework/repos",
          "events_url": "https://api.github.com/users/playframework/events{/privacy}",
          "received_events_url": "https://api.github.com/users/playframework/received_events",
          "type": "Organization",
          "site_admin": false
        },
        "html_url": "https://github.com/playframework/play-plugins",
        "description": "CachePlugin",
        "fork": false,
        "url": "https://api.github.com/repos/playframework/play-plugins",
        "forks_url": "https://api.github.com/repos/playframework/play-plugins/forks",
        "keys_url": "https://api.github.com/repos/playframework/play-plugins/keys{/key_id}",
        "collaborators_url": "https://api.github.com/repos/playframework/play-plugins/collaborators{/collaborator}",
        "teams_url": "https://api.github.com/repos/playframework/play-plugins/teams",
        "hooks_url": "https://api.github.com/repos/playframework/play-plugins/hooks",
        "issue_events_url": "https://api.github.com/repos/playframework/play-plugins/issues/events{/number}",
        "events_url": "https://api.github.com/repos/playframework/play-plugins/events",
        "assignees_url": "https://api.github.com/repos/playframework/play-plugins/assignees{/user}",
        "branches_url": "https://api.github.com/repos/playframework/play-plugins/branches{/branch}",
        "tags_url": "https://api.github.com/repos/playframework/play-plugins/tags",
        "blobs_url": "https://api.github.com/repos/playframework/play-plugins/git/blobs{/sha}",
        "git_tags_url": "https://api.github.com/repos/playframework/play-plugins/git/tags{/sha}",
        "git_refs_url": "https://api.github.com/repos/playframework/play-plugins/git/refs{/sha}",
        "trees_url": "https://api.github.com/repos/playframework/play-plugins/git/trees{/sha}",
        "statuses_url": "https://api.github.com/repos/playframework/play-plugins/statuses/{sha}",
        "languages_url": "https://api.github.com/repos/playframework/play-plugins/languages",
        "stargazers_url": "https://api.github.com/repos/playframework/play-plugins/stargazers",
        "contributors_url": "https://api.github.com/repos/playframework/play-plugins/contributors",
        "subscribers_url": "https://api.github.com/repos/playframework/play-plugins/subscribers",
        "subscription_url": "https://api.github.com/repos/playframework/play-plugins/subscription",
        "commits_url": "https://api.github.com/repos/playframework/play-plugins/commits{/sha}",
        "git_commits_url": "https://api.github.com/repos/playframework/play-plugins/git/commits{/sha}",
        "comments_url": "https://api.github.com/repos/playframework/play-plugins/comments{/number}",
        "issue_comment_url": "https://api.github.com/repos/playframework/play-plugins/issues/comments{/number}",
        "contents_url": "https://api.github.com/repos/playframework/play-plugins/contents/{+path}",
        "compare_url": "https://api.github.com/repos/playframework/play-plugins/compare/{base}...{head}",
        "merges_url": "https://api.github.com/repos/playframework/play-plugins/merges",
        "archive_url": "https://api.github.com/repos/playframework/play-plugins/{archive_format}{/ref}",
        "downloads_url": "https://api.github.com/repos/playframework/play-plugins/downloads",
        "issues_url": "https://api.github.com/repos/playframework/play-plugins/issues{/number}",
        "pulls_url": "https://api.github.com/repos/playframework/play-plugins/pulls{/number}",
        "milestones_url": "https://api.github.com/repos/playframework/play-plugins/milestones{/number}",
        "notifications_url": "https://api.github.com/repos/playframework/play-plugins/notifications{?since,all,participating}",
        "labels_url": "https://api.github.com/repos/playframework/play-plugins/labels{/name}",
        "releases_url": "https://api.github.com/repos/playframework/play-plugins/releases{/id}",
        "deployments_url": "https://api.github.com/repos/playframework/play-plugins/deployments",
        "created_at": "2012-03-02T15:01:26Z",
        "updated_at": "2019-08-13T14:58:08Z",
        "pushed_at": "2016-06-27T01:20:59Z",
        "git_url": "git://github.com/playframework/play-plugins.git",
        "ssh_url": "git@github.com:playframework/play-plugins.git",
        "clone_url": "https://github.com/playframework/play-plugins.git",
        "svn_url": "https://github.com/playframework/play-plugins",
        "homepage": "",
        "size": 599,
        "stargazers_count": 455,
        "watchers_count": 455,
        "language": "JavaScript",
        "has_issues": true,
        "has_projects": true,
        "has_downloads": true,
        "has_wiki": true,
        "has_pages": false,
        "forks_count": 172,
        "mirror_url": null,
        "archived": true,
        "disabled": false,
        "open_issues_count": 51,
        "license": null,
        "forks": 172,
        "open_issues": 51,
        "watchers": 455,
        "default_branch": "master"
      }
    },
    "_links": {
      "self": {
        "href": "https://api.github.com/repos/playframework/play-plugins/pulls/132"
      },
      "html": {
        "href": "https://github.com/playframework/play-plugins/pull/132"
      },
      "issue": {
        "href": "https://api.github.com/repos/playframework/play-plugins/issues/132"
      },
      "comments": {
        "href": "https://api.github.com/repos/playframework/play-plugins/issues/132/comments"
      },
      "review_comments": {
        "href": "https://api.github.com/repos/playframework/play-plugins/pulls/132/comments"
      },
      "review_comment": {
        "href": "https://api.github.com/repos/playframework/play-plugins/pulls/comments{/number}"
      },
      "commits": {
        "href": "https://api.github.com/repos/playframework/play-plugins/pulls/132/commits"
      },
      "statuses": {
        "href": "https://api.github.com/repos/playframework/play-plugins/statuses/0a59baf16a008be20505dd47bda9ce70d66d5889"
      }
    },
    "author_association": "MEMBER"
  }
]
