[
  {
    "url": "https://api.github.com/repos/iglesias/shogun-gsoc-ideas/pulls/3",
    "id": 12691273,
    "node_id": "MDExOlB1bGxSZXF1ZXN0MTI2OTEyNzM=",
    "html_url": "https://github.com/iglesias/shogun-gsoc-ideas/pull/3",
    "diff_url": "https://github.com/iglesias/shogun-gsoc-ideas/pull/3.diff",
    "patch_url": "https://github.com/iglesias/shogun-gsoc-ideas/pull/3.patch",
    "issue_url": "https://api.github.com/repos/iglesias/shogun-gsoc-ideas/issues/3",
    "number": 3,
    "state": "closed",
    "locked": false,
    "title": "Independent jobs Framework",
    "user": {
      "login": "vigsterkr",
      "id": 30353,
      "node_id": "MDQ6VXNlcjMwMzUz",
      "avatar_url": "https://avatars1.githubusercontent.com/u/30353?v=4",
      "gravatar_id": "",
      "url": "https://api.github.com/users/vigsterkr",
      "html_url": "https://github.com/vigsterkr",
      "followers_url": "https://api.github.com/users/vigsterkr/followers",
      "following_url": "https://api.github.com/users/vigsterkr/following{/other_user}",
      "gists_url": "https://api.github.com/users/vigsterkr/gists{/gist_id}",
      "starred_url": "https://api.github.com/users/vigsterkr/starred{/owner}{/repo}",
      "subscriptions_url": "https://api.github.com/users/vigsterkr/subscriptions",
      "organizations_url": "https://api.github.com/users/vigsterkr/orgs",
      "repos_url": "https://api.github.com/users/vigsterkr/repos",
      "events_url": "https://api.github.com/users/vigsterkr/events{/privacy}",
      "received_events_url": "https://api.github.com/users/vigsterkr/received_events",
      "type": "User",
      "site_admin": false
    },
    "body": "re-adding the IJF to ideas list\n",
    "created_at": "2014-02-19T10:14:19Z",
    "updated_at": "2014-02-19T10:21:14Z",
    "closed_at": "2014-02-19T10:21:14Z",
    "merged_at": "2014-02-19T10:21:14Z",
    "merge_commit_sha": "6922d8c77ebc4ed52d9a585d56cd3e99e80d1f53",
    "assignee": null,
    "assignees": [

    ],
    "requested_reviewers": [

    ],
    "requested_teams": [

    ],
    "labels": [

    ],
    "milestone": null,
    "commits_url": "https://api.github.com/repos/iglesias/shogun-gsoc-ideas/pulls/3/commits",
    "review_comments_url": "https://api.github.com/repos/iglesias/shogun-gsoc-ideas/pulls/3/comments",
    "review_comment_url": "https://api.github.com/repos/iglesias/shogun-gsoc-ideas/pulls/comments{/number}",
    "comments_url": "https://api.github.com/repos/iglesias/shogun-gsoc-ideas/issues/3/comments",
    "statuses_url": "https://api.github.com/repos/iglesias/shogun-gsoc-ideas/statuses/3ffc208e15ed19380e74ab534239297a09dc1f68",
    "head": {
      "label": "vigsterkr:master",
      "ref": "master",
      "sha": "3ffc208e15ed19380e74ab534239297a09dc1f68",
      "user": {
        "login": "vigsterkr",
        "id": 30353,
        "node_id": "MDQ6VXNlcjMwMzUz",
        "avatar_url": "https://avatars1.githubusercontent.com/u/30353?v=4",
        "gravatar_id": "",
        "url": "https://api.github.com/users/vigsterkr",
        "html_url": "https://github.com/vigsterkr",
        "followers_url": "https://api.github.com/users/vigsterkr/followers",
        "following_url": "https://api.github.com/users/vigsterkr/following{/other_user}",
        "gists_url": "https://api.github.com/users/vigsterkr/gists{/gist_id}",
        "starred_url": "https://api.github.com/users/vigsterkr/starred{/owner}{/repo}",
        "subscriptions_url": "https://api.github.com/users/vigsterkr/subscriptions",
        "organizations_url": "https://api.github.com/users/vigsterkr/orgs",
        "repos_url": "https://api.github.com/users/vigsterkr/repos",
        "events_url": "https://api.github.com/users/vigsterkr/events{/privacy}",
        "received_events_url": "https://api.github.com/users/vigsterkr/received_events",
        "type": "User",
        "site_admin": false
      },
      "repo": {
        "id": 16979275,
        "node_id": "MDEwOlJlcG9zaXRvcnkxNjk3OTI3NQ==",
        "name": "shogun-gsoc2014-ideas",
        "full_name": "vigsterkr/shogun-gsoc2014-ideas",
        "private": false,
        "owner": {
          "login": "vigsterkr",
          "id": 30353,
          "node_id": "MDQ6VXNlcjMwMzUz",
          "avatar_url": "https://avatars1.githubusercontent.com/u/30353?v=4",
          "gravatar_id": "",
          "url": "https://api.github.com/users/vigsterkr",
          "html_url": "https://github.com/vigsterkr",
          "followers_url": "https://api.github.com/users/vigsterkr/followers",
          "following_url": "https://api.github.com/users/vigsterkr/following{/other_user}",
          "gists_url": "https://api.github.com/users/vigsterkr/gists{/gist_id}",
          "starred_url": "https://api.github.com/users/vigsterkr/starred{/owner}{/repo}",
          "subscriptions_url": "https://api.github.com/users/vigsterkr/subscriptions",
          "organizations_url": "https://api.github.com/users/vigsterkr/orgs",
          "repos_url": "https://api.github.com/users/vigsterkr/repos",
          "events_url": "https://api.github.com/users/vigsterkr/events{/privacy}",
          "received_events_url": "https://api.github.com/users/vigsterkr/received_events",
          "type": "User",
          "site_admin": false
        },
        "html_url": "https://github.com/vigsterkr/shogun-gsoc2014-ideas",
        "description": "GSoC 2014 project ideas for Shogun",
        "fork": true,
        "url": "https://api.github.com/repos/vigsterkr/shogun-gsoc2014-ideas",
        "forks_url": "https://api.github.com/repos/vigsterkr/shogun-gsoc2014-ideas/forks",
        "keys_url": "https://api.github.com/repos/vigsterkr/shogun-gsoc2014-ideas/keys{/key_id}",
        "collaborators_url": "https://api.github.com/repos/vigsterkr/shogun-gsoc2014-ideas/collaborators{/collaborator}",
        "teams_url": "https://api.github.com/repos/vigsterkr/shogun-gsoc2014-ideas/teams",
        "hooks_url": "https://api.github.com/repos/vigsterkr/shogun-gsoc2014-ideas/hooks",
        "issue_events_url": "https://api.github.com/repos/vigsterkr/shogun-gsoc2014-ideas/issues/events{/number}",
        "events_url": "https://api.github.com/repos/vigsterkr/shogun-gsoc2014-ideas/events",
        "assignees_url": "https://api.github.com/repos/vigsterkr/shogun-gsoc2014-ideas/assignees{/user}",
        "branches_url": "https://api.github.com/repos/vigsterkr/shogun-gsoc2014-ideas/branches{/branch}",
        "tags_url": "https://api.github.com/repos/vigsterkr/shogun-gsoc2014-ideas/tags",
        "blobs_url": "https://api.github.com/repos/vigsterkr/shogun-gsoc2014-ideas/git/blobs{/sha}",
        "git_tags_url": "https://api.github.com/repos/vigsterkr/shogun-gsoc2014-ideas/git/tags{/sha}",
        "git_refs_url": "https://api.github.com/repos/vigsterkr/shogun-gsoc2014-ideas/git/refs{/sha}",
        "trees_url": "https://api.github.com/repos/vigsterkr/shogun-gsoc2014-ideas/git/trees{/sha}",
        "statuses_url": "https://api.github.com/repos/vigsterkr/shogun-gsoc2014-ideas/statuses/{sha}",
        "languages_url": "https://api.github.com/repos/vigsterkr/shogun-gsoc2014-ideas/languages",
        "stargazers_url": "https://api.github.com/repos/vigsterkr/shogun-gsoc2014-ideas/stargazers",
        "contributors_url": "https://api.github.com/repos/vigsterkr/shogun-gsoc2014-ideas/contributors",
        "subscribers_url": "https://api.github.com/repos/vigsterkr/shogun-gsoc2014-ideas/subscribers",
        "subscription_url": "https://api.github.com/repos/vigsterkr/shogun-gsoc2014-ideas/subscription",
        "commits_url": "https://api.github.com/repos/vigsterkr/shogun-gsoc2014-ideas/commits{/sha}",
        "git_commits_url": "https://api.github.com/repos/vigsterkr/shogun-gsoc2014-ideas/git/commits{/sha}",
        "comments_url": "https://api.github.com/repos/vigsterkr/shogun-gsoc2014-ideas/comments{/number}",
        "issue_comment_url": "https://api.github.com/repos/vigsterkr/shogun-gsoc2014-ideas/issues/comments{/number}",
        "contents_url": "https://api.github.com/repos/vigsterkr/shogun-gsoc2014-ideas/contents/{+path}",
        "compare_url": "https://api.github.com/repos/vigsterkr/shogun-gsoc2014-ideas/compare/{base}...{head}",
        "merges_url": "https://api.github.com/repos/vigsterkr/shogun-gsoc2014-ideas/merges",
        "archive_url": "https://api.github.com/repos/vigsterkr/shogun-gsoc2014-ideas/{archive_format}{/ref}",
        "downloads_url": "https://api.github.com/repos/vigsterkr/shogun-gsoc2014-ideas/downloads",
        "issues_url": "https://api.github.com/repos/vigsterkr/shogun-gsoc2014-ideas/issues{/number}",
        "pulls_url": "https://api.github.com/repos/vigsterkr/shogun-gsoc2014-ideas/pulls{/number}",
        "milestones_url": "https://api.github.com/repos/vigsterkr/shogun-gsoc2014-ideas/milestones{/number}",
        "notifications_url": "https://api.github.com/repos/vigsterkr/shogun-gsoc2014-ideas/notifications{?since,all,participating}",
        "labels_url": "https://api.github.com/repos/vigsterkr/shogun-gsoc2014-ideas/labels{/name}",
        "releases_url": "https://api.github.com/repos/vigsterkr/shogun-gsoc2014-ideas/releases{/id}",
        "deployments_url": "https://api.github.com/repos/vigsterkr/shogun-gsoc2014-ideas/deployments",
        "created_at": "2014-02-19T09:27:04Z",
        "updated_at": "2014-02-19T19:31:13Z",
        "pushed_at": "2014-02-19T19:30:05Z",
        "git_url": "git://github.com/vigsterkr/shogun-gsoc2014-ideas.git",
        "ssh_url": "git@github.com:vigsterkr/shogun-gsoc2014-ideas.git",
        "clone_url": "https://github.com/vigsterkr/shogun-gsoc2014-ideas.git",
        "svn_url": "https://github.com/vigsterkr/shogun-gsoc2014-ideas",
        "homepage": null,
        "size": 239,
        "stargazers_count": 0,
        "watchers_count": 0,
        "language": null,
        "has_issues": false,
        "has_projects": true,
        "has_downloads": true,
        "has_wiki": true,
        "has_pages": false,
        "forks_count": 0,
        "mirror_url": null,
        "archived": false,
        "disabled": false,
        "open_issues_count": 0,
        "license": null,
        "forks": 0,
        "open_issues": 0,
        "watchers": 0,
        "default_branch": "master"
      }
    },
    "base": {
      "label": "iglesias:master",
      "ref": "master",
      "sha": "e48f4056a7bfed814b25c9faa07855823d54b3b7",
      "user": {
        "login": "iglesias",
        "id": 1158006,
        "node_id": "MDQ6VXNlcjExNTgwMDY=",
        "avatar_url": "https://avatars3.githubusercontent.com/u/1158006?v=4",
        "gravatar_id": "",
        "url": "https://api.github.com/users/iglesias",
        "html_url": "https://github.com/iglesias",
        "followers_url": "https://api.github.com/users/iglesias/followers",
        "following_url": "https://api.github.com/users/iglesias/following{/other_user}",
        "gists_url": "https://api.github.com/users/iglesias/gists{/gist_id}",
        "starred_url": "https://api.github.com/users/iglesias/starred{/owner}{/repo}",
        "subscriptions_url": "https://api.github.com/users/iglesias/subscriptions",
        "organizations_url": "https://api.github.com/users/iglesias/orgs",
        "repos_url": "https://api.github.com/users/iglesias/repos",
        "events_url": "https://api.github.com/users/iglesias/events{/privacy}",
        "received_events_url": "https://api.github.com/users/iglesias/received_events",
        "type": "User",
        "site_admin": false
      },
      "repo": {
        "id": 16844171,
        "node_id": "MDEwOlJlcG9zaXRvcnkxNjg0NDE3MQ==",
        "name": "shogun-gsoc-ideas",
        "full_name": "iglesias/shogun-gsoc-ideas",
        "private": false,
        "owner": {
          "login": "iglesias",
          "id": 1158006,
          "node_id": "MDQ6VXNlcjExNTgwMDY=",
          "avatar_url": "https://avatars3.githubusercontent.com/u/1158006?v=4",
          "gravatar_id": "",
          "url": "https://api.github.com/users/iglesias",
          "html_url": "https://github.com/iglesias",
          "followers_url": "https://api.github.com/users/iglesias/followers",
          "following_url": "https://api.github.com/users/iglesias/following{/other_user}",
          "gists_url": "https://api.github.com/users/iglesias/gists{/gist_id}",
          "starred_url": "https://api.github.com/users/iglesias/starred{/owner}{/repo}",
          "subscriptions_url": "https://api.github.com/users/iglesias/subscriptions",
          "organizations_url": "https://api.github.com/users/iglesias/orgs",
          "repos_url": "https://api.github.com/users/iglesias/repos",
          "events_url": "https://api.github.com/users/iglesias/events{/privacy}",
          "received_events_url": "https://api.github.com/users/iglesias/received_events",
          "type": "User",
          "site_admin": false
        },
        "html_url": "https://github.com/iglesias/shogun-gsoc-ideas",
        "description": "GSoC 2014 project ideas for Shogun",
        "fork": false,
        "url": "https://api.github.com/repos/iglesias/shogun-gsoc-ideas",
        "forks_url": "https://api.github.com/repos/iglesias/shogun-gsoc-ideas/forks",
        "keys_url": "https://api.github.com/repos/iglesias/shogun-gsoc-ideas/keys{/key_id}",
        "collaborators_url": "https://api.github.com/repos/iglesias/shogun-gsoc-ideas/collaborators{/collaborator}",
        "teams_url": "https://api.github.com/repos/iglesias/shogun-gsoc-ideas/teams",
        "hooks_url": "https://api.github.com/repos/iglesias/shogun-gsoc-ideas/hooks",
        "issue_events_url": "https://api.github.com/repos/iglesias/shogun-gsoc-ideas/issues/events{/number}",
        "events_url": "https://api.github.com/repos/iglesias/shogun-gsoc-ideas/events",
        "assignees_url": "https://api.github.com/repos/iglesias/shogun-gsoc-ideas/assignees{/user}",
        "branches_url": "https://api.github.com/repos/iglesias/shogun-gsoc-ideas/branches{/branch}",
        "tags_url": "https://api.github.com/repos/iglesias/shogun-gsoc-ideas/tags",
        "blobs_url": "https://api.github.com/repos/iglesias/shogun-gsoc-ideas/git/blobs{/sha}",
        "git_tags_url": "https://api.github.com/repos/iglesias/shogun-gsoc-ideas/git/tags{/sha}",
        "git_refs_url": "https://api.github.com/repos/iglesias/shogun-gsoc-ideas/git/refs{/sha}",
        "trees_url": "https://api.github.com/repos/iglesias/shogun-gsoc-ideas/git/trees{/sha}",
        "statuses_url": "https://api.github.com/repos/iglesias/shogun-gsoc-ideas/statuses/{sha}",
        "languages_url": "https://api.github.com/repos/iglesias/shogun-gsoc-ideas/languages",
        "stargazers_url": "https://api.github.com/repos/iglesias/shogun-gsoc-ideas/stargazers",
        "contributors_url": "https://api.github.com/repos/iglesias/shogun-gsoc-ideas/contributors",
        "subscribers_url": "https://api.github.com/repos/iglesias/shogun-gsoc-ideas/subscribers",
        "subscription_url": "https://api.github.com/repos/iglesias/shogun-gsoc-ideas/subscription",
        "commits_url": "https://api.github.com/repos/iglesias/shogun-gsoc-ideas/commits{/sha}",
        "git_commits_url": "https://api.github.com/repos/iglesias/shogun-gsoc-ideas/git/commits{/sha}",
        "comments_url": "https://api.github.com/repos/iglesias/shogun-gsoc-ideas/comments{/number}",
        "issue_comment_url": "https://api.github.com/repos/iglesias/shogun-gsoc-ideas/issues/comments{/number}",
        "contents_url": "https://api.github.com/repos/iglesias/shogun-gsoc-ideas/contents/{+path}",
        "compare_url": "https://api.github.com/repos/iglesias/shogun-gsoc-ideas/compare/{base}...{head}",
        "merges_url": "https://api.github.com/repos/iglesias/shogun-gsoc-ideas/merges",
        "archive_url": "https://api.github.com/repos/iglesias/shogun-gsoc-ideas/{archive_format}{/ref}",
        "downloads_url": "https://api.github.com/repos/iglesias/shogun-gsoc-ideas/downloads",
        "issues_url": "https://api.github.com/repos/iglesias/shogun-gsoc-ideas/issues{/number}",
        "pulls_url": "https://api.github.com/repos/iglesias/shogun-gsoc-ideas/pulls{/number}",
        "milestones_url": "https://api.github.com/repos/iglesias/shogun-gsoc-ideas/milestones{/number}",
        "notifications_url": "https://api.github.com/repos/iglesias/shogun-gsoc-ideas/notifications{?since,all,participating}",
        "labels_url": "https://api.github.com/repos/iglesias/shogun-gsoc-ideas/labels{/name}",
        "releases_url": "https://api.github.com/repos/iglesias/shogun-gsoc-ideas/releases{/id}",
        "deployments_url": "https://api.github.com/repos/iglesias/shogun-gsoc-ideas/deployments",
        "created_at": "2014-02-14T17:24:56Z",
        "updated_at": "2015-02-10T10:18:05Z",
        "pushed_at": "2014-06-14T08:58:02Z",
        "git_url": "git://github.com/iglesias/shogun-gsoc-ideas.git",
        "ssh_url": "git@github.com:iglesias/shogun-gsoc-ideas.git",
        "clone_url": "https://github.com/iglesias/shogun-gsoc-ideas.git",
        "svn_url": "https://github.com/iglesias/shogun-gsoc-ideas",
        "homepage": null,
        "size": 514,
        "stargazers_count": 0,
        "watchers_count": 0,
        "language": null,
        "has_issues": true,
        "has_projects": true,
        "has_downloads": true,
        "has_wiki": true,
        "has_pages": false,
        "forks_count": 3,
        "mirror_url": null,
        "archived": false,
        "disabled": false,
        "open_issues_count": 0,
        "license": null,
        "forks": 3,
        "open_issues": 0,
        "watchers": 0,
        "default_branch": "master"
      }
    },
    "_links": {
      "self": {
        "href": "https://api.github.com/repos/iglesias/shogun-gsoc-ideas/pulls/3"
      },
      "html": {
        "href": "https://github.com/iglesias/shogun-gsoc-ideas/pull/3"
      },
      "issue": {
        "href": "https://api.github.com/repos/iglesias/shogun-gsoc-ideas/issues/3"
      },
      "comments": {
        "href": "https://api.github.com/repos/iglesias/shogun-gsoc-ideas/issues/3/comments"
      },
      "review_comments": {
        "href": "https://api.github.com/repos/iglesias/shogun-gsoc-ideas/pulls/3/comments"
      },
      "review_comment": {
        "href": "https://api.github.com/repos/iglesias/shogun-gsoc-ideas/pulls/comments{/number}"
      },
      "commits": {
        "href": "https://api.github.com/repos/iglesias/shogun-gsoc-ideas/pulls/3/commits"
      },
      "statuses": {
        "href": "https://api.github.com/repos/iglesias/shogun-gsoc-ideas/statuses/3ffc208e15ed19380e74ab534239297a09dc1f68"
      }
    },
    "author_association": "CONTRIBUTOR"
  }
]
