[
  {
    "url": "https://api.github.com/repos/dmitryme/erlang_localtime/pulls/22",
    "id": 46507246,
    "node_id": "MDExOlB1bGxSZXF1ZXN0NDY1MDcyNDY=",
    "html_url": "https://github.com/dmitryme/erlang_localtime/pull/22",
    "diff_url": "https://github.com/dmitryme/erlang_localtime/pull/22.diff",
    "patch_url": "https://github.com/dmitryme/erlang_localtime/pull/22.patch",
    "issue_url": "https://api.github.com/repos/dmitryme/erlang_localtime/issues/22",
    "number": 22,
    "state": "closed",
    "locked": false,
    "title": "Fix Russian timezones in Asia",
    "user": {
      "login": "skorobkov",
      "id": 8956153,
      "node_id": "MDQ6VXNlcjg5NTYxNTM=",
      "avatar_url": "https://avatars3.githubusercontent.com/u/8956153?v=4",
      "gravatar_id": "",
      "url": "https://api.github.com/users/skorobkov",
      "html_url": "https://github.com/skorobkov",
      "followers_url": "https://api.github.com/users/skorobkov/followers",
      "following_url": "https://api.github.com/users/skorobkov/following{/other_user}",
      "gists_url": "https://api.github.com/users/skorobkov/gists{/gist_id}",
      "starred_url": "https://api.github.com/users/skorobkov/starred{/owner}{/repo}",
      "subscriptions_url": "https://api.github.com/users/skorobkov/subscriptions",
      "organizations_url": "https://api.github.com/users/skorobkov/orgs",
      "repos_url": "https://api.github.com/users/skorobkov/repos",
      "events_url": "https://api.github.com/users/skorobkov/events{/privacy}",
      "received_events_url": "https://api.github.com/users/skorobkov/received_events",
      "type": "User",
      "site_admin": false
    },
    "body": "",
    "created_at": "2015-10-01T10:27:40Z",
    "updated_at": "2015-10-01T20:45:26Z",
    "closed_at": "2015-10-01T20:45:19Z",
    "merged_at": "2015-10-01T20:45:19Z",
    "merge_commit_sha": "d05ab61c5566bcd9e9d46a134002403983ac682f",
    "assignee": null,
    "assignees": [

    ],
    "requested_reviewers": [

    ],
    "requested_teams": [

    ],
    "labels": [

    ],
    "milestone": null,
    "commits_url": "https://api.github.com/repos/dmitryme/erlang_localtime/pulls/22/commits",
    "review_comments_url": "https://api.github.com/repos/dmitryme/erlang_localtime/pulls/22/comments",
    "review_comment_url": "https://api.github.com/repos/dmitryme/erlang_localtime/pulls/comments{/number}",
    "comments_url": "https://api.github.com/repos/dmitryme/erlang_localtime/issues/22/comments",
    "statuses_url": "https://api.github.com/repos/dmitryme/erlang_localtime/statuses/5394441551dfca11553a954f254b28617af9cc8f",
    "head": {
      "label": "skorobkov:master",
      "ref": "master",
      "sha": "5394441551dfca11553a954f254b28617af9cc8f",
      "user": {
        "login": "skorobkov",
        "id": 8956153,
        "node_id": "MDQ6VXNlcjg5NTYxNTM=",
        "avatar_url": "https://avatars3.githubusercontent.com/u/8956153?v=4",
        "gravatar_id": "",
        "url": "https://api.github.com/users/skorobkov",
        "html_url": "https://github.com/skorobkov",
        "followers_url": "https://api.github.com/users/skorobkov/followers",
        "following_url": "https://api.github.com/users/skorobkov/following{/other_user}",
        "gists_url": "https://api.github.com/users/skorobkov/gists{/gist_id}",
        "starred_url": "https://api.github.com/users/skorobkov/starred{/owner}{/repo}",
        "subscriptions_url": "https://api.github.com/users/skorobkov/subscriptions",
        "organizations_url": "https://api.github.com/users/skorobkov/orgs",
        "repos_url": "https://api.github.com/users/skorobkov/repos",
        "events_url": "https://api.github.com/users/skorobkov/events{/privacy}",
        "received_events_url": "https://api.github.com/users/skorobkov/received_events",
        "type": "User",
        "site_admin": false
      },
      "repo": {
        "id": 43489532,
        "node_id": "MDEwOlJlcG9zaXRvcnk0MzQ4OTUzMg==",
        "name": "erlang_localtime",
        "full_name": "skorobkov/erlang_localtime",
        "private": false,
        "owner": {
          "login": "skorobkov",
          "id": 8956153,
          "node_id": "MDQ6VXNlcjg5NTYxNTM=",
          "avatar_url": "https://avatars3.githubusercontent.com/u/8956153?v=4",
          "gravatar_id": "",
          "url": "https://api.github.com/users/skorobkov",
          "html_url": "https://github.com/skorobkov",
          "followers_url": "https://api.github.com/users/skorobkov/followers",
          "following_url": "https://api.github.com/users/skorobkov/following{/other_user}",
          "gists_url": "https://api.github.com/users/skorobkov/gists{/gist_id}",
          "starred_url": "https://api.github.com/users/skorobkov/starred{/owner}{/repo}",
          "subscriptions_url": "https://api.github.com/users/skorobkov/subscriptions",
          "organizations_url": "https://api.github.com/users/skorobkov/orgs",
          "repos_url": "https://api.github.com/users/skorobkov/repos",
          "events_url": "https://api.github.com/users/skorobkov/events{/privacy}",
          "received_events_url": "https://api.github.com/users/skorobkov/received_events",
          "type": "User",
          "site_admin": false
        },
        "html_url": "https://github.com/skorobkov/erlang_localtime",
        "description": "Erlang library for conversion from one local time to another ",
        "fork": true,
        "url": "https://api.github.com/repos/skorobkov/erlang_localtime",
        "forks_url": "https://api.github.com/repos/skorobkov/erlang_localtime/forks",
        "keys_url": "https://api.github.com/repos/skorobkov/erlang_localtime/keys{/key_id}",
        "collaborators_url": "https://api.github.com/repos/skorobkov/erlang_localtime/collaborators{/collaborator}",
        "teams_url": "https://api.github.com/repos/skorobkov/erlang_localtime/teams",
        "hooks_url": "https://api.github.com/repos/skorobkov/erlang_localtime/hooks",
        "issue_events_url": "https://api.github.com/repos/skorobkov/erlang_localtime/issues/events{/number}",
        "events_url": "https://api.github.com/repos/skorobkov/erlang_localtime/events",
        "assignees_url": "https://api.github.com/repos/skorobkov/erlang_localtime/assignees{/user}",
        "branches_url": "https://api.github.com/repos/skorobkov/erlang_localtime/branches{/branch}",
        "tags_url": "https://api.github.com/repos/skorobkov/erlang_localtime/tags",
        "blobs_url": "https://api.github.com/repos/skorobkov/erlang_localtime/git/blobs{/sha}",
        "git_tags_url": "https://api.github.com/repos/skorobkov/erlang_localtime/git/tags{/sha}",
        "git_refs_url": "https://api.github.com/repos/skorobkov/erlang_localtime/git/refs{/sha}",
        "trees_url": "https://api.github.com/repos/skorobkov/erlang_localtime/git/trees{/sha}",
        "statuses_url": "https://api.github.com/repos/skorobkov/erlang_localtime/statuses/{sha}",
        "languages_url": "https://api.github.com/repos/skorobkov/erlang_localtime/languages",
        "stargazers_url": "https://api.github.com/repos/skorobkov/erlang_localtime/stargazers",
        "contributors_url": "https://api.github.com/repos/skorobkov/erlang_localtime/contributors",
        "subscribers_url": "https://api.github.com/repos/skorobkov/erlang_localtime/subscribers",
        "subscription_url": "https://api.github.com/repos/skorobkov/erlang_localtime/subscription",
        "commits_url": "https://api.github.com/repos/skorobkov/erlang_localtime/commits{/sha}",
        "git_commits_url": "https://api.github.com/repos/skorobkov/erlang_localtime/git/commits{/sha}",
        "comments_url": "https://api.github.com/repos/skorobkov/erlang_localtime/comments{/number}",
        "issue_comment_url": "https://api.github.com/repos/skorobkov/erlang_localtime/issues/comments{/number}",
        "contents_url": "https://api.github.com/repos/skorobkov/erlang_localtime/contents/{+path}",
        "compare_url": "https://api.github.com/repos/skorobkov/erlang_localtime/compare/{base}...{head}",
        "merges_url": "https://api.github.com/repos/skorobkov/erlang_localtime/merges",
        "archive_url": "https://api.github.com/repos/skorobkov/erlang_localtime/{archive_format}{/ref}",
        "downloads_url": "https://api.github.com/repos/skorobkov/erlang_localtime/downloads",
        "issues_url": "https://api.github.com/repos/skorobkov/erlang_localtime/issues{/number}",
        "pulls_url": "https://api.github.com/repos/skorobkov/erlang_localtime/pulls{/number}",
        "milestones_url": "https://api.github.com/repos/skorobkov/erlang_localtime/milestones{/number}",
        "notifications_url": "https://api.github.com/repos/skorobkov/erlang_localtime/notifications{?since,all,participating}",
        "labels_url": "https://api.github.com/repos/skorobkov/erlang_localtime/labels{/name}",
        "releases_url": "https://api.github.com/repos/skorobkov/erlang_localtime/releases{/id}",
        "deployments_url": "https://api.github.com/repos/skorobkov/erlang_localtime/deployments",
        "created_at": "2015-10-01T09:57:52Z",
        "updated_at": "2015-10-01T09:57:52Z",
        "pushed_at": "2015-10-01T11:19:10Z",
        "git_url": "git://github.com/skorobkov/erlang_localtime.git",
        "ssh_url": "git@github.com:skorobkov/erlang_localtime.git",
        "clone_url": "https://github.com/skorobkov/erlang_localtime.git",
        "svn_url": "https://github.com/skorobkov/erlang_localtime",
        "homepage": "",
        "size": 235,
        "stargazers_count": 0,
        "watchers_count": 0,
        "language": "Erlang",
        "has_issues": false,
        "has_projects": true,
        "has_downloads": true,
        "has_wiki": true,
        "has_pages": false,
        "forks_count": 0,
        "mirror_url": null,
        "archived": false,
        "disabled": false,
        "open_issues_count": 0,
        "license": {
          "key": "apache-2.0",
          "name": "Apache License 2.0",
          "spdx_id": "Apache-2.0",
          "url": "https://api.github.com/licenses/apache-2.0",
          "node_id": "MDc6TGljZW5zZTI="
        },
        "forks": 0,
        "open_issues": 0,
        "watchers": 0,
        "default_branch": "master"
      }
    },
    "base": {
      "label": "dmitryme:master",
      "ref": "master",
      "sha": "12e74ff3497dcc457e75200bcc87c930d5135fe0",
      "user": {
        "login": "dmitryme",
        "id": 373338,
        "node_id": "MDQ6VXNlcjM3MzMzOA==",
        "avatar_url": "https://avatars0.githubusercontent.com/u/373338?v=4",
        "gravatar_id": "",
        "url": "https://api.github.com/users/dmitryme",
        "html_url": "https://github.com/dmitryme",
        "followers_url": "https://api.github.com/users/dmitryme/followers",
        "following_url": "https://api.github.com/users/dmitryme/following{/other_user}",
        "gists_url": "https://api.github.com/users/dmitryme/gists{/gist_id}",
        "starred_url": "https://api.github.com/users/dmitryme/starred{/owner}{/repo}",
        "subscriptions_url": "https://api.github.com/users/dmitryme/subscriptions",
        "organizations_url": "https://api.github.com/users/dmitryme/orgs",
        "repos_url": "https://api.github.com/users/dmitryme/repos",
        "events_url": "https://api.github.com/users/dmitryme/events{/privacy}",
        "received_events_url": "https://api.github.com/users/dmitryme/received_events",
        "type": "User",
        "site_admin": false
      },
      "repo": {
        "id": 856437,
        "node_id": "MDEwOlJlcG9zaXRvcnk4NTY0Mzc=",
        "name": "erlang_localtime",
        "full_name": "dmitryme/erlang_localtime",
        "private": false,
        "owner": {
          "login": "dmitryme",
          "id": 373338,
          "node_id": "MDQ6VXNlcjM3MzMzOA==",
          "avatar_url": "https://avatars0.githubusercontent.com/u/373338?v=4",
          "gravatar_id": "",
          "url": "https://api.github.com/users/dmitryme",
          "html_url": "https://github.com/dmitryme",
          "followers_url": "https://api.github.com/users/dmitryme/followers",
          "following_url": "https://api.github.com/users/dmitryme/following{/other_user}",
          "gists_url": "https://api.github.com/users/dmitryme/gists{/gist_id}",
          "starred_url": "https://api.github.com/users/dmitryme/starred{/owner}{/repo}",
          "subscriptions_url": "https://api.github.com/users/dmitryme/subscriptions",
          "organizations_url": "https://api.github.com/users/dmitryme/orgs",
          "repos_url": "https://api.github.com/users/dmitryme/repos",
          "events_url": "https://api.github.com/users/dmitryme/events{/privacy}",
          "received_events_url": "https://api.github.com/users/dmitryme/received_events",
          "type": "User",
          "site_admin": false
        },
        "html_url": "https://github.com/dmitryme/erlang_localtime",
        "description": "Erlang library for conversion from one local time to another ",
        "fork": false,
        "url": "https://api.github.com/repos/dmitryme/erlang_localtime",
        "forks_url": "https://api.github.com/repos/dmitryme/erlang_localtime/forks",
        "keys_url": "https://api.github.com/repos/dmitryme/erlang_localtime/keys{/key_id}",
        "collaborators_url": "https://api.github.com/repos/dmitryme/erlang_localtime/collaborators{/collaborator}",
        "teams_url": "https://api.github.com/repos/dmitryme/erlang_localtime/teams",
        "hooks_url": "https://api.github.com/repos/dmitryme/erlang_localtime/hooks",
        "issue_events_url": "https://api.github.com/repos/dmitryme/erlang_localtime/issues/events{/number}",
        "events_url": "https://api.github.com/repos/dmitryme/erlang_localtime/events",
        "assignees_url": "https://api.github.com/repos/dmitryme/erlang_localtime/assignees{/user}",
        "branches_url": "https://api.github.com/repos/dmitryme/erlang_localtime/branches{/branch}",
        "tags_url": "https://api.github.com/repos/dmitryme/erlang_localtime/tags",
        "blobs_url": "https://api.github.com/repos/dmitryme/erlang_localtime/git/blobs{/sha}",
        "git_tags_url": "https://api.github.com/repos/dmitryme/erlang_localtime/git/tags{/sha}",
        "git_refs_url": "https://api.github.com/repos/dmitryme/erlang_localtime/git/refs{/sha}",
        "trees_url": "https://api.github.com/repos/dmitryme/erlang_localtime/git/trees{/sha}",
        "statuses_url": "https://api.github.com/repos/dmitryme/erlang_localtime/statuses/{sha}",
        "languages_url": "https://api.github.com/repos/dmitryme/erlang_localtime/languages",
        "stargazers_url": "https://api.github.com/repos/dmitryme/erlang_localtime/stargazers",
        "contributors_url": "https://api.github.com/repos/dmitryme/erlang_localtime/contributors",
        "subscribers_url": "https://api.github.com/repos/dmitryme/erlang_localtime/subscribers",
        "subscription_url": "https://api.github.com/repos/dmitryme/erlang_localtime/subscription",
        "commits_url": "https://api.github.com/repos/dmitryme/erlang_localtime/commits{/sha}",
        "git_commits_url": "https://api.github.com/repos/dmitryme/erlang_localtime/git/commits{/sha}",
        "comments_url": "https://api.github.com/repos/dmitryme/erlang_localtime/comments{/number}",
        "issue_comment_url": "https://api.github.com/repos/dmitryme/erlang_localtime/issues/comments{/number}",
        "contents_url": "https://api.github.com/repos/dmitryme/erlang_localtime/contents/{+path}",
        "compare_url": "https://api.github.com/repos/dmitryme/erlang_localtime/compare/{base}...{head}",
        "merges_url": "https://api.github.com/repos/dmitryme/erlang_localtime/merges",
        "archive_url": "https://api.github.com/repos/dmitryme/erlang_localtime/{archive_format}{/ref}",
        "downloads_url": "https://api.github.com/repos/dmitryme/erlang_localtime/downloads",
        "issues_url": "https://api.github.com/repos/dmitryme/erlang_localtime/issues{/number}",
        "pulls_url": "https://api.github.com/repos/dmitryme/erlang_localtime/pulls{/number}",
        "milestones_url": "https://api.github.com/repos/dmitryme/erlang_localtime/milestones{/number}",
        "notifications_url": "https://api.github.com/repos/dmitryme/erlang_localtime/notifications{?since,all,participating}",
        "labels_url": "https://api.github.com/repos/dmitryme/erlang_localtime/labels{/name}",
        "releases_url": "https://api.github.com/repos/dmitryme/erlang_localtime/releases{/id}",
        "deployments_url": "https://api.github.com/repos/dmitryme/erlang_localtime/deployments",
        "created_at": "2010-08-23T11:45:41Z",
        "updated_at": "2019-07-15T21:13:22Z",
        "pushed_at": "2017-02-04T14:04:23Z",
        "git_url": "git://github.com/dmitryme/erlang_localtime.git",
        "ssh_url": "git@github.com:dmitryme/erlang_localtime.git",
        "clone_url": "https://github.com/dmitryme/erlang_localtime.git",
        "svn_url": "https://github.com/dmitryme/erlang_localtime",
        "homepage": "",
        "size": 190,
        "stargazers_count": 46,
        "watchers_count": 46,
        "language": "Erlang",
        "has_issues": true,
        "has_projects": true,
        "has_downloads": true,
        "has_wiki": true,
        "has_pages": false,
        "forks_count": 40,
        "mirror_url": null,
        "archived": false,
        "disabled": false,
        "open_issues_count": 12,
        "license": {
          "key": "apache-2.0",
          "name": "Apache License 2.0",
          "spdx_id": "Apache-2.0",
          "url": "https://api.github.com/licenses/apache-2.0",
          "node_id": "MDc6TGljZW5zZTI="
        },
        "forks": 40,
        "open_issues": 12,
        "watchers": 46,
        "default_branch": "master"
      }
    },
    "_links": {
      "self": {
        "href": "https://api.github.com/repos/dmitryme/erlang_localtime/pulls/22"
      },
      "html": {
        "href": "https://github.com/dmitryme/erlang_localtime/pull/22"
      },
      "issue": {
        "href": "https://api.github.com/repos/dmitryme/erlang_localtime/issues/22"
      },
      "comments": {
        "href": "https://api.github.com/repos/dmitryme/erlang_localtime/issues/22/comments"
      },
      "review_comments": {
        "href": "https://api.github.com/repos/dmitryme/erlang_localtime/pulls/22/comments"
      },
      "review_comment": {
        "href": "https://api.github.com/repos/dmitryme/erlang_localtime/pulls/comments{/number}"
      },
      "commits": {
        "href": "https://api.github.com/repos/dmitryme/erlang_localtime/pulls/22/commits"
      },
      "statuses": {
        "href": "https://api.github.com/repos/dmitryme/erlang_localtime/statuses/5394441551dfca11553a954f254b28617af9cc8f"
      }
    },
    "author_association": "CONTRIBUTOR"
  }
]
