[
  {
    "url": "https://api.github.com/repos/apache/incubator-iceberg/pulls/176",
    "id": 275970086,
    "node_id": "MDExOlB1bGxSZXF1ZXN0Mjc1OTcwMDg2",
    "html_url": "https://github.com/apache/incubator-iceberg/pull/176",
    "diff_url": "https://github.com/apache/incubator-iceberg/pull/176.diff",
    "patch_url": "https://github.com/apache/incubator-iceberg/pull/176.patch",
    "issue_url": "https://api.github.com/repos/apache/incubator-iceberg/issues/176",
    "number": 176,
    "state": "closed",
    "locked": false,
    "title": "Fix typo in site/README.md",
    "user": {
      "login": "jun-he",
      "id": 12246263,
      "node_id": "MDQ6VXNlcjEyMjQ2MjYz",
      "avatar_url": "https://avatars0.githubusercontent.com/u/12246263?v=4",
      "gravatar_id": "",
      "url": "https://api.github.com/users/jun-he",
      "html_url": "https://github.com/jun-he",
      "followers_url": "https://api.github.com/users/jun-he/followers",
      "following_url": "https://api.github.com/users/jun-he/following{/other_user}",
      "gists_url": "https://api.github.com/users/jun-he/gists{/gist_id}",
      "starred_url": "https://api.github.com/users/jun-he/starred{/owner}{/repo}",
      "subscriptions_url": "https://api.github.com/users/jun-he/subscriptions",
      "organizations_url": "https://api.github.com/users/jun-he/orgs",
      "repos_url": "https://api.github.com/users/jun-he/repos",
      "events_url": "https://api.github.com/users/jun-he/events{/privacy}",
      "received_events_url": "https://api.github.com/users/jun-he/received_events",
      "type": "User",
      "site_admin": false
    },
    "body": "",
    "created_at": "2019-05-05T05:37:24Z",
    "updated_at": "2019-05-08T15:53:56Z",
    "closed_at": "2019-05-08T15:53:45Z",
    "merged_at": "2019-05-08T15:53:45Z",
    "merge_commit_sha": "1e8fcb080a8b3d9b0fb8f608a3209d43b2158855",
    "assignee": null,
    "assignees": [

    ],
    "requested_reviewers": [

    ],
    "requested_teams": [

    ],
    "labels": [

    ],
    "milestone": null,
    "commits_url": "https://api.github.com/repos/apache/incubator-iceberg/pulls/176/commits",
    "review_comments_url": "https://api.github.com/repos/apache/incubator-iceberg/pulls/176/comments",
    "review_comment_url": "https://api.github.com/repos/apache/incubator-iceberg/pulls/comments{/number}",
    "comments_url": "https://api.github.com/repos/apache/incubator-iceberg/issues/176/comments",
    "statuses_url": "https://api.github.com/repos/apache/incubator-iceberg/statuses/37de11d208e464c0fcaadef4bb4719fb608a1123",
    "head": {
      "label": "jun-he:jun-he-patch-1",
      "ref": "jun-he-patch-1",
      "sha": "37de11d208e464c0fcaadef4bb4719fb608a1123",
      "user": {
        "login": "jun-he",
        "id": 12246263,
        "node_id": "MDQ6VXNlcjEyMjQ2MjYz",
        "avatar_url": "https://avatars0.githubusercontent.com/u/12246263?v=4",
        "gravatar_id": "",
        "url": "https://api.github.com/users/jun-he",
        "html_url": "https://github.com/jun-he",
        "followers_url": "https://api.github.com/users/jun-he/followers",
        "following_url": "https://api.github.com/users/jun-he/following{/other_user}",
        "gists_url": "https://api.github.com/users/jun-he/gists{/gist_id}",
        "starred_url": "https://api.github.com/users/jun-he/starred{/owner}{/repo}",
        "subscriptions_url": "https://api.github.com/users/jun-he/subscriptions",
        "organizations_url": "https://api.github.com/users/jun-he/orgs",
        "repos_url": "https://api.github.com/users/jun-he/repos",
        "events_url": "https://api.github.com/users/jun-he/events{/privacy}",
        "received_events_url": "https://api.github.com/users/jun-he/received_events",
        "type": "User",
        "site_admin": false
      },
      "repo": null
    },
    "base": {
      "label": "apache:master",
      "ref": "master",
      "sha": "1e89a3bb11644241bdc7b75b72570c01e96c40c7",
      "user": {
        "login": "apache",
        "id": 47359,
        "node_id": "MDEyOk9yZ2FuaXphdGlvbjQ3MzU5",
        "avatar_url": "https://avatars0.githubusercontent.com/u/47359?v=4",
        "gravatar_id": "",
        "url": "https://api.github.com/users/apache",
        "html_url": "https://github.com/apache",
        "followers_url": "https://api.github.com/users/apache/followers",
        "following_url": "https://api.github.com/users/apache/following{/other_user}",
        "gists_url": "https://api.github.com/users/apache/gists{/gist_id}",
        "starred_url": "https://api.github.com/users/apache/starred{/owner}{/repo}",
        "subscriptions_url": "https://api.github.com/users/apache/subscriptions",
        "organizations_url": "https://api.github.com/users/apache/orgs",
        "repos_url": "https://api.github.com/users/apache/repos",
        "events_url": "https://api.github.com/users/apache/events{/privacy}",
        "received_events_url": "https://api.github.com/users/apache/received_events",
        "type": "Organization",
        "site_admin": false
      },
      "repo": {
        "id": 158256479,
        "node_id": "MDEwOlJlcG9zaXRvcnkxNTgyNTY0Nzk=",
        "name": "incubator-iceberg",
        "full_name": "apache/incubator-iceberg",
        "private": false,
        "owner": {
          "login": "apache",
          "id": 47359,
          "node_id": "MDEyOk9yZ2FuaXphdGlvbjQ3MzU5",
          "avatar_url": "https://avatars0.githubusercontent.com/u/47359?v=4",
          "gravatar_id": "",
          "url": "https://api.github.com/users/apache",
          "html_url": "https://github.com/apache",
          "followers_url": "https://api.github.com/users/apache/followers",
          "following_url": "https://api.github.com/users/apache/following{/other_user}",
          "gists_url": "https://api.github.com/users/apache/gists{/gist_id}",
          "starred_url": "https://api.github.com/users/apache/starred{/owner}{/repo}",
          "subscriptions_url": "https://api.github.com/users/apache/subscriptions",
          "organizations_url": "https://api.github.com/users/apache/orgs",
          "repos_url": "https://api.github.com/users/apache/repos",
          "events_url": "https://api.github.com/users/apache/events{/privacy}",
          "received_events_url": "https://api.github.com/users/apache/received_events",
          "type": "Organization",
          "site_admin": false
        },
        "html_url": "https://github.com/apache/incubator-iceberg",
        "description": "Apache Iceberg (Incubating)",
        "fork": false,
        "url": "https://api.github.com/repos/apache/incubator-iceberg",
        "forks_url": "https://api.github.com/repos/apache/incubator-iceberg/forks",
        "keys_url": "https://api.github.com/repos/apache/incubator-iceberg/keys{/key_id}",
        "collaborators_url": "https://api.github.com/repos/apache/incubator-iceberg/collaborators{/collaborator}",
        "teams_url": "https://api.github.com/repos/apache/incubator-iceberg/teams",
        "hooks_url": "https://api.github.com/repos/apache/incubator-iceberg/hooks",
        "issue_events_url": "https://api.github.com/repos/apache/incubator-iceberg/issues/events{/number}",
        "events_url": "https://api.github.com/repos/apache/incubator-iceberg/events",
        "assignees_url": "https://api.github.com/repos/apache/incubator-iceberg/assignees{/user}",
        "branches_url": "https://api.github.com/repos/apache/incubator-iceberg/branches{/branch}",
        "tags_url": "https://api.github.com/repos/apache/incubator-iceberg/tags",
        "blobs_url": "https://api.github.com/repos/apache/incubator-iceberg/git/blobs{/sha}",
        "git_tags_url": "https://api.github.com/repos/apache/incubator-iceberg/git/tags{/sha}",
        "git_refs_url": "https://api.github.com/repos/apache/incubator-iceberg/git/refs{/sha}",
        "trees_url": "https://api.github.com/repos/apache/incubator-iceberg/git/trees{/sha}",
        "statuses_url": "https://api.github.com/repos/apache/incubator-iceberg/statuses/{sha}",
        "languages_url": "https://api.github.com/repos/apache/incubator-iceberg/languages",
        "stargazers_url": "https://api.github.com/repos/apache/incubator-iceberg/stargazers",
        "contributors_url": "https://api.github.com/repos/apache/incubator-iceberg/contributors",
        "subscribers_url": "https://api.github.com/repos/apache/incubator-iceberg/subscribers",
        "subscription_url": "https://api.github.com/repos/apache/incubator-iceberg/subscription",
        "commits_url": "https://api.github.com/repos/apache/incubator-iceberg/commits{/sha}",
        "git_commits_url": "https://api.github.com/repos/apache/incubator-iceberg/git/commits{/sha}",
        "comments_url": "https://api.github.com/repos/apache/incubator-iceberg/comments{/number}",
        "issue_comment_url": "https://api.github.com/repos/apache/incubator-iceberg/issues/comments{/number}",
        "contents_url": "https://api.github.com/repos/apache/incubator-iceberg/contents/{+path}",
        "compare_url": "https://api.github.com/repos/apache/incubator-iceberg/compare/{base}...{head}",
        "merges_url": "https://api.github.com/repos/apache/incubator-iceberg/merges",
        "archive_url": "https://api.github.com/repos/apache/incubator-iceberg/{archive_format}{/ref}",
        "downloads_url": "https://api.github.com/repos/apache/incubator-iceberg/downloads",
        "issues_url": "https://api.github.com/repos/apache/incubator-iceberg/issues{/number}",
        "pulls_url": "https://api.github.com/repos/apache/incubator-iceberg/pulls{/number}",
        "milestones_url": "https://api.github.com/repos/apache/incubator-iceberg/milestones{/number}",
        "notifications_url": "https://api.github.com/repos/apache/incubator-iceberg/notifications{?since,all,participating}",
        "labels_url": "https://api.github.com/repos/apache/incubator-iceberg/labels{/name}",
        "releases_url": "https://api.github.com/repos/apache/incubator-iceberg/releases{/id}",
        "deployments_url": "https://api.github.com/repos/apache/incubator-iceberg/deployments",
        "created_at": "2018-11-19T16:26:46Z",
        "updated_at": "2019-09-10T06:58:48Z",
        "pushed_at": "2019-09-10T06:25:26Z",
        "git_url": "git://github.com/apache/incubator-iceberg.git",
        "ssh_url": "git@github.com:apache/incubator-iceberg.git",
        "clone_url": "https://github.com/apache/incubator-iceberg.git",
        "svn_url": "https://github.com/apache/incubator-iceberg",
        "homepage": "https://iceberg.apache.org/",
        "size": 5334,
        "stargazers_count": 229,
        "watchers_count": 229,
        "language": "Java",
        "has_issues": true,
        "has_projects": false,
        "has_downloads": true,
        "has_wiki": false,
        "has_pages": false,
        "forks_count": 101,
        "mirror_url": null,
        "archived": false,
        "disabled": false,
        "open_issues_count": 84,
        "license": {
          "key": "apache-2.0",
          "name": "Apache License 2.0",
          "spdx_id": "Apache-2.0",
          "url": "https://api.github.com/licenses/apache-2.0",
          "node_id": "MDc6TGljZW5zZTI="
        },
        "forks": 101,
        "open_issues": 84,
        "watchers": 229,
        "default_branch": "master"
      }
    },
    "_links": {
      "self": {
        "href": "https://api.github.com/repos/apache/incubator-iceberg/pulls/176"
      },
      "html": {
        "href": "https://github.com/apache/incubator-iceberg/pull/176"
      },
      "issue": {
        "href": "https://api.github.com/repos/apache/incubator-iceberg/issues/176"
      },
      "comments": {
        "href": "https://api.github.com/repos/apache/incubator-iceberg/issues/176/comments"
      },
      "review_comments": {
        "href": "https://api.github.com/repos/apache/incubator-iceberg/pulls/176/comments"
      },
      "review_comment": {
        "href": "https://api.github.com/repos/apache/incubator-iceberg/pulls/comments{/number}"
      },
      "commits": {
        "href": "https://api.github.com/repos/apache/incubator-iceberg/pulls/176/commits"
      },
      "statuses": {
        "href": "https://api.github.com/repos/apache/incubator-iceberg/statuses/37de11d208e464c0fcaadef4bb4719fb608a1123"
      }
    },
    "author_association": "CONTRIBUTOR"
  }
]
