[
  {
    "url": "https://api.github.com/repos/cloudfoundry/cloud_controller_ng/pulls/136",
    "id": 10794789,
    "node_id": "MDExOlB1bGxSZXF1ZXN0MTA3OTQ3ODk=",
    "html_url": "https://github.com/cloudfoundry/cloud_controller_ng/pull/136",
    "diff_url": "https://github.com/cloudfoundry/cloud_controller_ng/pull/136.diff",
    "patch_url": "https://github.com/cloudfoundry/cloud_controller_ng/pull/136.patch",
    "issue_url": "https://api.github.com/repos/cloudfoundry/cloud_controller_ng/issues/136",
    "number": 136,
    "state": "closed",
    "locked": false,
    "title": "Decrease stager/dea mem when staging/starting app",
    "user": {
      "login": "xingzhou",
      "id": 5344440,
      "node_id": "MDQ6VXNlcjUzNDQ0NDA=",
      "avatar_url": "https://avatars1.githubusercontent.com/u/5344440?v=4",
      "gravatar_id": "",
      "url": "https://api.github.com/users/xingzhou",
      "html_url": "https://github.com/xingzhou",
      "followers_url": "https://api.github.com/users/xingzhou/followers",
      "following_url": "https://api.github.com/users/xingzhou/following{/other_user}",
      "gists_url": "https://api.github.com/users/xingzhou/gists{/gist_id}",
      "starred_url": "https://api.github.com/users/xingzhou/starred{/owner}{/repo}",
      "subscriptions_url": "https://api.github.com/users/xingzhou/subscriptions",
      "organizations_url": "https://api.github.com/users/xingzhou/orgs",
      "repos_url": "https://api.github.com/users/xingzhou/repos",
      "events_url": "https://api.github.com/users/xingzhou/events{/privacy}",
      "received_events_url": "https://api.github.com/users/xingzhou/received_events",
      "type": "User",
      "site_admin": false
    },
    "body": "CC uses stager_advertisement and dea_advertisement to get knowledge of\nDEA status, which includes the info like available memory and app\ninstance count. By default, these ad will be updated in 5 seconds,\nbut when staging or starting new instance of app, only the app instance\ncount has increased, we need to decrease the available memory of the\nstager and dea as well to let CC get more accurate info of DEAs\n\nThere are two places to decrease the available memory, one is staging,\nthe other one is starting application at specific index\n\nNote that, to keep consistent with the stager_advertisement and\ndea_advertisement, decrement mem operation shall be taken on both\nstager ad and dea ad who has the same id. The decrement of dea memory \nis submitted in the first commit and the decrement of stager memory is in \nthe second commit\n",
    "created_at": "2013-12-13T05:07:30Z",
    "updated_at": "2014-01-22T19:05:14Z",
    "closed_at": "2014-01-22T19:05:14Z",
    "merged_at": "2014-01-22T19:05:14Z",
    "merge_commit_sha": "e7daa5fc08fd3b5ed08c66427a36e80531ea1336",
    "assignee": null,
    "assignees": [

    ],
    "requested_reviewers": [

    ],
    "requested_teams": [

    ],
    "labels": [

    ],
    "milestone": null,
    "commits_url": "https://api.github.com/repos/cloudfoundry/cloud_controller_ng/pulls/136/commits",
    "review_comments_url": "https://api.github.com/repos/cloudfoundry/cloud_controller_ng/pulls/136/comments",
    "review_comment_url": "https://api.github.com/repos/cloudfoundry/cloud_controller_ng/pulls/comments{/number}",
    "comments_url": "https://api.github.com/repos/cloudfoundry/cloud_controller_ng/issues/136/comments",
    "statuses_url": "https://api.github.com/repos/cloudfoundry/cloud_controller_ng/statuses/e63acddb42a042bcaa16c9c55b1cf2b2dbc22b06",
    "head": {
      "label": "xingzhou:update_dea_memory",
      "ref": "update_dea_memory",
      "sha": "e63acddb42a042bcaa16c9c55b1cf2b2dbc22b06",
      "user": {
        "login": "xingzhou",
        "id": 5344440,
        "node_id": "MDQ6VXNlcjUzNDQ0NDA=",
        "avatar_url": "https://avatars1.githubusercontent.com/u/5344440?v=4",
        "gravatar_id": "",
        "url": "https://api.github.com/users/xingzhou",
        "html_url": "https://github.com/xingzhou",
        "followers_url": "https://api.github.com/users/xingzhou/followers",
        "following_url": "https://api.github.com/users/xingzhou/following{/other_user}",
        "gists_url": "https://api.github.com/users/xingzhou/gists{/gist_id}",
        "starred_url": "https://api.github.com/users/xingzhou/starred{/owner}{/repo}",
        "subscriptions_url": "https://api.github.com/users/xingzhou/subscriptions",
        "organizations_url": "https://api.github.com/users/xingzhou/orgs",
        "repos_url": "https://api.github.com/users/xingzhou/repos",
        "events_url": "https://api.github.com/users/xingzhou/events{/privacy}",
        "received_events_url": "https://api.github.com/users/xingzhou/received_events",
        "type": "User",
        "site_admin": false
      },
      "repo": {
        "id": 14739314,
        "node_id": "MDEwOlJlcG9zaXRvcnkxNDczOTMxNA==",
        "name": "cloud_controller_ng",
        "full_name": "xingzhou/cloud_controller_ng",
        "private": false,
        "owner": {
          "login": "xingzhou",
          "id": 5344440,
          "node_id": "MDQ6VXNlcjUzNDQ0NDA=",
          "avatar_url": "https://avatars1.githubusercontent.com/u/5344440?v=4",
          "gravatar_id": "",
          "url": "https://api.github.com/users/xingzhou",
          "html_url": "https://github.com/xingzhou",
          "followers_url": "https://api.github.com/users/xingzhou/followers",
          "following_url": "https://api.github.com/users/xingzhou/following{/other_user}",
          "gists_url": "https://api.github.com/users/xingzhou/gists{/gist_id}",
          "starred_url": "https://api.github.com/users/xingzhou/starred{/owner}{/repo}",
          "subscriptions_url": "https://api.github.com/users/xingzhou/subscriptions",
          "organizations_url": "https://api.github.com/users/xingzhou/orgs",
          "repos_url": "https://api.github.com/users/xingzhou/repos",
          "events_url": "https://api.github.com/users/xingzhou/events{/privacy}",
          "received_events_url": "https://api.github.com/users/xingzhou/received_events",
          "type": "User",
          "site_admin": false
        },
        "html_url": "https://github.com/xingzhou/cloud_controller_ng",
        "description": null,
        "fork": true,
        "url": "https://api.github.com/repos/xingzhou/cloud_controller_ng",
        "forks_url": "https://api.github.com/repos/xingzhou/cloud_controller_ng/forks",
        "keys_url": "https://api.github.com/repos/xingzhou/cloud_controller_ng/keys{/key_id}",
        "collaborators_url": "https://api.github.com/repos/xingzhou/cloud_controller_ng/collaborators{/collaborator}",
        "teams_url": "https://api.github.com/repos/xingzhou/cloud_controller_ng/teams",
        "hooks_url": "https://api.github.com/repos/xingzhou/cloud_controller_ng/hooks",
        "issue_events_url": "https://api.github.com/repos/xingzhou/cloud_controller_ng/issues/events{/number}",
        "events_url": "https://api.github.com/repos/xingzhou/cloud_controller_ng/events",
        "assignees_url": "https://api.github.com/repos/xingzhou/cloud_controller_ng/assignees{/user}",
        "branches_url": "https://api.github.com/repos/xingzhou/cloud_controller_ng/branches{/branch}",
        "tags_url": "https://api.github.com/repos/xingzhou/cloud_controller_ng/tags",
        "blobs_url": "https://api.github.com/repos/xingzhou/cloud_controller_ng/git/blobs{/sha}",
        "git_tags_url": "https://api.github.com/repos/xingzhou/cloud_controller_ng/git/tags{/sha}",
        "git_refs_url": "https://api.github.com/repos/xingzhou/cloud_controller_ng/git/refs{/sha}",
        "trees_url": "https://api.github.com/repos/xingzhou/cloud_controller_ng/git/trees{/sha}",
        "statuses_url": "https://api.github.com/repos/xingzhou/cloud_controller_ng/statuses/{sha}",
        "languages_url": "https://api.github.com/repos/xingzhou/cloud_controller_ng/languages",
        "stargazers_url": "https://api.github.com/repos/xingzhou/cloud_controller_ng/stargazers",
        "contributors_url": "https://api.github.com/repos/xingzhou/cloud_controller_ng/contributors",
        "subscribers_url": "https://api.github.com/repos/xingzhou/cloud_controller_ng/subscribers",
        "subscription_url": "https://api.github.com/repos/xingzhou/cloud_controller_ng/subscription",
        "commits_url": "https://api.github.com/repos/xingzhou/cloud_controller_ng/commits{/sha}",
        "git_commits_url": "https://api.github.com/repos/xingzhou/cloud_controller_ng/git/commits{/sha}",
        "comments_url": "https://api.github.com/repos/xingzhou/cloud_controller_ng/comments{/number}",
        "issue_comment_url": "https://api.github.com/repos/xingzhou/cloud_controller_ng/issues/comments{/number}",
        "contents_url": "https://api.github.com/repos/xingzhou/cloud_controller_ng/contents/{+path}",
        "compare_url": "https://api.github.com/repos/xingzhou/cloud_controller_ng/compare/{base}...{head}",
        "merges_url": "https://api.github.com/repos/xingzhou/cloud_controller_ng/merges",
        "archive_url": "https://api.github.com/repos/xingzhou/cloud_controller_ng/{archive_format}{/ref}",
        "downloads_url": "https://api.github.com/repos/xingzhou/cloud_controller_ng/downloads",
        "issues_url": "https://api.github.com/repos/xingzhou/cloud_controller_ng/issues{/number}",
        "pulls_url": "https://api.github.com/repos/xingzhou/cloud_controller_ng/pulls{/number}",
        "milestones_url": "https://api.github.com/repos/xingzhou/cloud_controller_ng/milestones{/number}",
        "notifications_url": "https://api.github.com/repos/xingzhou/cloud_controller_ng/notifications{?since,all,participating}",
        "labels_url": "https://api.github.com/repos/xingzhou/cloud_controller_ng/labels{/name}",
        "releases_url": "https://api.github.com/repos/xingzhou/cloud_controller_ng/releases{/id}",
        "deployments_url": "https://api.github.com/repos/xingzhou/cloud_controller_ng/deployments",
        "created_at": "2013-11-27T06:35:27Z",
        "updated_at": "2015-03-19T06:09:50Z",
        "pushed_at": "2015-06-19T06:52:26Z",
        "git_url": "git://github.com/xingzhou/cloud_controller_ng.git",
        "ssh_url": "git@github.com:xingzhou/cloud_controller_ng.git",
        "clone_url": "https://github.com/xingzhou/cloud_controller_ng.git",
        "svn_url": "https://github.com/xingzhou/cloud_controller_ng",
        "homepage": null,
        "size": 17425,
        "stargazers_count": 0,
        "watchers_count": 0,
        "language": "Ruby",
        "has_issues": false,
        "has_projects": true,
        "has_downloads": true,
        "has_wiki": false,
        "has_pages": false,
        "forks_count": 0,
        "mirror_url": null,
        "archived": false,
        "disabled": false,
        "open_issues_count": 0,
        "license": {
          "key": "apache-2.0",
          "name": "Apache License 2.0",
          "spdx_id": "Apache-2.0",
          "url": "https://api.github.com/licenses/apache-2.0",
          "node_id": "MDc6TGljZW5zZTI="
        },
        "forks": 0,
        "open_issues": 0,
        "watchers": 0,
        "default_branch": "master"
      }
    },
    "base": {
      "label": "cloudfoundry:master",
      "ref": "master",
      "sha": "f2d5e44da88020866d6cf26c03b1920e974f904e",
      "user": {
        "login": "cloudfoundry",
        "id": 621746,
        "node_id": "MDEyOk9yZ2FuaXphdGlvbjYyMTc0Ng==",
        "avatar_url": "https://avatars0.githubusercontent.com/u/621746?v=4",
        "gravatar_id": "",
        "url": "https://api.github.com/users/cloudfoundry",
        "html_url": "https://github.com/cloudfoundry",
        "followers_url": "https://api.github.com/users/cloudfoundry/followers",
        "following_url": "https://api.github.com/users/cloudfoundry/following{/other_user}",
        "gists_url": "https://api.github.com/users/cloudfoundry/gists{/gist_id}",
        "starred_url": "https://api.github.com/users/cloudfoundry/starred{/owner}{/repo}",
        "subscriptions_url": "https://api.github.com/users/cloudfoundry/subscriptions",
        "organizations_url": "https://api.github.com/users/cloudfoundry/orgs",
        "repos_url": "https://api.github.com/users/cloudfoundry/repos",
        "events_url": "https://api.github.com/users/cloudfoundry/events{/privacy}",
        "received_events_url": "https://api.github.com/users/cloudfoundry/received_events",
        "type": "Organization",
        "site_admin": false
      },
      "repo": {
        "id": 4743255,
        "node_id": "MDEwOlJlcG9zaXRvcnk0NzQzMjU1",
        "name": "cloud_controller_ng",
        "full_name": "cloudfoundry/cloud_controller_ng",
        "private": false,
        "owner": {
          "login": "cloudfoundry",
          "id": 621746,
          "node_id": "MDEyOk9yZ2FuaXphdGlvbjYyMTc0Ng==",
          "avatar_url": "https://avatars0.githubusercontent.com/u/621746?v=4",
          "gravatar_id": "",
          "url": "https://api.github.com/users/cloudfoundry",
          "html_url": "https://github.com/cloudfoundry",
          "followers_url": "https://api.github.com/users/cloudfoundry/followers",
          "following_url": "https://api.github.com/users/cloudfoundry/following{/other_user}",
          "gists_url": "https://api.github.com/users/cloudfoundry/gists{/gist_id}",
          "starred_url": "https://api.github.com/users/cloudfoundry/starred{/owner}{/repo}",
          "subscriptions_url": "https://api.github.com/users/cloudfoundry/subscriptions",
          "organizations_url": "https://api.github.com/users/cloudfoundry/orgs",
          "repos_url": "https://api.github.com/users/cloudfoundry/repos",
          "events_url": "https://api.github.com/users/cloudfoundry/events{/privacy}",
          "received_events_url": "https://api.github.com/users/cloudfoundry/received_events",
          "type": "Organization",
          "site_admin": false
        },
        "html_url": "https://github.com/cloudfoundry/cloud_controller_ng",
        "description": "Cloud Foundry Cloud Controller",
        "fork": false,
        "url": "https://api.github.com/repos/cloudfoundry/cloud_controller_ng",
        "forks_url": "https://api.github.com/repos/cloudfoundry/cloud_controller_ng/forks",
        "keys_url": "https://api.github.com/repos/cloudfoundry/cloud_controller_ng/keys{/key_id}",
        "collaborators_url": "https://api.github.com/repos/cloudfoundry/cloud_controller_ng/collaborators{/collaborator}",
        "teams_url": "https://api.github.com/repos/cloudfoundry/cloud_controller_ng/teams",
        "hooks_url": "https://api.github.com/repos/cloudfoundry/cloud_controller_ng/hooks",
        "issue_events_url": "https://api.github.com/repos/cloudfoundry/cloud_controller_ng/issues/events{/number}",
        "events_url": "https://api.github.com/repos/cloudfoundry/cloud_controller_ng/events",
        "assignees_url": "https://api.github.com/repos/cloudfoundry/cloud_controller_ng/assignees{/user}",
        "branches_url": "https://api.github.com/repos/cloudfoundry/cloud_controller_ng/branches{/branch}",
        "tags_url": "https://api.github.com/repos/cloudfoundry/cloud_controller_ng/tags",
        "blobs_url": "https://api.github.com/repos/cloudfoundry/cloud_controller_ng/git/blobs{/sha}",
        "git_tags_url": "https://api.github.com/repos/cloudfoundry/cloud_controller_ng/git/tags{/sha}",
        "git_refs_url": "https://api.github.com/repos/cloudfoundry/cloud_controller_ng/git/refs{/sha}",
        "trees_url": "https://api.github.com/repos/cloudfoundry/cloud_controller_ng/git/trees{/sha}",
        "statuses_url": "https://api.github.com/repos/cloudfoundry/cloud_controller_ng/statuses/{sha}",
        "languages_url": "https://api.github.com/repos/cloudfoundry/cloud_controller_ng/languages",
        "stargazers_url": "https://api.github.com/repos/cloudfoundry/cloud_controller_ng/stargazers",
        "contributors_url": "https://api.github.com/repos/cloudfoundry/cloud_controller_ng/contributors",
        "subscribers_url": "https://api.github.com/repos/cloudfoundry/cloud_controller_ng/subscribers",
        "subscription_url": "https://api.github.com/repos/cloudfoundry/cloud_controller_ng/subscription",
        "commits_url": "https://api.github.com/repos/cloudfoundry/cloud_controller_ng/commits{/sha}",
        "git_commits_url": "https://api.github.com/repos/cloudfoundry/cloud_controller_ng/git/commits{/sha}",
        "comments_url": "https://api.github.com/repos/cloudfoundry/cloud_controller_ng/comments{/number}",
        "issue_comment_url": "https://api.github.com/repos/cloudfoundry/cloud_controller_ng/issues/comments{/number}",
        "contents_url": "https://api.github.com/repos/cloudfoundry/cloud_controller_ng/contents/{+path}",
        "compare_url": "https://api.github.com/repos/cloudfoundry/cloud_controller_ng/compare/{base}...{head}",
        "merges_url": "https://api.github.com/repos/cloudfoundry/cloud_controller_ng/merges",
        "archive_url": "https://api.github.com/repos/cloudfoundry/cloud_controller_ng/{archive_format}{/ref}",
        "downloads_url": "https://api.github.com/repos/cloudfoundry/cloud_controller_ng/downloads",
        "issues_url": "https://api.github.com/repos/cloudfoundry/cloud_controller_ng/issues{/number}",
        "pulls_url": "https://api.github.com/repos/cloudfoundry/cloud_controller_ng/pulls{/number}",
        "milestones_url": "https://api.github.com/repos/cloudfoundry/cloud_controller_ng/milestones{/number}",
        "notifications_url": "https://api.github.com/repos/cloudfoundry/cloud_controller_ng/notifications{?since,all,participating}",
        "labels_url": "https://api.github.com/repos/cloudfoundry/cloud_controller_ng/labels{/name}",
        "releases_url": "https://api.github.com/repos/cloudfoundry/cloud_controller_ng/releases{/id}",
        "deployments_url": "https://api.github.com/repos/cloudfoundry/cloud_controller_ng/deployments",
        "created_at": "2012-06-21T19:14:32Z",
        "updated_at": "2019-09-09T08:51:54Z",
        "pushed_at": "2019-09-09T08:51:50Z",
        "git_url": "git://github.com/cloudfoundry/cloud_controller_ng.git",
        "ssh_url": "git@github.com:cloudfoundry/cloud_controller_ng.git",
        "clone_url": "https://github.com/cloudfoundry/cloud_controller_ng.git",
        "svn_url": "https://github.com/cloudfoundry/cloud_controller_ng",
        "homepage": "",
        "size": 46335,
        "stargazers_count": 146,
        "watchers_count": 146,
        "language": "Ruby",
        "has_issues": true,
        "has_projects": true,
        "has_downloads": true,
        "has_wiki": true,
        "has_pages": true,
        "forks_count": 310,
        "mirror_url": null,
        "archived": false,
        "disabled": false,
        "open_issues_count": 84,
        "license": {
          "key": "apache-2.0",
          "name": "Apache License 2.0",
          "spdx_id": "Apache-2.0",
          "url": "https://api.github.com/licenses/apache-2.0",
          "node_id": "MDc6TGljZW5zZTI="
        },
        "forks": 310,
        "open_issues": 84,
        "watchers": 146,
        "default_branch": "master"
      }
    },
    "_links": {
      "self": {
        "href": "https://api.github.com/repos/cloudfoundry/cloud_controller_ng/pulls/136"
      },
      "html": {
        "href": "https://github.com/cloudfoundry/cloud_controller_ng/pull/136"
      },
      "issue": {
        "href": "https://api.github.com/repos/cloudfoundry/cloud_controller_ng/issues/136"
      },
      "comments": {
        "href": "https://api.github.com/repos/cloudfoundry/cloud_controller_ng/issues/136/comments"
      },
      "review_comments": {
        "href": "https://api.github.com/repos/cloudfoundry/cloud_controller_ng/pulls/136/comments"
      },
      "review_comment": {
        "href": "https://api.github.com/repos/cloudfoundry/cloud_controller_ng/pulls/comments{/number}"
      },
      "commits": {
        "href": "https://api.github.com/repos/cloudfoundry/cloud_controller_ng/pulls/136/commits"
      },
      "statuses": {
        "href": "https://api.github.com/repos/cloudfoundry/cloud_controller_ng/statuses/e63acddb42a042bcaa16c9c55b1cf2b2dbc22b06"
      }
    },
    "author_association": "CONTRIBUTOR"
  }
]
